solid CATIA STL
  facet normal  0.000000e+000 -1.000000e+000  0.000000e+000
    outer loop
      vertex -3.000000e+000 -7.500000e+000  1.850000e+001
      vertex -3.000000e+000 -7.500000e+000  0.000000e+000
      vertex  8.500000e+000 -7.500000e+000  1.000000e+000
    endloop
  endfacet
  facet normal  0.000000e+000 -1.000000e+000  0.000000e+000
    outer loop
      vertex -3.000000e+000 -7.500000e+000  1.850000e+001
      vertex  8.500000e+000 -7.500000e+000  1.000000e+000
      vertex  8.500000e+000 -7.500000e+000  3.800000e+000
    endloop
  endfacet
  facet normal  0.000000e+000 -1.000000e+000  0.000000e+000
    outer loop
      vertex -3.000000e+000 -7.500000e+000  1.850000e+001
      vertex  8.500000e+000 -7.500000e+000  3.800000e+000
      vertex  8.500000e+000 -7.500000e+000  1.220000e+001
    endloop
  endfacet
  facet normal  0.000000e+000 -1.000000e+000  0.000000e+000
    outer loop
      vertex -3.000000e+000 -7.500000e+000  1.850000e+001
      vertex  8.500000e+000 -7.500000e+000  1.220000e+001
      vertex  8.500000e+000 -7.500000e+000  1.500000e+001
    endloop
  endfacet
  facet normal  0.000000e+000 -1.000000e+000  0.000000e+000
    outer loop
      vertex -3.000000e+000 -7.500000e+000  1.850000e+001
      vertex  8.500000e+000 -7.500000e+000  1.500000e+001
      vertex  1.350000e+001 -7.500000e+000  1.500000e+001
    endloop
  endfacet
  facet normal  0.000000e+000 -1.000000e+000  0.000000e+000
    outer loop
      vertex -3.000000e+000 -7.500000e+000  1.850000e+001
      vertex  1.350000e+001 -7.500000e+000  1.500000e+001
      vertex  2.100000e+001 -7.500000e+000  1.850000e+001
    endloop
  endfacet
  facet normal  0.000000e+000 -1.000000e+000  0.000000e+000
    outer loop
      vertex  2.100000e+001 -7.500000e+000  1.850000e+001
      vertex  1.350000e+001 -7.500000e+000  1.500000e+001
      vertex  1.350000e+001 -7.500000e+000  1.220000e+001
    endloop
  endfacet
  facet normal  0.000000e+000 -1.000000e+000  0.000000e+000
    outer loop
      vertex  2.100000e+001 -7.500000e+000  1.850000e+001
      vertex  1.350000e+001 -7.500000e+000  1.220000e+001
      vertex  1.350000e+001 -7.500000e+000  3.800000e+000
    endloop
  endfacet
  facet normal  0.000000e+000 -1.000000e+000  0.000000e+000
    outer loop
      vertex  2.100000e+001 -7.500000e+000  1.850000e+001
      vertex  1.350000e+001 -7.500000e+000  3.800000e+000
      vertex  1.350000e+001 -7.500000e+000  1.000000e+000
    endloop
  endfacet
  facet normal  0.000000e+000 -1.000000e+000  0.000000e+000
    outer loop
      vertex  2.100000e+001 -7.500000e+000  1.850000e+001
      vertex  1.350000e+001 -7.500000e+000  1.000000e+000
      vertex  2.100000e+001 -7.500000e+000  0.000000e+000
    endloop
  endfacet
  facet normal  0.000000e+000 -1.000000e+000  0.000000e+000
    outer loop
      vertex  8.500000e+000 -7.500000e+000  1.220000e+001
      vertex  8.500000e+000 -7.500000e+000  3.800000e+000
      vertex  1.350000e+001 -7.500000e+000  1.220000e+001
    endloop
  endfacet
  facet normal  0.000000e+000 -1.000000e+000  -0.000000e+000
    outer loop
      vertex  1.350000e+001 -7.500000e+000  1.220000e+001
      vertex  8.500000e+000 -7.500000e+000  3.800000e+000
      vertex  1.350000e+001 -7.500000e+000  3.800000e+000
    endloop
  endfacet
  facet normal  0.000000e+000 -1.000000e+000  0.000000e+000
    outer loop
      vertex  8.500000e+000 -7.500000e+000  1.000000e+000
      vertex -3.000000e+000 -7.500000e+000  0.000000e+000
      vertex  1.350000e+001 -7.500000e+000  1.000000e+000
    endloop
  endfacet
  facet normal  0.000000e+000 -1.000000e+000  -0.000000e+000
    outer loop
      vertex  1.350000e+001 -7.500000e+000  1.000000e+000
      vertex -3.000000e+000 -7.500000e+000  0.000000e+000
      vertex  2.100000e+001 -7.500000e+000  0.000000e+000
    endloop
  endfacet
  facet normal  1.000000e+000  -0.000000e+000  0.000000e+000
    outer loop
      vertex  1.350000e+001  1.150000e+001  1.300000e+001
      vertex  1.350000e+001  1.070000e+001  1.220000e+001
      vertex  1.350000e+001  1.150000e+001  3.000000e+000
    endloop
  endfacet
  facet normal  1.000000e+000  -0.000000e+000  0.000000e+000
    outer loop
      vertex  1.350000e+001  1.070000e+001  3.800000e+000
      vertex  1.350000e+001  7.500000e+000  3.800000e+000
      vertex  1.350000e+001  7.500000e+000  1.000000e+000
    endloop
  endfacet
  facet normal  1.000000e+000  0.000000e+000  0.000000e+000
    outer loop
      vertex  1.350000e+001  1.070000e+001  3.800000e+000
      vertex  1.350000e+001  7.500000e+000  1.000000e+000
      vertex  1.350000e+001  9.500000e+000  1.000000e+000
    endloop
  endfacet
  facet normal  1.000000e+000  0.000000e+000  0.000000e+000
    outer loop
      vertex  1.350000e+001  1.070000e+001  3.800000e+000
      vertex  1.350000e+001  9.500000e+000  1.000000e+000
      vertex  1.350000e+001  1.150000e+001  3.000000e+000
    endloop
  endfacet
  facet normal  1.000000e+000  0.000000e+000  0.000000e+000
    outer loop
      vertex  1.350000e+001  1.070000e+001  3.800000e+000
      vertex  1.350000e+001  1.150000e+001  3.000000e+000
      vertex  1.350000e+001  1.070000e+001  1.220000e+001
    endloop
  endfacet
  facet normal  1.000000e+000  0.000000e+000  0.000000e+000
    outer loop
      vertex  1.350000e+001  7.500000e+000  1.500000e+001
      vertex  1.350000e+001  7.500000e+000  1.220000e+001
      vertex  1.350000e+001  9.500000e+000  1.500000e+001
    endloop
  endfacet
  facet normal  1.000000e+000  0.000000e+000  0.000000e+000
    outer loop
      vertex  1.350000e+001  9.500000e+000  1.500000e+001
      vertex  1.350000e+001  7.500000e+000  1.220000e+001
      vertex  1.350000e+001  1.070000e+001  1.220000e+001
    endloop
  endfacet
  facet normal  1.000000e+000  0.000000e+000  -0.000000e+000
    outer loop
      vertex  1.350000e+001  9.500000e+000  1.500000e+001
      vertex  1.350000e+001  1.070000e+001  1.220000e+001
      vertex  1.350000e+001  1.150000e+001  1.300000e+001
    endloop
  endfacet
  facet normal -1.000000e+000  0.000000e+000  0.000000e+000
    outer loop
      vertex  8.500000e+000  1.070000e+001  1.220000e+001
      vertex  8.500000e+000  7.500000e+000  1.220000e+001
      vertex  8.500000e+000  1.150000e+001  1.300000e+001
    endloop
  endfacet
  facet normal -1.000000e+000  -0.000000e+000  0.000000e+000
    outer loop
      vertex  8.500000e+000  1.150000e+001  1.300000e+001
      vertex  8.500000e+000  7.500000e+000  1.220000e+001
      vertex  8.500000e+000  7.500000e+000  1.500000e+001
    endloop
  endfacet
  facet normal -1.000000e+000  0.000000e+000  0.000000e+000
    outer loop
      vertex  8.500000e+000  1.150000e+001  1.300000e+001
      vertex  8.500000e+000  7.500000e+000  1.500000e+001
      vertex  8.500000e+000  9.500000e+000  1.500000e+001
    endloop
  endfacet
  facet normal -1.000000e+000  -0.000000e+000  -0.000000e+000
    outer loop
      vertex  8.500000e+000  7.500000e+000  3.800000e+000
      vertex  8.500000e+000  1.070000e+001  3.800000e+000
      vertex  8.500000e+000  1.150000e+001  3.000000e+000
    endloop
  endfacet
  facet normal -1.000000e+000  0.000000e+000  0.000000e+000
    outer loop
      vertex  8.500000e+000  1.150000e+001  3.000000e+000
      vertex  8.500000e+000  1.070000e+001  3.800000e+000
      vertex  8.500000e+000  1.070000e+001  1.220000e+001
    endloop
  endfacet
  facet normal -1.000000e+000  0.000000e+000  0.000000e+000
    outer loop
      vertex  8.500000e+000  1.150000e+001  3.000000e+000
      vertex  8.500000e+000  1.070000e+001  1.220000e+001
      vertex  8.500000e+000  1.150000e+001  1.300000e+001
    endloop
  endfacet
  facet normal -1.000000e+000  0.000000e+000  0.000000e+000
    outer loop
      vertex  8.500000e+000  7.500000e+000  1.000000e+000
      vertex  8.500000e+000  7.500000e+000  3.800000e+000
      vertex  8.500000e+000  9.500000e+000  1.000000e+000
    endloop
  endfacet
  facet normal -1.000000e+000  0.000000e+000  0.000000e+000
    outer loop
      vertex  8.500000e+000  9.500000e+000  1.000000e+000
      vertex  8.500000e+000  7.500000e+000  3.800000e+000
      vertex  8.500000e+000  1.150000e+001  3.000000e+000
    endloop
  endfacet
  facet normal  0.000000e+000  0.000000e+000 -1.000000e+000
    outer loop
      vertex  8.500000e+000  7.500000e+000  1.000000e+000
      vertex  8.500000e+000  9.500000e+000  1.000000e+000
      vertex  1.350000e+001  7.500000e+000  1.000000e+000
    endloop
  endfacet
  facet normal  0.000000e+000  0.000000e+000 -1.000000e+000
    outer loop
      vertex  1.350000e+001  7.500000e+000  1.000000e+000
      vertex  8.500000e+000  9.500000e+000  1.000000e+000
      vertex  1.350000e+001  9.500000e+000  1.000000e+000
    endloop
  endfacet
  facet normal  0.000000e+000  0.000000e+000  1.000000e+000
    outer loop
      vertex  1.350000e+001  7.500000e+000  1.500000e+001
      vertex  1.350000e+001  9.500000e+000  1.500000e+001
      vertex  8.500000e+000  7.500000e+000  1.500000e+001
    endloop
  endfacet
  facet normal  0.000000e+000  0.000000e+000  1.000000e+000
    outer loop
      vertex  8.500000e+000  7.500000e+000  1.500000e+001
      vertex  1.350000e+001  9.500000e+000  1.500000e+001
      vertex  8.500000e+000  9.500000e+000  1.500000e+001
    endloop
  endfacet
  facet normal  -0.000000e+000  0.000000e+000  1.000000e+000
    outer loop
      vertex  1.350000e+001  1.070000e+001  3.800000e+000
      vertex  8.500000e+000  1.070000e+001  3.800000e+000
      vertex  1.350000e+001  7.500000e+000  3.800000e+000
    endloop
  endfacet
  facet normal  0.000000e+000  0.000000e+000  1.000000e+000
    outer loop
      vertex  1.350000e+001  7.500000e+000  3.800000e+000
      vertex  8.500000e+000  1.070000e+001  3.800000e+000
      vertex  8.500000e+000  7.500000e+000  3.800000e+000
    endloop
  endfacet
  facet normal  0.000000e+000  0.000000e+000 -1.000000e+000
    outer loop
      vertex  1.350000e+001  7.500000e+000  1.220000e+001
      vertex  8.500000e+000  7.500000e+000  1.220000e+001
      vertex  1.350000e+001  1.070000e+001  1.220000e+001
    endloop
  endfacet
  facet normal  -0.000000e+000  0.000000e+000 -1.000000e+000
    outer loop
      vertex  1.350000e+001  1.070000e+001  1.220000e+001
      vertex  8.500000e+000  7.500000e+000  1.220000e+001
      vertex  8.500000e+000  1.070000e+001  1.220000e+001
    endloop
  endfacet
  facet normal  -0.000000e+000  0.000000e+000 -1.000000e+000
    outer loop
      vertex  2.376933e+000 -2.729795e+000 -4.000000e+000
      vertex  3.623048e+000 -2.729795e+000 -4.000000e+000
      vertex  2.999990e+000 -2.799996e+000 -4.000000e+000
    endloop
  endfacet
  facet normal  0.000000e+000  0.000000e+000 -1.000000e+000
    outer loop
      vertex  3.623048e+000 -2.729795e+000 -4.000000e+000
      vertex  2.376933e+000 -2.729795e+000 -4.000000e+000
      vertex  4.214863e+000 -2.522710e+000 -4.000000e+000
    endloop
  endfacet
  facet normal  -0.000000e+000  0.000000e+000 -1.000000e+000
    outer loop
      vertex  4.214863e+000 -2.522710e+000 -4.000000e+000
      vertex  2.376933e+000 -2.729795e+000 -4.000000e+000
      vertex  1.785118e+000 -2.522710e+000 -4.000000e+000
    endloop
  endfacet
  facet normal  0.000000e+000  0.000000e+000 -1.000000e+000
    outer loop
      vertex  4.214863e+000 -2.522710e+000 -4.000000e+000
      vertex  1.785118e+000 -2.522710e+000 -4.000000e+000
      vertex  4.745759e+000 -2.189126e+000 -4.000000e+000
    endloop
  endfacet
  facet normal  -0.000000e+000  0.000000e+000 -1.000000e+000
    outer loop
      vertex  4.745759e+000 -2.189126e+000 -4.000000e+000
      vertex  1.785118e+000 -2.522710e+000 -4.000000e+000
      vertex  1.254221e+000 -2.189126e+000 -4.000000e+000
    endloop
  endfacet
  facet normal  0.000000e+000  0.000000e+000 -9.999999e-001
    outer loop
      vertex  4.745759e+000 -2.189126e+000 -4.000000e+000
      vertex  1.254221e+000 -2.189126e+000 -4.000000e+000
      vertex  5.189116e+000 -1.745771e+000 -4.000000e+000
    endloop
  endfacet
  facet normal  -0.000000e+000  0.000000e+000 -1.000000e+000
    outer loop
      vertex  5.189116e+000 -1.745771e+000 -4.000000e+000
      vertex  1.254221e+000 -2.189126e+000 -4.000000e+000
      vertex  8.108649e-001 -1.745771e+000 -4.000000e+000
    endloop
  endfacet
  facet normal  0.000000e+000  0.000000e+000 -1.000000e+000
    outer loop
      vertex  5.189116e+000 -1.745771e+000 -4.000000e+000
      vertex  8.108649e-001 -1.745771e+000 -4.000000e+000
      vertex  5.522701e+000 -1.214876e+000 -4.000000e+000
    endloop
  endfacet
  facet normal  -0.000000e+000  0.000000e+000 -1.000000e+000
    outer loop
      vertex  5.522701e+000 -1.214876e+000 -4.000000e+000
      vertex  8.108649e-001 -1.745771e+000 -4.000000e+000
      vertex  4.772799e-001 -1.214876e+000 -4.000000e+000
    endloop
  endfacet
  facet normal  0.000000e+000  0.000000e+000 -1.000000e+000
    outer loop
      vertex  5.522701e+000 -1.214876e+000 -4.000000e+000
      vertex  4.772799e-001 -1.214876e+000 -4.000000e+000
      vertex  5.729787e+000 -6.230611e-001 -4.000000e+000
    endloop
  endfacet
  facet normal  -0.000000e+000  0.000000e+000 -1.000000e+000
    outer loop
      vertex  5.729787e+000 -6.230611e-001 -4.000000e+000
      vertex  4.772799e-001 -1.214876e+000 -4.000000e+000
      vertex  2.701937e-001 -6.230611e-001 -4.000000e+000
    endloop
  endfacet
  facet normal  0.000000e+000  0.000000e+000 -9.999999e-001
    outer loop
      vertex  5.729787e+000 -6.230611e-001 -4.000000e+000
      vertex  2.701937e-001 -6.230611e-001 -4.000000e+000
      vertex  5.799991e+000 -3.693457e-006 -4.000000e+000
    endloop
  endfacet
  facet normal  -0.000000e+000  0.000000e+000 -1.000000e+000
    outer loop
      vertex  5.799991e+000 -3.693457e-006 -4.000000e+000
      vertex  2.701937e-001 -6.230611e-001 -4.000000e+000
      vertex  1.999904e-001  3.693457e-006 -4.000000e+000
    endloop
  endfacet
  facet normal  0.000000e+000  0.000000e+000 -1.000000e+000
    outer loop
      vertex  5.799991e+000 -3.693457e-006 -4.000000e+000
      vertex  1.999904e-001  3.693457e-006 -4.000000e+000
      vertex  5.729789e+000  6.230623e-001 -4.000000e+000
    endloop
  endfacet
  facet normal  -0.000000e+000  0.000000e+000 -1.000000e+000
    outer loop
      vertex  5.729789e+000  6.230623e-001 -4.000000e+000
      vertex  1.999904e-001  3.693457e-006 -4.000000e+000
      vertex  2.701923e-001  6.230623e-001 -4.000000e+000
    endloop
  endfacet
  facet normal  0.000000e+000  0.000000e+000 -1.000000e+000
    outer loop
      vertex  5.729789e+000  6.230623e-001 -4.000000e+000
      vertex  2.701923e-001  6.230623e-001 -4.000000e+000
      vertex  5.522703e+000  1.214878e+000 -4.000000e+000
    endloop
  endfacet
  facet normal  -0.000000e+000  0.000000e+000 -1.000000e+000
    outer loop
      vertex  5.522703e+000  1.214878e+000 -4.000000e+000
      vertex  2.701923e-001  6.230623e-001 -4.000000e+000
      vertex  4.772776e-001  1.214878e+000 -4.000000e+000
    endloop
  endfacet
  facet normal  0.000000e+000  0.000000e+000 -1.000000e+000
    outer loop
      vertex  5.522703e+000  1.214878e+000 -4.000000e+000
      vertex  4.772776e-001  1.214878e+000 -4.000000e+000
      vertex  5.189118e+000  1.745775e+000 -4.000000e+000
    endloop
  endfacet
  facet normal  -0.000000e+000  0.000000e+000 -1.000000e+000
    outer loop
      vertex  5.189118e+000  1.745775e+000 -4.000000e+000
      vertex  4.772776e-001  1.214878e+000 -4.000000e+000
      vertex  8.108623e-001  1.745775e+000 -4.000000e+000
    endloop
  endfacet
  facet normal  0.000000e+000  0.000000e+000 -1.000000e+000
    outer loop
      vertex  5.189118e+000  1.745775e+000 -4.000000e+000
      vertex  8.108623e-001  1.745775e+000 -4.000000e+000
      vertex  4.745762e+000  2.189132e+000 -4.000000e+000
    endloop
  endfacet
  facet normal  -0.000000e+000  0.000000e+000 -1.000000e+000
    outer loop
      vertex  4.745762e+000  2.189132e+000 -4.000000e+000
      vertex  8.108623e-001  1.745775e+000 -4.000000e+000
      vertex  1.254219e+000  2.189132e+000 -4.000000e+000
    endloop
  endfacet
  facet normal  0.000000e+000  0.000000e+000 -1.000000e+000
    outer loop
      vertex  4.745762e+000  2.189132e+000 -4.000000e+000
      vertex  1.254219e+000  2.189132e+000 -4.000000e+000
      vertex  4.214865e+000  2.522717e+000 -4.000000e+000
    endloop
  endfacet
  facet normal  -0.000000e+000  0.000000e+000 -1.000000e+000
    outer loop
      vertex  4.214865e+000  2.522717e+000 -4.000000e+000
      vertex  1.254219e+000  2.189132e+000 -4.000000e+000
      vertex  1.785116e+000  2.522717e+000 -4.000000e+000
    endloop
  endfacet
  facet normal  0.000000e+000  0.000000e+000 -1.000000e+000
    outer loop
      vertex  4.214865e+000  2.522717e+000 -4.000000e+000
      vertex  1.785116e+000  2.522717e+000 -4.000000e+000
      vertex  3.623049e+000  2.729802e+000 -4.000000e+000
    endloop
  endfacet
  facet normal  -0.000000e+000  0.000000e+000 -1.000000e+000
    outer loop
      vertex  3.623049e+000  2.729802e+000 -4.000000e+000
      vertex  1.785116e+000  2.522717e+000 -4.000000e+000
      vertex  2.376932e+000  2.729802e+000 -4.000000e+000
    endloop
  endfacet
  facet normal  0.000000e+000  0.000000e+000 -1.000000e+000
    outer loop
      vertex  3.623049e+000  2.729802e+000 -4.000000e+000
      vertex  2.376932e+000  2.729802e+000 -4.000000e+000
      vertex  2.999990e+000  2.800004e+000 -4.000000e+000
    endloop
  endfacet
  facet normal -1.000000e+000  0.000000e+000  0.000000e+000
    outer loop
      vertex -3.000000e+000  6.500000e+000  6.000000e+000
      vertex -3.000000e+000  6.500000e+000  1.000000e+000
      vertex -3.000000e+000  6.000000e+000  6.000000e+000
    endloop
  endfacet
  facet normal -1.000000e+000  0.000000e+000  0.000000e+000
    outer loop
      vertex -3.000000e+000  6.000000e+000  6.000000e+000
      vertex -3.000000e+000  6.500000e+000  1.000000e+000
      vertex -3.000000e+000  6.000000e+000  1.000000e+000
    endloop
  endfacet
  facet normal -1.000000e+000  0.000000e+000  0.000000e+000
    outer loop
      vertex -3.000000e+000 -6.000000e+000  6.000000e+000
      vertex -3.000000e+000 -6.000000e+000  1.000000e+000
      vertex -3.000000e+000 -6.500000e+000  6.000000e+000
    endloop
  endfacet
  facet normal -1.000000e+000  0.000000e+000  0.000000e+000
    outer loop
      vertex -3.000000e+000 -6.500000e+000  6.000000e+000
      vertex -3.000000e+000 -6.000000e+000  1.000000e+000
      vertex -3.000000e+000 -6.500000e+000  1.000000e+000
    endloop
  endfacet
  facet normal  1.000000e+000  -0.000000e+000  0.000000e+000
    outer loop
      vertex -3.500000e+000  6.000000e+000  1.850000e+001
      vertex -3.500000e+000 -6.000000e+000  1.850000e+001
      vertex -3.500000e+000  6.000000e+000  6.000000e+000
    endloop
  endfacet
  facet normal  1.000000e+000  0.000000e+000  0.000000e+000
    outer loop
      vertex -3.500000e+000  6.000000e+000  6.000000e+000
      vertex -3.500000e+000 -6.000000e+000  1.850000e+001
      vertex -3.500000e+000 -6.000000e+000  6.000000e+000
    endloop
  endfacet
  facet normal  1.950905e-001 -9.807853e-001  0.000000e+000
    outer loop
      vertex -5.000000e+000  1.000000e+000  6.000000e+000
      vertex -5.382683e+000  9.238795e-001  1.850000e+001
      vertex -5.382683e+000  9.238795e-001  6.000000e+000
    endloop
  endfacet
  facet normal  5.555702e-001 -8.314696e-001  0.000000e+000
    outer loop
      vertex -5.382683e+000  9.238795e-001  6.000000e+000
      vertex -5.382683e+000  9.238795e-001  1.850000e+001
      vertex -5.707107e+000  7.071068e-001  1.850000e+001
    endloop
  endfacet
  facet normal  5.555702e-001 -8.314696e-001  0.000000e+000
    outer loop
      vertex -5.382683e+000  9.238795e-001  6.000000e+000
      vertex -5.707107e+000  7.071068e-001  1.850000e+001
      vertex -5.707107e+000  7.071068e-001  6.000000e+000
    endloop
  endfacet
  facet normal  8.314693e-001 -5.555708e-001  0.000000e+000
    outer loop
      vertex -5.707107e+000  7.071068e-001  6.000000e+000
      vertex -5.707107e+000  7.071068e-001  1.850000e+001
      vertex -5.923880e+000  3.826834e-001  1.850000e+001
    endloop
  endfacet
  facet normal  8.314693e-001 -5.555708e-001  0.000000e+000
    outer loop
      vertex -5.707107e+000  7.071068e-001  6.000000e+000
      vertex -5.923880e+000  3.826834e-001  1.850000e+001
      vertex -5.923880e+000  3.826834e-001  6.000000e+000
    endloop
  endfacet
  facet normal  9.807854e-001 -1.950901e-001  0.000000e+000
    outer loop
      vertex -5.923880e+000  3.826834e-001  6.000000e+000
      vertex -5.923880e+000  3.826834e-001  1.850000e+001
      vertex -6.000000e+000 -5.436692e-016  1.850000e+001
    endloop
  endfacet
  facet normal  9.807854e-001 -1.950901e-001  5.376828e-018
    outer loop
      vertex -5.923880e+000  3.826834e-001  6.000000e+000
      vertex -6.000000e+000 -5.436692e-016  1.850000e+001
      vertex -6.000000e+000 -8.881784e-016  6.000000e+000
    endloop
  endfacet
  facet normal  1.950905e-001 -9.807853e-001  0.000000e+000
    outer loop
      vertex -5.382683e+000  9.238795e-001  1.850000e+001
      vertex -5.000000e+000  1.000000e+000  6.000000e+000
      vertex -5.000000e+000  1.000000e+000  1.850000e+001
    endloop
  endfacet
  facet normal -1.950905e-001 -9.807853e-001  -0.000000e+000
    outer loop
      vertex -5.000000e+000  1.000000e+000  1.850000e+001
      vertex -5.000000e+000  1.000000e+000  6.000000e+000
      vertex -4.617317e+000  9.238795e-001  6.000000e+000
    endloop
  endfacet
  facet normal -1.950905e-001 -9.807853e-001  0.000000e+000
    outer loop
      vertex -5.000000e+000  1.000000e+000  1.850000e+001
      vertex -4.617317e+000  9.238795e-001  6.000000e+000
      vertex -4.617317e+000  9.238795e-001  1.850000e+001
    endloop
  endfacet
  facet normal -5.555702e-001 -8.314696e-001  -0.000000e+000
    outer loop
      vertex -4.617317e+000  9.238795e-001  1.850000e+001
      vertex -4.617317e+000  9.238795e-001  6.000000e+000
      vertex -4.292893e+000  7.071068e-001  6.000000e+000
    endloop
  endfacet
  facet normal -5.555702e-001 -8.314696e-001  0.000000e+000
    outer loop
      vertex -4.617317e+000  9.238795e-001  1.850000e+001
      vertex -4.292893e+000  7.071068e-001  6.000000e+000
      vertex -4.292893e+000  7.071068e-001  1.850000e+001
    endloop
  endfacet
  facet normal -8.314693e-001 -5.555708e-001  -0.000000e+000
    outer loop
      vertex -4.292893e+000  7.071068e-001  1.850000e+001
      vertex -4.292893e+000  7.071068e-001  6.000000e+000
      vertex -4.076120e+000  3.826834e-001  6.000000e+000
    endloop
  endfacet
  facet normal -8.314693e-001 -5.555708e-001  0.000000e+000
    outer loop
      vertex -4.292893e+000  7.071068e-001  1.850000e+001
      vertex -4.076120e+000  3.826834e-001  6.000000e+000
      vertex -4.076120e+000  3.826834e-001  1.850000e+001
    endloop
  endfacet
  facet normal -9.807854e-001 -1.950901e-001  -0.000000e+000
    outer loop
      vertex -4.076120e+000  3.826834e-001  1.850000e+001
      vertex -4.076120e+000  3.826834e-001  6.000000e+000
      vertex -4.000000e+000  0.000000e+000  6.000000e+000
    endloop
  endfacet
  facet normal -9.807854e-001 -1.950901e-001  6.573826e-018
    outer loop
      vertex -4.076120e+000  3.826834e-001  1.850000e+001
      vertex -4.000000e+000  0.000000e+000  6.000000e+000
      vertex -4.000000e+000  4.212044e-016  1.850000e+001
    endloop
  endfacet
  facet normal -1.950905e-001  9.807853e-001  0.000000e+000
    outer loop
      vertex -5.000000e+000 -1.000000e+000  6.000000e+000
      vertex -4.617317e+000 -9.238795e-001  1.850000e+001
      vertex -4.617317e+000 -9.238795e-001  6.000000e+000
    endloop
  endfacet
  facet normal -5.555702e-001  8.314696e-001  0.000000e+000
    outer loop
      vertex -4.617317e+000 -9.238795e-001  6.000000e+000
      vertex -4.617317e+000 -9.238795e-001  1.850000e+001
      vertex -4.292893e+000 -7.071068e-001  1.850000e+001
    endloop
  endfacet
  facet normal -5.555702e-001  8.314696e-001  0.000000e+000
    outer loop
      vertex -4.617317e+000 -9.238795e-001  6.000000e+000
      vertex -4.292893e+000 -7.071068e-001  1.850000e+001
      vertex -4.292893e+000 -7.071068e-001  6.000000e+000
    endloop
  endfacet
  facet normal -8.314693e-001  5.555708e-001  0.000000e+000
    outer loop
      vertex -4.292893e+000 -7.071068e-001  6.000000e+000
      vertex -4.292893e+000 -7.071068e-001  1.850000e+001
      vertex -4.076120e+000 -3.826834e-001  1.850000e+001
    endloop
  endfacet
  facet normal -8.314693e-001  5.555708e-001  0.000000e+000
    outer loop
      vertex -4.292893e+000 -7.071068e-001  6.000000e+000
      vertex -4.076120e+000 -3.826834e-001  1.850000e+001
      vertex -4.076120e+000 -3.826834e-001  6.000000e+000
    endloop
  endfacet
  facet normal -9.807854e-001  1.950901e-001  0.000000e+000
    outer loop
      vertex -4.076120e+000 -3.826834e-001  6.000000e+000
      vertex -4.076120e+000 -3.826834e-001  1.850000e+001
      vertex -4.000000e+000  4.212044e-016  1.850000e+001
    endloop
  endfacet
  facet normal -9.807854e-001  1.950901e-001 -6.573826e-018
    outer loop
      vertex -4.076120e+000 -3.826834e-001  6.000000e+000
      vertex -4.000000e+000  4.212044e-016  1.850000e+001
      vertex -4.000000e+000  0.000000e+000  6.000000e+000
    endloop
  endfacet
  facet normal -1.950905e-001  9.807853e-001  0.000000e+000
    outer loop
      vertex -4.617317e+000 -9.238795e-001  1.850000e+001
      vertex -5.000000e+000 -1.000000e+000  6.000000e+000
      vertex -5.000000e+000 -1.000000e+000  1.850000e+001
    endloop
  endfacet
  facet normal  1.950905e-001  9.807853e-001  0.000000e+000
    outer loop
      vertex -5.000000e+000 -1.000000e+000  1.850000e+001
      vertex -5.000000e+000 -1.000000e+000  6.000000e+000
      vertex -5.382683e+000 -9.238795e-001  6.000000e+000
    endloop
  endfacet
  facet normal  1.950905e-001  9.807853e-001  -0.000000e+000
    outer loop
      vertex -5.000000e+000 -1.000000e+000  1.850000e+001
      vertex -5.382683e+000 -9.238795e-001  6.000000e+000
      vertex -5.382683e+000 -9.238795e-001  1.850000e+001
    endloop
  endfacet
  facet normal  5.555702e-001  8.314696e-001  0.000000e+000
    outer loop
      vertex -5.382683e+000 -9.238795e-001  1.850000e+001
      vertex -5.382683e+000 -9.238795e-001  6.000000e+000
      vertex -5.707107e+000 -7.071068e-001  6.000000e+000
    endloop
  endfacet
  facet normal  5.555702e-001  8.314696e-001  -0.000000e+000
    outer loop
      vertex -5.382683e+000 -9.238795e-001  1.850000e+001
      vertex -5.707107e+000 -7.071068e-001  6.000000e+000
      vertex -5.707107e+000 -7.071068e-001  1.850000e+001
    endloop
  endfacet
  facet normal  8.314693e-001  5.555708e-001  0.000000e+000
    outer loop
      vertex -5.707107e+000 -7.071068e-001  1.850000e+001
      vertex -5.707107e+000 -7.071068e-001  6.000000e+000
      vertex -5.923880e+000 -3.826834e-001  6.000000e+000
    endloop
  endfacet
  facet normal  8.314693e-001  5.555708e-001  -0.000000e+000
    outer loop
      vertex -5.707107e+000 -7.071068e-001  1.850000e+001
      vertex -5.923880e+000 -3.826834e-001  6.000000e+000
      vertex -5.923880e+000 -3.826834e-001  1.850000e+001
    endloop
  endfacet
  facet normal  9.807854e-001  1.950901e-001  0.000000e+000
    outer loop
      vertex -5.923880e+000 -3.826834e-001  1.850000e+001
      vertex -5.923880e+000 -3.826834e-001  6.000000e+000
      vertex -6.000000e+000 -8.881784e-016  6.000000e+000
    endloop
  endfacet
  facet normal  9.807854e-001  1.950901e-001 -5.376828e-018
    outer loop
      vertex -5.923880e+000 -3.826834e-001  1.850000e+001
      vertex -6.000000e+000 -8.881784e-016  6.000000e+000
      vertex -6.000000e+000 -5.436692e-016  1.850000e+001
    endloop
  endfacet
  facet normal  0.000000e+000 -1.000000e+000  0.000000e+000
    outer loop
      vertex  2.150000e+001  6.000000e+000  1.850000e+001
      vertex -3.500000e+000  6.000000e+000  1.850000e+001
      vertex -3.500000e+000  6.000000e+000  6.000000e+000
    endloop
  endfacet
  facet normal  0.000000e+000 -1.000000e+000  0.000000e+000
    outer loop
      vertex  2.150000e+001  6.000000e+000  1.850000e+001
      vertex -3.500000e+000  6.000000e+000  6.000000e+000
      vertex -3.000000e+000  6.000000e+000  6.000000e+000
    endloop
  endfacet
  facet normal  0.000000e+000 -9.999999e-001  0.000000e+000
    outer loop
      vertex  2.150000e+001  6.000000e+000  1.850000e+001
      vertex -3.000000e+000  6.000000e+000  6.000000e+000
      vertex -3.000000e+000  6.000000e+000  1.000000e+000
    endloop
  endfacet
  facet normal  0.000000e+000 -1.000000e+000  0.000000e+000
    outer loop
      vertex  2.150000e+001  6.000000e+000  1.850000e+001
      vertex -3.000000e+000  6.000000e+000  1.000000e+000
      vertex  1.700000e+001  6.000000e+000  1.000000e+000
    endloop
  endfacet
  facet normal  0.000000e+000 -1.000000e+000  0.000000e+000
    outer loop
      vertex  2.150000e+001  6.000000e+000  1.850000e+001
      vertex  1.700000e+001  6.000000e+000  1.000000e+000
      vertex  1.700000e+001  6.000000e+000  0.000000e+000
    endloop
  endfacet
  facet normal  0.000000e+000 -1.000000e+000  0.000000e+000
    outer loop
      vertex  2.150000e+001  6.000000e+000  1.850000e+001
      vertex  1.700000e+001  6.000000e+000  0.000000e+000
      vertex  2.150000e+001  6.000000e+000  0.000000e+000
    endloop
  endfacet
  facet normal  1.000000e+000  0.000000e+000  0.000000e+000
    outer loop
      vertex  1.700000e+001 -6.000000e+000  0.000000e+000
      vertex  1.700000e+001  6.000000e+000  0.000000e+000
      vertex  1.700000e+001 -6.000000e+000  1.000000e+000
    endloop
  endfacet
  facet normal  1.000000e+000  -0.000000e+000  0.000000e+000
    outer loop
      vertex  1.700000e+001 -6.000000e+000  1.000000e+000
      vertex  1.700000e+001  6.000000e+000  0.000000e+000
      vertex  1.700000e+001  6.000000e+000  1.000000e+000
    endloop
  endfacet
  facet normal  0.000000e+000  1.000000e+000  -0.000000e+000
    outer loop
      vertex  2.150000e+001 -6.000000e+000  1.850000e+001
      vertex  2.150000e+001 -6.000000e+000  0.000000e+000
      vertex  1.700000e+001 -6.000000e+000  0.000000e+000
    endloop
  endfacet
  facet normal  0.000000e+000  1.000000e+000  0.000000e+000
    outer loop
      vertex  2.150000e+001 -6.000000e+000  1.850000e+001
      vertex  1.700000e+001 -6.000000e+000  0.000000e+000
      vertex  1.700000e+001 -6.000000e+000  1.000000e+000
    endloop
  endfacet
  facet normal  0.000000e+000  1.000000e+000  -0.000000e+000
    outer loop
      vertex  2.150000e+001 -6.000000e+000  1.850000e+001
      vertex  1.700000e+001 -6.000000e+000  1.000000e+000
      vertex -3.000000e+000 -6.000000e+000  1.000000e+000
    endloop
  endfacet
  facet normal  0.000000e+000  9.999999e-001  0.000000e+000
    outer loop
      vertex  2.150000e+001 -6.000000e+000  1.850000e+001
      vertex -3.000000e+000 -6.000000e+000  1.000000e+000
      vertex -3.000000e+000 -6.000000e+000  6.000000e+000
    endloop
  endfacet
  facet normal  0.000000e+000  1.000000e+000  -0.000000e+000
    outer loop
      vertex  2.150000e+001 -6.000000e+000  1.850000e+001
      vertex -3.000000e+000 -6.000000e+000  6.000000e+000
      vertex -3.500000e+000 -6.000000e+000  6.000000e+000
    endloop
  endfacet
  facet normal  0.000000e+000  1.000000e+000  0.000000e+000
    outer loop
      vertex  2.150000e+001 -6.000000e+000  1.850000e+001
      vertex -3.500000e+000 -6.000000e+000  6.000000e+000
      vertex -3.500000e+000 -6.000000e+000  1.850000e+001
    endloop
  endfacet
  facet normal -1.000000e+000  0.000000e+000  0.000000e+000
    outer loop
      vertex  2.150000e+001  6.000000e+000  0.000000e+000
      vertex  2.150000e+001 -6.000000e+000  0.000000e+000
      vertex  2.150000e+001  6.000000e+000  1.850000e+001
    endloop
  endfacet
  facet normal -1.000000e+000  -0.000000e+000  0.000000e+000
    outer loop
      vertex  2.150000e+001  6.000000e+000  1.850000e+001
      vertex  2.150000e+001 -6.000000e+000  0.000000e+000
      vertex  2.150000e+001 -6.000000e+000  1.850000e+001
    endloop
  endfacet
  facet normal  1.950907e-001 -9.807852e-001  0.000000e+000
    outer loop
      vertex  2.300000e+001  1.000000e+000  0.000000e+000
      vertex  2.261732e+001  9.238795e-001  1.850000e+001
      vertex  2.261732e+001  9.238795e-001  0.000000e+000
    endloop
  endfacet
  facet normal  5.555685e-001 -8.314707e-001  0.000000e+000
    outer loop
      vertex  2.261732e+001  9.238795e-001  0.000000e+000
      vertex  2.261732e+001  9.238795e-001  1.850000e+001
      vertex  2.229289e+001  7.071068e-001  1.850000e+001
    endloop
  endfacet
  facet normal  5.555685e-001 -8.314707e-001  0.000000e+000
    outer loop
      vertex  2.261732e+001  9.238795e-001  0.000000e+000
      vertex  2.229289e+001  7.071068e-001  1.850000e+001
      vertex  2.229289e+001  7.071068e-001  0.000000e+000
    endloop
  endfacet
  facet normal  8.314704e-001 -5.555690e-001  0.000000e+000
    outer loop
      vertex  2.229289e+001  7.071068e-001  0.000000e+000
      vertex  2.229289e+001  7.071068e-001  1.850000e+001
      vertex  2.207612e+001  3.826834e-001  1.850000e+001
    endloop
  endfacet
  facet normal  8.314704e-001 -5.555690e-001  0.000000e+000
    outer loop
      vertex  2.229289e+001  7.071068e-001  0.000000e+000
      vertex  2.207612e+001  3.826834e-001  1.850000e+001
      vertex  2.207612e+001  3.826834e-001  0.000000e+000
    endloop
  endfacet
  facet normal  9.807853e-001 -1.950901e-001  0.000000e+000
    outer loop
      vertex  2.207612e+001  3.826834e-001  0.000000e+000
      vertex  2.207612e+001  3.826834e-001  1.850000e+001
      vertex  2.200000e+001  5.894386e-016  1.850000e+001
    endloop
  endfacet
  facet normal  9.807853e-001 -1.950901e-001  2.365684e-017
    outer loop
      vertex  2.207612e+001  3.826834e-001  0.000000e+000
      vertex  2.200000e+001  5.894386e-016  1.850000e+001
      vertex  2.200000e+001 -1.653892e-015  0.000000e+000
    endloop
  endfacet
  facet normal  1.950907e-001 -9.807852e-001  0.000000e+000
    outer loop
      vertex  2.261732e+001  9.238795e-001  1.850000e+001
      vertex  2.300000e+001  1.000000e+000  0.000000e+000
      vertex  2.300000e+001  1.000000e+000  1.850000e+001
    endloop
  endfacet
  facet normal -1.950907e-001 -9.807852e-001  -0.000000e+000
    outer loop
      vertex  2.300000e+001  1.000000e+000  1.850000e+001
      vertex  2.300000e+001  1.000000e+000  0.000000e+000
      vertex  2.338268e+001  9.238795e-001  0.000000e+000
    endloop
  endfacet
  facet normal -1.950907e-001 -9.807852e-001  0.000000e+000
    outer loop
      vertex  2.300000e+001  1.000000e+000  1.850000e+001
      vertex  2.338268e+001  9.238795e-001  0.000000e+000
      vertex  2.338268e+001  9.238795e-001  1.850000e+001
    endloop
  endfacet
  facet normal -5.555685e-001 -8.314707e-001  -0.000000e+000
    outer loop
      vertex  2.338268e+001  9.238795e-001  1.850000e+001
      vertex  2.338268e+001  9.238795e-001  0.000000e+000
      vertex  2.370711e+001  7.071068e-001  0.000000e+000
    endloop
  endfacet
  facet normal -5.555685e-001 -8.314707e-001  0.000000e+000
    outer loop
      vertex  2.338268e+001  9.238795e-001  1.850000e+001
      vertex  2.370711e+001  7.071068e-001  0.000000e+000
      vertex  2.370711e+001  7.071068e-001  1.850000e+001
    endloop
  endfacet
  facet normal -8.314704e-001 -5.555690e-001  -0.000000e+000
    outer loop
      vertex  2.370711e+001  7.071068e-001  1.850000e+001
      vertex  2.370711e+001  7.071068e-001  0.000000e+000
      vertex  2.392388e+001  3.826834e-001  0.000000e+000
    endloop
  endfacet
  facet normal -8.314704e-001 -5.555690e-001  0.000000e+000
    outer loop
      vertex  2.370711e+001  7.071068e-001  1.850000e+001
      vertex  2.392388e+001  3.826834e-001  0.000000e+000
      vertex  2.392388e+001  3.826834e-001  1.850000e+001
    endloop
  endfacet
  facet normal -9.807853e-001 -1.950901e-001  -0.000000e+000
    outer loop
      vertex  2.392388e+001  3.826834e-001  1.850000e+001
      vertex  2.392388e+001  3.826834e-001  0.000000e+000
      vertex  2.400000e+001 -2.021286e-015  0.000000e+000
    endloop
  endfacet
  facet normal -9.807853e-001 -1.950901e-001  3.044017e-017
    outer loop
      vertex  2.392388e+001  3.826834e-001  1.850000e+001
      vertex  2.400000e+001 -2.021286e-015  0.000000e+000
      vertex  2.400000e+001  8.652937e-016  1.850000e+001
    endloop
  endfacet
  facet normal -1.950907e-001  9.807852e-001  0.000000e+000
    outer loop
      vertex  2.300000e+001 -1.000000e+000  0.000000e+000
      vertex  2.338268e+001 -9.238795e-001  1.850000e+001
      vertex  2.338268e+001 -9.238795e-001  0.000000e+000
    endloop
  endfacet
  facet normal -5.555685e-001  8.314707e-001  0.000000e+000
    outer loop
      vertex  2.338268e+001 -9.238795e-001  0.000000e+000
      vertex  2.338268e+001 -9.238795e-001  1.850000e+001
      vertex  2.370711e+001 -7.071068e-001  1.850000e+001
    endloop
  endfacet
  facet normal -5.555685e-001  8.314707e-001  0.000000e+000
    outer loop
      vertex  2.338268e+001 -9.238795e-001  0.000000e+000
      vertex  2.370711e+001 -7.071068e-001  1.850000e+001
      vertex  2.370711e+001 -7.071068e-001  0.000000e+000
    endloop
  endfacet
  facet normal -8.314704e-001  5.555690e-001  0.000000e+000
    outer loop
      vertex  2.370711e+001 -7.071068e-001  0.000000e+000
      vertex  2.370711e+001 -7.071068e-001  1.850000e+001
      vertex  2.392388e+001 -3.826834e-001  1.850000e+001
    endloop
  endfacet
  facet normal -8.314704e-001  5.555690e-001  0.000000e+000
    outer loop
      vertex  2.370711e+001 -7.071068e-001  0.000000e+000
      vertex  2.392388e+001 -3.826834e-001  1.850000e+001
      vertex  2.392388e+001 -3.826834e-001  0.000000e+000
    endloop
  endfacet
  facet normal -9.807853e-001  1.950901e-001  0.000000e+000
    outer loop
      vertex  2.392388e+001 -3.826834e-001  0.000000e+000
      vertex  2.392388e+001 -3.826834e-001  1.850000e+001
      vertex  2.400000e+001  8.652937e-016  1.850000e+001
    endloop
  endfacet
  facet normal -9.807853e-001  1.950901e-001 -3.044017e-017
    outer loop
      vertex  2.392388e+001 -3.826834e-001  0.000000e+000
      vertex  2.400000e+001  8.652937e-016  1.850000e+001
      vertex  2.400000e+001 -2.021286e-015  0.000000e+000
    endloop
  endfacet
  facet normal -1.950907e-001  9.807852e-001  0.000000e+000
    outer loop
      vertex  2.338268e+001 -9.238795e-001  1.850000e+001
      vertex  2.300000e+001 -1.000000e+000  0.000000e+000
      vertex  2.300000e+001 -1.000000e+000  1.850000e+001
    endloop
  endfacet
  facet normal  1.950907e-001  9.807852e-001  0.000000e+000
    outer loop
      vertex  2.300000e+001 -1.000000e+000  1.850000e+001
      vertex  2.300000e+001 -1.000000e+000  0.000000e+000
      vertex  2.261732e+001 -9.238795e-001  0.000000e+000
    endloop
  endfacet
  facet normal  1.950907e-001  9.807852e-001  -0.000000e+000
    outer loop
      vertex  2.300000e+001 -1.000000e+000  1.850000e+001
      vertex  2.261732e+001 -9.238795e-001  0.000000e+000
      vertex  2.261732e+001 -9.238795e-001  1.850000e+001
    endloop
  endfacet
  facet normal  5.555685e-001  8.314707e-001  0.000000e+000
    outer loop
      vertex  2.261732e+001 -9.238795e-001  1.850000e+001
      vertex  2.261732e+001 -9.238795e-001  0.000000e+000
      vertex  2.229289e+001 -7.071068e-001  0.000000e+000
    endloop
  endfacet
  facet normal  5.555685e-001  8.314707e-001  -0.000000e+000
    outer loop
      vertex  2.261732e+001 -9.238795e-001  1.850000e+001
      vertex  2.229289e+001 -7.071068e-001  0.000000e+000
      vertex  2.229289e+001 -7.071068e-001  1.850000e+001
    endloop
  endfacet
  facet normal  8.314704e-001  5.555690e-001  0.000000e+000
    outer loop
      vertex  2.229289e+001 -7.071068e-001  1.850000e+001
      vertex  2.229289e+001 -7.071068e-001  0.000000e+000
      vertex  2.207612e+001 -3.826834e-001  0.000000e+000
    endloop
  endfacet
  facet normal  8.314704e-001  5.555690e-001  -0.000000e+000
    outer loop
      vertex  2.229289e+001 -7.071068e-001  1.850000e+001
      vertex  2.207612e+001 -3.826834e-001  0.000000e+000
      vertex  2.207612e+001 -3.826834e-001  1.850000e+001
    endloop
  endfacet
  facet normal  9.807853e-001  1.950901e-001  0.000000e+000
    outer loop
      vertex  2.207612e+001 -3.826834e-001  1.850000e+001
      vertex  2.207612e+001 -3.826834e-001  0.000000e+000
      vertex  2.200000e+001 -1.653892e-015  0.000000e+000
    endloop
  endfacet
  facet normal  9.807853e-001  1.950901e-001 -2.365684e-017
    outer loop
      vertex  2.207612e+001 -3.826834e-001  1.850000e+001
      vertex  2.200000e+001 -1.653892e-015  0.000000e+000
      vertex  2.200000e+001  5.894386e-016  1.850000e+001
    endloop
  endfacet
  facet normal  9.937122e-001  1.119645e-001 -2.067681e-007
    outer loop
      vertex  5.799991e+000  3.693457e-006  0.000000e+000
      vertex  5.799991e+000 -3.693457e-006 -4.000000e+000
      vertex  5.729789e+000  6.230623e-001  0.000000e+000
    endloop
  endfacet
  facet normal  9.937124e-001  1.119632e-001  0.000000e+000
    outer loop
      vertex  5.729789e+000  6.230623e-001  0.000000e+000
      vertex  5.799991e+000 -3.693457e-006 -4.000000e+000
      vertex  5.729789e+000  6.230623e-001 -4.000000e+000
    endloop
  endfacet
  facet normal  9.438832e-001  3.302795e-001  -0.000000e+000
    outer loop
      vertex  5.729789e+000  6.230623e-001  0.000000e+000
      vertex  5.729789e+000  6.230623e-001 -4.000000e+000
      vertex  5.522703e+000  1.214878e+000  0.000000e+000
    endloop
  endfacet
  facet normal  9.438832e-001  3.302795e-001  0.000000e+000
    outer loop
      vertex  5.522703e+000  1.214878e+000  0.000000e+000
      vertex  5.729789e+000  6.230623e-001 -4.000000e+000
      vertex  5.522703e+000  1.214878e+000 -4.000000e+000
    endloop
  endfacet
  facet normal  8.467241e-001  5.320323e-001  -0.000000e+000
    outer loop
      vertex  5.522703e+000  1.214878e+000  0.000000e+000
      vertex  5.522703e+000  1.214878e+000 -4.000000e+000
      vertex  5.189118e+000  1.745775e+000  0.000000e+000
    endloop
  endfacet
  facet normal  8.467241e-001  5.320323e-001  0.000000e+000
    outer loop
      vertex  5.189118e+000  1.745775e+000  0.000000e+000
      vertex  5.522703e+000  1.214878e+000 -4.000000e+000
      vertex  5.189118e+000  1.745775e+000 -4.000000e+000
    endloop
  endfacet
  facet normal  7.071069e-001  7.071067e-001  -0.000000e+000
    outer loop
      vertex  5.189118e+000  1.745775e+000  0.000000e+000
      vertex  5.189118e+000  1.745775e+000 -4.000000e+000
      vertex  4.745762e+000  2.189132e+000  0.000000e+000
    endloop
  endfacet
  facet normal  7.071069e-001  7.071067e-001  0.000000e+000
    outer loop
      vertex  4.745762e+000  2.189132e+000  0.000000e+000
      vertex  5.189118e+000  1.745775e+000 -4.000000e+000
      vertex  4.745762e+000  2.189132e+000 -4.000000e+000
    endloop
  endfacet
  facet normal  5.320321e-001  8.467243e-001  -0.000000e+000
    outer loop
      vertex  4.745762e+000  2.189132e+000  0.000000e+000
      vertex  4.745762e+000  2.189132e+000 -4.000000e+000
      vertex  4.214865e+000  2.522717e+000  0.000000e+000
    endloop
  endfacet
  facet normal  5.320321e-001  8.467243e-001  0.000000e+000
    outer loop
      vertex  4.214865e+000  2.522717e+000  0.000000e+000
      vertex  4.745762e+000  2.189132e+000 -4.000000e+000
      vertex  4.214865e+000  2.522717e+000 -4.000000e+000
    endloop
  endfacet
  facet normal  3.302792e-001  9.438833e-001  -0.000000e+000
    outer loop
      vertex  4.214865e+000  2.522717e+000  0.000000e+000
      vertex  4.214865e+000  2.522717e+000 -4.000000e+000
      vertex  3.623049e+000  2.729802e+000  0.000000e+000
    endloop
  endfacet
  facet normal  3.302792e-001  9.438833e-001  0.000000e+000
    outer loop
      vertex  3.623049e+000  2.729802e+000  0.000000e+000
      vertex  4.214865e+000  2.522717e+000 -4.000000e+000
      vertex  3.623049e+000  2.729802e+000 -4.000000e+000
    endloop
  endfacet
  facet normal  1.119645e-001  9.937122e-001  -0.000000e+000
    outer loop
      vertex  3.623049e+000  2.729802e+000  0.000000e+000
      vertex  3.623049e+000  2.729802e+000 -4.000000e+000
      vertex  2.999990e+000  2.800004e+000  0.000000e+000
    endloop
  endfacet
  facet normal  1.119645e-001  9.937122e-001  0.000000e+000
    outer loop
      vertex  2.999990e+000  2.800004e+000  0.000000e+000
      vertex  3.623049e+000  2.729802e+000 -4.000000e+000
      vertex  2.999990e+000  2.800004e+000 -4.000000e+000
    endloop
  endfacet
  facet normal -1.119645e-001  9.937122e-001  0.000000e+000
    outer loop
      vertex  2.999990e+000  2.800004e+000  0.000000e+000
      vertex  2.999990e+000  2.800004e+000 -4.000000e+000
      vertex  2.376932e+000  2.729802e+000  0.000000e+000
    endloop
  endfacet
  facet normal -1.119645e-001  9.937122e-001  0.000000e+000
    outer loop
      vertex  2.376932e+000  2.729802e+000  0.000000e+000
      vertex  2.999990e+000  2.800004e+000 -4.000000e+000
      vertex  2.376932e+000  2.729802e+000 -4.000000e+000
    endloop
  endfacet
  facet normal -3.302791e-001  9.438833e-001  0.000000e+000
    outer loop
      vertex  2.376932e+000  2.729802e+000  0.000000e+000
      vertex  2.376932e+000  2.729802e+000 -4.000000e+000
      vertex  1.785116e+000  2.522717e+000  0.000000e+000
    endloop
  endfacet
  facet normal -3.302791e-001  9.438833e-001  0.000000e+000
    outer loop
      vertex  1.785116e+000  2.522717e+000  0.000000e+000
      vertex  2.376932e+000  2.729802e+000 -4.000000e+000
      vertex  1.785116e+000  2.522717e+000 -4.000000e+000
    endloop
  endfacet
  facet normal -5.320321e-001  8.467241e-001  0.000000e+000
    outer loop
      vertex  1.785116e+000  2.522717e+000  0.000000e+000
      vertex  1.785116e+000  2.522717e+000 -4.000000e+000
      vertex  1.254219e+000  2.189132e+000  0.000000e+000
    endloop
  endfacet
  facet normal -5.320321e-001  8.467241e-001  0.000000e+000
    outer loop
      vertex  1.254219e+000  2.189132e+000  0.000000e+000
      vertex  1.785116e+000  2.522717e+000 -4.000000e+000
      vertex  1.254219e+000  2.189132e+000 -4.000000e+000
    endloop
  endfacet
  facet normal -7.071068e-001  7.071068e-001  0.000000e+000
    outer loop
      vertex  1.254219e+000  2.189132e+000  0.000000e+000
      vertex  1.254219e+000  2.189132e+000 -4.000000e+000
      vertex  8.108623e-001  1.745775e+000  0.000000e+000
    endloop
  endfacet
  facet normal -7.071068e-001  7.071068e-001  0.000000e+000
    outer loop
      vertex  8.108623e-001  1.745775e+000  0.000000e+000
      vertex  1.254219e+000  2.189132e+000 -4.000000e+000
      vertex  8.108623e-001  1.745775e+000 -4.000000e+000
    endloop
  endfacet
  facet normal -8.467242e-001  5.320322e-001  0.000000e+000
    outer loop
      vertex  8.108623e-001  1.745775e+000  0.000000e+000
      vertex  8.108623e-001  1.745775e+000 -4.000000e+000
      vertex  4.772776e-001  1.214878e+000  0.000000e+000
    endloop
  endfacet
  facet normal -8.467242e-001  5.320322e-001  0.000000e+000
    outer loop
      vertex  4.772776e-001  1.214878e+000  0.000000e+000
      vertex  8.108623e-001  1.745775e+000 -4.000000e+000
      vertex  4.772776e-001  1.214878e+000 -4.000000e+000
    endloop
  endfacet
  facet normal -9.438834e-001  3.302791e-001  0.000000e+000
    outer loop
      vertex  4.772776e-001  1.214878e+000  0.000000e+000
      vertex  4.772776e-001  1.214878e+000 -4.000000e+000
      vertex  2.701923e-001  6.230623e-001  0.000000e+000
    endloop
  endfacet
  facet normal -9.438834e-001  3.302791e-001  0.000000e+000
    outer loop
      vertex  2.701923e-001  6.230623e-001  0.000000e+000
      vertex  4.772776e-001  1.214878e+000 -4.000000e+000
      vertex  2.701923e-001  6.230623e-001 -4.000000e+000
    endloop
  endfacet
  facet normal -9.937122e-001  1.119645e-001  0.000000e+000
    outer loop
      vertex  2.701923e-001  6.230623e-001  0.000000e+000
      vertex  2.701923e-001  6.230623e-001 -4.000000e+000
      vertex  1.999904e-001  3.693457e-006  0.000000e+000
    endloop
  endfacet
  facet normal -9.937122e-001  1.119645e-001  0.000000e+000
    outer loop
      vertex  1.999904e-001  3.693457e-006  0.000000e+000
      vertex  2.701923e-001  6.230623e-001 -4.000000e+000
      vertex  1.999904e-001  3.693457e-006 -4.000000e+000
    endloop
  endfacet
  facet normal -9.937122e-001 -1.119645e-001  0.000000e+000
    outer loop
      vertex  1.999904e-001  3.693457e-006  0.000000e+000
      vertex  1.999904e-001  3.693457e-006 -4.000000e+000
      vertex  2.701923e-001 -6.230549e-001  0.000000e+000
    endloop
  endfacet
  facet normal -9.937121e-001 -1.119656e-001 -1.818637e-007
    outer loop
      vertex  2.701923e-001 -6.230549e-001  0.000000e+000
      vertex  1.999904e-001  3.693457e-006 -4.000000e+000
      vertex  2.701937e-001 -6.230611e-001 -4.000000e+000
    endloop
  endfacet
  facet normal -9.438834e-001 -3.302791e-001  1.742814e-007
    outer loop
      vertex  2.701923e-001 -6.230549e-001  0.000000e+000
      vertex  2.701937e-001 -6.230611e-001 -4.000000e+000
      vertex  4.772776e-001 -1.214871e+000  0.000000e+000
    endloop
  endfacet
  facet normal -9.438826e-001 -3.302810e-001 -1.477748e-007
    outer loop
      vertex  4.772776e-001 -1.214871e+000  0.000000e+000
      vertex  2.701937e-001 -6.230611e-001 -4.000000e+000
      vertex  4.772799e-001 -1.214876e+000 -4.000000e+000
    endloop
  endfacet
  facet normal -8.467242e-001 -5.320322e-001  1.484706e-007
    outer loop
      vertex  4.772776e-001 -1.214871e+000  0.000000e+000
      vertex  4.772799e-001 -1.214876e+000 -4.000000e+000
      vertex  8.108623e-001 -1.745768e+000  0.000000e+000
    endloop
  endfacet
  facet normal -8.467233e-001 -5.320336e-001 -1.111916e-007
    outer loop
      vertex  8.108623e-001 -1.745768e+000  0.000000e+000
      vertex  4.772799e-001 -1.214876e+000 -4.000000e+000
      vertex  8.108649e-001 -1.745771e+000 -4.000000e+000
    endloop
  endfacet
  facet normal -7.071068e-001 -7.071068e-001  1.264405e-007
    outer loop
      vertex  8.108623e-001 -1.745768e+000  0.000000e+000
      vertex  8.108649e-001 -1.745771e+000 -4.000000e+000
      vertex  1.254219e+000 -2.189124e+000  0.000000e+000
    endloop
  endfacet
  facet normal -7.071059e-001 -7.071076e-001 -6.321926e-008
    outer loop
      vertex  1.254219e+000 -2.189124e+000  0.000000e+000
      vertex  8.108649e-001 -1.745771e+000 -4.000000e+000
      vertex  1.254221e+000 -2.189126e+000 -4.000000e+000
    endloop
  endfacet
  facet normal -5.320321e-001 -8.467241e-001  1.212465e-007
    outer loop
      vertex  1.254219e+000 -2.189124e+000  0.000000e+000
      vertex  1.254221e+000 -2.189126e+000 -4.000000e+000
      vertex  1.785116e+000 -2.522709e+000  0.000000e+000
    endloop
  endfacet
  facet normal -5.320312e-001 -8.467247e-001 -5.181735e-008
    outer loop
      vertex  1.785116e+000 -2.522709e+000  0.000000e+000
      vertex  1.254221e+000 -2.189126e+000 -4.000000e+000
      vertex  1.785118e+000 -2.522710e+000 -4.000000e+000
    endloop
  endfacet
  facet normal -3.302791e-001 -9.438833e-001  6.754998e-008
    outer loop
      vertex  1.785116e+000 -2.522709e+000  0.000000e+000
      vertex  1.785118e+000 -2.522710e+000 -4.000000e+000
      vertex  2.376932e+000 -2.729795e+000  0.000000e+000
    endloop
  endfacet
  facet normal -3.302785e-001 -9.438835e-001 -2.248470e-008
    outer loop
      vertex  2.376932e+000 -2.729795e+000  0.000000e+000
      vertex  1.785118e+000 -2.522710e+000 -4.000000e+000
      vertex  2.376933e+000 -2.729795e+000 -4.000000e+000
    endloop
  endfacet
  facet normal -1.119645e-001 -9.937122e-001  3.253544e-008
    outer loop
      vertex  2.376932e+000 -2.729795e+000  0.000000e+000
      vertex  2.376933e+000 -2.729795e+000 -4.000000e+000
      vertex  2.999990e+000 -2.799996e+000  0.000000e+000
    endloop
  endfacet
  facet normal -1.119643e-001 -9.937122e-001  -0.000000e+000
    outer loop
      vertex  2.999990e+000 -2.799996e+000  0.000000e+000
      vertex  2.376933e+000 -2.729795e+000 -4.000000e+000
      vertex  2.999990e+000 -2.799996e+000 -4.000000e+000
    endloop
  endfacet
  facet normal  1.119645e-001 -9.937122e-001  0.000000e+000
    outer loop
      vertex  2.999990e+000 -2.799996e+000  0.000000e+000
      vertex  2.999990e+000 -2.799996e+000 -4.000000e+000
      vertex  3.623049e+000 -2.729795e+000  0.000000e+000
    endloop
  endfacet
  facet normal  1.119643e-001 -9.937122e-001  3.253549e-008
    outer loop
      vertex  3.623049e+000 -2.729795e+000  0.000000e+000
      vertex  2.999990e+000 -2.799996e+000 -4.000000e+000
      vertex  3.623048e+000 -2.729795e+000 -4.000000e+000
    endloop
  endfacet
  facet normal  3.302792e-001 -9.438833e-001 -2.248487e-008
    outer loop
      vertex  3.623049e+000 -2.729795e+000  0.000000e+000
      vertex  3.623048e+000 -2.729795e+000 -4.000000e+000
      vertex  4.214865e+000 -2.522709e+000  0.000000e+000
    endloop
  endfacet
  facet normal  3.302787e-001 -9.438835e-001  6.755022e-008
    outer loop
      vertex  4.214865e+000 -2.522709e+000  0.000000e+000
      vertex  3.623048e+000 -2.729795e+000 -4.000000e+000
      vertex  4.214863e+000 -2.522710e+000 -4.000000e+000
    endloop
  endfacet
  facet normal  5.320321e-001 -8.467243e-001 -5.181789e-008
    outer loop
      vertex  4.214865e+000 -2.522709e+000  0.000000e+000
      vertex  4.214863e+000 -2.522710e+000 -4.000000e+000
      vertex  4.745762e+000 -2.189124e+000  0.000000e+000
    endloop
  endfacet
  facet normal  5.320311e-001 -8.467249e-001  1.371034e-007
    outer loop
      vertex  4.745762e+000 -2.189124e+000  0.000000e+000
      vertex  4.214863e+000 -2.522710e+000 -4.000000e+000
      vertex  4.745759e+000 -2.189126e+000 -4.000000e+000
    endloop
  endfacet
  facet normal  7.071069e-001 -7.071067e-001 -4.214698e-008
    outer loop
      vertex  4.745762e+000 -2.189124e+000  0.000000e+000
      vertex  4.745759e+000 -2.189126e+000 -4.000000e+000
      vertex  5.189118e+000 -1.745768e+000  0.000000e+000
    endloop
  endfacet
  facet normal  7.071059e-001 -7.071076e-001  1.685886e-007
    outer loop
      vertex  5.189118e+000 -1.745768e+000  0.000000e+000
      vertex  4.745759e+000 -2.189126e+000 -4.000000e+000
      vertex  5.189116e+000 -1.745771e+000 -4.000000e+000
    endloop
  endfacet
  facet normal  8.467241e-001 -5.320323e-001 -6.072458e-008
    outer loop
      vertex  5.189118e+000 -1.745768e+000  0.000000e+000
      vertex  5.189116e+000 -1.745771e+000 -4.000000e+000
      vertex  5.522703e+000 -1.214871e+000  0.000000e+000
    endloop
  endfacet
  facet normal  8.467234e-001 -5.320333e-001  1.295466e-007
    outer loop
      vertex  5.522703e+000 -1.214871e+000  0.000000e+000
      vertex  5.189116e+000 -1.745771e+000 -4.000000e+000
      vertex  5.522701e+000 -1.214876e+000 -4.000000e+000
    endloop
  endfacet
  facet normal  9.438832e-001 -3.302795e-001 -1.688745e-007
    outer loop
      vertex  5.522703e+000 -1.214871e+000  0.000000e+000
      vertex  5.522701e+000 -1.214876e+000 -4.000000e+000
      vertex  5.729789e+000 -6.230549e-001  0.000000e+000
    endloop
  endfacet
  facet normal  9.438825e-001 -3.302815e-001  1.742855e-007
    outer loop
      vertex  5.729789e+000 -6.230549e-001  0.000000e+000
      vertex  5.522701e+000 -1.214876e+000 -4.000000e+000
      vertex  5.729787e+000 -6.230611e-001 -4.000000e+000
    endloop
  endfacet
  facet normal  9.937122e-001 -1.119645e-001 -1.818655e-007
    outer loop
      vertex  5.729789e+000 -6.230549e-001  0.000000e+000
      vertex  5.729787e+000 -6.230611e-001 -4.000000e+000
      vertex  5.799991e+000  3.693457e-006  0.000000e+000
    endloop
  endfacet
  facet normal  9.937119e-001 -1.119670e-001  2.067726e-007
    outer loop
      vertex  5.799991e+000  3.693457e-006  0.000000e+000
      vertex  5.729787e+000 -6.230611e-001 -4.000000e+000
      vertex  5.799991e+000 -3.693457e-006 -4.000000e+000
    endloop
  endfacet
  facet normal -1.950905e-001  9.807853e-001  0.000000e+000
    outer loop
      vertex -5.000000e+000 -1.000000e+000  0.000000e+000
      vertex -4.617317e+000 -9.238795e-001  1.000000e+000
      vertex -4.617317e+000 -9.238795e-001  0.000000e+000
    endloop
  endfacet
  facet normal -5.555702e-001  8.314697e-001  0.000000e+000
    outer loop
      vertex -4.617317e+000 -9.238795e-001  0.000000e+000
      vertex -4.617317e+000 -9.238795e-001  1.000000e+000
      vertex -4.292893e+000 -7.071068e-001  1.000000e+000
    endloop
  endfacet
  facet normal -5.555702e-001  8.314697e-001  0.000000e+000
    outer loop
      vertex -4.617317e+000 -9.238795e-001  0.000000e+000
      vertex -4.292893e+000 -7.071068e-001  1.000000e+000
      vertex -4.292893e+000 -7.071068e-001  0.000000e+000
    endloop
  endfacet
  facet normal -8.314692e-001  5.555707e-001  0.000000e+000
    outer loop
      vertex -4.292893e+000 -7.071068e-001  0.000000e+000
      vertex -4.292893e+000 -7.071068e-001  1.000000e+000
      vertex -4.076120e+000 -3.826834e-001  1.000000e+000
    endloop
  endfacet
  facet normal -8.314692e-001  5.555707e-001  0.000000e+000
    outer loop
      vertex -4.292893e+000 -7.071068e-001  0.000000e+000
      vertex -4.076120e+000 -3.826834e-001  1.000000e+000
      vertex -4.076120e+000 -3.826834e-001  0.000000e+000
    endloop
  endfacet
  facet normal -9.807853e-001  1.950901e-001  0.000000e+000
    outer loop
      vertex -4.076120e+000 -3.826834e-001  0.000000e+000
      vertex -4.076120e+000 -3.826834e-001  1.000000e+000
      vertex -4.000000e+000  8.652937e-016  1.000000e+000
    endloop
  endfacet
  facet normal -9.807853e-001  1.950901e-001  0.000000e+000
    outer loop
      vertex -4.076120e+000 -3.826834e-001  0.000000e+000
      vertex -4.000000e+000  8.652937e-016  1.000000e+000
      vertex -4.000000e+000  8.652937e-016  0.000000e+000
    endloop
  endfacet
  facet normal -1.950905e-001  9.807853e-001  0.000000e+000
    outer loop
      vertex -4.617317e+000 -9.238795e-001  1.000000e+000
      vertex -5.000000e+000 -1.000000e+000  0.000000e+000
      vertex -5.000000e+000 -1.000000e+000  1.000000e+000
    endloop
  endfacet
  facet normal  1.950905e-001  9.807853e-001  0.000000e+000
    outer loop
      vertex -5.000000e+000 -1.000000e+000  1.000000e+000
      vertex -5.000000e+000 -1.000000e+000  0.000000e+000
      vertex -5.382683e+000 -9.238795e-001  0.000000e+000
    endloop
  endfacet
  facet normal  1.950905e-001  9.807853e-001  -0.000000e+000
    outer loop
      vertex -5.000000e+000 -1.000000e+000  1.000000e+000
      vertex -5.382683e+000 -9.238795e-001  0.000000e+000
      vertex -5.382683e+000 -9.238795e-001  1.000000e+000
    endloop
  endfacet
  facet normal  5.555702e-001  8.314697e-001  0.000000e+000
    outer loop
      vertex -5.382683e+000 -9.238795e-001  1.000000e+000
      vertex -5.382683e+000 -9.238795e-001  0.000000e+000
      vertex -5.707107e+000 -7.071068e-001  0.000000e+000
    endloop
  endfacet
  facet normal  5.555702e-001  8.314697e-001  -0.000000e+000
    outer loop
      vertex -5.382683e+000 -9.238795e-001  1.000000e+000
      vertex -5.707107e+000 -7.071068e-001  0.000000e+000
      vertex -5.707107e+000 -7.071068e-001  1.000000e+000
    endloop
  endfacet
  facet normal  8.314692e-001  5.555707e-001  0.000000e+000
    outer loop
      vertex -5.707107e+000 -7.071068e-001  1.000000e+000
      vertex -5.707107e+000 -7.071068e-001  0.000000e+000
      vertex -5.923880e+000 -3.826834e-001  0.000000e+000
    endloop
  endfacet
  facet normal  8.314692e-001  5.555707e-001  -0.000000e+000
    outer loop
      vertex -5.707107e+000 -7.071068e-001  1.000000e+000
      vertex -5.923880e+000 -3.826834e-001  0.000000e+000
      vertex -5.923880e+000 -3.826834e-001  1.000000e+000
    endloop
  endfacet
  facet normal  9.807853e-001  1.950901e-001  0.000000e+000
    outer loop
      vertex -5.923880e+000 -3.826834e-001  1.000000e+000
      vertex -5.923880e+000 -3.826834e-001  0.000000e+000
      vertex -6.000000e+000  5.894386e-016  0.000000e+000
    endloop
  endfacet
  facet normal  9.807853e-001  1.950901e-001  -0.000000e+000
    outer loop
      vertex -5.923880e+000 -3.826834e-001  1.000000e+000
      vertex -6.000000e+000  5.894386e-016  0.000000e+000
      vertex -6.000000e+000  5.894386e-016  1.000000e+000
    endloop
  endfacet
  facet normal  1.950905e-001 -9.807853e-001  0.000000e+000
    outer loop
      vertex -5.000000e+000  1.000000e+000  0.000000e+000
      vertex -5.382683e+000  9.238795e-001  1.000000e+000
      vertex -5.382683e+000  9.238795e-001  0.000000e+000
    endloop
  endfacet
  facet normal  5.555702e-001 -8.314697e-001  0.000000e+000
    outer loop
      vertex -5.382683e+000  9.238795e-001  0.000000e+000
      vertex -5.382683e+000  9.238795e-001  1.000000e+000
      vertex -5.707107e+000  7.071068e-001  1.000000e+000
    endloop
  endfacet
  facet normal  5.555702e-001 -8.314697e-001  0.000000e+000
    outer loop
      vertex -5.382683e+000  9.238795e-001  0.000000e+000
      vertex -5.707107e+000  7.071068e-001  1.000000e+000
      vertex -5.707107e+000  7.071068e-001  0.000000e+000
    endloop
  endfacet
  facet normal  8.314692e-001 -5.555707e-001  0.000000e+000
    outer loop
      vertex -5.707107e+000  7.071068e-001  0.000000e+000
      vertex -5.707107e+000  7.071068e-001  1.000000e+000
      vertex -5.923880e+000  3.826834e-001  1.000000e+000
    endloop
  endfacet
  facet normal  8.314692e-001 -5.555707e-001  0.000000e+000
    outer loop
      vertex -5.707107e+000  7.071068e-001  0.000000e+000
      vertex -5.923880e+000  3.826834e-001  1.000000e+000
      vertex -5.923880e+000  3.826834e-001  0.000000e+000
    endloop
  endfacet
  facet normal  9.807853e-001 -1.950901e-001  0.000000e+000
    outer loop
      vertex -5.923880e+000  3.826834e-001  0.000000e+000
      vertex -5.923880e+000  3.826834e-001  1.000000e+000
      vertex -6.000000e+000  5.894386e-016  1.000000e+000
    endloop
  endfacet
  facet normal  9.807853e-001 -1.950901e-001  0.000000e+000
    outer loop
      vertex -5.923880e+000  3.826834e-001  0.000000e+000
      vertex -6.000000e+000  5.894386e-016  1.000000e+000
      vertex -6.000000e+000  5.894386e-016  0.000000e+000
    endloop
  endfacet
  facet normal  1.950905e-001 -9.807853e-001  0.000000e+000
    outer loop
      vertex -5.382683e+000  9.238795e-001  1.000000e+000
      vertex -5.000000e+000  1.000000e+000  0.000000e+000
      vertex -5.000000e+000  1.000000e+000  1.000000e+000
    endloop
  endfacet
  facet normal -1.950905e-001 -9.807853e-001  -0.000000e+000
    outer loop
      vertex -5.000000e+000  1.000000e+000  1.000000e+000
      vertex -5.000000e+000  1.000000e+000  0.000000e+000
      vertex -4.617317e+000  9.238795e-001  0.000000e+000
    endloop
  endfacet
  facet normal -1.950905e-001 -9.807853e-001  0.000000e+000
    outer loop
      vertex -5.000000e+000  1.000000e+000  1.000000e+000
      vertex -4.617317e+000  9.238795e-001  0.000000e+000
      vertex -4.617317e+000  9.238795e-001  1.000000e+000
    endloop
  endfacet
  facet normal -5.555702e-001 -8.314697e-001  -0.000000e+000
    outer loop
      vertex -4.617317e+000  9.238795e-001  1.000000e+000
      vertex -4.617317e+000  9.238795e-001  0.000000e+000
      vertex -4.292893e+000  7.071068e-001  0.000000e+000
    endloop
  endfacet
  facet normal -5.555702e-001 -8.314697e-001  0.000000e+000
    outer loop
      vertex -4.617317e+000  9.238795e-001  1.000000e+000
      vertex -4.292893e+000  7.071068e-001  0.000000e+000
      vertex -4.292893e+000  7.071068e-001  1.000000e+000
    endloop
  endfacet
  facet normal -8.314692e-001 -5.555707e-001  -0.000000e+000
    outer loop
      vertex -4.292893e+000  7.071068e-001  1.000000e+000
      vertex -4.292893e+000  7.071068e-001  0.000000e+000
      vertex -4.076120e+000  3.826834e-001  0.000000e+000
    endloop
  endfacet
  facet normal -8.314692e-001 -5.555707e-001  0.000000e+000
    outer loop
      vertex -4.292893e+000  7.071068e-001  1.000000e+000
      vertex -4.076120e+000  3.826834e-001  0.000000e+000
      vertex -4.076120e+000  3.826834e-001  1.000000e+000
    endloop
  endfacet
  facet normal -9.807853e-001 -1.950901e-001  -0.000000e+000
    outer loop
      vertex -4.076120e+000  3.826834e-001  1.000000e+000
      vertex -4.076120e+000  3.826834e-001  0.000000e+000
      vertex -4.000000e+000  8.652937e-016  0.000000e+000
    endloop
  endfacet
  facet normal -9.807853e-001 -1.950901e-001  0.000000e+000
    outer loop
      vertex -4.076120e+000  3.826834e-001  1.000000e+000
      vertex -4.000000e+000  8.652937e-016  0.000000e+000
      vertex -4.000000e+000  8.652937e-016  1.000000e+000
    endloop
  endfacet
  facet normal  0.000000e+000  1.000000e+000  0.000000e+000
    outer loop
      vertex -3.000000e+000  7.500000e+000  1.850000e+001
      vertex  2.100000e+001  7.500000e+000  1.850000e+001
      vertex  1.350000e+001  7.500000e+000  1.500000e+001
    endloop
  endfacet
  facet normal  0.000000e+000  1.000000e+000  0.000000e+000
    outer loop
      vertex -3.000000e+000  7.500000e+000  1.850000e+001
      vertex  1.350000e+001  7.500000e+000  1.500000e+001
      vertex  8.500000e+000  7.500000e+000  1.500000e+001
    endloop
  endfacet
  facet normal  0.000000e+000  1.000000e+000  0.000000e+000
    outer loop
      vertex -3.000000e+000  7.500000e+000  1.850000e+001
      vertex  8.500000e+000  7.500000e+000  1.500000e+001
      vertex  8.500000e+000  7.500000e+000  1.220000e+001
    endloop
  endfacet
  facet normal  0.000000e+000  1.000000e+000  0.000000e+000
    outer loop
      vertex -3.000000e+000  7.500000e+000  1.850000e+001
      vertex  8.500000e+000  7.500000e+000  1.220000e+001
      vertex  8.500000e+000  7.500000e+000  3.800000e+000
    endloop
  endfacet
  facet normal  0.000000e+000  1.000000e+000  0.000000e+000
    outer loop
      vertex -3.000000e+000  7.500000e+000  1.850000e+001
      vertex  8.500000e+000  7.500000e+000  3.800000e+000
      vertex  8.500000e+000  7.500000e+000  1.000000e+000
    endloop
  endfacet
  facet normal  0.000000e+000  1.000000e+000  0.000000e+000
    outer loop
      vertex -3.000000e+000  7.500000e+000  1.850000e+001
      vertex  8.500000e+000  7.500000e+000  1.000000e+000
      vertex -3.000000e+000  7.500000e+000  0.000000e+000
    endloop
  endfacet
  facet normal  0.000000e+000  1.000000e+000  -0.000000e+000
    outer loop
      vertex  2.100000e+001  7.500000e+000  1.850000e+001
      vertex  2.100000e+001  7.500000e+000  0.000000e+000
      vertex  1.350000e+001  7.500000e+000  1.000000e+000
    endloop
  endfacet
  facet normal  0.000000e+000  1.000000e+000  0.000000e+000
    outer loop
      vertex  2.100000e+001  7.500000e+000  1.850000e+001
      vertex  1.350000e+001  7.500000e+000  1.000000e+000
      vertex  1.350000e+001  7.500000e+000  3.800000e+000
    endloop
  endfacet
  facet normal  0.000000e+000  1.000000e+000  0.000000e+000
    outer loop
      vertex  2.100000e+001  7.500000e+000  1.850000e+001
      vertex  1.350000e+001  7.500000e+000  3.800000e+000
      vertex  1.350000e+001  7.500000e+000  1.220000e+001
    endloop
  endfacet
  facet normal  0.000000e+000  1.000000e+000  0.000000e+000
    outer loop
      vertex  2.100000e+001  7.500000e+000  1.850000e+001
      vertex  1.350000e+001  7.500000e+000  1.220000e+001
      vertex  1.350000e+001  7.500000e+000  1.500000e+001
    endloop
  endfacet
  facet normal  0.000000e+000  1.000000e+000  -0.000000e+000
    outer loop
      vertex  1.350000e+001  7.500000e+000  1.220000e+001
      vertex  1.350000e+001  7.500000e+000  3.800000e+000
      vertex  8.500000e+000  7.500000e+000  1.220000e+001
    endloop
  endfacet
  facet normal  0.000000e+000  1.000000e+000  0.000000e+000
    outer loop
      vertex  8.500000e+000  7.500000e+000  1.220000e+001
      vertex  1.350000e+001  7.500000e+000  3.800000e+000
      vertex  8.500000e+000  7.500000e+000  3.800000e+000
    endloop
  endfacet
  facet normal  0.000000e+000  1.000000e+000  0.000000e+000
    outer loop
      vertex  1.350000e+001  7.500000e+000  1.000000e+000
      vertex  2.100000e+001  7.500000e+000  0.000000e+000
      vertex  8.500000e+000  7.500000e+000  1.000000e+000
    endloop
  endfacet
  facet normal  0.000000e+000  1.000000e+000  0.000000e+000
    outer loop
      vertex  8.500000e+000  7.500000e+000  1.000000e+000
      vertex  2.100000e+001  7.500000e+000  0.000000e+000
      vertex -3.000000e+000  7.500000e+000  0.000000e+000
    endloop
  endfacet
  facet normal  9.961946e-001  8.715669e-002  -0.000000e+000
    outer loop
      vertex  2.600000e+001  2.500000e+000  1.850000e+001
      vertex  2.600000e+001  2.500000e+000  0.000000e+000
      vertex  2.592404e+001  3.368241e+000  1.850000e+001
    endloop
  endfacet
  facet normal  9.961946e-001  8.715669e-002  0.000000e+000
    outer loop
      vertex  2.592404e+001  3.368241e+000  1.850000e+001
      vertex  2.600000e+001  2.500000e+000  0.000000e+000
      vertex  2.592404e+001  3.368241e+000  0.000000e+000
    endloop
  endfacet
  facet normal  9.659262e-001  2.588178e-001  -0.000000e+000
    outer loop
      vertex  2.592404e+001  3.368241e+000  1.850000e+001
      vertex  2.592404e+001  3.368241e+000  0.000000e+000
      vertex  2.569846e+001  4.210101e+000  1.850000e+001
    endloop
  endfacet
  facet normal  9.659262e-001  2.588178e-001  0.000000e+000
    outer loop
      vertex  2.569846e+001  4.210101e+000  1.850000e+001
      vertex  2.592404e+001  3.368241e+000  0.000000e+000
      vertex  2.569846e+001  4.210101e+000  0.000000e+000
    endloop
  endfacet
  facet normal  9.063079e-001  4.226179e-001  -0.000000e+000
    outer loop
      vertex  2.569846e+001  4.210101e+000  1.850000e+001
      vertex  2.569846e+001  4.210101e+000  0.000000e+000
      vertex  2.533013e+001  5.000000e+000  1.850000e+001
    endloop
  endfacet
  facet normal  9.063079e-001  4.226179e-001  0.000000e+000
    outer loop
      vertex  2.533013e+001  5.000000e+000  1.850000e+001
      vertex  2.569846e+001  4.210101e+000  0.000000e+000
      vertex  2.533013e+001  5.000000e+000  0.000000e+000
    endloop
  endfacet
  facet normal  8.191522e-001  5.735762e-001  -0.000000e+000
    outer loop
      vertex  2.533013e+001  5.000000e+000  1.850000e+001
      vertex  2.533013e+001  5.000000e+000  0.000000e+000
      vertex  2.483022e+001  5.713938e+000  1.850000e+001
    endloop
  endfacet
  facet normal  8.191522e-001  5.735762e-001  0.000000e+000
    outer loop
      vertex  2.483022e+001  5.713938e+000  1.850000e+001
      vertex  2.533013e+001  5.000000e+000  0.000000e+000
      vertex  2.483022e+001  5.713938e+000  0.000000e+000
    endloop
  endfacet
  facet normal  7.071060e-001  7.071076e-001  -0.000000e+000
    outer loop
      vertex  2.483022e+001  5.713938e+000  1.850000e+001
      vertex  2.483022e+001  5.713938e+000  0.000000e+000
      vertex  2.421394e+001  6.330222e+000  1.850000e+001
    endloop
  endfacet
  facet normal  7.071060e-001  7.071076e-001  0.000000e+000
    outer loop
      vertex  2.421394e+001  6.330222e+000  1.850000e+001
      vertex  2.483022e+001  5.713938e+000  0.000000e+000
      vertex  2.421394e+001  6.330222e+000  0.000000e+000
    endloop
  endfacet
  facet normal  5.735768e-001  8.191518e-001  -0.000000e+000
    outer loop
      vertex  2.421394e+001  6.330222e+000  1.850000e+001
      vertex  2.421394e+001  6.330222e+000  0.000000e+000
      vertex  2.350000e+001  6.830127e+000  1.850000e+001
    endloop
  endfacet
  facet normal  5.735768e-001  8.191518e-001  0.000000e+000
    outer loop
      vertex  2.350000e+001  6.830127e+000  1.850000e+001
      vertex  2.421394e+001  6.330222e+000  0.000000e+000
      vertex  2.350000e+001  6.830127e+000  0.000000e+000
    endloop
  endfacet
  facet normal  4.226177e-001  9.063080e-001  -0.000000e+000
    outer loop
      vertex  2.350000e+001  6.830127e+000  1.850000e+001
      vertex  2.350000e+001  6.830127e+000  0.000000e+000
      vertex  2.271010e+001  7.198463e+000  1.850000e+001
    endloop
  endfacet
  facet normal  4.226177e-001  9.063080e-001  0.000000e+000
    outer loop
      vertex  2.271010e+001  7.198463e+000  1.850000e+001
      vertex  2.350000e+001  6.830127e+000  0.000000e+000
      vertex  2.271010e+001  7.198463e+000  0.000000e+000
    endloop
  endfacet
  facet normal  2.588193e-001  9.659258e-001  -0.000000e+000
    outer loop
      vertex  2.271010e+001  7.198463e+000  1.850000e+001
      vertex  2.271010e+001  7.198463e+000  0.000000e+000
      vertex  2.186824e+001  7.424039e+000  1.850000e+001
    endloop
  endfacet
  facet normal  2.588193e-001  9.659258e-001  0.000000e+000
    outer loop
      vertex  2.186824e+001  7.424039e+000  1.850000e+001
      vertex  2.271010e+001  7.198463e+000  0.000000e+000
      vertex  2.186824e+001  7.424039e+000  0.000000e+000
    endloop
  endfacet
  facet normal  8.715566e-002  9.961947e-001  -0.000000e+000
    outer loop
      vertex  2.186824e+001  7.424039e+000  1.850000e+001
      vertex  2.186824e+001  7.424039e+000  0.000000e+000
      vertex  2.100000e+001  7.500000e+000  1.850000e+001
    endloop
  endfacet
  facet normal  8.715566e-002  9.961947e-001  0.000000e+000
    outer loop
      vertex  2.100000e+001  7.500000e+000  1.850000e+001
      vertex  2.186824e+001  7.424039e+000  0.000000e+000
      vertex  2.100000e+001  7.500000e+000  0.000000e+000
    endloop
  endfacet
  facet normal  1.000000e+000  -0.000000e+000  0.000000e+000
    outer loop
      vertex  2.600000e+001  2.500000e+000  1.850000e+001
      vertex  2.600000e+001 -2.500000e+000  1.850000e+001
      vertex  2.600000e+001  2.500000e+000  0.000000e+000
    endloop
  endfacet
  facet normal  1.000000e+000  0.000000e+000  0.000000e+000
    outer loop
      vertex  2.600000e+001  2.500000e+000  0.000000e+000
      vertex  2.600000e+001 -2.500000e+000  1.850000e+001
      vertex  2.600000e+001 -2.500000e+000  0.000000e+000
    endloop
  endfacet
  facet normal  8.715566e-002 -9.961947e-001  0.000000e+000
    outer loop
      vertex  2.100000e+001 -7.500000e+000  1.850000e+001
      vertex  2.100000e+001 -7.500000e+000  0.000000e+000
      vertex  2.186824e+001 -7.424039e+000  1.850000e+001
    endloop
  endfacet
  facet normal  8.715566e-002 -9.961947e-001  0.000000e+000
    outer loop
      vertex  2.186824e+001 -7.424039e+000  1.850000e+001
      vertex  2.100000e+001 -7.500000e+000  0.000000e+000
      vertex  2.186824e+001 -7.424039e+000  0.000000e+000
    endloop
  endfacet
  facet normal  2.588193e-001 -9.659258e-001  0.000000e+000
    outer loop
      vertex  2.186824e+001 -7.424039e+000  1.850000e+001
      vertex  2.186824e+001 -7.424039e+000  0.000000e+000
      vertex  2.271010e+001 -7.198463e+000  1.850000e+001
    endloop
  endfacet
  facet normal  2.588193e-001 -9.659258e-001  0.000000e+000
    outer loop
      vertex  2.271010e+001 -7.198463e+000  1.850000e+001
      vertex  2.186824e+001 -7.424039e+000  0.000000e+000
      vertex  2.271010e+001 -7.198463e+000  0.000000e+000
    endloop
  endfacet
  facet normal  4.226177e-001 -9.063080e-001  0.000000e+000
    outer loop
      vertex  2.271010e+001 -7.198463e+000  1.850000e+001
      vertex  2.271010e+001 -7.198463e+000  0.000000e+000
      vertex  2.350000e+001 -6.830127e+000  1.850000e+001
    endloop
  endfacet
  facet normal  4.226177e-001 -9.063080e-001  0.000000e+000
    outer loop
      vertex  2.350000e+001 -6.830127e+000  1.850000e+001
      vertex  2.271010e+001 -7.198463e+000  0.000000e+000
      vertex  2.350000e+001 -6.830127e+000  0.000000e+000
    endloop
  endfacet
  facet normal  5.735768e-001 -8.191518e-001  0.000000e+000
    outer loop
      vertex  2.350000e+001 -6.830127e+000  1.850000e+001
      vertex  2.350000e+001 -6.830127e+000  0.000000e+000
      vertex  2.421394e+001 -6.330222e+000  1.850000e+001
    endloop
  endfacet
  facet normal  5.735768e-001 -8.191518e-001  0.000000e+000
    outer loop
      vertex  2.421394e+001 -6.330222e+000  1.850000e+001
      vertex  2.350000e+001 -6.830127e+000  0.000000e+000
      vertex  2.421394e+001 -6.330222e+000  0.000000e+000
    endloop
  endfacet
  facet normal  7.071060e-001 -7.071076e-001  0.000000e+000
    outer loop
      vertex  2.421394e+001 -6.330222e+000  1.850000e+001
      vertex  2.421394e+001 -6.330222e+000  0.000000e+000
      vertex  2.483022e+001 -5.713938e+000  1.850000e+001
    endloop
  endfacet
  facet normal  7.071060e-001 -7.071076e-001  0.000000e+000
    outer loop
      vertex  2.483022e+001 -5.713938e+000  1.850000e+001
      vertex  2.421394e+001 -6.330222e+000  0.000000e+000
      vertex  2.483022e+001 -5.713938e+000  0.000000e+000
    endloop
  endfacet
  facet normal  8.191522e-001 -5.735762e-001  0.000000e+000
    outer loop
      vertex  2.483022e+001 -5.713938e+000  1.850000e+001
      vertex  2.483022e+001 -5.713938e+000  0.000000e+000
      vertex  2.533013e+001 -5.000000e+000  1.850000e+001
    endloop
  endfacet
  facet normal  8.191522e-001 -5.735762e-001  0.000000e+000
    outer loop
      vertex  2.533013e+001 -5.000000e+000  1.850000e+001
      vertex  2.483022e+001 -5.713938e+000  0.000000e+000
      vertex  2.533013e+001 -5.000000e+000  0.000000e+000
    endloop
  endfacet
  facet normal  9.063079e-001 -4.226179e-001  0.000000e+000
    outer loop
      vertex  2.533013e+001 -5.000000e+000  1.850000e+001
      vertex  2.533013e+001 -5.000000e+000  0.000000e+000
      vertex  2.569846e+001 -4.210101e+000  1.850000e+001
    endloop
  endfacet
  facet normal  9.063079e-001 -4.226179e-001  0.000000e+000
    outer loop
      vertex  2.569846e+001 -4.210101e+000  1.850000e+001
      vertex  2.533013e+001 -5.000000e+000  0.000000e+000
      vertex  2.569846e+001 -4.210101e+000  0.000000e+000
    endloop
  endfacet
  facet normal  9.659262e-001 -2.588178e-001  0.000000e+000
    outer loop
      vertex  2.569846e+001 -4.210101e+000  1.850000e+001
      vertex  2.569846e+001 -4.210101e+000  0.000000e+000
      vertex  2.592404e+001 -3.368241e+000  1.850000e+001
    endloop
  endfacet
  facet normal  9.659262e-001 -2.588178e-001  0.000000e+000
    outer loop
      vertex  2.592404e+001 -3.368241e+000  1.850000e+001
      vertex  2.569846e+001 -4.210101e+000  0.000000e+000
      vertex  2.592404e+001 -3.368241e+000  0.000000e+000
    endloop
  endfacet
  facet normal  9.961946e-001 -8.715669e-002  0.000000e+000
    outer loop
      vertex  2.592404e+001 -3.368241e+000  1.850000e+001
      vertex  2.592404e+001 -3.368241e+000  0.000000e+000
      vertex  2.600000e+001 -2.500000e+000  1.850000e+001
    endloop
  endfacet
  facet normal  9.961946e-001 -8.715669e-002  0.000000e+000
    outer loop
      vertex  2.600000e+001 -2.500000e+000  1.850000e+001
      vertex  2.592404e+001 -3.368241e+000  0.000000e+000
      vertex  2.600000e+001 -2.500000e+000  0.000000e+000
    endloop
  endfacet
  facet normal  1.000000e+000  -0.000000e+000  0.000000e+000
    outer loop
      vertex -3.000000e+000  9.882684e+000  1.557612e+001
      vertex -3.000000e+000  9.500000e+000  1.550000e+001
      vertex -3.000000e+000  9.500000e+000  3.000000e+000
    endloop
  endfacet
  facet normal  1.000000e+000  0.000000e+000  0.000000e+000
    outer loop
      vertex -3.000000e+000  8.576120e+000  1.611732e+001
      vertex -3.000000e+000  9.500000e+000  3.000000e+000
      vertex -3.000000e+000  8.792893e+000  1.579289e+001
    endloop
  endfacet
  facet normal  1.000000e+000  0.000000e+000  0.000000e+000
    outer loop
      vertex -3.000000e+000  8.792893e+000  1.579289e+001
      vertex -3.000000e+000  9.500000e+000  3.000000e+000
      vertex -3.000000e+000  9.117316e+000  1.557612e+001
    endloop
  endfacet
  facet normal  1.000000e+000  0.000000e+000  -0.000000e+000
    outer loop
      vertex -3.000000e+000  9.117316e+000  1.557612e+001
      vertex -3.000000e+000  9.500000e+000  3.000000e+000
      vertex -3.000000e+000  9.500000e+000  1.550000e+001
    endloop
  endfacet
  facet normal  1.000000e+000  0.000000e+000  0.000000e+000
    outer loop
      vertex -3.000000e+000  1.150000e+001  1.650000e+001
      vertex -3.000000e+000  1.143185e+001  1.701764e+001
      vertex -3.000000e+000  1.042388e+001  1.688268e+001
    endloop
  endfacet
  facet normal  1.000000e+000  0.000000e+000  0.000000e+000
    outer loop
      vertex -3.000000e+000  1.150000e+001  1.650000e+001
      vertex -3.000000e+000  1.042388e+001  1.688268e+001
      vertex -3.000000e+000  1.050000e+001  1.650000e+001
    endloop
  endfacet
  facet normal  1.000000e+000  -0.000000e+000  0.000000e+000
    outer loop
      vertex -3.000000e+000  1.150000e+001  1.650000e+001
      vertex -3.000000e+000  1.050000e+001  1.650000e+001
      vertex -3.000000e+000  1.042388e+001  1.611732e+001
    endloop
  endfacet
  facet normal  1.000000e+000  -0.000000e+000  0.000000e+000
    outer loop
      vertex -3.000000e+000  1.150000e+001  1.650000e+001
      vertex -3.000000e+000  1.042388e+001  1.611732e+001
      vertex -3.000000e+000  1.020711e+001  1.579289e+001
    endloop
  endfacet
  facet normal  1.000000e+000  -0.000000e+000  0.000000e+000
    outer loop
      vertex -3.000000e+000  1.150000e+001  1.650000e+001
      vertex -3.000000e+000  1.020711e+001  1.579289e+001
      vertex -3.000000e+000  9.882684e+000  1.557612e+001
    endloop
  endfacet
  facet normal  1.000000e+000  -0.000000e+000  0.000000e+000
    outer loop
      vertex -3.000000e+000  1.150000e+001  1.650000e+001
      vertex -3.000000e+000  9.882684e+000  1.557612e+001
      vertex -3.000000e+000  9.500000e+000  3.000000e+000
    endloop
  endfacet
  facet normal  1.000000e+000  -0.000000e+000  0.000000e+000
    outer loop
      vertex -3.000000e+000  1.150000e+001  1.650000e+001
      vertex -3.000000e+000  9.500000e+000  3.000000e+000
      vertex -3.000000e+000  9.882684e+000  2.923880e+000
    endloop
  endfacet
  facet normal  1.000000e+000  -0.000000e+000  0.000000e+000
    outer loop
      vertex -3.000000e+000  1.150000e+001  1.650000e+001
      vertex -3.000000e+000  9.882684e+000  2.923880e+000
      vertex -3.000000e+000  1.020711e+001  2.707107e+000
    endloop
  endfacet
  facet normal  1.000000e+000  -0.000000e+000  0.000000e+000
    outer loop
      vertex -3.000000e+000  1.150000e+001  1.650000e+001
      vertex -3.000000e+000  1.020711e+001  2.707107e+000
      vertex -3.000000e+000  1.042388e+001  2.382684e+000
    endloop
  endfacet
  facet normal  9.999999e-001  -0.000000e+000  0.000000e+000
    outer loop
      vertex -3.000000e+000  1.150000e+001  1.650000e+001
      vertex -3.000000e+000  1.042388e+001  2.382684e+000
      vertex -3.000000e+000  1.050000e+001  2.000000e+000
    endloop
  endfacet
  facet normal  1.000000e+000  0.000000e+000  0.000000e+000
    outer loop
      vertex -3.000000e+000  1.150000e+001  1.650000e+001
      vertex -3.000000e+000  1.050000e+001  2.000000e+000
      vertex -3.000000e+000  1.150000e+001  2.000000e+000
    endloop
  endfacet
  facet normal  1.000000e+000  0.000000e+000  0.000000e+000
    outer loop
      vertex -3.000000e+000  9.500000e+000  1.000000e+000
      vertex -3.000000e+000  7.500000e+000  0.000000e+000
      vertex -3.000000e+000  9.500000e+000  0.000000e+000
    endloop
  endfacet
  facet normal  1.000000e+000  0.000000e+000  0.000000e+000
    outer loop
      vertex -3.000000e+000  9.500000e+000  1.000000e+000
      vertex -3.000000e+000  9.500000e+000  0.000000e+000
      vertex -3.000000e+000  1.001764e+001  6.814834e-002
    endloop
  endfacet
  facet normal  1.000000e+000  0.000000e+000  -0.000000e+000
    outer loop
      vertex -3.000000e+000  9.500000e+000  1.000000e+000
      vertex -3.000000e+000  1.001764e+001  6.814834e-002
      vertex -3.000000e+000  1.050000e+001  2.679492e-001
    endloop
  endfacet
  facet normal  1.000000e+000  0.000000e+000  -0.000000e+000
    outer loop
      vertex -3.000000e+000  9.500000e+000  1.000000e+000
      vertex -3.000000e+000  1.050000e+001  2.679492e-001
      vertex -3.000000e+000  1.091421e+001  5.857865e-001
    endloop
  endfacet
  facet normal  1.000000e+000  0.000000e+000  -0.000000e+000
    outer loop
      vertex -3.000000e+000  9.500000e+000  1.000000e+000
      vertex -3.000000e+000  1.091421e+001  5.857865e-001
      vertex -3.000000e+000  1.123205e+001  1.000000e+000
    endloop
  endfacet
  facet normal  1.000000e+000  0.000000e+000  0.000000e+000
    outer loop
      vertex -3.000000e+000  9.500000e+000  1.000000e+000
      vertex -3.000000e+000  1.123205e+001  1.000000e+000
      vertex -3.000000e+000  9.882684e+000  1.076120e+000
    endloop
  endfacet
  facet normal  9.999999e-001  0.000000e+000  -0.000000e+000
    outer loop
      vertex -3.000000e+000  7.500000e+000  1.850000e+001
      vertex -3.000000e+000  8.500000e+000  2.000000e+000
      vertex -3.000000e+000  8.576120e+000  2.382684e+000
    endloop
  endfacet
  facet normal  1.000000e+000  0.000000e+000  -0.000000e+000
    outer loop
      vertex -3.000000e+000  7.500000e+000  1.850000e+001
      vertex -3.000000e+000  8.576120e+000  2.382684e+000
      vertex -3.000000e+000  8.792893e+000  2.707107e+000
    endloop
  endfacet
  facet normal  1.000000e+000  0.000000e+000  -0.000000e+000
    outer loop
      vertex -3.000000e+000  7.500000e+000  1.850000e+001
      vertex -3.000000e+000  8.792893e+000  2.707107e+000
      vertex -3.000000e+000  9.117316e+000  2.923880e+000
    endloop
  endfacet
  facet normal  1.000000e+000  0.000000e+000  -0.000000e+000
    outer loop
      vertex -3.000000e+000  7.500000e+000  1.850000e+001
      vertex -3.000000e+000  9.117316e+000  2.923880e+000
      vertex -3.000000e+000  9.500000e+000  3.000000e+000
    endloop
  endfacet
  facet normal  1.000000e+000  0.000000e+000  0.000000e+000
    outer loop
      vertex -3.000000e+000  7.500000e+000  1.850000e+001
      vertex -3.000000e+000  9.500000e+000  3.000000e+000
      vertex -3.000000e+000  8.576120e+000  1.611732e+001
    endloop
  endfacet
  facet normal  9.999999e-001  0.000000e+000  0.000000e+000
    outer loop
      vertex -3.000000e+000  7.500000e+000  1.850000e+001
      vertex -3.000000e+000  8.576120e+000  1.611732e+001
      vertex -3.000000e+000  8.500000e+000  1.650000e+001
    endloop
  endfacet
  facet normal  1.000000e+000  0.000000e+000  -0.000000e+000
    outer loop
      vertex -3.000000e+000  7.500000e+000  1.850000e+001
      vertex -3.000000e+000  8.500000e+000  1.650000e+001
      vertex -3.000000e+000  8.576120e+000  1.688268e+001
    endloop
  endfacet
  facet normal  1.000000e+000  0.000000e+000  -0.000000e+000
    outer loop
      vertex -3.000000e+000  7.500000e+000  1.850000e+001
      vertex -3.000000e+000  8.576120e+000  1.688268e+001
      vertex -3.000000e+000  8.792893e+000  1.720711e+001
    endloop
  endfacet
  facet normal  1.000000e+000  0.000000e+000  -0.000000e+000
    outer loop
      vertex -3.000000e+000  7.500000e+000  1.850000e+001
      vertex -3.000000e+000  8.792893e+000  1.720711e+001
      vertex -3.000000e+000  9.117316e+000  1.742388e+001
    endloop
  endfacet
  facet normal  1.000000e+000  0.000000e+000  -0.000000e+000
    outer loop
      vertex -3.000000e+000  7.500000e+000  1.850000e+001
      vertex -3.000000e+000  9.117316e+000  1.742388e+001
      vertex -3.000000e+000  9.500000e+000  1.750000e+001
    endloop
  endfacet
  facet normal  1.000000e+000  0.000000e+000  -0.000000e+000
    outer loop
      vertex -3.000000e+000  7.500000e+000  1.850000e+001
      vertex -3.000000e+000  9.500000e+000  1.750000e+001
      vertex -3.000000e+000  9.500000e+000  1.850000e+001
    endloop
  endfacet
  facet normal  1.000000e+000  0.000000e+000  0.000000e+000
    outer loop
      vertex -3.000000e+000  7.500000e+000  0.000000e+000
      vertex -3.000000e+000  9.500000e+000  1.000000e+000
      vertex -3.000000e+000  9.117316e+000  1.076120e+000
    endloop
  endfacet
  facet normal  1.000000e+000  0.000000e+000  0.000000e+000
    outer loop
      vertex -3.000000e+000  7.500000e+000  0.000000e+000
      vertex -3.000000e+000  9.117316e+000  1.076120e+000
      vertex -3.000000e+000  8.792893e+000  1.292893e+000
    endloop
  endfacet
  facet normal  1.000000e+000  0.000000e+000  0.000000e+000
    outer loop
      vertex -3.000000e+000  7.500000e+000  0.000000e+000
      vertex -3.000000e+000  8.792893e+000  1.292893e+000
      vertex -3.000000e+000  8.576120e+000  1.617317e+000
    endloop
  endfacet
  facet normal  1.000000e+000  0.000000e+000  0.000000e+000
    outer loop
      vertex -3.000000e+000  7.500000e+000  0.000000e+000
      vertex -3.000000e+000  8.576120e+000  1.617317e+000
      vertex -3.000000e+000  8.500000e+000  2.000000e+000
    endloop
  endfacet
  facet normal  1.000000e+000  0.000000e+000  0.000000e+000
    outer loop
      vertex -3.000000e+000  7.500000e+000  0.000000e+000
      vertex -3.000000e+000  8.500000e+000  2.000000e+000
      vertex -3.000000e+000  7.500000e+000  1.850000e+001
    endloop
  endfacet
  facet normal  1.000000e+000  0.000000e+000  0.000000e+000
    outer loop
      vertex -3.000000e+000  9.882684e+000  1.076120e+000
      vertex -3.000000e+000  1.123205e+001  1.000000e+000
      vertex -3.000000e+000  1.020711e+001  1.292893e+000
    endloop
  endfacet
  facet normal  1.000000e+000  -0.000000e+000  0.000000e+000
    outer loop
      vertex -3.000000e+000  1.020711e+001  1.292893e+000
      vertex -3.000000e+000  1.123205e+001  1.000000e+000
      vertex -3.000000e+000  1.143185e+001  1.482362e+000
    endloop
  endfacet
  facet normal  1.000000e+000  0.000000e+000  0.000000e+000
    outer loop
      vertex -3.000000e+000  1.020711e+001  1.292893e+000
      vertex -3.000000e+000  1.143185e+001  1.482362e+000
      vertex -3.000000e+000  1.042388e+001  1.617317e+000
    endloop
  endfacet
  facet normal  1.000000e+000  -0.000000e+000  0.000000e+000
    outer loop
      vertex -3.000000e+000  1.150000e+001  2.000000e+000
      vertex -3.000000e+000  1.050000e+001  2.000000e+000
      vertex -3.000000e+000  1.143185e+001  1.482362e+000
    endloop
  endfacet
  facet normal  1.000000e+000  0.000000e+000  0.000000e+000
    outer loop
      vertex -3.000000e+000  1.143185e+001  1.482362e+000
      vertex -3.000000e+000  1.050000e+001  2.000000e+000
      vertex -3.000000e+000  1.042388e+001  1.617317e+000
    endloop
  endfacet
  facet normal  1.000000e+000  0.000000e+000  0.000000e+000
    outer loop
      vertex -3.000000e+000  1.042388e+001  1.688268e+001
      vertex -3.000000e+000  1.143185e+001  1.701764e+001
      vertex -3.000000e+000  1.020711e+001  1.720711e+001
    endloop
  endfacet
  facet normal  1.000000e+000  -0.000000e+000  0.000000e+000
    outer loop
      vertex -3.000000e+000  1.020711e+001  1.720711e+001
      vertex -3.000000e+000  1.143185e+001  1.701764e+001
      vertex -3.000000e+000  1.123205e+001  1.750000e+001
    endloop
  endfacet
  facet normal  1.000000e+000  0.000000e+000  0.000000e+000
    outer loop
      vertex -3.000000e+000  1.020711e+001  1.720711e+001
      vertex -3.000000e+000  1.123205e+001  1.750000e+001
      vertex -3.000000e+000  9.882684e+000  1.742388e+001
    endloop
  endfacet
  facet normal  1.000000e+000  0.000000e+000  0.000000e+000
    outer loop
      vertex -3.000000e+000  1.050000e+001  1.823205e+001
      vertex -3.000000e+000  1.001764e+001  1.843185e+001
      vertex -3.000000e+000  1.091421e+001  1.791421e+001
    endloop
  endfacet
  facet normal  1.000000e+000  0.000000e+000  0.000000e+000
    outer loop
      vertex -3.000000e+000  1.091421e+001  1.791421e+001
      vertex -3.000000e+000  1.001764e+001  1.843185e+001
      vertex -3.000000e+000  9.500000e+000  1.850000e+001
    endloop
  endfacet
  facet normal  1.000000e+000  0.000000e+000  0.000000e+000
    outer loop
      vertex -3.000000e+000  1.091421e+001  1.791421e+001
      vertex -3.000000e+000  9.500000e+000  1.850000e+001
      vertex -3.000000e+000  1.123205e+001  1.750000e+001
    endloop
  endfacet
  facet normal  1.000000e+000  0.000000e+000  0.000000e+000
    outer loop
      vertex -3.000000e+000  1.123205e+001  1.750000e+001
      vertex -3.000000e+000  9.500000e+000  1.850000e+001
      vertex -3.000000e+000  9.500000e+000  1.750000e+001
    endloop
  endfacet
  facet normal  1.000000e+000  -0.000000e+000  0.000000e+000
    outer loop
      vertex -3.000000e+000  1.123205e+001  1.750000e+001
      vertex -3.000000e+000  9.500000e+000  1.750000e+001
      vertex -3.000000e+000  9.882684e+000  1.742388e+001
    endloop
  endfacet
  facet normal  -0.000000e+000  1.950902e-001  9.807853e-001
    outer loop
      vertex -3.000000e+000  9.500000e+000  1.000000e+000
      vertex -8.000000e+000  9.117316e+000  1.076120e+000
      vertex -3.000000e+000  9.117316e+000  1.076120e+000
    endloop
  endfacet
  facet normal  0.000000e+000  5.555707e-001  8.314692e-001
    outer loop
      vertex -3.000000e+000  9.117316e+000  1.076120e+000
      vertex -8.000000e+000  9.117316e+000  1.076120e+000
      vertex -8.000000e+000  8.792893e+000  1.292893e+000
    endloop
  endfacet
  facet normal  -0.000000e+000  5.555707e-001  8.314692e-001
    outer loop
      vertex -3.000000e+000  9.117316e+000  1.076120e+000
      vertex -8.000000e+000  8.792893e+000  1.292893e+000
      vertex -3.000000e+000  8.792893e+000  1.292893e+000
    endloop
  endfacet
  facet normal  0.000000e+000  8.314693e-001  5.555706e-001
    outer loop
      vertex -3.000000e+000  8.792893e+000  1.292893e+000
      vertex -8.000000e+000  8.792893e+000  1.292893e+000
      vertex -8.000000e+000  8.576120e+000  1.617317e+000
    endloop
  endfacet
  facet normal  -0.000000e+000  8.314693e-001  5.555706e-001
    outer loop
      vertex -3.000000e+000  8.792893e+000  1.292893e+000
      vertex -8.000000e+000  8.576120e+000  1.617317e+000
      vertex -3.000000e+000  8.576120e+000  1.617317e+000
    endloop
  endfacet
  facet normal  0.000000e+000  9.807853e-001  1.950901e-001
    outer loop
      vertex -3.000000e+000  8.576120e+000  1.617317e+000
      vertex -8.000000e+000  8.576120e+000  1.617317e+000
      vertex -8.000000e+000  8.500000e+000  2.000000e+000
    endloop
  endfacet
  facet normal  -0.000000e+000  9.807853e-001  1.950901e-001
    outer loop
      vertex -3.000000e+000  8.576120e+000  1.617317e+000
      vertex -8.000000e+000  8.500000e+000  2.000000e+000
      vertex -3.000000e+000  8.500000e+000  2.000000e+000
    endloop
  endfacet
  facet normal  0.000000e+000  1.950902e-001  9.807853e-001
    outer loop
      vertex -8.000000e+000  9.117316e+000  1.076120e+000
      vertex -3.000000e+000  9.500000e+000  1.000000e+000
      vertex -8.000000e+000  9.500000e+000  1.000000e+000
    endloop
  endfacet
  facet normal  0.000000e+000 -1.950902e-001  9.807853e-001
    outer loop
      vertex -8.000000e+000  9.500000e+000  1.000000e+000
      vertex -3.000000e+000  9.500000e+000  1.000000e+000
      vertex -3.000000e+000  9.882684e+000  1.076120e+000
    endloop
  endfacet
  facet normal  0.000000e+000 -1.950902e-001  9.807853e-001
    outer loop
      vertex -8.000000e+000  9.500000e+000  1.000000e+000
      vertex -3.000000e+000  9.882684e+000  1.076120e+000
      vertex -8.000000e+000  9.882684e+000  1.076120e+000
    endloop
  endfacet
  facet normal  0.000000e+000 -5.555707e-001  8.314692e-001
    outer loop
      vertex -8.000000e+000  9.882684e+000  1.076120e+000
      vertex -3.000000e+000  9.882684e+000  1.076120e+000
      vertex -3.000000e+000  1.020711e+001  1.292893e+000
    endloop
  endfacet
  facet normal  0.000000e+000 -5.555707e-001  8.314692e-001
    outer loop
      vertex -8.000000e+000  9.882684e+000  1.076120e+000
      vertex -3.000000e+000  1.020711e+001  1.292893e+000
      vertex -8.000000e+000  1.020711e+001  1.292893e+000
    endloop
  endfacet
  facet normal  0.000000e+000 -8.314693e-001  5.555706e-001
    outer loop
      vertex -8.000000e+000  1.020711e+001  1.292893e+000
      vertex -3.000000e+000  1.020711e+001  1.292893e+000
      vertex -3.000000e+000  1.042388e+001  1.617317e+000
    endloop
  endfacet
  facet normal  0.000000e+000 -8.314693e-001  5.555706e-001
    outer loop
      vertex -8.000000e+000  1.020711e+001  1.292893e+000
      vertex -3.000000e+000  1.042388e+001  1.617317e+000
      vertex -8.000000e+000  1.042388e+001  1.617317e+000
    endloop
  endfacet
  facet normal  0.000000e+000 -9.807853e-001  1.950901e-001
    outer loop
      vertex -8.000000e+000  1.042388e+001  1.617317e+000
      vertex -3.000000e+000  1.042388e+001  1.617317e+000
      vertex -3.000000e+000  1.050000e+001  2.000000e+000
    endloop
  endfacet
  facet normal  0.000000e+000 -9.807853e-001  1.950901e-001
    outer loop
      vertex -8.000000e+000  1.042388e+001  1.617317e+000
      vertex -3.000000e+000  1.050000e+001  2.000000e+000
      vertex -8.000000e+000  1.050000e+001  2.000000e+000
    endloop
  endfacet
  facet normal  0.000000e+000 -1.950900e-001 -9.807854e-001
    outer loop
      vertex -3.000000e+000  9.500000e+000  3.000000e+000
      vertex -8.000000e+000  9.882684e+000  2.923880e+000
      vertex -3.000000e+000  9.882684e+000  2.923880e+000
    endloop
  endfacet
  facet normal  -0.000000e+000 -5.555709e-001 -8.314692e-001
    outer loop
      vertex -3.000000e+000  9.882684e+000  2.923880e+000
      vertex -8.000000e+000  9.882684e+000  2.923880e+000
      vertex -8.000000e+000  1.020711e+001  2.707107e+000
    endloop
  endfacet
  facet normal  0.000000e+000 -5.555709e-001 -8.314692e-001
    outer loop
      vertex -3.000000e+000  9.882684e+000  2.923880e+000
      vertex -8.000000e+000  1.020711e+001  2.707107e+000
      vertex -3.000000e+000  1.020711e+001  2.707107e+000
    endloop
  endfacet
  facet normal  -0.000000e+000 -8.314693e-001 -5.555708e-001
    outer loop
      vertex -3.000000e+000  1.020711e+001  2.707107e+000
      vertex -8.000000e+000  1.020711e+001  2.707107e+000
      vertex -8.000000e+000  1.042388e+001  2.382684e+000
    endloop
  endfacet
  facet normal  0.000000e+000 -8.314693e-001 -5.555708e-001
    outer loop
      vertex -3.000000e+000  1.020711e+001  2.707107e+000
      vertex -8.000000e+000  1.042388e+001  2.382684e+000
      vertex -3.000000e+000  1.042388e+001  2.382684e+000
    endloop
  endfacet
  facet normal  -0.000000e+000 -9.807854e-001 -1.950901e-001
    outer loop
      vertex -3.000000e+000  1.042388e+001  2.382684e+000
      vertex -8.000000e+000  1.042388e+001  2.382684e+000
      vertex -8.000000e+000  1.050000e+001  2.000000e+000
    endloop
  endfacet
  facet normal  0.000000e+000 -9.807854e-001 -1.950901e-001
    outer loop
      vertex -3.000000e+000  1.042388e+001  2.382684e+000
      vertex -8.000000e+000  1.050000e+001  2.000000e+000
      vertex -3.000000e+000  1.050000e+001  2.000000e+000
    endloop
  endfacet
  facet normal  -0.000000e+000 -1.950900e-001 -9.807854e-001
    outer loop
      vertex -8.000000e+000  9.882684e+000  2.923880e+000
      vertex -3.000000e+000  9.500000e+000  3.000000e+000
      vertex -8.000000e+000  9.500000e+000  3.000000e+000
    endloop
  endfacet
  facet normal  0.000000e+000  1.950900e-001 -9.807854e-001
    outer loop
      vertex -8.000000e+000  9.500000e+000  3.000000e+000
      vertex -3.000000e+000  9.500000e+000  3.000000e+000
      vertex -3.000000e+000  9.117316e+000  2.923880e+000
    endloop
  endfacet
  facet normal  0.000000e+000  1.950900e-001 -9.807854e-001
    outer loop
      vertex -8.000000e+000  9.500000e+000  3.000000e+000
      vertex -3.000000e+000  9.117316e+000  2.923880e+000
      vertex -8.000000e+000  9.117316e+000  2.923880e+000
    endloop
  endfacet
  facet normal  0.000000e+000  5.555709e-001 -8.314692e-001
    outer loop
      vertex -8.000000e+000  9.117316e+000  2.923880e+000
      vertex -3.000000e+000  9.117316e+000  2.923880e+000
      vertex -3.000000e+000  8.792893e+000  2.707107e+000
    endloop
  endfacet
  facet normal  0.000000e+000  5.555709e-001 -8.314692e-001
    outer loop
      vertex -8.000000e+000  9.117316e+000  2.923880e+000
      vertex -3.000000e+000  8.792893e+000  2.707107e+000
      vertex -8.000000e+000  8.792893e+000  2.707107e+000
    endloop
  endfacet
  facet normal  0.000000e+000  8.314693e-001 -5.555708e-001
    outer loop
      vertex -8.000000e+000  8.792893e+000  2.707107e+000
      vertex -3.000000e+000  8.792893e+000  2.707107e+000
      vertex -3.000000e+000  8.576120e+000  2.382684e+000
    endloop
  endfacet
  facet normal  0.000000e+000  8.314693e-001 -5.555708e-001
    outer loop
      vertex -8.000000e+000  8.792893e+000  2.707107e+000
      vertex -3.000000e+000  8.576120e+000  2.382684e+000
      vertex -8.000000e+000  8.576120e+000  2.382684e+000
    endloop
  endfacet
  facet normal  0.000000e+000  9.807854e-001 -1.950901e-001
    outer loop
      vertex -8.000000e+000  8.576120e+000  2.382684e+000
      vertex -3.000000e+000  8.576120e+000  2.382684e+000
      vertex -3.000000e+000  8.500000e+000  2.000000e+000
    endloop
  endfacet
  facet normal  0.000000e+000  9.807854e-001 -1.950901e-001
    outer loop
      vertex -8.000000e+000  8.576120e+000  2.382684e+000
      vertex -3.000000e+000  8.500000e+000  2.000000e+000
      vertex -8.000000e+000  8.500000e+000  2.000000e+000
    endloop
  endfacet
  facet normal  -0.000000e+000  1.950900e-001  9.807854e-001
    outer loop
      vertex -3.000000e+000  9.500000e+000  1.550000e+001
      vertex -8.000000e+000  9.117316e+000  1.557612e+001
      vertex -3.000000e+000  9.117316e+000  1.557612e+001
    endloop
  endfacet
  facet normal  0.000000e+000  5.555713e-001  8.314689e-001
    outer loop
      vertex -3.000000e+000  9.117316e+000  1.557612e+001
      vertex -8.000000e+000  9.117316e+000  1.557612e+001
      vertex -8.000000e+000  8.792893e+000  1.579289e+001
    endloop
  endfacet
  facet normal  -0.000000e+000  5.555713e-001  8.314689e-001
    outer loop
      vertex -3.000000e+000  9.117316e+000  1.557612e+001
      vertex -8.000000e+000  8.792893e+000  1.579289e+001
      vertex -3.000000e+000  8.792893e+000  1.579289e+001
    endloop
  endfacet
  facet normal  0.000000e+000  8.314697e-001  5.555702e-001
    outer loop
      vertex -3.000000e+000  8.792893e+000  1.579289e+001
      vertex -8.000000e+000  8.792893e+000  1.579289e+001
      vertex -8.000000e+000  8.576120e+000  1.611732e+001
    endloop
  endfacet
  facet normal  -0.000000e+000  8.314697e-001  5.555702e-001
    outer loop
      vertex -3.000000e+000  8.792893e+000  1.579289e+001
      vertex -8.000000e+000  8.576120e+000  1.611732e+001
      vertex -3.000000e+000  8.576120e+000  1.611732e+001
    endloop
  endfacet
  facet normal  0.000000e+000  9.807853e-001  1.950904e-001
    outer loop
      vertex -3.000000e+000  8.576120e+000  1.611732e+001
      vertex -8.000000e+000  8.576120e+000  1.611732e+001
      vertex -8.000000e+000  8.500000e+000  1.650000e+001
    endloop
  endfacet
  facet normal  -0.000000e+000  9.807853e-001  1.950904e-001
    outer loop
      vertex -3.000000e+000  8.576120e+000  1.611732e+001
      vertex -8.000000e+000  8.500000e+000  1.650000e+001
      vertex -3.000000e+000  8.500000e+000  1.650000e+001
    endloop
  endfacet
  facet normal  0.000000e+000  1.950900e-001  9.807854e-001
    outer loop
      vertex -8.000000e+000  9.117316e+000  1.557612e+001
      vertex -3.000000e+000  9.500000e+000  1.550000e+001
      vertex -8.000000e+000  9.500000e+000  1.550000e+001
    endloop
  endfacet
  facet normal  0.000000e+000 -1.950900e-001  9.807854e-001
    outer loop
      vertex -8.000000e+000  9.500000e+000  1.550000e+001
      vertex -3.000000e+000  9.500000e+000  1.550000e+001
      vertex -3.000000e+000  9.882684e+000  1.557612e+001
    endloop
  endfacet
  facet normal  0.000000e+000 -1.950900e-001  9.807854e-001
    outer loop
      vertex -8.000000e+000  9.500000e+000  1.550000e+001
      vertex -3.000000e+000  9.882684e+000  1.557612e+001
      vertex -8.000000e+000  9.882684e+000  1.557612e+001
    endloop
  endfacet
  facet normal  0.000000e+000 -5.555713e-001  8.314689e-001
    outer loop
      vertex -8.000000e+000  9.882684e+000  1.557612e+001
      vertex -3.000000e+000  9.882684e+000  1.557612e+001
      vertex -3.000000e+000  1.020711e+001  1.579289e+001
    endloop
  endfacet
  facet normal  0.000000e+000 -5.555713e-001  8.314689e-001
    outer loop
      vertex -8.000000e+000  9.882684e+000  1.557612e+001
      vertex -3.000000e+000  1.020711e+001  1.579289e+001
      vertex -8.000000e+000  1.020711e+001  1.579289e+001
    endloop
  endfacet
  facet normal  0.000000e+000 -8.314697e-001  5.555702e-001
    outer loop
      vertex -8.000000e+000  1.020711e+001  1.579289e+001
      vertex -3.000000e+000  1.020711e+001  1.579289e+001
      vertex -3.000000e+000  1.042388e+001  1.611732e+001
    endloop
  endfacet
  facet normal  0.000000e+000 -8.314697e-001  5.555702e-001
    outer loop
      vertex -8.000000e+000  1.020711e+001  1.579289e+001
      vertex -3.000000e+000  1.042388e+001  1.611732e+001
      vertex -8.000000e+000  1.042388e+001  1.611732e+001
    endloop
  endfacet
  facet normal  0.000000e+000 -9.807853e-001  1.950904e-001
    outer loop
      vertex -8.000000e+000  1.042388e+001  1.611732e+001
      vertex -3.000000e+000  1.042388e+001  1.611732e+001
      vertex -3.000000e+000  1.050000e+001  1.650000e+001
    endloop
  endfacet
  facet normal  0.000000e+000 -9.807853e-001  1.950904e-001
    outer loop
      vertex -8.000000e+000  1.042388e+001  1.611732e+001
      vertex -3.000000e+000  1.050000e+001  1.650000e+001
      vertex -8.000000e+000  1.050000e+001  1.650000e+001
    endloop
  endfacet
  facet normal  0.000000e+000 -1.950900e-001 -9.807854e-001
    outer loop
      vertex -3.000000e+000  9.500000e+000  1.750000e+001
      vertex -8.000000e+000  9.882684e+000  1.742388e+001
      vertex -3.000000e+000  9.882684e+000  1.742388e+001
    endloop
  endfacet
  facet normal  -0.000000e+000 -5.555696e-001 -8.314700e-001
    outer loop
      vertex -3.000000e+000  9.882684e+000  1.742388e+001
      vertex -8.000000e+000  9.882684e+000  1.742388e+001
      vertex -8.000000e+000  1.020711e+001  1.720711e+001
    endloop
  endfacet
  facet normal  0.000000e+000 -5.555696e-001 -8.314700e-001
    outer loop
      vertex -3.000000e+000  9.882684e+000  1.742388e+001
      vertex -8.000000e+000  1.020711e+001  1.720711e+001
      vertex -3.000000e+000  1.020711e+001  1.720711e+001
    endloop
  endfacet
  facet normal  -0.000000e+000 -8.314704e-001 -5.555691e-001
    outer loop
      vertex -3.000000e+000  1.020711e+001  1.720711e+001
      vertex -8.000000e+000  1.020711e+001  1.720711e+001
      vertex -8.000000e+000  1.042388e+001  1.688268e+001
    endloop
  endfacet
  facet normal  0.000000e+000 -8.314704e-001 -5.555691e-001
    outer loop
      vertex -3.000000e+000  1.020711e+001  1.720711e+001
      vertex -8.000000e+000  1.042388e+001  1.688268e+001
      vertex -3.000000e+000  1.042388e+001  1.688268e+001
    endloop
  endfacet
  facet normal  -0.000000e+000 -9.807853e-001 -1.950904e-001
    outer loop
      vertex -3.000000e+000  1.042388e+001  1.688268e+001
      vertex -8.000000e+000  1.042388e+001  1.688268e+001
      vertex -8.000000e+000  1.050000e+001  1.650000e+001
    endloop
  endfacet
  facet normal  0.000000e+000 -9.807853e-001 -1.950904e-001
    outer loop
      vertex -3.000000e+000  1.042388e+001  1.688268e+001
      vertex -8.000000e+000  1.050000e+001  1.650000e+001
      vertex -3.000000e+000  1.050000e+001  1.650000e+001
    endloop
  endfacet
  facet normal  -0.000000e+000 -1.950900e-001 -9.807854e-001
    outer loop
      vertex -8.000000e+000  9.882684e+000  1.742388e+001
      vertex -3.000000e+000  9.500000e+000  1.750000e+001
      vertex -8.000000e+000  9.500000e+000  1.750000e+001
    endloop
  endfacet
  facet normal  0.000000e+000  1.950900e-001 -9.807854e-001
    outer loop
      vertex -8.000000e+000  9.500000e+000  1.750000e+001
      vertex -3.000000e+000  9.500000e+000  1.750000e+001
      vertex -3.000000e+000  9.117316e+000  1.742388e+001
    endloop
  endfacet
  facet normal  0.000000e+000  1.950900e-001 -9.807854e-001
    outer loop
      vertex -8.000000e+000  9.500000e+000  1.750000e+001
      vertex -3.000000e+000  9.117316e+000  1.742388e+001
      vertex -8.000000e+000  9.117316e+000  1.742388e+001
    endloop
  endfacet
  facet normal  0.000000e+000  5.555696e-001 -8.314700e-001
    outer loop
      vertex -8.000000e+000  9.117316e+000  1.742388e+001
      vertex -3.000000e+000  9.117316e+000  1.742388e+001
      vertex -3.000000e+000  8.792893e+000  1.720711e+001
    endloop
  endfacet
  facet normal  0.000000e+000  5.555696e-001 -8.314700e-001
    outer loop
      vertex -8.000000e+000  9.117316e+000  1.742388e+001
      vertex -3.000000e+000  8.792893e+000  1.720711e+001
      vertex -8.000000e+000  8.792893e+000  1.720711e+001
    endloop
  endfacet
  facet normal  0.000000e+000  8.314704e-001 -5.555691e-001
    outer loop
      vertex -8.000000e+000  8.792893e+000  1.720711e+001
      vertex -3.000000e+000  8.792893e+000  1.720711e+001
      vertex -3.000000e+000  8.576120e+000  1.688268e+001
    endloop
  endfacet
  facet normal  0.000000e+000  8.314704e-001 -5.555691e-001
    outer loop
      vertex -8.000000e+000  8.792893e+000  1.720711e+001
      vertex -3.000000e+000  8.576120e+000  1.688268e+001
      vertex -8.000000e+000  8.576120e+000  1.688268e+001
    endloop
  endfacet
  facet normal  0.000000e+000  9.807853e-001 -1.950904e-001
    outer loop
      vertex -8.000000e+000  8.576120e+000  1.688268e+001
      vertex -3.000000e+000  8.576120e+000  1.688268e+001
      vertex -3.000000e+000  8.500000e+000  1.650000e+001
    endloop
  endfacet
  facet normal  0.000000e+000  9.807853e-001 -1.950904e-001
    outer loop
      vertex -8.000000e+000  8.576120e+000  1.688268e+001
      vertex -3.000000e+000  8.500000e+000  1.650000e+001
      vertex -8.000000e+000  8.500000e+000  1.650000e+001
    endloop
  endfacet
  facet normal  -0.000000e+000  1.950902e-001  9.807853e-001
    outer loop
      vertex -3.000000e+000 -9.500000e+000  1.000000e+000
      vertex -8.000000e+000 -9.882684e+000  1.076120e+000
      vertex -3.000000e+000 -9.882684e+000  1.076120e+000
    endloop
  endfacet
  facet normal  0.000000e+000  5.555707e-001  8.314692e-001
    outer loop
      vertex -3.000000e+000 -9.882684e+000  1.076120e+000
      vertex -8.000000e+000 -9.882684e+000  1.076120e+000
      vertex -8.000000e+000 -1.020711e+001  1.292893e+000
    endloop
  endfacet
  facet normal  -0.000000e+000  5.555707e-001  8.314692e-001
    outer loop
      vertex -3.000000e+000 -9.882684e+000  1.076120e+000
      vertex -8.000000e+000 -1.020711e+001  1.292893e+000
      vertex -3.000000e+000 -1.020711e+001  1.292893e+000
    endloop
  endfacet
  facet normal  0.000000e+000  8.314693e-001  5.555706e-001
    outer loop
      vertex -3.000000e+000 -1.020711e+001  1.292893e+000
      vertex -8.000000e+000 -1.020711e+001  1.292893e+000
      vertex -8.000000e+000 -1.042388e+001  1.617317e+000
    endloop
  endfacet
  facet normal  -0.000000e+000  8.314693e-001  5.555706e-001
    outer loop
      vertex -3.000000e+000 -1.020711e+001  1.292893e+000
      vertex -8.000000e+000 -1.042388e+001  1.617317e+000
      vertex -3.000000e+000 -1.042388e+001  1.617317e+000
    endloop
  endfacet
  facet normal  0.000000e+000  9.807853e-001  1.950901e-001
    outer loop
      vertex -3.000000e+000 -1.042388e+001  1.617317e+000
      vertex -8.000000e+000 -1.042388e+001  1.617317e+000
      vertex -8.000000e+000 -1.050000e+001  2.000000e+000
    endloop
  endfacet
  facet normal  -0.000000e+000  9.807853e-001  1.950901e-001
    outer loop
      vertex -3.000000e+000 -1.042388e+001  1.617317e+000
      vertex -8.000000e+000 -1.050000e+001  2.000000e+000
      vertex -3.000000e+000 -1.050000e+001  2.000000e+000
    endloop
  endfacet
  facet normal  0.000000e+000  1.950902e-001  9.807853e-001
    outer loop
      vertex -8.000000e+000 -9.882684e+000  1.076120e+000
      vertex -3.000000e+000 -9.500000e+000  1.000000e+000
      vertex -8.000000e+000 -9.500000e+000  1.000000e+000
    endloop
  endfacet
  facet normal  0.000000e+000 -1.950902e-001  9.807853e-001
    outer loop
      vertex -8.000000e+000 -9.500000e+000  1.000000e+000
      vertex -3.000000e+000 -9.500000e+000  1.000000e+000
      vertex -3.000000e+000 -9.117316e+000  1.076120e+000
    endloop
  endfacet
  facet normal  0.000000e+000 -1.950902e-001  9.807853e-001
    outer loop
      vertex -8.000000e+000 -9.500000e+000  1.000000e+000
      vertex -3.000000e+000 -9.117316e+000  1.076120e+000
      vertex -8.000000e+000 -9.117316e+000  1.076120e+000
    endloop
  endfacet
  facet normal  0.000000e+000 -5.555707e-001  8.314692e-001
    outer loop
      vertex -8.000000e+000 -9.117316e+000  1.076120e+000
      vertex -3.000000e+000 -9.117316e+000  1.076120e+000
      vertex -3.000000e+000 -8.792893e+000  1.292893e+000
    endloop
  endfacet
  facet normal  0.000000e+000 -5.555707e-001  8.314692e-001
    outer loop
      vertex -8.000000e+000 -9.117316e+000  1.076120e+000
      vertex -3.000000e+000 -8.792893e+000  1.292893e+000
      vertex -8.000000e+000 -8.792893e+000  1.292893e+000
    endloop
  endfacet
  facet normal  0.000000e+000 -8.314693e-001  5.555706e-001
    outer loop
      vertex -8.000000e+000 -8.792893e+000  1.292893e+000
      vertex -3.000000e+000 -8.792893e+000  1.292893e+000
      vertex -3.000000e+000 -8.576120e+000  1.617317e+000
    endloop
  endfacet
  facet normal  0.000000e+000 -8.314693e-001  5.555706e-001
    outer loop
      vertex -8.000000e+000 -8.792893e+000  1.292893e+000
      vertex -3.000000e+000 -8.576120e+000  1.617317e+000
      vertex -8.000000e+000 -8.576120e+000  1.617317e+000
    endloop
  endfacet
  facet normal  0.000000e+000 -9.807853e-001  1.950901e-001
    outer loop
      vertex -8.000000e+000 -8.576120e+000  1.617317e+000
      vertex -3.000000e+000 -8.576120e+000  1.617317e+000
      vertex -3.000000e+000 -8.500000e+000  2.000000e+000
    endloop
  endfacet
  facet normal  0.000000e+000 -9.807853e-001  1.950901e-001
    outer loop
      vertex -8.000000e+000 -8.576120e+000  1.617317e+000
      vertex -3.000000e+000 -8.500000e+000  2.000000e+000
      vertex -8.000000e+000 -8.500000e+000  2.000000e+000
    endloop
  endfacet
  facet normal  0.000000e+000 -1.950900e-001 -9.807854e-001
    outer loop
      vertex -3.000000e+000 -9.500000e+000  3.000000e+000
      vertex -8.000000e+000 -9.117316e+000  2.923880e+000
      vertex -3.000000e+000 -9.117316e+000  2.923880e+000
    endloop
  endfacet
  facet normal  -0.000000e+000 -5.555709e-001 -8.314692e-001
    outer loop
      vertex -3.000000e+000 -9.117316e+000  2.923880e+000
      vertex -8.000000e+000 -9.117316e+000  2.923880e+000
      vertex -8.000000e+000 -8.792893e+000  2.707107e+000
    endloop
  endfacet
  facet normal  0.000000e+000 -5.555709e-001 -8.314692e-001
    outer loop
      vertex -3.000000e+000 -9.117316e+000  2.923880e+000
      vertex -8.000000e+000 -8.792893e+000  2.707107e+000
      vertex -3.000000e+000 -8.792893e+000  2.707107e+000
    endloop
  endfacet
  facet normal  -0.000000e+000 -8.314693e-001 -5.555708e-001
    outer loop
      vertex -3.000000e+000 -8.792893e+000  2.707107e+000
      vertex -8.000000e+000 -8.792893e+000  2.707107e+000
      vertex -8.000000e+000 -8.576120e+000  2.382684e+000
    endloop
  endfacet
  facet normal  0.000000e+000 -8.314693e-001 -5.555708e-001
    outer loop
      vertex -3.000000e+000 -8.792893e+000  2.707107e+000
      vertex -8.000000e+000 -8.576120e+000  2.382684e+000
      vertex -3.000000e+000 -8.576120e+000  2.382684e+000
    endloop
  endfacet
  facet normal  -0.000000e+000 -9.807854e-001 -1.950901e-001
    outer loop
      vertex -3.000000e+000 -8.576120e+000  2.382684e+000
      vertex -8.000000e+000 -8.576120e+000  2.382684e+000
      vertex -8.000000e+000 -8.500000e+000  2.000000e+000
    endloop
  endfacet
  facet normal  0.000000e+000 -9.807854e-001 -1.950901e-001
    outer loop
      vertex -3.000000e+000 -8.576120e+000  2.382684e+000
      vertex -8.000000e+000 -8.500000e+000  2.000000e+000
      vertex -3.000000e+000 -8.500000e+000  2.000000e+000
    endloop
  endfacet
  facet normal  -0.000000e+000 -1.950900e-001 -9.807854e-001
    outer loop
      vertex -8.000000e+000 -9.117316e+000  2.923880e+000
      vertex -3.000000e+000 -9.500000e+000  3.000000e+000
      vertex -8.000000e+000 -9.500000e+000  3.000000e+000
    endloop
  endfacet
  facet normal  0.000000e+000  1.950900e-001 -9.807854e-001
    outer loop
      vertex -8.000000e+000 -9.500000e+000  3.000000e+000
      vertex -3.000000e+000 -9.500000e+000  3.000000e+000
      vertex -3.000000e+000 -9.882684e+000  2.923880e+000
    endloop
  endfacet
  facet normal  0.000000e+000  1.950900e-001 -9.807854e-001
    outer loop
      vertex -8.000000e+000 -9.500000e+000  3.000000e+000
      vertex -3.000000e+000 -9.882684e+000  2.923880e+000
      vertex -8.000000e+000 -9.882684e+000  2.923880e+000
    endloop
  endfacet
  facet normal  0.000000e+000  5.555709e-001 -8.314692e-001
    outer loop
      vertex -8.000000e+000 -9.882684e+000  2.923880e+000
      vertex -3.000000e+000 -9.882684e+000  2.923880e+000
      vertex -3.000000e+000 -1.020711e+001  2.707107e+000
    endloop
  endfacet
  facet normal  0.000000e+000  5.555709e-001 -8.314692e-001
    outer loop
      vertex -8.000000e+000 -9.882684e+000  2.923880e+000
      vertex -3.000000e+000 -1.020711e+001  2.707107e+000
      vertex -8.000000e+000 -1.020711e+001  2.707107e+000
    endloop
  endfacet
  facet normal  0.000000e+000  8.314693e-001 -5.555708e-001
    outer loop
      vertex -8.000000e+000 -1.020711e+001  2.707107e+000
      vertex -3.000000e+000 -1.020711e+001  2.707107e+000
      vertex -3.000000e+000 -1.042388e+001  2.382684e+000
    endloop
  endfacet
  facet normal  0.000000e+000  8.314693e-001 -5.555708e-001
    outer loop
      vertex -8.000000e+000 -1.020711e+001  2.707107e+000
      vertex -3.000000e+000 -1.042388e+001  2.382684e+000
      vertex -8.000000e+000 -1.042388e+001  2.382684e+000
    endloop
  endfacet
  facet normal  0.000000e+000  9.807854e-001 -1.950901e-001
    outer loop
      vertex -8.000000e+000 -1.042388e+001  2.382684e+000
      vertex -3.000000e+000 -1.042388e+001  2.382684e+000
      vertex -3.000000e+000 -1.050000e+001  2.000000e+000
    endloop
  endfacet
  facet normal  0.000000e+000  9.807854e-001 -1.950901e-001
    outer loop
      vertex -8.000000e+000 -1.042388e+001  2.382684e+000
      vertex -3.000000e+000 -1.050000e+001  2.000000e+000
      vertex -8.000000e+000 -1.050000e+001  2.000000e+000
    endloop
  endfacet
  facet normal  -0.000000e+000  1.950900e-001  9.807854e-001
    outer loop
      vertex -3.000000e+000 -9.500000e+000  1.550000e+001
      vertex -8.000000e+000 -9.882684e+000  1.557612e+001
      vertex -3.000000e+000 -9.882684e+000  1.557612e+001
    endloop
  endfacet
  facet normal  0.000000e+000  5.555713e-001  8.314689e-001
    outer loop
      vertex -3.000000e+000 -9.882684e+000  1.557612e+001
      vertex -8.000000e+000 -9.882684e+000  1.557612e+001
      vertex -8.000000e+000 -1.020711e+001  1.579289e+001
    endloop
  endfacet
  facet normal  -0.000000e+000  5.555713e-001  8.314689e-001
    outer loop
      vertex -3.000000e+000 -9.882684e+000  1.557612e+001
      vertex -8.000000e+000 -1.020711e+001  1.579289e+001
      vertex -3.000000e+000 -1.020711e+001  1.579289e+001
    endloop
  endfacet
  facet normal  0.000000e+000  8.314697e-001  5.555702e-001
    outer loop
      vertex -3.000000e+000 -1.020711e+001  1.579289e+001
      vertex -8.000000e+000 -1.020711e+001  1.579289e+001
      vertex -8.000000e+000 -1.042388e+001  1.611732e+001
    endloop
  endfacet
  facet normal  -0.000000e+000  8.314697e-001  5.555702e-001
    outer loop
      vertex -3.000000e+000 -1.020711e+001  1.579289e+001
      vertex -8.000000e+000 -1.042388e+001  1.611732e+001
      vertex -3.000000e+000 -1.042388e+001  1.611732e+001
    endloop
  endfacet
  facet normal  0.000000e+000  9.807853e-001  1.950904e-001
    outer loop
      vertex -3.000000e+000 -1.042388e+001  1.611732e+001
      vertex -8.000000e+000 -1.042388e+001  1.611732e+001
      vertex -8.000000e+000 -1.050000e+001  1.650000e+001
    endloop
  endfacet
  facet normal  -0.000000e+000  9.807853e-001  1.950904e-001
    outer loop
      vertex -3.000000e+000 -1.042388e+001  1.611732e+001
      vertex -8.000000e+000 -1.050000e+001  1.650000e+001
      vertex -3.000000e+000 -1.050000e+001  1.650000e+001
    endloop
  endfacet
  facet normal  0.000000e+000  1.950900e-001  9.807854e-001
    outer loop
      vertex -8.000000e+000 -9.882684e+000  1.557612e+001
      vertex -3.000000e+000 -9.500000e+000  1.550000e+001
      vertex -8.000000e+000 -9.500000e+000  1.550000e+001
    endloop
  endfacet
  facet normal  0.000000e+000 -1.950900e-001  9.807854e-001
    outer loop
      vertex -8.000000e+000 -9.500000e+000  1.550000e+001
      vertex -3.000000e+000 -9.500000e+000  1.550000e+001
      vertex -3.000000e+000 -9.117316e+000  1.557612e+001
    endloop
  endfacet
  facet normal  0.000000e+000 -1.950900e-001  9.807854e-001
    outer loop
      vertex -8.000000e+000 -9.500000e+000  1.550000e+001
      vertex -3.000000e+000 -9.117316e+000  1.557612e+001
      vertex -8.000000e+000 -9.117316e+000  1.557612e+001
    endloop
  endfacet
  facet normal  0.000000e+000 -5.555713e-001  8.314689e-001
    outer loop
      vertex -8.000000e+000 -9.117316e+000  1.557612e+001
      vertex -3.000000e+000 -9.117316e+000  1.557612e+001
      vertex -3.000000e+000 -8.792893e+000  1.579289e+001
    endloop
  endfacet
  facet normal  0.000000e+000 -5.555713e-001  8.314689e-001
    outer loop
      vertex -8.000000e+000 -9.117316e+000  1.557612e+001
      vertex -3.000000e+000 -8.792893e+000  1.579289e+001
      vertex -8.000000e+000 -8.792893e+000  1.579289e+001
    endloop
  endfacet
  facet normal  0.000000e+000 -8.314697e-001  5.555702e-001
    outer loop
      vertex -8.000000e+000 -8.792893e+000  1.579289e+001
      vertex -3.000000e+000 -8.792893e+000  1.579289e+001
      vertex -3.000000e+000 -8.576120e+000  1.611732e+001
    endloop
  endfacet
  facet normal  0.000000e+000 -8.314697e-001  5.555702e-001
    outer loop
      vertex -8.000000e+000 -8.792893e+000  1.579289e+001
      vertex -3.000000e+000 -8.576120e+000  1.611732e+001
      vertex -8.000000e+000 -8.576120e+000  1.611732e+001
    endloop
  endfacet
  facet normal  0.000000e+000 -9.807853e-001  1.950904e-001
    outer loop
      vertex -8.000000e+000 -8.576120e+000  1.611732e+001
      vertex -3.000000e+000 -8.576120e+000  1.611732e+001
      vertex -3.000000e+000 -8.500000e+000  1.650000e+001
    endloop
  endfacet
  facet normal  0.000000e+000 -9.807853e-001  1.950904e-001
    outer loop
      vertex -8.000000e+000 -8.576120e+000  1.611732e+001
      vertex -3.000000e+000 -8.500000e+000  1.650000e+001
      vertex -8.000000e+000 -8.500000e+000  1.650000e+001
    endloop
  endfacet
  facet normal  0.000000e+000 -1.950900e-001 -9.807854e-001
    outer loop
      vertex -3.000000e+000 -9.500000e+000  1.750000e+001
      vertex -8.000000e+000 -9.117316e+000  1.742388e+001
      vertex -3.000000e+000 -9.117316e+000  1.742388e+001
    endloop
  endfacet
  facet normal  -0.000000e+000 -5.555696e-001 -8.314700e-001
    outer loop
      vertex -3.000000e+000 -9.117316e+000  1.742388e+001
      vertex -8.000000e+000 -9.117316e+000  1.742388e+001
      vertex -8.000000e+000 -8.792893e+000  1.720711e+001
    endloop
  endfacet
  facet normal  0.000000e+000 -5.555696e-001 -8.314700e-001
    outer loop
      vertex -3.000000e+000 -9.117316e+000  1.742388e+001
      vertex -8.000000e+000 -8.792893e+000  1.720711e+001
      vertex -3.000000e+000 -8.792893e+000  1.720711e+001
    endloop
  endfacet
  facet normal  -0.000000e+000 -8.314704e-001 -5.555691e-001
    outer loop
      vertex -3.000000e+000 -8.792893e+000  1.720711e+001
      vertex -8.000000e+000 -8.792893e+000  1.720711e+001
      vertex -8.000000e+000 -8.576120e+000  1.688268e+001
    endloop
  endfacet
  facet normal  0.000000e+000 -8.314704e-001 -5.555691e-001
    outer loop
      vertex -3.000000e+000 -8.792893e+000  1.720711e+001
      vertex -8.000000e+000 -8.576120e+000  1.688268e+001
      vertex -3.000000e+000 -8.576120e+000  1.688268e+001
    endloop
  endfacet
  facet normal  -0.000000e+000 -9.807853e-001 -1.950904e-001
    outer loop
      vertex -3.000000e+000 -8.576120e+000  1.688268e+001
      vertex -8.000000e+000 -8.576120e+000  1.688268e+001
      vertex -8.000000e+000 -8.500000e+000  1.650000e+001
    endloop
  endfacet
  facet normal  0.000000e+000 -9.807853e-001 -1.950904e-001
    outer loop
      vertex -3.000000e+000 -8.576120e+000  1.688268e+001
      vertex -8.000000e+000 -8.500000e+000  1.650000e+001
      vertex -3.000000e+000 -8.500000e+000  1.650000e+001
    endloop
  endfacet
  facet normal  -0.000000e+000 -1.950900e-001 -9.807854e-001
    outer loop
      vertex -8.000000e+000 -9.117316e+000  1.742388e+001
      vertex -3.000000e+000 -9.500000e+000  1.750000e+001
      vertex -8.000000e+000 -9.500000e+000  1.750000e+001
    endloop
  endfacet
  facet normal  0.000000e+000  1.950900e-001 -9.807854e-001
    outer loop
      vertex -8.000000e+000 -9.500000e+000  1.750000e+001
      vertex -3.000000e+000 -9.500000e+000  1.750000e+001
      vertex -3.000000e+000 -9.882684e+000  1.742388e+001
    endloop
  endfacet
  facet normal  0.000000e+000  1.950900e-001 -9.807854e-001
    outer loop
      vertex -8.000000e+000 -9.500000e+000  1.750000e+001
      vertex -3.000000e+000 -9.882684e+000  1.742388e+001
      vertex -8.000000e+000 -9.882684e+000  1.742388e+001
    endloop
  endfacet
  facet normal  0.000000e+000  5.555696e-001 -8.314700e-001
    outer loop
      vertex -8.000000e+000 -9.882684e+000  1.742388e+001
      vertex -3.000000e+000 -9.882684e+000  1.742388e+001
      vertex -3.000000e+000 -1.020711e+001  1.720711e+001
    endloop
  endfacet
  facet normal  0.000000e+000  5.555696e-001 -8.314700e-001
    outer loop
      vertex -8.000000e+000 -9.882684e+000  1.742388e+001
      vertex -3.000000e+000 -1.020711e+001  1.720711e+001
      vertex -8.000000e+000 -1.020711e+001  1.720711e+001
    endloop
  endfacet
  facet normal  0.000000e+000  8.314704e-001 -5.555691e-001
    outer loop
      vertex -8.000000e+000 -1.020711e+001  1.720711e+001
      vertex -3.000000e+000 -1.020711e+001  1.720711e+001
      vertex -3.000000e+000 -1.042388e+001  1.688268e+001
    endloop
  endfacet
  facet normal  0.000000e+000  8.314704e-001 -5.555691e-001
    outer loop
      vertex -8.000000e+000 -1.020711e+001  1.720711e+001
      vertex -3.000000e+000 -1.042388e+001  1.688268e+001
      vertex -8.000000e+000 -1.042388e+001  1.688268e+001
    endloop
  endfacet
  facet normal  0.000000e+000  9.807853e-001 -1.950904e-001
    outer loop
      vertex -8.000000e+000 -1.042388e+001  1.688268e+001
      vertex -3.000000e+000 -1.042388e+001  1.688268e+001
      vertex -3.000000e+000 -1.050000e+001  1.650000e+001
    endloop
  endfacet
  facet normal  0.000000e+000  9.807853e-001 -1.950904e-001
    outer loop
      vertex -8.000000e+000 -1.042388e+001  1.688268e+001
      vertex -3.000000e+000 -1.050000e+001  1.650000e+001
      vertex -8.000000e+000 -1.050000e+001  1.650000e+001
    endloop
  endfacet
  facet normal  -0.000000e+000  -0.000000e+000 -1.000000e+000
    outer loop
      vertex -8.000000e+000  6.500000e+000  6.000000e+000
      vertex -3.000000e+000  6.500000e+000  6.000000e+000
      vertex -3.000000e+000  6.000000e+000  6.000000e+000
    endloop
  endfacet
  facet normal  0.000000e+000  0.000000e+000 -1.000000e+000
    outer loop
      vertex -8.000000e+000  6.500000e+000  6.000000e+000
      vertex -3.000000e+000  6.000000e+000  6.000000e+000
      vertex -3.500000e+000  6.000000e+000  6.000000e+000
    endloop
  endfacet
  facet normal  -0.000000e+000  0.000000e+000 -1.000000e+000
    outer loop
      vertex -8.000000e+000  6.500000e+000  6.000000e+000
      vertex -3.500000e+000  6.000000e+000  6.000000e+000
      vertex -5.923880e+000  3.826834e-001  6.000000e+000
    endloop
  endfacet
  facet normal  -0.000000e+000  0.000000e+000 -1.000000e+000
    outer loop
      vertex -8.000000e+000  6.500000e+000  6.000000e+000
      vertex -5.923880e+000  3.826834e-001  6.000000e+000
      vertex -6.000000e+000 -8.881784e-016  6.000000e+000
    endloop
  endfacet
  facet normal  0.000000e+000  0.000000e+000 -1.000000e+000
    outer loop
      vertex -8.000000e+000 -6.500000e+000  6.000000e+000
      vertex -8.000000e+000  6.500000e+000  6.000000e+000
      vertex -6.000000e+000 -8.881784e-016  6.000000e+000
    endloop
  endfacet
  facet normal  0.000000e+000  -0.000000e+000 -1.000000e+000
    outer loop
      vertex -8.000000e+000 -6.500000e+000  6.000000e+000
      vertex -6.000000e+000 -8.881784e-016  6.000000e+000
      vertex -5.923880e+000 -3.826834e-001  6.000000e+000
    endloop
  endfacet
  facet normal  0.000000e+000  -0.000000e+000 -1.000000e+000
    outer loop
      vertex -8.000000e+000 -6.500000e+000  6.000000e+000
      vertex -5.923880e+000 -3.826834e-001  6.000000e+000
      vertex -3.500000e+000 -6.000000e+000  6.000000e+000
    endloop
  endfacet
  facet normal  0.000000e+000  -0.000000e+000 -1.000000e+000
    outer loop
      vertex -8.000000e+000 -6.500000e+000  6.000000e+000
      vertex -3.500000e+000 -6.000000e+000  6.000000e+000
      vertex -3.000000e+000 -6.000000e+000  6.000000e+000
    endloop
  endfacet
  facet normal  0.000000e+000  -0.000000e+000 -1.000000e+000
    outer loop
      vertex -8.000000e+000 -6.500000e+000  6.000000e+000
      vertex -3.000000e+000 -6.000000e+000  6.000000e+000
      vertex -3.000000e+000 -6.500000e+000  6.000000e+000
    endloop
  endfacet
  facet normal  0.000000e+000  0.000000e+000 -9.999999e-001
    outer loop
      vertex -3.500000e+000 -6.000000e+000  6.000000e+000
      vertex -5.923880e+000 -3.826834e-001  6.000000e+000
      vertex -5.707107e+000 -7.071068e-001  6.000000e+000
    endloop
  endfacet
  facet normal  0.000000e+000  0.000000e+000 -1.000000e+000
    outer loop
      vertex -3.500000e+000 -6.000000e+000  6.000000e+000
      vertex -5.707107e+000 -7.071068e-001  6.000000e+000
      vertex -5.382683e+000 -9.238795e-001  6.000000e+000
    endloop
  endfacet
  facet normal  0.000000e+000  0.000000e+000 -1.000000e+000
    outer loop
      vertex -3.500000e+000 -6.000000e+000  6.000000e+000
      vertex -5.382683e+000 -9.238795e-001  6.000000e+000
      vertex -5.000000e+000 -1.000000e+000  6.000000e+000
    endloop
  endfacet
  facet normal  0.000000e+000  0.000000e+000 -1.000000e+000
    outer loop
      vertex -3.500000e+000 -6.000000e+000  6.000000e+000
      vertex -5.000000e+000 -1.000000e+000  6.000000e+000
      vertex -4.617317e+000 -9.238795e-001  6.000000e+000
    endloop
  endfacet
  facet normal  0.000000e+000  0.000000e+000 -9.999999e-001
    outer loop
      vertex -3.500000e+000 -6.000000e+000  6.000000e+000
      vertex -4.617317e+000 -9.238795e-001  6.000000e+000
      vertex -4.292893e+000 -7.071068e-001  6.000000e+000
    endloop
  endfacet
  facet normal  0.000000e+000  0.000000e+000 -1.000000e+000
    outer loop
      vertex -3.500000e+000 -6.000000e+000  6.000000e+000
      vertex -4.292893e+000 -7.071068e-001  6.000000e+000
      vertex -4.076120e+000 -3.826834e-001  6.000000e+000
    endloop
  endfacet
  facet normal  0.000000e+000  0.000000e+000 -1.000000e+000
    outer loop
      vertex -3.500000e+000 -6.000000e+000  6.000000e+000
      vertex -4.076120e+000 -3.826834e-001  6.000000e+000
      vertex -4.000000e+000  0.000000e+000  6.000000e+000
    endloop
  endfacet
  facet normal  0.000000e+000  0.000000e+000 -1.000000e+000
    outer loop
      vertex -3.500000e+000 -6.000000e+000  6.000000e+000
      vertex -4.000000e+000  0.000000e+000  6.000000e+000
      vertex -3.500000e+000  6.000000e+000  6.000000e+000
    endloop
  endfacet
  facet normal  0.000000e+000  0.000000e+000 -1.000000e+000
    outer loop
      vertex -3.500000e+000  6.000000e+000  6.000000e+000
      vertex -4.000000e+000  0.000000e+000  6.000000e+000
      vertex -4.076120e+000  3.826834e-001  6.000000e+000
    endloop
  endfacet
  facet normal  0.000000e+000  0.000000e+000 -1.000000e+000
    outer loop
      vertex -3.500000e+000  6.000000e+000  6.000000e+000
      vertex -4.076120e+000  3.826834e-001  6.000000e+000
      vertex -4.292893e+000  7.071068e-001  6.000000e+000
    endloop
  endfacet
  facet normal  0.000000e+000  0.000000e+000 -9.999999e-001
    outer loop
      vertex -3.500000e+000  6.000000e+000  6.000000e+000
      vertex -4.292893e+000  7.071068e-001  6.000000e+000
      vertex -4.617317e+000  9.238795e-001  6.000000e+000
    endloop
  endfacet
  facet normal  0.000000e+000  0.000000e+000 -1.000000e+000
    outer loop
      vertex -3.500000e+000  6.000000e+000  6.000000e+000
      vertex -4.617317e+000  9.238795e-001  6.000000e+000
      vertex -5.000000e+000  1.000000e+000  6.000000e+000
    endloop
  endfacet
  facet normal  -0.000000e+000  0.000000e+000 -1.000000e+000
    outer loop
      vertex -3.500000e+000  6.000000e+000  6.000000e+000
      vertex -5.000000e+000  1.000000e+000  6.000000e+000
      vertex -5.382683e+000  9.238795e-001  6.000000e+000
    endloop
  endfacet
  facet normal  -0.000000e+000  0.000000e+000 -1.000000e+000
    outer loop
      vertex -3.500000e+000  6.000000e+000  6.000000e+000
      vertex -5.382683e+000  9.238795e-001  6.000000e+000
      vertex -5.707107e+000  7.071068e-001  6.000000e+000
    endloop
  endfacet
  facet normal  -0.000000e+000  0.000000e+000 -1.000000e+000
    outer loop
      vertex -3.500000e+000  6.000000e+000  6.000000e+000
      vertex -5.707107e+000  7.071068e-001  6.000000e+000
      vertex -5.923880e+000  3.826834e-001  6.000000e+000
    endloop
  endfacet
  facet normal  0.000000e+000 -1.000000e+000  0.000000e+000
    outer loop
      vertex -3.000000e+000  6.500000e+000  6.000000e+000
      vertex -8.000000e+000  6.500000e+000  6.000000e+000
      vertex -3.000000e+000  6.500000e+000  1.000000e+000
    endloop
  endfacet
  facet normal  0.000000e+000 -1.000000e+000  0.000000e+000
    outer loop
      vertex -3.000000e+000  6.500000e+000  1.000000e+000
      vertex -8.000000e+000  6.500000e+000  6.000000e+000
      vertex -8.000000e+000  6.500000e+000  1.000000e+000
    endloop
  endfacet
  facet normal  0.000000e+000  0.000000e+000  1.000000e+000
    outer loop
      vertex -8.000000e+000  6.500000e+000  1.000000e+000
      vertex -8.000000e+000 -6.500000e+000  1.000000e+000
      vertex -5.923880e+000  3.826834e-001  1.000000e+000
    endloop
  endfacet
  facet normal  0.000000e+000  -0.000000e+000  1.000000e+000
    outer loop
      vertex -8.000000e+000  6.500000e+000  1.000000e+000
      vertex -5.923880e+000  3.826834e-001  1.000000e+000
      vertex -5.707107e+000  7.071068e-001  1.000000e+000
    endloop
  endfacet
  facet normal  0.000000e+000  -0.000000e+000  1.000000e+000
    outer loop
      vertex -8.000000e+000  6.500000e+000  1.000000e+000
      vertex -5.707107e+000  7.071068e-001  1.000000e+000
      vertex -5.382683e+000  9.238795e-001  1.000000e+000
    endloop
  endfacet
  facet normal  0.000000e+000  -0.000000e+000  1.000000e+000
    outer loop
      vertex -8.000000e+000  6.500000e+000  1.000000e+000
      vertex -5.382683e+000  9.238795e-001  1.000000e+000
      vertex -5.000000e+000  1.000000e+000  1.000000e+000
    endloop
  endfacet
  facet normal  0.000000e+000  -0.000000e+000  9.999999e-001
    outer loop
      vertex -8.000000e+000  6.500000e+000  1.000000e+000
      vertex -5.000000e+000  1.000000e+000  1.000000e+000
      vertex -3.000000e+000  6.500000e+000  1.000000e+000
    endloop
  endfacet
  facet normal  0.000000e+000  -0.000000e+000  1.000000e+000
    outer loop
      vertex -8.000000e+000 -6.500000e+000  1.000000e+000
      vertex -3.000000e+000 -6.500000e+000  1.000000e+000
      vertex -3.000000e+000 -6.000000e+000  1.000000e+000
    endloop
  endfacet
  facet normal  0.000000e+000  0.000000e+000  1.000000e+000
    outer loop
      vertex -8.000000e+000 -6.500000e+000  1.000000e+000
      vertex -3.000000e+000 -6.000000e+000  1.000000e+000
      vertex -5.000000e+000 -1.000000e+000  1.000000e+000
    endloop
  endfacet
  facet normal  0.000000e+000  0.000000e+000  1.000000e+000
    outer loop
      vertex -8.000000e+000 -6.500000e+000  1.000000e+000
      vertex -5.000000e+000 -1.000000e+000  1.000000e+000
      vertex -5.382683e+000 -9.238795e-001  1.000000e+000
    endloop
  endfacet
  facet normal  0.000000e+000  0.000000e+000  1.000000e+000
    outer loop
      vertex -8.000000e+000 -6.500000e+000  1.000000e+000
      vertex -5.382683e+000 -9.238795e-001  1.000000e+000
      vertex -5.707107e+000 -7.071068e-001  1.000000e+000
    endloop
  endfacet
  facet normal  0.000000e+000  0.000000e+000  9.999999e-001
    outer loop
      vertex -8.000000e+000 -6.500000e+000  1.000000e+000
      vertex -5.707107e+000 -7.071068e-001  1.000000e+000
      vertex -5.923880e+000 -3.826834e-001  1.000000e+000
    endloop
  endfacet
  facet normal  0.000000e+000  0.000000e+000  1.000000e+000
    outer loop
      vertex -8.000000e+000 -6.500000e+000  1.000000e+000
      vertex -5.923880e+000 -3.826834e-001  1.000000e+000
      vertex -6.000000e+000  5.894386e-016  1.000000e+000
    endloop
  endfacet
  facet normal  0.000000e+000  -0.000000e+000  1.000000e+000
    outer loop
      vertex -8.000000e+000 -6.500000e+000  1.000000e+000
      vertex -6.000000e+000  5.894386e-016  1.000000e+000
      vertex -5.923880e+000  3.826834e-001  1.000000e+000
    endloop
  endfacet
  facet normal  0.000000e+000  0.000000e+000  1.000000e+000
    outer loop
      vertex  1.700000e+001 -6.000000e+000  1.000000e+000
      vertex  1.700000e+001  6.000000e+000  1.000000e+000
      vertex -4.617317e+000  9.238795e-001  1.000000e+000
    endloop
  endfacet
  facet normal  0.000000e+000  0.000000e+000  1.000000e+000
    outer loop
      vertex  1.700000e+001 -6.000000e+000  1.000000e+000
      vertex -4.617317e+000  9.238795e-001  1.000000e+000
      vertex -4.292893e+000  7.071068e-001  1.000000e+000
    endloop
  endfacet
  facet normal  0.000000e+000  0.000000e+000  1.000000e+000
    outer loop
      vertex  1.700000e+001 -6.000000e+000  1.000000e+000
      vertex -4.292893e+000  7.071068e-001  1.000000e+000
      vertex -4.076120e+000  3.826834e-001  1.000000e+000
    endloop
  endfacet
  facet normal  0.000000e+000  0.000000e+000  9.999999e-001
    outer loop
      vertex  1.700000e+001 -6.000000e+000  1.000000e+000
      vertex -4.076120e+000  3.826834e-001  1.000000e+000
      vertex -4.000000e+000  8.652937e-016  1.000000e+000
    endloop
  endfacet
  facet normal  0.000000e+000  0.000000e+000  1.000000e+000
    outer loop
      vertex  1.700000e+001 -6.000000e+000  1.000000e+000
      vertex -4.000000e+000  8.652937e-016  1.000000e+000
      vertex -4.076120e+000 -3.826834e-001  1.000000e+000
    endloop
  endfacet
  facet normal  0.000000e+000  0.000000e+000  1.000000e+000
    outer loop
      vertex  1.700000e+001 -6.000000e+000  1.000000e+000
      vertex -4.076120e+000 -3.826834e-001  1.000000e+000
      vertex -4.292893e+000 -7.071068e-001  1.000000e+000
    endloop
  endfacet
  facet normal  0.000000e+000  0.000000e+000  1.000000e+000
    outer loop
      vertex  1.700000e+001 -6.000000e+000  1.000000e+000
      vertex -4.292893e+000 -7.071068e-001  1.000000e+000
      vertex -4.617317e+000 -9.238795e-001  1.000000e+000
    endloop
  endfacet
  facet normal  0.000000e+000  0.000000e+000  1.000000e+000
    outer loop
      vertex  1.700000e+001 -6.000000e+000  1.000000e+000
      vertex -4.617317e+000 -9.238795e-001  1.000000e+000
      vertex -5.000000e+000 -1.000000e+000  1.000000e+000
    endloop
  endfacet
  facet normal  0.000000e+000  0.000000e+000  1.000000e+000
    outer loop
      vertex  1.700000e+001 -6.000000e+000  1.000000e+000
      vertex -5.000000e+000 -1.000000e+000  1.000000e+000
      vertex -3.000000e+000 -6.000000e+000  1.000000e+000
    endloop
  endfacet
  facet normal  0.000000e+000  0.000000e+000  1.000000e+000
    outer loop
      vertex -4.617317e+000  9.238795e-001  1.000000e+000
      vertex  1.700000e+001  6.000000e+000  1.000000e+000
      vertex -5.000000e+000  1.000000e+000  1.000000e+000
    endloop
  endfacet
  facet normal  0.000000e+000  0.000000e+000  1.000000e+000
    outer loop
      vertex -5.000000e+000  1.000000e+000  1.000000e+000
      vertex  1.700000e+001  6.000000e+000  1.000000e+000
      vertex -3.000000e+000  6.000000e+000  1.000000e+000
    endloop
  endfacet
  facet normal  0.000000e+000  -0.000000e+000  1.000000e+000
    outer loop
      vertex -5.000000e+000  1.000000e+000  1.000000e+000
      vertex -3.000000e+000  6.000000e+000  1.000000e+000
      vertex -3.000000e+000  6.500000e+000  1.000000e+000
    endloop
  endfacet
  facet normal  0.000000e+000  1.000000e+000  0.000000e+000
    outer loop
      vertex -8.000000e+000 -6.500000e+000  6.000000e+000
      vertex -3.000000e+000 -6.500000e+000  6.000000e+000
      vertex -8.000000e+000 -6.500000e+000  1.000000e+000
    endloop
  endfacet
  facet normal  0.000000e+000  1.000000e+000  0.000000e+000
    outer loop
      vertex -8.000000e+000 -6.500000e+000  1.000000e+000
      vertex -3.000000e+000 -6.500000e+000  6.000000e+000
      vertex -3.000000e+000 -6.500000e+000  1.000000e+000
    endloop
  endfacet
  facet normal  -0.000000e+000  9.914448e-001  1.305269e-001
    outer loop
      vertex -3.000000e+000  1.150000e+001  1.650000e+001
      vertex -8.000000e+000  1.150000e+001  1.650000e+001
      vertex -3.000000e+000  1.143185e+001  1.701764e+001
    endloop
  endfacet
  facet normal  0.000000e+000  9.914448e-001  1.305269e-001
    outer loop
      vertex -3.000000e+000  1.143185e+001  1.701764e+001
      vertex -8.000000e+000  1.150000e+001  1.650000e+001
      vertex -8.000000e+000  1.143185e+001  1.701764e+001
    endloop
  endfacet
  facet normal  -0.000000e+000  9.238800e-001  3.826823e-001
    outer loop
      vertex -3.000000e+000  1.143185e+001  1.701764e+001
      vertex -8.000000e+000  1.143185e+001  1.701764e+001
      vertex -3.000000e+000  1.123205e+001  1.750000e+001
    endloop
  endfacet
  facet normal  0.000000e+000  9.238800e-001  3.826823e-001
    outer loop
      vertex -3.000000e+000  1.123205e+001  1.750000e+001
      vertex -8.000000e+000  1.143185e+001  1.701764e+001
      vertex -8.000000e+000  1.123205e+001  1.750000e+001
    endloop
  endfacet
  facet normal  -0.000000e+000  7.933527e-001  6.087624e-001
    outer loop
      vertex -3.000000e+000  1.123205e+001  1.750000e+001
      vertex -8.000000e+000  1.123205e+001  1.750000e+001
      vertex -3.000000e+000  1.091421e+001  1.791421e+001
    endloop
  endfacet
  facet normal  0.000000e+000  7.933527e-001  6.087624e-001
    outer loop
      vertex -3.000000e+000  1.091421e+001  1.791421e+001
      vertex -8.000000e+000  1.123205e+001  1.750000e+001
      vertex -8.000000e+000  1.091421e+001  1.791421e+001
    endloop
  endfacet
  facet normal  -0.000000e+000  6.087612e-001  7.933535e-001
    outer loop
      vertex -3.000000e+000  1.091421e+001  1.791421e+001
      vertex -8.000000e+000  1.091421e+001  1.791421e+001
      vertex -3.000000e+000  1.050000e+001  1.823205e+001
    endloop
  endfacet
  facet normal  0.000000e+000  6.087612e-001  7.933535e-001
    outer loop
      vertex -3.000000e+000  1.050000e+001  1.823205e+001
      vertex -8.000000e+000  1.091421e+001  1.791421e+001
      vertex -8.000000e+000  1.050000e+001  1.823205e+001
    endloop
  endfacet
  facet normal  -0.000000e+000  3.826860e-001  9.238784e-001
    outer loop
      vertex -3.000000e+000  1.050000e+001  1.823205e+001
      vertex -8.000000e+000  1.050000e+001  1.823205e+001
      vertex -3.000000e+000  1.001764e+001  1.843185e+001
    endloop
  endfacet
  facet normal  0.000000e+000  3.826860e-001  9.238784e-001
    outer loop
      vertex -3.000000e+000  1.001764e+001  1.843185e+001
      vertex -8.000000e+000  1.050000e+001  1.823205e+001
      vertex -8.000000e+000  1.001764e+001  1.843185e+001
    endloop
  endfacet
  facet normal  -0.000000e+000  1.305249e-001  9.914451e-001
    outer loop
      vertex -3.000000e+000  1.001764e+001  1.843185e+001
      vertex -8.000000e+000  1.001764e+001  1.843185e+001
      vertex -3.000000e+000  9.500000e+000  1.850000e+001
    endloop
  endfacet
  facet normal  0.000000e+000  1.305249e-001  9.914451e-001
    outer loop
      vertex -3.000000e+000  9.500000e+000  1.850000e+001
      vertex -8.000000e+000  1.001764e+001  1.843185e+001
      vertex -8.000000e+000  9.500000e+000  1.850000e+001
    endloop
  endfacet
  facet normal  -0.000000e+000  0.000000e+000  1.000000e+000
    outer loop
      vertex  2.100000e+001  7.500000e+000  1.850000e+001
      vertex -3.000000e+000  7.500000e+000  1.850000e+001
      vertex -3.500000e+000  6.000000e+000  1.850000e+001
    endloop
  endfacet
  facet normal  0.000000e+000  0.000000e+000  1.000000e+000
    outer loop
      vertex  2.100000e+001  7.500000e+000  1.850000e+001
      vertex -3.500000e+000  6.000000e+000  1.850000e+001
      vertex  2.150000e+001  6.000000e+000  1.850000e+001
    endloop
  endfacet
  facet normal  0.000000e+000  -0.000000e+000  1.000000e+000
    outer loop
      vertex  2.100000e+001  7.500000e+000  1.850000e+001
      vertex  2.150000e+001  6.000000e+000  1.850000e+001
      vertex  2.271010e+001  7.198463e+000  1.850000e+001
    endloop
  endfacet
  facet normal  0.000000e+000  0.000000e+000  1.000000e+000
    outer loop
      vertex  2.100000e+001  7.500000e+000  1.850000e+001
      vertex  2.271010e+001  7.198463e+000  1.850000e+001
      vertex  2.186824e+001  7.424039e+000  1.850000e+001
    endloop
  endfacet
  facet normal  -0.000000e+000  0.000000e+000  1.000000e+000
    outer loop
      vertex  2.600000e+001  2.500000e+000  1.850000e+001
      vertex  2.300000e+001  1.000000e+000  1.850000e+001
      vertex  2.338268e+001  9.238795e-001  1.850000e+001
    endloop
  endfacet
  facet normal  -0.000000e+000  0.000000e+000  1.000000e+000
    outer loop
      vertex  2.600000e+001  2.500000e+000  1.850000e+001
      vertex  2.338268e+001  9.238795e-001  1.850000e+001
      vertex  2.370711e+001  7.071068e-001  1.850000e+001
    endloop
  endfacet
  facet normal  -0.000000e+000  0.000000e+000  1.000000e+000
    outer loop
      vertex  2.600000e+001  2.500000e+000  1.850000e+001
      vertex  2.370711e+001  7.071068e-001  1.850000e+001
      vertex  2.600000e+001 -2.500000e+000  1.850000e+001
    endloop
  endfacet
  facet normal  -0.000000e+000  0.000000e+000  1.000000e+000
    outer loop
      vertex  2.300000e+001 -1.000000e+000  1.850000e+001
      vertex  2.150000e+001 -6.000000e+000  1.850000e+001
      vertex  2.271010e+001 -7.198463e+000  1.850000e+001
    endloop
  endfacet
  facet normal  0.000000e+000  0.000000e+000  1.000000e+000
    outer loop
      vertex  2.300000e+001 -1.000000e+000  1.850000e+001
      vertex  2.271010e+001 -7.198463e+000  1.850000e+001
      vertex  2.350000e+001 -6.830127e+000  1.850000e+001
    endloop
  endfacet
  facet normal  0.000000e+000  -0.000000e+000  1.000000e+000
    outer loop
      vertex  2.300000e+001 -1.000000e+000  1.850000e+001
      vertex  2.350000e+001 -6.830127e+000  1.850000e+001
      vertex  2.421394e+001 -6.330222e+000  1.850000e+001
    endloop
  endfacet
  facet normal  0.000000e+000  -0.000000e+000  1.000000e+000
    outer loop
      vertex  2.300000e+001 -1.000000e+000  1.850000e+001
      vertex  2.421394e+001 -6.330222e+000  1.850000e+001
      vertex  2.483022e+001 -5.713938e+000  1.850000e+001
    endloop
  endfacet
  facet normal  0.000000e+000  -0.000000e+000  1.000000e+000
    outer loop
      vertex  2.300000e+001 -1.000000e+000  1.850000e+001
      vertex  2.483022e+001 -5.713938e+000  1.850000e+001
      vertex  2.533013e+001 -5.000000e+000  1.850000e+001
    endloop
  endfacet
  facet normal  0.000000e+000  -0.000000e+000  1.000000e+000
    outer loop
      vertex  2.300000e+001 -1.000000e+000  1.850000e+001
      vertex  2.533013e+001 -5.000000e+000  1.850000e+001
      vertex  2.569846e+001 -4.210101e+000  1.850000e+001
    endloop
  endfacet
  facet normal  0.000000e+000  -0.000000e+000  1.000000e+000
    outer loop
      vertex  2.300000e+001 -1.000000e+000  1.850000e+001
      vertex  2.569846e+001 -4.210101e+000  1.850000e+001
      vertex  2.592404e+001 -3.368241e+000  1.850000e+001
    endloop
  endfacet
  facet normal  0.000000e+000  -0.000000e+000  1.000000e+000
    outer loop
      vertex  2.300000e+001 -1.000000e+000  1.850000e+001
      vertex  2.592404e+001 -3.368241e+000  1.850000e+001
      vertex  2.600000e+001 -2.500000e+000  1.850000e+001
    endloop
  endfacet
  facet normal  0.000000e+000  0.000000e+000  1.000000e+000
    outer loop
      vertex -8.000000e+000  9.500000e+000  1.850000e+001
      vertex -8.000000e+000 -9.500000e+000  1.850000e+001
      vertex -6.000000e+000 -5.436692e-016  1.850000e+001
    endloop
  endfacet
  facet normal  0.000000e+000  -0.000000e+000  1.000000e+000
    outer loop
      vertex -8.000000e+000  9.500000e+000  1.850000e+001
      vertex -6.000000e+000 -5.436692e-016  1.850000e+001
      vertex -5.923880e+000  3.826834e-001  1.850000e+001
    endloop
  endfacet
  facet normal  0.000000e+000  -0.000000e+000  1.000000e+000
    outer loop
      vertex -8.000000e+000  9.500000e+000  1.850000e+001
      vertex -5.923880e+000  3.826834e-001  1.850000e+001
      vertex -5.707107e+000  7.071068e-001  1.850000e+001
    endloop
  endfacet
  facet normal  0.000000e+000  -0.000000e+000  1.000000e+000
    outer loop
      vertex -8.000000e+000  9.500000e+000  1.850000e+001
      vertex -5.707107e+000  7.071068e-001  1.850000e+001
      vertex -5.382683e+000  9.238795e-001  1.850000e+001
    endloop
  endfacet
  facet normal  0.000000e+000  -0.000000e+000  1.000000e+000
    outer loop
      vertex -8.000000e+000  9.500000e+000  1.850000e+001
      vertex -5.382683e+000  9.238795e-001  1.850000e+001
      vertex -5.000000e+000  1.000000e+000  1.850000e+001
    endloop
  endfacet
  facet normal  0.000000e+000  -0.000000e+000  1.000000e+000
    outer loop
      vertex -8.000000e+000  9.500000e+000  1.850000e+001
      vertex -5.000000e+000  1.000000e+000  1.850000e+001
      vertex -3.000000e+000  9.500000e+000  1.850000e+001
    endloop
  endfacet
  facet normal  0.000000e+000  -0.000000e+000  1.000000e+000
    outer loop
      vertex -8.000000e+000 -9.500000e+000  1.850000e+001
      vertex -3.000000e+000 -9.500000e+000  1.850000e+001
      vertex -3.000000e+000 -7.500000e+000  1.850000e+001
    endloop
  endfacet
  facet normal  0.000000e+000  0.000000e+000  1.000000e+000
    outer loop
      vertex -8.000000e+000 -9.500000e+000  1.850000e+001
      vertex -3.000000e+000 -7.500000e+000  1.850000e+001
      vertex -3.500000e+000 -6.000000e+000  1.850000e+001
    endloop
  endfacet
  facet normal  0.000000e+000  0.000000e+000  1.000000e+000
    outer loop
      vertex -8.000000e+000 -9.500000e+000  1.850000e+001
      vertex -3.500000e+000 -6.000000e+000  1.850000e+001
      vertex -5.000000e+000 -1.000000e+000  1.850000e+001
    endloop
  endfacet
  facet normal  0.000000e+000  0.000000e+000  1.000000e+000
    outer loop
      vertex -8.000000e+000 -9.500000e+000  1.850000e+001
      vertex -5.000000e+000 -1.000000e+000  1.850000e+001
      vertex -5.382683e+000 -9.238795e-001  1.850000e+001
    endloop
  endfacet
  facet normal  0.000000e+000  0.000000e+000  1.000000e+000
    outer loop
      vertex -8.000000e+000 -9.500000e+000  1.850000e+001
      vertex -5.382683e+000 -9.238795e-001  1.850000e+001
      vertex -5.707107e+000 -7.071068e-001  1.850000e+001
    endloop
  endfacet
  facet normal  0.000000e+000  0.000000e+000  1.000000e+000
    outer loop
      vertex -8.000000e+000 -9.500000e+000  1.850000e+001
      vertex -5.707107e+000 -7.071068e-001  1.850000e+001
      vertex -5.923880e+000 -3.826834e-001  1.850000e+001
    endloop
  endfacet
  facet normal  0.000000e+000  0.000000e+000  1.000000e+000
    outer loop
      vertex -8.000000e+000 -9.500000e+000  1.850000e+001
      vertex -5.923880e+000 -3.826834e-001  1.850000e+001
      vertex -6.000000e+000 -5.436692e-016  1.850000e+001
    endloop
  endfacet
  facet normal  0.000000e+000  0.000000e+000  1.000000e+000
    outer loop
      vertex -3.500000e+000 -6.000000e+000  1.850000e+001
      vertex -4.000000e+000  4.212044e-016  1.850000e+001
      vertex -4.076120e+000 -3.826834e-001  1.850000e+001
    endloop
  endfacet
  facet normal  0.000000e+000  0.000000e+000  1.000000e+000
    outer loop
      vertex -3.500000e+000 -6.000000e+000  1.850000e+001
      vertex -4.076120e+000 -3.826834e-001  1.850000e+001
      vertex -4.292893e+000 -7.071068e-001  1.850000e+001
    endloop
  endfacet
  facet normal  0.000000e+000  0.000000e+000  9.999999e-001
    outer loop
      vertex -3.500000e+000 -6.000000e+000  1.850000e+001
      vertex -4.292893e+000 -7.071068e-001  1.850000e+001
      vertex -4.617317e+000 -9.238795e-001  1.850000e+001
    endloop
  endfacet
  facet normal  0.000000e+000  0.000000e+000  1.000000e+000
    outer loop
      vertex -3.500000e+000 -6.000000e+000  1.850000e+001
      vertex -4.617317e+000 -9.238795e-001  1.850000e+001
      vertex -5.000000e+000 -1.000000e+000  1.850000e+001
    endloop
  endfacet
  facet normal  0.000000e+000  -0.000000e+000  1.000000e+000
    outer loop
      vertex -3.500000e+000  6.000000e+000  1.850000e+001
      vertex -3.000000e+000  7.500000e+000  1.850000e+001
      vertex -3.000000e+000  9.500000e+000  1.850000e+001
    endloop
  endfacet
  facet normal  0.000000e+000  0.000000e+000  1.000000e+000
    outer loop
      vertex -3.500000e+000  6.000000e+000  1.850000e+001
      vertex -3.000000e+000  9.500000e+000  1.850000e+001
      vertex -5.000000e+000  1.000000e+000  1.850000e+001
    endloop
  endfacet
  facet normal  -0.000000e+000  0.000000e+000  1.000000e+000
    outer loop
      vertex -3.500000e+000  6.000000e+000  1.850000e+001
      vertex -5.000000e+000  1.000000e+000  1.850000e+001
      vertex -4.617317e+000  9.238795e-001  1.850000e+001
    endloop
  endfacet
  facet normal  -0.000000e+000  0.000000e+000  9.999999e-001
    outer loop
      vertex -3.500000e+000  6.000000e+000  1.850000e+001
      vertex -4.617317e+000  9.238795e-001  1.850000e+001
      vertex -4.292893e+000  7.071068e-001  1.850000e+001
    endloop
  endfacet
  facet normal  -0.000000e+000  0.000000e+000  1.000000e+000
    outer loop
      vertex -3.500000e+000  6.000000e+000  1.850000e+001
      vertex -4.292893e+000  7.071068e-001  1.850000e+001
      vertex -4.076120e+000  3.826834e-001  1.850000e+001
    endloop
  endfacet
  facet normal  -0.000000e+000  0.000000e+000  1.000000e+000
    outer loop
      vertex -3.500000e+000  6.000000e+000  1.850000e+001
      vertex -4.076120e+000  3.826834e-001  1.850000e+001
      vertex -4.000000e+000  4.212044e-016  1.850000e+001
    endloop
  endfacet
  facet normal  -0.000000e+000  0.000000e+000  1.000000e+000
    outer loop
      vertex -3.500000e+000  6.000000e+000  1.850000e+001
      vertex -4.000000e+000  4.212044e-016  1.850000e+001
      vertex -3.500000e+000 -6.000000e+000  1.850000e+001
    endloop
  endfacet
  facet normal  0.000000e+000  0.000000e+000  1.000000e+000
    outer loop
      vertex  2.150000e+001 -6.000000e+000  1.850000e+001
      vertex  2.300000e+001 -1.000000e+000  1.850000e+001
      vertex  2.261732e+001 -9.238795e-001  1.850000e+001
    endloop
  endfacet
  facet normal  0.000000e+000  0.000000e+000  1.000000e+000
    outer loop
      vertex  2.150000e+001 -6.000000e+000  1.850000e+001
      vertex  2.261732e+001 -9.238795e-001  1.850000e+001
      vertex  2.229289e+001 -7.071068e-001  1.850000e+001
    endloop
  endfacet
  facet normal  0.000000e+000  0.000000e+000  1.000000e+000
    outer loop
      vertex  2.150000e+001 -6.000000e+000  1.850000e+001
      vertex  2.229289e+001 -7.071068e-001  1.850000e+001
      vertex  2.207612e+001 -3.826834e-001  1.850000e+001
    endloop
  endfacet
  facet normal  0.000000e+000  0.000000e+000  1.000000e+000
    outer loop
      vertex  2.150000e+001 -6.000000e+000  1.850000e+001
      vertex  2.207612e+001 -3.826834e-001  1.850000e+001
      vertex  2.200000e+001  5.894386e-016  1.850000e+001
    endloop
  endfacet
  facet normal  0.000000e+000  0.000000e+000  1.000000e+000
    outer loop
      vertex  2.150000e+001  6.000000e+000  1.850000e+001
      vertex  2.150000e+001 -6.000000e+000  1.850000e+001
      vertex  2.200000e+001  5.894386e-016  1.850000e+001
    endloop
  endfacet
  facet normal  0.000000e+000  -0.000000e+000  1.000000e+000
    outer loop
      vertex  2.150000e+001  6.000000e+000  1.850000e+001
      vertex  2.200000e+001  5.894386e-016  1.850000e+001
      vertex  2.207612e+001  3.826834e-001  1.850000e+001
    endloop
  endfacet
  facet normal  0.000000e+000  -0.000000e+000  1.000000e+000
    outer loop
      vertex  2.150000e+001  6.000000e+000  1.850000e+001
      vertex  2.207612e+001  3.826834e-001  1.850000e+001
      vertex  2.229289e+001  7.071068e-001  1.850000e+001
    endloop
  endfacet
  facet normal  0.000000e+000  -0.000000e+000  1.000000e+000
    outer loop
      vertex  2.150000e+001  6.000000e+000  1.850000e+001
      vertex  2.229289e+001  7.071068e-001  1.850000e+001
      vertex  2.261732e+001  9.238795e-001  1.850000e+001
    endloop
  endfacet
  facet normal  0.000000e+000  -0.000000e+000  1.000000e+000
    outer loop
      vertex  2.150000e+001  6.000000e+000  1.850000e+001
      vertex  2.261732e+001  9.238795e-001  1.850000e+001
      vertex  2.300000e+001  1.000000e+000  1.850000e+001
    endloop
  endfacet
  facet normal  0.000000e+000  -0.000000e+000  1.000000e+000
    outer loop
      vertex  2.150000e+001  6.000000e+000  1.850000e+001
      vertex  2.300000e+001  1.000000e+000  1.850000e+001
      vertex  2.350000e+001  6.830127e+000  1.850000e+001
    endloop
  endfacet
  facet normal  0.000000e+000  0.000000e+000  1.000000e+000
    outer loop
      vertex  2.150000e+001  6.000000e+000  1.850000e+001
      vertex  2.350000e+001  6.830127e+000  1.850000e+001
      vertex  2.271010e+001  7.198463e+000  1.850000e+001
    endloop
  endfacet
  facet normal  0.000000e+000  0.000000e+000  1.000000e+000
    outer loop
      vertex  2.300000e+001  1.000000e+000  1.850000e+001
      vertex  2.600000e+001  2.500000e+000  1.850000e+001
      vertex  2.592404e+001  3.368241e+000  1.850000e+001
    endloop
  endfacet
  facet normal  0.000000e+000  0.000000e+000  1.000000e+000
    outer loop
      vertex  2.300000e+001  1.000000e+000  1.850000e+001
      vertex  2.592404e+001  3.368241e+000  1.850000e+001
      vertex  2.569846e+001  4.210101e+000  1.850000e+001
    endloop
  endfacet
  facet normal  0.000000e+000  0.000000e+000  1.000000e+000
    outer loop
      vertex  2.300000e+001  1.000000e+000  1.850000e+001
      vertex  2.569846e+001  4.210101e+000  1.850000e+001
      vertex  2.533013e+001  5.000000e+000  1.850000e+001
    endloop
  endfacet
  facet normal  0.000000e+000  0.000000e+000  9.999999e-001
    outer loop
      vertex  2.300000e+001  1.000000e+000  1.850000e+001
      vertex  2.533013e+001  5.000000e+000  1.850000e+001
      vertex  2.483022e+001  5.713938e+000  1.850000e+001
    endloop
  endfacet
  facet normal  0.000000e+000  0.000000e+000  1.000000e+000
    outer loop
      vertex  2.300000e+001  1.000000e+000  1.850000e+001
      vertex  2.483022e+001  5.713938e+000  1.850000e+001
      vertex  2.421394e+001  6.330222e+000  1.850000e+001
    endloop
  endfacet
  facet normal  0.000000e+000  0.000000e+000  1.000000e+000
    outer loop
      vertex  2.300000e+001  1.000000e+000  1.850000e+001
      vertex  2.421394e+001  6.330222e+000  1.850000e+001
      vertex  2.350000e+001  6.830127e+000  1.850000e+001
    endloop
  endfacet
  facet normal  0.000000e+000  0.000000e+000  1.000000e+000
    outer loop
      vertex  2.600000e+001 -2.500000e+000  1.850000e+001
      vertex  2.370711e+001  7.071068e-001  1.850000e+001
      vertex  2.392388e+001  3.826834e-001  1.850000e+001
    endloop
  endfacet
  facet normal  0.000000e+000  0.000000e+000  1.000000e+000
    outer loop
      vertex  2.600000e+001 -2.500000e+000  1.850000e+001
      vertex  2.392388e+001  3.826834e-001  1.850000e+001
      vertex  2.400000e+001  8.652937e-016  1.850000e+001
    endloop
  endfacet
  facet normal  0.000000e+000  0.000000e+000  1.000000e+000
    outer loop
      vertex  2.600000e+001 -2.500000e+000  1.850000e+001
      vertex  2.400000e+001  8.652937e-016  1.850000e+001
      vertex  2.392388e+001 -3.826834e-001  1.850000e+001
    endloop
  endfacet
  facet normal  0.000000e+000  0.000000e+000  1.000000e+000
    outer loop
      vertex  2.600000e+001 -2.500000e+000  1.850000e+001
      vertex  2.392388e+001 -3.826834e-001  1.850000e+001
      vertex  2.370711e+001 -7.071068e-001  1.850000e+001
    endloop
  endfacet
  facet normal  0.000000e+000  0.000000e+000  1.000000e+000
    outer loop
      vertex  2.600000e+001 -2.500000e+000  1.850000e+001
      vertex  2.370711e+001 -7.071068e-001  1.850000e+001
      vertex  2.338268e+001 -9.238795e-001  1.850000e+001
    endloop
  endfacet
  facet normal  0.000000e+000  0.000000e+000  1.000000e+000
    outer loop
      vertex  2.600000e+001 -2.500000e+000  1.850000e+001
      vertex  2.338268e+001 -9.238795e-001  1.850000e+001
      vertex  2.300000e+001 -1.000000e+000  1.850000e+001
    endloop
  endfacet
  facet normal  0.000000e+000  0.000000e+000  1.000000e+000
    outer loop
      vertex  2.186824e+001 -7.424039e+000  1.850000e+001
      vertex  2.271010e+001 -7.198463e+000  1.850000e+001
      vertex  2.100000e+001 -7.500000e+000  1.850000e+001
    endloop
  endfacet
  facet normal  0.000000e+000  0.000000e+000  1.000000e+000
    outer loop
      vertex  2.100000e+001 -7.500000e+000  1.850000e+001
      vertex  2.271010e+001 -7.198463e+000  1.850000e+001
      vertex  2.150000e+001 -6.000000e+000  1.850000e+001
    endloop
  endfacet
  facet normal  0.000000e+000  0.000000e+000  1.000000e+000
    outer loop
      vertex  2.100000e+001 -7.500000e+000  1.850000e+001
      vertex  2.150000e+001 -6.000000e+000  1.850000e+001
      vertex -3.000000e+000 -7.500000e+000  1.850000e+001
    endloop
  endfacet
  facet normal  0.000000e+000  -0.000000e+000  1.000000e+000
    outer loop
      vertex -3.000000e+000 -7.500000e+000  1.850000e+001
      vertex  2.150000e+001 -6.000000e+000  1.850000e+001
      vertex -3.500000e+000 -6.000000e+000  1.850000e+001
    endloop
  endfacet
  facet normal  0.000000e+000  0.000000e+000 -1.000000e+000
    outer loop
      vertex  2.701923e-001 -6.230549e-001  0.000000e+000
      vertex -4.292893e+000 -7.071068e-001  0.000000e+000
      vertex -4.076120e+000 -3.826834e-001  0.000000e+000
    endloop
  endfacet
  facet normal  -0.000000e+000  -0.000000e+000 -1.000000e+000
    outer loop
      vertex  2.100000e+001  7.500000e+000  0.000000e+000
      vertex  2.186824e+001  7.424039e+000  0.000000e+000
      vertex  2.271010e+001  7.198463e+000  0.000000e+000
    endloop
  endfacet
  facet normal  -0.000000e+000  0.000000e+000 -1.000000e+000
    outer loop
      vertex  2.100000e+001  7.500000e+000  0.000000e+000
      vertex  2.271010e+001  7.198463e+000  0.000000e+000
      vertex  2.150000e+001  6.000000e+000  0.000000e+000
    endloop
  endfacet
  facet normal  0.000000e+000  0.000000e+000 -1.000000e+000
    outer loop
      vertex  2.100000e+001  7.500000e+000  0.000000e+000
      vertex  2.150000e+001  6.000000e+000  0.000000e+000
      vertex  1.700000e+001  6.000000e+000  0.000000e+000
    endloop
  endfacet
  facet normal  0.000000e+000  0.000000e+000 -1.000000e+000
    outer loop
      vertex  2.100000e+001  7.500000e+000  0.000000e+000
      vertex  1.700000e+001  6.000000e+000  0.000000e+000
      vertex -3.000000e+000  7.500000e+000  0.000000e+000
    endloop
  endfacet
  facet normal  0.000000e+000  0.000000e+000 -1.000000e+000
    outer loop
      vertex  2.600000e+001  2.500000e+000  0.000000e+000
      vertex  2.600000e+001 -2.500000e+000  0.000000e+000
      vertex  2.370711e+001  7.071068e-001  0.000000e+000
    endloop
  endfacet
  facet normal  0.000000e+000  0.000000e+000 -1.000000e+000
    outer loop
      vertex  2.600000e+001  2.500000e+000  0.000000e+000
      vertex  2.370711e+001  7.071068e-001  0.000000e+000
      vertex  2.338268e+001  9.238795e-001  0.000000e+000
    endloop
  endfacet
  facet normal  0.000000e+000  0.000000e+000 -1.000000e+000
    outer loop
      vertex  2.600000e+001  2.500000e+000  0.000000e+000
      vertex  2.338268e+001  9.238795e-001  0.000000e+000
      vertex  2.300000e+001  1.000000e+000  0.000000e+000
    endloop
  endfacet
  facet normal  -0.000000e+000  0.000000e+000 -1.000000e+000
    outer loop
      vertex  2.300000e+001 -1.000000e+000  0.000000e+000
      vertex  2.600000e+001 -2.500000e+000  0.000000e+000
      vertex  2.592404e+001 -3.368241e+000  0.000000e+000
    endloop
  endfacet
  facet normal  -0.000000e+000  0.000000e+000 -1.000000e+000
    outer loop
      vertex  2.300000e+001 -1.000000e+000  0.000000e+000
      vertex  2.592404e+001 -3.368241e+000  0.000000e+000
      vertex  2.569846e+001 -4.210101e+000  0.000000e+000
    endloop
  endfacet
  facet normal  -0.000000e+000  0.000000e+000 -1.000000e+000
    outer loop
      vertex  2.300000e+001 -1.000000e+000  0.000000e+000
      vertex  2.569846e+001 -4.210101e+000  0.000000e+000
      vertex  2.533013e+001 -5.000000e+000  0.000000e+000
    endloop
  endfacet
  facet normal  -0.000000e+000  0.000000e+000 -9.999999e-001
    outer loop
      vertex  2.300000e+001 -1.000000e+000  0.000000e+000
      vertex  2.533013e+001 -5.000000e+000  0.000000e+000
      vertex  2.483022e+001 -5.713938e+000  0.000000e+000
    endloop
  endfacet
  facet normal  -0.000000e+000  0.000000e+000 -1.000000e+000
    outer loop
      vertex  2.300000e+001 -1.000000e+000  0.000000e+000
      vertex  2.483022e+001 -5.713938e+000  0.000000e+000
      vertex  2.421394e+001 -6.330222e+000  0.000000e+000
    endloop
  endfacet
  facet normal  -0.000000e+000  0.000000e+000 -1.000000e+000
    outer loop
      vertex  2.300000e+001 -1.000000e+000  0.000000e+000
      vertex  2.421394e+001 -6.330222e+000  0.000000e+000
      vertex  2.350000e+001 -6.830127e+000  0.000000e+000
    endloop
  endfacet
  facet normal  -0.000000e+000  0.000000e+000 -1.000000e+000
    outer loop
      vertex  2.300000e+001 -1.000000e+000  0.000000e+000
      vertex  2.350000e+001 -6.830127e+000  0.000000e+000
      vertex  2.271010e+001 -7.198463e+000  0.000000e+000
    endloop
  endfacet
  facet normal  0.000000e+000  0.000000e+000 -1.000000e+000
    outer loop
      vertex  2.300000e+001 -1.000000e+000  0.000000e+000
      vertex  2.271010e+001 -7.198463e+000  0.000000e+000
      vertex  2.150000e+001 -6.000000e+000  0.000000e+000
    endloop
  endfacet
  facet normal  -0.000000e+000  0.000000e+000 -1.000000e+000
    outer loop
      vertex -8.000000e+000  9.500000e+000  0.000000e+000
      vertex -3.000000e+000  9.500000e+000  0.000000e+000
      vertex -5.000000e+000  1.000000e+000  0.000000e+000
    endloop
  endfacet
  facet normal  -0.000000e+000  0.000000e+000 -1.000000e+000
    outer loop
      vertex -8.000000e+000  9.500000e+000  0.000000e+000
      vertex -5.000000e+000  1.000000e+000  0.000000e+000
      vertex -5.382683e+000  9.238795e-001  0.000000e+000
    endloop
  endfacet
  facet normal  -0.000000e+000  0.000000e+000 -1.000000e+000
    outer loop
      vertex -8.000000e+000  9.500000e+000  0.000000e+000
      vertex -5.382683e+000  9.238795e-001  0.000000e+000
      vertex -5.707107e+000  7.071068e-001  0.000000e+000
    endloop
  endfacet
  facet normal  -0.000000e+000  0.000000e+000 -1.000000e+000
    outer loop
      vertex -8.000000e+000  9.500000e+000  0.000000e+000
      vertex -5.707107e+000  7.071068e-001  0.000000e+000
      vertex -5.923880e+000  3.826834e-001  0.000000e+000
    endloop
  endfacet
  facet normal  -0.000000e+000  0.000000e+000 -1.000000e+000
    outer loop
      vertex -8.000000e+000  9.500000e+000  0.000000e+000
      vertex -5.923880e+000  3.826834e-001  0.000000e+000
      vertex -6.000000e+000  5.894386e-016  0.000000e+000
    endloop
  endfacet
  facet normal  -0.000000e+000  0.000000e+000 -1.000000e+000
    outer loop
      vertex -8.000000e+000  9.500000e+000  0.000000e+000
      vertex -6.000000e+000  5.894386e-016  0.000000e+000
      vertex -8.000000e+000 -9.500000e+000  0.000000e+000
    endloop
  endfacet
  facet normal  0.000000e+000  -0.000000e+000 -1.000000e+000
    outer loop
      vertex -8.000000e+000 -9.500000e+000  0.000000e+000
      vertex -6.000000e+000  5.894386e-016  0.000000e+000
      vertex -5.923880e+000 -3.826834e-001  0.000000e+000
    endloop
  endfacet
  facet normal  0.000000e+000  -0.000000e+000 -1.000000e+000
    outer loop
      vertex -8.000000e+000 -9.500000e+000  0.000000e+000
      vertex -5.923880e+000 -3.826834e-001  0.000000e+000
      vertex -5.707107e+000 -7.071068e-001  0.000000e+000
    endloop
  endfacet
  facet normal  0.000000e+000  -0.000000e+000 -1.000000e+000
    outer loop
      vertex -8.000000e+000 -9.500000e+000  0.000000e+000
      vertex -5.707107e+000 -7.071068e-001  0.000000e+000
      vertex -5.382683e+000 -9.238795e-001  0.000000e+000
    endloop
  endfacet
  facet normal  0.000000e+000  -0.000000e+000 -1.000000e+000
    outer loop
      vertex -8.000000e+000 -9.500000e+000  0.000000e+000
      vertex -5.382683e+000 -9.238795e-001  0.000000e+000
      vertex -5.000000e+000 -1.000000e+000  0.000000e+000
    endloop
  endfacet
  facet normal  0.000000e+000  -0.000000e+000 -1.000000e+000
    outer loop
      vertex -8.000000e+000 -9.500000e+000  0.000000e+000
      vertex -5.000000e+000 -1.000000e+000  0.000000e+000
      vertex -3.000000e+000 -7.500000e+000  0.000000e+000
    endloop
  endfacet
  facet normal  0.000000e+000  -0.000000e+000 -1.000000e+000
    outer loop
      vertex -8.000000e+000 -9.500000e+000  0.000000e+000
      vertex -3.000000e+000 -7.500000e+000  0.000000e+000
      vertex -3.000000e+000 -9.500000e+000  0.000000e+000
    endloop
  endfacet
  facet normal  0.000000e+000  -0.000000e+000 -1.000000e+000
    outer loop
      vertex -5.000000e+000  1.000000e+000  0.000000e+000
      vertex -3.000000e+000  9.500000e+000  0.000000e+000
      vertex -3.000000e+000  7.500000e+000  0.000000e+000
    endloop
  endfacet
  facet normal  0.000000e+000  -0.000000e+000 -1.000000e+000
    outer loop
      vertex -5.000000e+000  1.000000e+000  0.000000e+000
      vertex -3.000000e+000  7.500000e+000  0.000000e+000
      vertex  2.376932e+000  2.729802e+000  0.000000e+000
    endloop
  endfacet
  facet normal  0.000000e+000  0.000000e+000 -1.000000e+000
    outer loop
      vertex -5.000000e+000  1.000000e+000  0.000000e+000
      vertex  2.376932e+000  2.729802e+000  0.000000e+000
      vertex  1.785116e+000  2.522717e+000  0.000000e+000
    endloop
  endfacet
  facet normal  0.000000e+000  0.000000e+000 -1.000000e+000
    outer loop
      vertex -5.000000e+000  1.000000e+000  0.000000e+000
      vertex  1.785116e+000  2.522717e+000  0.000000e+000
      vertex  1.254219e+000  2.189132e+000  0.000000e+000
    endloop
  endfacet
  facet normal  0.000000e+000  0.000000e+000 -1.000000e+000
    outer loop
      vertex -5.000000e+000  1.000000e+000  0.000000e+000
      vertex  1.254219e+000  2.189132e+000  0.000000e+000
      vertex  8.108623e-001  1.745775e+000  0.000000e+000
    endloop
  endfacet
  facet normal  0.000000e+000  0.000000e+000 -1.000000e+000
    outer loop
      vertex -5.000000e+000  1.000000e+000  0.000000e+000
      vertex  8.108623e-001  1.745775e+000  0.000000e+000
      vertex  4.772776e-001  1.214878e+000  0.000000e+000
    endloop
  endfacet
  facet normal  0.000000e+000  0.000000e+000 -1.000000e+000
    outer loop
      vertex -5.000000e+000  1.000000e+000  0.000000e+000
      vertex  4.772776e-001  1.214878e+000  0.000000e+000
      vertex  2.701923e-001  6.230623e-001  0.000000e+000
    endloop
  endfacet
  facet normal  0.000000e+000  0.000000e+000 -1.000000e+000
    outer loop
      vertex -5.000000e+000  1.000000e+000  0.000000e+000
      vertex  2.701923e-001  6.230623e-001  0.000000e+000
      vertex -4.617317e+000  9.238795e-001  0.000000e+000
    endloop
  endfacet
  facet normal  0.000000e+000  0.000000e+000 -1.000000e+000
    outer loop
      vertex -3.000000e+000 -7.500000e+000  0.000000e+000
      vertex -5.000000e+000 -1.000000e+000  0.000000e+000
      vertex  4.772776e-001 -1.214871e+000  0.000000e+000
    endloop
  endfacet
  facet normal  0.000000e+000  -0.000000e+000 -9.999999e-001
    outer loop
      vertex -3.000000e+000 -7.500000e+000  0.000000e+000
      vertex  4.772776e-001 -1.214871e+000  0.000000e+000
      vertex  8.108623e-001 -1.745768e+000  0.000000e+000
    endloop
  endfacet
  facet normal  0.000000e+000  -0.000000e+000 -1.000000e+000
    outer loop
      vertex -3.000000e+000 -7.500000e+000  0.000000e+000
      vertex  8.108623e-001 -1.745768e+000  0.000000e+000
      vertex  1.254219e+000 -2.189124e+000  0.000000e+000
    endloop
  endfacet
  facet normal  0.000000e+000  -0.000000e+000 -1.000000e+000
    outer loop
      vertex -3.000000e+000 -7.500000e+000  0.000000e+000
      vertex  1.254219e+000 -2.189124e+000  0.000000e+000
      vertex  1.785116e+000 -2.522709e+000  0.000000e+000
    endloop
  endfacet
  facet normal  0.000000e+000  -0.000000e+000 -1.000000e+000
    outer loop
      vertex -3.000000e+000 -7.500000e+000  0.000000e+000
      vertex  1.785116e+000 -2.522709e+000  0.000000e+000
      vertex  2.376932e+000 -2.729795e+000  0.000000e+000
    endloop
  endfacet
  facet normal  0.000000e+000  -0.000000e+000 -1.000000e+000
    outer loop
      vertex -3.000000e+000 -7.500000e+000  0.000000e+000
      vertex  2.376932e+000 -2.729795e+000  0.000000e+000
      vertex  2.999990e+000 -2.799996e+000  0.000000e+000
    endloop
  endfacet
  facet normal  0.000000e+000  -0.000000e+000 -1.000000e+000
    outer loop
      vertex -3.000000e+000 -7.500000e+000  0.000000e+000
      vertex  2.999990e+000 -2.799996e+000  0.000000e+000
      vertex  1.700000e+001 -6.000000e+000  0.000000e+000
    endloop
  endfacet
  facet normal  0.000000e+000  0.000000e+000 -1.000000e+000
    outer loop
      vertex  1.700000e+001 -6.000000e+000  0.000000e+000
      vertex  2.999990e+000 -2.799996e+000  0.000000e+000
      vertex  3.623049e+000 -2.729795e+000  0.000000e+000
    endloop
  endfacet
  facet normal  0.000000e+000  0.000000e+000 -1.000000e+000
    outer loop
      vertex  1.700000e+001 -6.000000e+000  0.000000e+000
      vertex  3.623049e+000 -2.729795e+000  0.000000e+000
      vertex  4.214865e+000 -2.522709e+000  0.000000e+000
    endloop
  endfacet
  facet normal  0.000000e+000  0.000000e+000 -1.000000e+000
    outer loop
      vertex  1.700000e+001 -6.000000e+000  0.000000e+000
      vertex  4.214865e+000 -2.522709e+000  0.000000e+000
      vertex  4.745762e+000 -2.189124e+000  0.000000e+000
    endloop
  endfacet
  facet normal  0.000000e+000  0.000000e+000 -1.000000e+000
    outer loop
      vertex  1.700000e+001 -6.000000e+000  0.000000e+000
      vertex  4.745762e+000 -2.189124e+000  0.000000e+000
      vertex  5.189118e+000 -1.745768e+000  0.000000e+000
    endloop
  endfacet
  facet normal  0.000000e+000  0.000000e+000 -9.999999e-001
    outer loop
      vertex  1.700000e+001 -6.000000e+000  0.000000e+000
      vertex  5.189118e+000 -1.745768e+000  0.000000e+000
      vertex  5.522703e+000 -1.214871e+000  0.000000e+000
    endloop
  endfacet
  facet normal  0.000000e+000  0.000000e+000 -1.000000e+000
    outer loop
      vertex  1.700000e+001 -6.000000e+000  0.000000e+000
      vertex  5.522703e+000 -1.214871e+000  0.000000e+000
      vertex  5.729789e+000 -6.230549e-001  0.000000e+000
    endloop
  endfacet
  facet normal  0.000000e+000  0.000000e+000 -9.999999e-001
    outer loop
      vertex  1.700000e+001 -6.000000e+000  0.000000e+000
      vertex  5.729789e+000 -6.230549e-001  0.000000e+000
      vertex  5.799991e+000  3.693457e-006  0.000000e+000
    endloop
  endfacet
  facet normal  0.000000e+000  0.000000e+000 -1.000000e+000
    outer loop
      vertex  1.700000e+001 -6.000000e+000  0.000000e+000
      vertex  5.799991e+000  3.693457e-006  0.000000e+000
      vertex  5.729789e+000  6.230623e-001  0.000000e+000
    endloop
  endfacet
  facet normal  0.000000e+000  0.000000e+000 -1.000000e+000
    outer loop
      vertex  1.700000e+001 -6.000000e+000  0.000000e+000
      vertex  5.729789e+000  6.230623e-001  0.000000e+000
      vertex  5.522703e+000  1.214878e+000  0.000000e+000
    endloop
  endfacet
  facet normal  0.000000e+000  0.000000e+000 -1.000000e+000
    outer loop
      vertex  1.700000e+001 -6.000000e+000  0.000000e+000
      vertex  5.522703e+000  1.214878e+000  0.000000e+000
      vertex  5.189118e+000  1.745775e+000  0.000000e+000
    endloop
  endfacet
  facet normal  0.000000e+000  0.000000e+000 -9.999999e-001
    outer loop
      vertex  1.700000e+001 -6.000000e+000  0.000000e+000
      vertex  5.189118e+000  1.745775e+000  0.000000e+000
      vertex  4.745762e+000  2.189132e+000  0.000000e+000
    endloop
  endfacet
  facet normal  0.000000e+000  0.000000e+000 -1.000000e+000
    outer loop
      vertex  1.700000e+001  6.000000e+000  0.000000e+000
      vertex  1.700000e+001 -6.000000e+000  0.000000e+000
      vertex  4.745762e+000  2.189132e+000  0.000000e+000
    endloop
  endfacet
  facet normal  0.000000e+000  0.000000e+000 -1.000000e+000
    outer loop
      vertex  1.700000e+001  6.000000e+000  0.000000e+000
      vertex  4.745762e+000  2.189132e+000  0.000000e+000
      vertex  4.214865e+000  2.522717e+000  0.000000e+000
    endloop
  endfacet
  facet normal  0.000000e+000  0.000000e+000 -1.000000e+000
    outer loop
      vertex  1.700000e+001  6.000000e+000  0.000000e+000
      vertex  4.214865e+000  2.522717e+000  0.000000e+000
      vertex  3.623049e+000  2.729802e+000  0.000000e+000
    endloop
  endfacet
  facet normal  0.000000e+000  0.000000e+000 -1.000000e+000
    outer loop
      vertex  1.700000e+001  6.000000e+000  0.000000e+000
      vertex  3.623049e+000  2.729802e+000  0.000000e+000
      vertex  2.999990e+000  2.800004e+000  0.000000e+000
    endloop
  endfacet
  facet normal  -0.000000e+000  0.000000e+000 -1.000000e+000
    outer loop
      vertex  1.700000e+001  6.000000e+000  0.000000e+000
      vertex  2.999990e+000  2.800004e+000  0.000000e+000
      vertex  2.376932e+000  2.729802e+000  0.000000e+000
    endloop
  endfacet
  facet normal  0.000000e+000  0.000000e+000 -1.000000e+000
    outer loop
      vertex  1.700000e+001  6.000000e+000  0.000000e+000
      vertex  2.376932e+000  2.729802e+000  0.000000e+000
      vertex -3.000000e+000  7.500000e+000  0.000000e+000
    endloop
  endfacet
  facet normal  0.000000e+000  -0.000000e+000 -1.000000e+000
    outer loop
      vertex  2.150000e+001 -6.000000e+000  0.000000e+000
      vertex  2.200000e+001 -1.653892e-015  0.000000e+000
      vertex  2.207612e+001 -3.826834e-001  0.000000e+000
    endloop
  endfacet
  facet normal  0.000000e+000  -0.000000e+000 -1.000000e+000
    outer loop
      vertex  2.150000e+001 -6.000000e+000  0.000000e+000
      vertex  2.207612e+001 -3.826834e-001  0.000000e+000
      vertex  2.229289e+001 -7.071068e-001  0.000000e+000
    endloop
  endfacet
  facet normal  0.000000e+000  -0.000000e+000 -1.000000e+000
    outer loop
      vertex  2.150000e+001 -6.000000e+000  0.000000e+000
      vertex  2.229289e+001 -7.071068e-001  0.000000e+000
      vertex  2.261732e+001 -9.238795e-001  0.000000e+000
    endloop
  endfacet
  facet normal  0.000000e+000  -0.000000e+000 -1.000000e+000
    outer loop
      vertex  2.150000e+001 -6.000000e+000  0.000000e+000
      vertex  2.261732e+001 -9.238795e-001  0.000000e+000
      vertex  2.300000e+001 -1.000000e+000  0.000000e+000
    endloop
  endfacet
  facet normal  0.000000e+000  -0.000000e+000 -1.000000e+000
    outer loop
      vertex  2.150000e+001  6.000000e+000  0.000000e+000
      vertex  2.271010e+001  7.198463e+000  0.000000e+000
      vertex  2.350000e+001  6.830127e+000  0.000000e+000
    endloop
  endfacet
  facet normal  0.000000e+000  0.000000e+000 -1.000000e+000
    outer loop
      vertex  2.150000e+001  6.000000e+000  0.000000e+000
      vertex  2.350000e+001  6.830127e+000  0.000000e+000
      vertex  2.300000e+001  1.000000e+000  0.000000e+000
    endloop
  endfacet
  facet normal  -0.000000e+000  0.000000e+000 -1.000000e+000
    outer loop
      vertex  2.150000e+001  6.000000e+000  0.000000e+000
      vertex  2.300000e+001  1.000000e+000  0.000000e+000
      vertex  2.261732e+001  9.238795e-001  0.000000e+000
    endloop
  endfacet
  facet normal  -0.000000e+000  0.000000e+000 -1.000000e+000
    outer loop
      vertex  2.150000e+001  6.000000e+000  0.000000e+000
      vertex  2.261732e+001  9.238795e-001  0.000000e+000
      vertex  2.229289e+001  7.071068e-001  0.000000e+000
    endloop
  endfacet
  facet normal  -0.000000e+000  0.000000e+000 -1.000000e+000
    outer loop
      vertex  2.150000e+001  6.000000e+000  0.000000e+000
      vertex  2.229289e+001  7.071068e-001  0.000000e+000
      vertex  2.207612e+001  3.826834e-001  0.000000e+000
    endloop
  endfacet
  facet normal  -0.000000e+000  0.000000e+000 -1.000000e+000
    outer loop
      vertex  2.150000e+001  6.000000e+000  0.000000e+000
      vertex  2.207612e+001  3.826834e-001  0.000000e+000
      vertex  2.200000e+001 -1.653892e-015  0.000000e+000
    endloop
  endfacet
  facet normal  -0.000000e+000  0.000000e+000 -1.000000e+000
    outer loop
      vertex  2.150000e+001  6.000000e+000  0.000000e+000
      vertex  2.200000e+001 -1.653892e-015  0.000000e+000
      vertex  2.150000e+001 -6.000000e+000  0.000000e+000
    endloop
  endfacet
  facet normal  0.000000e+000  -0.000000e+000 -1.000000e+000
    outer loop
      vertex  2.300000e+001  1.000000e+000  0.000000e+000
      vertex  2.350000e+001  6.830127e+000  0.000000e+000
      vertex  2.421394e+001  6.330222e+000  0.000000e+000
    endloop
  endfacet
  facet normal  0.000000e+000  -0.000000e+000 -1.000000e+000
    outer loop
      vertex  2.300000e+001  1.000000e+000  0.000000e+000
      vertex  2.421394e+001  6.330222e+000  0.000000e+000
      vertex  2.483022e+001  5.713938e+000  0.000000e+000
    endloop
  endfacet
  facet normal  0.000000e+000  -0.000000e+000 -1.000000e+000
    outer loop
      vertex  2.300000e+001  1.000000e+000  0.000000e+000
      vertex  2.483022e+001  5.713938e+000  0.000000e+000
      vertex  2.533013e+001  5.000000e+000  0.000000e+000
    endloop
  endfacet
  facet normal  0.000000e+000  -0.000000e+000 -1.000000e+000
    outer loop
      vertex  2.300000e+001  1.000000e+000  0.000000e+000
      vertex  2.533013e+001  5.000000e+000  0.000000e+000
      vertex  2.569846e+001  4.210101e+000  0.000000e+000
    endloop
  endfacet
  facet normal  0.000000e+000  -0.000000e+000 -1.000000e+000
    outer loop
      vertex  2.300000e+001  1.000000e+000  0.000000e+000
      vertex  2.569846e+001  4.210101e+000  0.000000e+000
      vertex  2.592404e+001  3.368241e+000  0.000000e+000
    endloop
  endfacet
  facet normal  0.000000e+000  -0.000000e+000 -1.000000e+000
    outer loop
      vertex  2.300000e+001  1.000000e+000  0.000000e+000
      vertex  2.592404e+001  3.368241e+000  0.000000e+000
      vertex  2.600000e+001  2.500000e+000  0.000000e+000
    endloop
  endfacet
  facet normal  0.000000e+000  0.000000e+000 -1.000000e+000
    outer loop
      vertex  2.600000e+001 -2.500000e+000  0.000000e+000
      vertex  2.300000e+001 -1.000000e+000  0.000000e+000
      vertex  2.338268e+001 -9.238795e-001  0.000000e+000
    endloop
  endfacet
  facet normal  0.000000e+000  0.000000e+000 -1.000000e+000
    outer loop
      vertex  2.600000e+001 -2.500000e+000  0.000000e+000
      vertex  2.338268e+001 -9.238795e-001  0.000000e+000
      vertex  2.370711e+001 -7.071068e-001  0.000000e+000
    endloop
  endfacet
  facet normal  0.000000e+000  0.000000e+000 -1.000000e+000
    outer loop
      vertex  2.600000e+001 -2.500000e+000  0.000000e+000
      vertex  2.370711e+001 -7.071068e-001  0.000000e+000
      vertex  2.392388e+001 -3.826834e-001  0.000000e+000
    endloop
  endfacet
  facet normal  0.000000e+000  0.000000e+000 -9.999999e-001
    outer loop
      vertex  2.600000e+001 -2.500000e+000  0.000000e+000
      vertex  2.392388e+001 -3.826834e-001  0.000000e+000
      vertex  2.400000e+001 -2.021286e-015  0.000000e+000
    endloop
  endfacet
  facet normal  0.000000e+000  0.000000e+000 -1.000000e+000
    outer loop
      vertex  2.600000e+001 -2.500000e+000  0.000000e+000
      vertex  2.400000e+001 -2.021286e-015  0.000000e+000
      vertex  2.392388e+001  3.826834e-001  0.000000e+000
    endloop
  endfacet
  facet normal  0.000000e+000  0.000000e+000 -1.000000e+000
    outer loop
      vertex  2.600000e+001 -2.500000e+000  0.000000e+000
      vertex  2.392388e+001  3.826834e-001  0.000000e+000
      vertex  2.370711e+001  7.071068e-001  0.000000e+000
    endloop
  endfacet
  facet normal  0.000000e+000  0.000000e+000 -1.000000e+000
    outer loop
      vertex  2.186824e+001 -7.424039e+000  0.000000e+000
      vertex  2.100000e+001 -7.500000e+000  0.000000e+000
      vertex  2.271010e+001 -7.198463e+000  0.000000e+000
    endloop
  endfacet
  facet normal  -0.000000e+000  0.000000e+000 -1.000000e+000
    outer loop
      vertex  2.271010e+001 -7.198463e+000  0.000000e+000
      vertex  2.100000e+001 -7.500000e+000  0.000000e+000
      vertex  2.150000e+001 -6.000000e+000  0.000000e+000
    endloop
  endfacet
  facet normal  0.000000e+000  0.000000e+000 -1.000000e+000
    outer loop
      vertex  2.100000e+001 -7.500000e+000  0.000000e+000
      vertex -3.000000e+000 -7.500000e+000  0.000000e+000
      vertex  2.150000e+001 -6.000000e+000  0.000000e+000
    endloop
  endfacet
  facet normal  -0.000000e+000  0.000000e+000 -1.000000e+000
    outer loop
      vertex  2.150000e+001 -6.000000e+000  0.000000e+000
      vertex -3.000000e+000 -7.500000e+000  0.000000e+000
      vertex  1.700000e+001 -6.000000e+000  0.000000e+000
    endloop
  endfacet
  facet normal  0.000000e+000  0.000000e+000 -9.999999e-001
    outer loop
      vertex -4.617317e+000  9.238795e-001  0.000000e+000
      vertex  2.701923e-001  6.230623e-001  0.000000e+000
      vertex -4.292893e+000  7.071068e-001  0.000000e+000
    endloop
  endfacet
  facet normal  0.000000e+000  0.000000e+000 -1.000000e+000
    outer loop
      vertex -4.292893e+000  7.071068e-001  0.000000e+000
      vertex  2.701923e-001  6.230623e-001  0.000000e+000
      vertex  1.999904e-001  3.693457e-006  0.000000e+000
    endloop
  endfacet
  facet normal  0.000000e+000  0.000000e+000 -1.000000e+000
    outer loop
      vertex -4.292893e+000  7.071068e-001  0.000000e+000
      vertex  1.999904e-001  3.693457e-006  0.000000e+000
      vertex -4.076120e+000  3.826834e-001  0.000000e+000
    endloop
  endfacet
  facet normal  -0.000000e+000  0.000000e+000 -1.000000e+000
    outer loop
      vertex -4.076120e+000  3.826834e-001  0.000000e+000
      vertex  1.999904e-001  3.693457e-006  0.000000e+000
      vertex -4.000000e+000  8.652937e-016  0.000000e+000
    endloop
  endfacet
  facet normal  0.000000e+000  0.000000e+000 -1.000000e+000
    outer loop
      vertex -4.000000e+000  8.652937e-016  0.000000e+000
      vertex  1.999904e-001  3.693457e-006  0.000000e+000
      vertex  2.701923e-001 -6.230549e-001  0.000000e+000
    endloop
  endfacet
  facet normal  0.000000e+000  0.000000e+000 -9.999999e-001
    outer loop
      vertex -4.000000e+000  8.652937e-016  0.000000e+000
      vertex  2.701923e-001 -6.230549e-001  0.000000e+000
      vertex -4.076120e+000 -3.826834e-001  0.000000e+000
    endloop
  endfacet
  facet normal  0.000000e+000  -0.000000e+000 -1.000000e+000
    outer loop
      vertex -5.000000e+000 -1.000000e+000  0.000000e+000
      vertex -4.617317e+000 -9.238795e-001  0.000000e+000
      vertex  4.772776e-001 -1.214871e+000  0.000000e+000
    endloop
  endfacet
  facet normal  0.000000e+000  0.000000e+000 -1.000000e+000
    outer loop
      vertex  4.772776e-001 -1.214871e+000  0.000000e+000
      vertex -4.617317e+000 -9.238795e-001  0.000000e+000
      vertex -4.292893e+000 -7.071068e-001  0.000000e+000
    endloop
  endfacet
  facet normal  0.000000e+000  0.000000e+000 -9.999999e-001
    outer loop
      vertex  4.772776e-001 -1.214871e+000  0.000000e+000
      vertex -4.292893e+000 -7.071068e-001  0.000000e+000
      vertex  2.701923e-001 -6.230549e-001  0.000000e+000
    endloop
  endfacet
  facet normal  0.000000e+000  9.914448e-001 -1.305267e-001
    outer loop
      vertex -8.000000e+000  1.150000e+001  2.000000e+000
      vertex -3.000000e+000  1.150000e+001  2.000000e+000
      vertex -8.000000e+000  1.143185e+001  1.482362e+000
    endloop
  endfacet
  facet normal  0.000000e+000  9.914448e-001 -1.305267e-001
    outer loop
      vertex -8.000000e+000  1.143185e+001  1.482362e+000
      vertex -3.000000e+000  1.150000e+001  2.000000e+000
      vertex -3.000000e+000  1.143185e+001  1.482362e+000
    endloop
  endfacet
  facet normal  0.000000e+000  9.238798e-001 -3.826829e-001
    outer loop
      vertex -8.000000e+000  1.143185e+001  1.482362e+000
      vertex -3.000000e+000  1.143185e+001  1.482362e+000
      vertex -8.000000e+000  1.123205e+001  1.000000e+000
    endloop
  endfacet
  facet normal  0.000000e+000  9.238798e-001 -3.826829e-001
    outer loop
      vertex -8.000000e+000  1.123205e+001  1.000000e+000
      vertex -3.000000e+000  1.143185e+001  1.482362e+000
      vertex -3.000000e+000  1.123205e+001  1.000000e+000
    endloop
  endfacet
  facet normal  0.000000e+000  7.933529e-001 -6.087620e-001
    outer loop
      vertex -8.000000e+000  1.123205e+001  1.000000e+000
      vertex -3.000000e+000  1.123205e+001  1.000000e+000
      vertex -8.000000e+000  1.091421e+001  5.857865e-001
    endloop
  endfacet
  facet normal  0.000000e+000  7.933529e-001 -6.087620e-001
    outer loop
      vertex -8.000000e+000  1.091421e+001  5.857865e-001
      vertex -3.000000e+000  1.123205e+001  1.000000e+000
      vertex -3.000000e+000  1.091421e+001  5.857865e-001
    endloop
  endfacet
  facet normal  0.000000e+000  6.087618e-001 -7.933531e-001
    outer loop
      vertex -8.000000e+000  1.091421e+001  5.857865e-001
      vertex -3.000000e+000  1.091421e+001  5.857865e-001
      vertex -8.000000e+000  1.050000e+001  2.679492e-001
    endloop
  endfacet
  facet normal  0.000000e+000  6.087618e-001 -7.933531e-001
    outer loop
      vertex -8.000000e+000  1.050000e+001  2.679492e-001
      vertex -3.000000e+000  1.091421e+001  5.857865e-001
      vertex -3.000000e+000  1.050000e+001  2.679492e-001
    endloop
  endfacet
  facet normal  0.000000e+000  3.826835e-001 -9.238794e-001
    outer loop
      vertex -8.000000e+000  1.050000e+001  2.679492e-001
      vertex -3.000000e+000  1.050000e+001  2.679492e-001
      vertex -8.000000e+000  1.001764e+001  6.814834e-002
    endloop
  endfacet
  facet normal  0.000000e+000  3.826835e-001 -9.238794e-001
    outer loop
      vertex -8.000000e+000  1.001764e+001  6.814834e-002
      vertex -3.000000e+000  1.050000e+001  2.679492e-001
      vertex -3.000000e+000  1.001764e+001  6.814834e-002
    endloop
  endfacet
  facet normal  0.000000e+000  1.305262e-001 -9.914449e-001
    outer loop
      vertex -8.000000e+000  1.001764e+001  6.814834e-002
      vertex -3.000000e+000  1.001764e+001  6.814834e-002
      vertex -8.000000e+000  9.500000e+000  0.000000e+000
    endloop
  endfacet
  facet normal  0.000000e+000  1.305262e-001 -9.914449e-001
    outer loop
      vertex -8.000000e+000  9.500000e+000  0.000000e+000
      vertex -3.000000e+000  1.001764e+001  6.814834e-002
      vertex -3.000000e+000  9.500000e+000  0.000000e+000
    endloop
  endfacet
  facet normal  0.000000e+000  1.000000e+000  0.000000e+000
    outer loop
      vertex -3.000000e+000  1.150000e+001  2.000000e+000
      vertex -8.000000e+000  1.150000e+001  2.000000e+000
      vertex -3.000000e+000  1.150000e+001  1.650000e+001
    endloop
  endfacet
  facet normal  0.000000e+000  1.000000e+000  0.000000e+000
    outer loop
      vertex -3.000000e+000  1.150000e+001  1.650000e+001
      vertex -8.000000e+000  1.150000e+001  2.000000e+000
      vertex -8.000000e+000  1.150000e+001  1.650000e+001
    endloop
  endfacet
  facet normal  0.000000e+000 -9.914448e-001  1.305269e-001
    outer loop
      vertex -8.000000e+000 -1.150000e+001  1.650000e+001
      vertex -3.000000e+000 -1.150000e+001  1.650000e+001
      vertex -8.000000e+000 -1.143185e+001  1.701764e+001
    endloop
  endfacet
  facet normal  0.000000e+000 -9.914448e-001  1.305269e-001
    outer loop
      vertex -8.000000e+000 -1.143185e+001  1.701764e+001
      vertex -3.000000e+000 -1.150000e+001  1.650000e+001
      vertex -3.000000e+000 -1.143185e+001  1.701764e+001
    endloop
  endfacet
  facet normal  0.000000e+000 -9.238800e-001  3.826823e-001
    outer loop
      vertex -8.000000e+000 -1.143185e+001  1.701764e+001
      vertex -3.000000e+000 -1.143185e+001  1.701764e+001
      vertex -8.000000e+000 -1.123205e+001  1.750000e+001
    endloop
  endfacet
  facet normal  0.000000e+000 -9.238800e-001  3.826823e-001
    outer loop
      vertex -8.000000e+000 -1.123205e+001  1.750000e+001
      vertex -3.000000e+000 -1.143185e+001  1.701764e+001
      vertex -3.000000e+000 -1.123205e+001  1.750000e+001
    endloop
  endfacet
  facet normal  0.000000e+000 -7.933527e-001  6.087624e-001
    outer loop
      vertex -8.000000e+000 -1.123205e+001  1.750000e+001
      vertex -3.000000e+000 -1.123205e+001  1.750000e+001
      vertex -8.000000e+000 -1.091421e+001  1.791421e+001
    endloop
  endfacet
  facet normal  0.000000e+000 -7.933527e-001  6.087624e-001
    outer loop
      vertex -8.000000e+000 -1.091421e+001  1.791421e+001
      vertex -3.000000e+000 -1.123205e+001  1.750000e+001
      vertex -3.000000e+000 -1.091421e+001  1.791421e+001
    endloop
  endfacet
  facet normal  0.000000e+000 -6.087612e-001  7.933535e-001
    outer loop
      vertex -8.000000e+000 -1.091421e+001  1.791421e+001
      vertex -3.000000e+000 -1.091421e+001  1.791421e+001
      vertex -8.000000e+000 -1.050000e+001  1.823205e+001
    endloop
  endfacet
  facet normal  0.000000e+000 -6.087612e-001  7.933535e-001
    outer loop
      vertex -8.000000e+000 -1.050000e+001  1.823205e+001
      vertex -3.000000e+000 -1.091421e+001  1.791421e+001
      vertex -3.000000e+000 -1.050000e+001  1.823205e+001
    endloop
  endfacet
  facet normal  0.000000e+000 -3.826860e-001  9.238784e-001
    outer loop
      vertex -8.000000e+000 -1.050000e+001  1.823205e+001
      vertex -3.000000e+000 -1.050000e+001  1.823205e+001
      vertex -8.000000e+000 -1.001764e+001  1.843185e+001
    endloop
  endfacet
  facet normal  0.000000e+000 -3.826860e-001  9.238784e-001
    outer loop
      vertex -8.000000e+000 -1.001764e+001  1.843185e+001
      vertex -3.000000e+000 -1.050000e+001  1.823205e+001
      vertex -3.000000e+000 -1.001764e+001  1.843185e+001
    endloop
  endfacet
  facet normal  0.000000e+000 -1.305249e-001  9.914451e-001
    outer loop
      vertex -8.000000e+000 -1.001764e+001  1.843185e+001
      vertex -3.000000e+000 -1.001764e+001  1.843185e+001
      vertex -8.000000e+000 -9.500000e+000  1.850000e+001
    endloop
  endfacet
  facet normal  0.000000e+000 -1.305249e-001  9.914451e-001
    outer loop
      vertex -8.000000e+000 -9.500000e+000  1.850000e+001
      vertex -3.000000e+000 -1.001764e+001  1.843185e+001
      vertex -3.000000e+000 -9.500000e+000  1.850000e+001
    endloop
  endfacet
  facet normal  1.000000e+000  -0.000000e+000  0.000000e+000
    outer loop
      vertex -3.000000e+000 -8.576120e+000  1.611732e+001
      vertex -3.000000e+000 -8.792893e+000  1.579289e+001
      vertex -3.000000e+000 -9.500000e+000  3.000000e+000
    endloop
  endfacet
  facet normal  1.000000e+000  -0.000000e+000  0.000000e+000
    outer loop
      vertex -3.000000e+000 -8.792893e+000  1.579289e+001
      vertex -3.000000e+000 -9.117316e+000  1.557612e+001
      vertex -3.000000e+000 -9.500000e+000  3.000000e+000
    endloop
  endfacet
  facet normal  1.000000e+000  -0.000000e+000  0.000000e+000
    outer loop
      vertex -3.000000e+000 -9.117316e+000  1.557612e+001
      vertex -3.000000e+000 -9.500000e+000  1.550000e+001
      vertex -3.000000e+000 -9.500000e+000  3.000000e+000
    endloop
  endfacet
  facet normal  1.000000e+000  0.000000e+000  -0.000000e+000
    outer loop
      vertex -3.000000e+000 -9.882684e+000  1.557612e+001
      vertex -3.000000e+000 -9.500000e+000  3.000000e+000
      vertex -3.000000e+000 -9.500000e+000  1.550000e+001
    endloop
  endfacet
  facet normal  1.000000e+000  0.000000e+000  -0.000000e+000
    outer loop
      vertex -3.000000e+000 -1.123205e+001  1.750000e+001
      vertex -3.000000e+000 -9.882684e+000  1.742388e+001
      vertex -3.000000e+000 -9.500000e+000  1.750000e+001
    endloop
  endfacet
  facet normal  1.000000e+000  0.000000e+000  0.000000e+000
    outer loop
      vertex -3.000000e+000 -9.500000e+000  0.000000e+000
      vertex -3.000000e+000 -8.576120e+000  1.617317e+000
      vertex -3.000000e+000 -8.792893e+000  1.292893e+000
    endloop
  endfacet
  facet normal  1.000000e+000  0.000000e+000  0.000000e+000
    outer loop
      vertex -3.000000e+000 -9.500000e+000  0.000000e+000
      vertex -3.000000e+000 -8.792893e+000  1.292893e+000
      vertex -3.000000e+000 -9.117316e+000  1.076120e+000
    endloop
  endfacet
  facet normal  9.999999e-001  0.000000e+000  0.000000e+000
    outer loop
      vertex -3.000000e+000 -9.500000e+000  0.000000e+000
      vertex -3.000000e+000 -9.117316e+000  1.076120e+000
      vertex -3.000000e+000 -9.500000e+000  1.000000e+000
    endloop
  endfacet
  facet normal  1.000000e+000  -0.000000e+000  0.000000e+000
    outer loop
      vertex -3.000000e+000 -7.500000e+000  1.850000e+001
      vertex -3.000000e+000 -9.500000e+000  1.850000e+001
      vertex -3.000000e+000 -9.500000e+000  1.750000e+001
    endloop
  endfacet
  facet normal  1.000000e+000  -0.000000e+000  0.000000e+000
    outer loop
      vertex -3.000000e+000 -7.500000e+000  1.850000e+001
      vertex -3.000000e+000 -9.500000e+000  1.750000e+001
      vertex -3.000000e+000 -9.117316e+000  1.742388e+001
    endloop
  endfacet
  facet normal  1.000000e+000  -0.000000e+000  0.000000e+000
    outer loop
      vertex -3.000000e+000 -7.500000e+000  1.850000e+001
      vertex -3.000000e+000 -9.117316e+000  1.742388e+001
      vertex -3.000000e+000 -8.792893e+000  1.720711e+001
    endloop
  endfacet
  facet normal  1.000000e+000  -0.000000e+000  0.000000e+000
    outer loop
      vertex -3.000000e+000 -7.500000e+000  1.850000e+001
      vertex -3.000000e+000 -8.792893e+000  1.720711e+001
      vertex -3.000000e+000 -8.576120e+000  1.688268e+001
    endloop
  endfacet
  facet normal  1.000000e+000  -0.000000e+000  0.000000e+000
    outer loop
      vertex -3.000000e+000 -7.500000e+000  1.850000e+001
      vertex -3.000000e+000 -8.576120e+000  1.688268e+001
      vertex -3.000000e+000 -8.500000e+000  1.650000e+001
    endloop
  endfacet
  facet normal  9.999999e-001  -0.000000e+000  0.000000e+000
    outer loop
      vertex -3.000000e+000 -7.500000e+000  1.850000e+001
      vertex -3.000000e+000 -8.500000e+000  1.650000e+001
      vertex -3.000000e+000 -8.576120e+000  1.611732e+001
    endloop
  endfacet
  facet normal  1.000000e+000  -0.000000e+000  0.000000e+000
    outer loop
      vertex -3.000000e+000 -7.500000e+000  1.850000e+001
      vertex -3.000000e+000 -8.576120e+000  1.611732e+001
      vertex -3.000000e+000 -9.500000e+000  3.000000e+000
    endloop
  endfacet
  facet normal  1.000000e+000  -0.000000e+000  0.000000e+000
    outer loop
      vertex -3.000000e+000 -7.500000e+000  1.850000e+001
      vertex -3.000000e+000 -9.500000e+000  3.000000e+000
      vertex -3.000000e+000 -9.117316e+000  2.923880e+000
    endloop
  endfacet
  facet normal  1.000000e+000  -0.000000e+000  0.000000e+000
    outer loop
      vertex -3.000000e+000 -7.500000e+000  1.850000e+001
      vertex -3.000000e+000 -9.117316e+000  2.923880e+000
      vertex -3.000000e+000 -8.792893e+000  2.707107e+000
    endloop
  endfacet
  facet normal  1.000000e+000  -0.000000e+000  0.000000e+000
    outer loop
      vertex -3.000000e+000 -7.500000e+000  1.850000e+001
      vertex -3.000000e+000 -8.792893e+000  2.707107e+000
      vertex -3.000000e+000 -8.576120e+000  2.382684e+000
    endloop
  endfacet
  facet normal  9.999999e-001  -0.000000e+000  0.000000e+000
    outer loop
      vertex -3.000000e+000 -7.500000e+000  1.850000e+001
      vertex -3.000000e+000 -8.576120e+000  2.382684e+000
      vertex -3.000000e+000 -8.500000e+000  2.000000e+000
    endloop
  endfacet
  facet normal  1.000000e+000  0.000000e+000  0.000000e+000
    outer loop
      vertex -3.000000e+000 -7.500000e+000  0.000000e+000
      vertex -3.000000e+000 -7.500000e+000  1.850000e+001
      vertex -3.000000e+000 -8.500000e+000  2.000000e+000
    endloop
  endfacet
  facet normal  1.000000e+000  0.000000e+000  0.000000e+000
    outer loop
      vertex -3.000000e+000 -7.500000e+000  0.000000e+000
      vertex -3.000000e+000 -8.500000e+000  2.000000e+000
      vertex -3.000000e+000 -8.576120e+000  1.617317e+000
    endloop
  endfacet
  facet normal  1.000000e+000  0.000000e+000  0.000000e+000
    outer loop
      vertex -3.000000e+000 -7.500000e+000  0.000000e+000
      vertex -3.000000e+000 -8.576120e+000  1.617317e+000
      vertex -3.000000e+000 -9.500000e+000  0.000000e+000
    endloop
  endfacet
  facet normal  1.000000e+000  0.000000e+000  0.000000e+000
    outer loop
      vertex -3.000000e+000 -9.500000e+000  1.000000e+000
      vertex -3.000000e+000 -9.882684e+000  1.076120e+000
      vertex -3.000000e+000 -1.123205e+001  1.000000e+000
    endloop
  endfacet
  facet normal  1.000000e+000  -0.000000e+000  0.000000e+000
    outer loop
      vertex -3.000000e+000 -9.500000e+000  1.000000e+000
      vertex -3.000000e+000 -1.123205e+001  1.000000e+000
      vertex -3.000000e+000 -1.091421e+001  5.857865e-001
    endloop
  endfacet
  facet normal  1.000000e+000  -0.000000e+000  0.000000e+000
    outer loop
      vertex -3.000000e+000 -9.500000e+000  1.000000e+000
      vertex -3.000000e+000 -1.091421e+001  5.857865e-001
      vertex -3.000000e+000 -1.050000e+001  2.679492e-001
    endloop
  endfacet
  facet normal  1.000000e+000  -0.000000e+000  0.000000e+000
    outer loop
      vertex -3.000000e+000 -9.500000e+000  1.000000e+000
      vertex -3.000000e+000 -1.050000e+001  2.679492e-001
      vertex -3.000000e+000 -1.001764e+001  6.814834e-002
    endloop
  endfacet
  facet normal  1.000000e+000  -0.000000e+000  0.000000e+000
    outer loop
      vertex -3.000000e+000 -9.500000e+000  1.000000e+000
      vertex -3.000000e+000 -1.001764e+001  6.814834e-002
      vertex -3.000000e+000 -9.500000e+000  0.000000e+000
    endloop
  endfacet
  facet normal  1.000000e+000  0.000000e+000  0.000000e+000
    outer loop
      vertex -3.000000e+000 -1.150000e+001  1.650000e+001
      vertex -3.000000e+000 -1.150000e+001  2.000000e+000
      vertex -3.000000e+000 -1.050000e+001  2.000000e+000
    endloop
  endfacet
  facet normal  9.999999e-001  0.000000e+000  -0.000000e+000
    outer loop
      vertex -3.000000e+000 -1.150000e+001  1.650000e+001
      vertex -3.000000e+000 -1.050000e+001  2.000000e+000
      vertex -3.000000e+000 -1.042388e+001  2.382684e+000
    endloop
  endfacet
  facet normal  9.999999e-001  0.000000e+000  -0.000000e+000
    outer loop
      vertex -3.000000e+000 -1.150000e+001  1.650000e+001
      vertex -3.000000e+000 -1.042388e+001  2.382684e+000
      vertex -3.000000e+000 -1.020711e+001  2.707107e+000
    endloop
  endfacet
  facet normal  1.000000e+000  0.000000e+000  -0.000000e+000
    outer loop
      vertex -3.000000e+000 -1.150000e+001  1.650000e+001
      vertex -3.000000e+000 -1.020711e+001  2.707107e+000
      vertex -3.000000e+000 -9.882684e+000  2.923880e+000
    endloop
  endfacet
  facet normal  1.000000e+000  0.000000e+000  -0.000000e+000
    outer loop
      vertex -3.000000e+000 -1.150000e+001  1.650000e+001
      vertex -3.000000e+000 -9.882684e+000  2.923880e+000
      vertex -3.000000e+000 -9.500000e+000  3.000000e+000
    endloop
  endfacet
  facet normal  1.000000e+000  0.000000e+000  0.000000e+000
    outer loop
      vertex -3.000000e+000 -1.150000e+001  1.650000e+001
      vertex -3.000000e+000 -9.500000e+000  3.000000e+000
      vertex -3.000000e+000 -9.882684e+000  1.557612e+001
    endloop
  endfacet
  facet normal  1.000000e+000  0.000000e+000  0.000000e+000
    outer loop
      vertex -3.000000e+000 -1.150000e+001  1.650000e+001
      vertex -3.000000e+000 -9.882684e+000  1.557612e+001
      vertex -3.000000e+000 -1.020711e+001  1.579289e+001
    endloop
  endfacet
  facet normal  1.000000e+000  0.000000e+000  0.000000e+000
    outer loop
      vertex -3.000000e+000 -1.150000e+001  1.650000e+001
      vertex -3.000000e+000 -1.020711e+001  1.579289e+001
      vertex -3.000000e+000 -1.042388e+001  1.611732e+001
    endloop
  endfacet
  facet normal  1.000000e+000  0.000000e+000  0.000000e+000
    outer loop
      vertex -3.000000e+000 -1.150000e+001  1.650000e+001
      vertex -3.000000e+000 -1.042388e+001  1.611732e+001
      vertex -3.000000e+000 -1.050000e+001  1.650000e+001
    endloop
  endfacet
  facet normal  1.000000e+000  0.000000e+000  -0.000000e+000
    outer loop
      vertex -3.000000e+000 -1.150000e+001  1.650000e+001
      vertex -3.000000e+000 -1.050000e+001  1.650000e+001
      vertex -3.000000e+000 -1.042388e+001  1.688268e+001
    endloop
  endfacet
  facet normal  1.000000e+000  0.000000e+000  0.000000e+000
    outer loop
      vertex -3.000000e+000 -1.150000e+001  1.650000e+001
      vertex -3.000000e+000 -1.042388e+001  1.688268e+001
      vertex -3.000000e+000 -1.143185e+001  1.701764e+001
    endloop
  endfacet
  facet normal  1.000000e+000  -0.000000e+000  0.000000e+000
    outer loop
      vertex -3.000000e+000 -9.500000e+000  1.850000e+001
      vertex -3.000000e+000 -1.001764e+001  1.843185e+001
      vertex -3.000000e+000 -1.050000e+001  1.823205e+001
    endloop
  endfacet
  facet normal  1.000000e+000  -0.000000e+000  0.000000e+000
    outer loop
      vertex -3.000000e+000 -9.500000e+000  1.850000e+001
      vertex -3.000000e+000 -1.050000e+001  1.823205e+001
      vertex -3.000000e+000 -1.091421e+001  1.791421e+001
    endloop
  endfacet
  facet normal  1.000000e+000  -0.000000e+000  0.000000e+000
    outer loop
      vertex -3.000000e+000 -9.500000e+000  1.850000e+001
      vertex -3.000000e+000 -1.091421e+001  1.791421e+001
      vertex -3.000000e+000 -1.123205e+001  1.750000e+001
    endloop
  endfacet
  facet normal  1.000000e+000  0.000000e+000  0.000000e+000
    outer loop
      vertex -3.000000e+000 -9.500000e+000  1.850000e+001
      vertex -3.000000e+000 -1.123205e+001  1.750000e+001
      vertex -3.000000e+000 -9.500000e+000  1.750000e+001
    endloop
  endfacet
  facet normal  1.000000e+000  0.000000e+000  0.000000e+000
    outer loop
      vertex -3.000000e+000 -1.123205e+001  1.000000e+000
      vertex -3.000000e+000 -9.882684e+000  1.076120e+000
      vertex -3.000000e+000 -1.143185e+001  1.482362e+000
    endloop
  endfacet
  facet normal  1.000000e+000  0.000000e+000  0.000000e+000
    outer loop
      vertex -3.000000e+000 -1.143185e+001  1.482362e+000
      vertex -3.000000e+000 -9.882684e+000  1.076120e+000
      vertex -3.000000e+000 -1.020711e+001  1.292893e+000
    endloop
  endfacet
  facet normal  1.000000e+000  0.000000e+000  0.000000e+000
    outer loop
      vertex -3.000000e+000 -1.143185e+001  1.482362e+000
      vertex -3.000000e+000 -1.020711e+001  1.292893e+000
      vertex -3.000000e+000 -1.042388e+001  1.617317e+000
    endloop
  endfacet
  facet normal  9.999999e-001  0.000000e+000  0.000000e+000
    outer loop
      vertex -3.000000e+000 -1.042388e+001  1.617317e+000
      vertex -3.000000e+000 -1.050000e+001  2.000000e+000
      vertex -3.000000e+000 -1.143185e+001  1.482362e+000
    endloop
  endfacet
  facet normal  1.000000e+000  0.000000e+000  -0.000000e+000
    outer loop
      vertex -3.000000e+000 -1.143185e+001  1.482362e+000
      vertex -3.000000e+000 -1.050000e+001  2.000000e+000
      vertex -3.000000e+000 -1.150000e+001  2.000000e+000
    endloop
  endfacet
  facet normal  1.000000e+000  0.000000e+000  0.000000e+000
    outer loop
      vertex -3.000000e+000 -1.143185e+001  1.701764e+001
      vertex -3.000000e+000 -1.042388e+001  1.688268e+001
      vertex -3.000000e+000 -1.123205e+001  1.750000e+001
    endloop
  endfacet
  facet normal  1.000000e+000  0.000000e+000  0.000000e+000
    outer loop
      vertex -3.000000e+000 -1.123205e+001  1.750000e+001
      vertex -3.000000e+000 -1.042388e+001  1.688268e+001
      vertex -3.000000e+000 -1.020711e+001  1.720711e+001
    endloop
  endfacet
  facet normal  1.000000e+000  0.000000e+000  -0.000000e+000
    outer loop
      vertex -3.000000e+000 -1.123205e+001  1.750000e+001
      vertex -3.000000e+000 -1.020711e+001  1.720711e+001
      vertex -3.000000e+000 -9.882684e+000  1.742388e+001
    endloop
  endfacet
  facet normal  0.000000e+000 -9.914448e-001 -1.305267e-001
    outer loop
      vertex -3.000000e+000 -1.150000e+001  2.000000e+000
      vertex -8.000000e+000 -1.150000e+001  2.000000e+000
      vertex -3.000000e+000 -1.143185e+001  1.482362e+000
    endloop
  endfacet
  facet normal  -0.000000e+000 -9.914448e-001 -1.305267e-001
    outer loop
      vertex -3.000000e+000 -1.143185e+001  1.482362e+000
      vertex -8.000000e+000 -1.150000e+001  2.000000e+000
      vertex -8.000000e+000 -1.143185e+001  1.482362e+000
    endloop
  endfacet
  facet normal  0.000000e+000 -9.238798e-001 -3.826829e-001
    outer loop
      vertex -3.000000e+000 -1.143185e+001  1.482362e+000
      vertex -8.000000e+000 -1.143185e+001  1.482362e+000
      vertex -3.000000e+000 -1.123205e+001  1.000000e+000
    endloop
  endfacet
  facet normal  -0.000000e+000 -9.238798e-001 -3.826829e-001
    outer loop
      vertex -3.000000e+000 -1.123205e+001  1.000000e+000
      vertex -8.000000e+000 -1.143185e+001  1.482362e+000
      vertex -8.000000e+000 -1.123205e+001  1.000000e+000
    endloop
  endfacet
  facet normal  0.000000e+000 -7.933529e-001 -6.087620e-001
    outer loop
      vertex -3.000000e+000 -1.123205e+001  1.000000e+000
      vertex -8.000000e+000 -1.123205e+001  1.000000e+000
      vertex -3.000000e+000 -1.091421e+001  5.857865e-001
    endloop
  endfacet
  facet normal  -0.000000e+000 -7.933529e-001 -6.087620e-001
    outer loop
      vertex -3.000000e+000 -1.091421e+001  5.857865e-001
      vertex -8.000000e+000 -1.123205e+001  1.000000e+000
      vertex -8.000000e+000 -1.091421e+001  5.857865e-001
    endloop
  endfacet
  facet normal  0.000000e+000 -6.087618e-001 -7.933531e-001
    outer loop
      vertex -3.000000e+000 -1.091421e+001  5.857865e-001
      vertex -8.000000e+000 -1.091421e+001  5.857865e-001
      vertex -3.000000e+000 -1.050000e+001  2.679492e-001
    endloop
  endfacet
  facet normal  -0.000000e+000 -6.087618e-001 -7.933531e-001
    outer loop
      vertex -3.000000e+000 -1.050000e+001  2.679492e-001
      vertex -8.000000e+000 -1.091421e+001  5.857865e-001
      vertex -8.000000e+000 -1.050000e+001  2.679492e-001
    endloop
  endfacet
  facet normal  0.000000e+000 -3.826835e-001 -9.238794e-001
    outer loop
      vertex -3.000000e+000 -1.050000e+001  2.679492e-001
      vertex -8.000000e+000 -1.050000e+001  2.679492e-001
      vertex -3.000000e+000 -1.001764e+001  6.814834e-002
    endloop
  endfacet
  facet normal  -0.000000e+000 -3.826835e-001 -9.238794e-001
    outer loop
      vertex -3.000000e+000 -1.001764e+001  6.814834e-002
      vertex -8.000000e+000 -1.050000e+001  2.679492e-001
      vertex -8.000000e+000 -1.001764e+001  6.814834e-002
    endloop
  endfacet
  facet normal  0.000000e+000 -1.305262e-001 -9.914449e-001
    outer loop
      vertex -3.000000e+000 -1.001764e+001  6.814834e-002
      vertex -8.000000e+000 -1.001764e+001  6.814834e-002
      vertex -3.000000e+000 -9.500000e+000  0.000000e+000
    endloop
  endfacet
  facet normal  -0.000000e+000 -1.305262e-001 -9.914449e-001
    outer loop
      vertex -3.000000e+000 -9.500000e+000  0.000000e+000
      vertex -8.000000e+000 -1.001764e+001  6.814834e-002
      vertex -8.000000e+000 -9.500000e+000  0.000000e+000
    endloop
  endfacet
  facet normal -1.000000e+000  0.000000e+000  0.000000e+000
    outer loop
      vertex -8.000000e+000 -9.500000e+000  1.850000e+001
      vertex -8.000000e+000 -8.792893e+000  1.720711e+001
      vertex -8.000000e+000 -9.117316e+000  1.742388e+001
    endloop
  endfacet
  facet normal -1.000000e+000  0.000000e+000  0.000000e+000
    outer loop
      vertex -8.000000e+000  8.500000e+000  1.650000e+001
      vertex -8.000000e+000 -6.500000e+000  6.000000e+000
      vertex -8.000000e+000  8.576120e+000  1.688268e+001
    endloop
  endfacet
  facet normal -1.000000e+000  0.000000e+000  0.000000e+000
    outer loop
      vertex -8.000000e+000  9.882684e+000  2.923880e+000
      vertex -8.000000e+000  9.500000e+000  3.000000e+000
      vertex -8.000000e+000  9.500000e+000  1.550000e+001
    endloop
  endfacet
  facet normal -1.000000e+000  0.000000e+000  -0.000000e+000
    outer loop
      vertex -8.000000e+000 -9.882684e+000  2.923880e+000
      vertex -8.000000e+000 -9.500000e+000  1.550000e+001
      vertex -8.000000e+000 -9.500000e+000  3.000000e+000
    endloop
  endfacet
  facet normal -1.000000e+000  0.000000e+000  -0.000000e+000
    outer loop
      vertex -8.000000e+000 -1.123205e+001  1.000000e+000
      vertex -8.000000e+000 -9.882684e+000  1.076120e+000
      vertex -8.000000e+000 -9.500000e+000  1.000000e+000
    endloop
  endfacet
  facet normal -1.000000e+000  0.000000e+000  0.000000e+000
    outer loop
      vertex -8.000000e+000 -6.500000e+000  6.000000e+000
      vertex -8.000000e+000 -6.500000e+000  1.000000e+000
      vertex -8.000000e+000 -8.792893e+000  2.707107e+000
    endloop
  endfacet
  facet normal -9.999999e-001  0.000000e+000  0.000000e+000
    outer loop
      vertex -8.000000e+000 -6.500000e+000  6.000000e+000
      vertex -8.000000e+000 -8.792893e+000  2.707107e+000
      vertex -8.000000e+000 -9.117316e+000  2.923880e+000
    endloop
  endfacet
  facet normal -1.000000e+000  0.000000e+000  0.000000e+000
    outer loop
      vertex -8.000000e+000 -6.500000e+000  6.000000e+000
      vertex -8.000000e+000 -9.117316e+000  2.923880e+000
      vertex -8.000000e+000 -9.500000e+000  3.000000e+000
    endloop
  endfacet
  facet normal -1.000000e+000  0.000000e+000  0.000000e+000
    outer loop
      vertex -8.000000e+000 -6.500000e+000  6.000000e+000
      vertex -8.000000e+000 -9.500000e+000  3.000000e+000
      vertex -8.000000e+000 -9.500000e+000  1.550000e+001
    endloop
  endfacet
  facet normal -1.000000e+000  0.000000e+000  0.000000e+000
    outer loop
      vertex -8.000000e+000 -6.500000e+000  6.000000e+000
      vertex -8.000000e+000 -9.500000e+000  1.550000e+001
      vertex -8.000000e+000 -9.117316e+000  1.557612e+001
    endloop
  endfacet
  facet normal -1.000000e+000  0.000000e+000  0.000000e+000
    outer loop
      vertex -8.000000e+000 -6.500000e+000  6.000000e+000
      vertex -8.000000e+000 -9.117316e+000  1.557612e+001
      vertex -8.000000e+000 -8.792893e+000  1.579289e+001
    endloop
  endfacet
  facet normal -1.000000e+000  0.000000e+000  0.000000e+000
    outer loop
      vertex -8.000000e+000 -6.500000e+000  6.000000e+000
      vertex -8.000000e+000 -8.792893e+000  1.579289e+001
      vertex -8.000000e+000 -8.576120e+000  1.611732e+001
    endloop
  endfacet
  facet normal -1.000000e+000  0.000000e+000  0.000000e+000
    outer loop
      vertex -8.000000e+000 -6.500000e+000  6.000000e+000
      vertex -8.000000e+000 -8.576120e+000  1.611732e+001
      vertex -8.000000e+000 -8.500000e+000  1.650000e+001
    endloop
  endfacet
  facet normal -1.000000e+000  0.000000e+000  0.000000e+000
    outer loop
      vertex -8.000000e+000  6.500000e+000  6.000000e+000
      vertex -8.000000e+000 -6.500000e+000  6.000000e+000
      vertex -8.000000e+000  8.500000e+000  1.650000e+001
    endloop
  endfacet
  facet normal -1.000000e+000  0.000000e+000  -0.000000e+000
    outer loop
      vertex -8.000000e+000  6.500000e+000  6.000000e+000
      vertex -8.000000e+000  8.500000e+000  1.650000e+001
      vertex -8.000000e+000  8.576120e+000  1.611732e+001
    endloop
  endfacet
  facet normal -1.000000e+000  0.000000e+000  -0.000000e+000
    outer loop
      vertex -8.000000e+000  6.500000e+000  6.000000e+000
      vertex -8.000000e+000  8.576120e+000  1.611732e+001
      vertex -8.000000e+000  8.792893e+000  1.579289e+001
    endloop
  endfacet
  facet normal -1.000000e+000  0.000000e+000  -0.000000e+000
    outer loop
      vertex -8.000000e+000  6.500000e+000  6.000000e+000
      vertex -8.000000e+000  8.792893e+000  1.579289e+001
      vertex -8.000000e+000  9.117316e+000  1.557612e+001
    endloop
  endfacet
  facet normal -1.000000e+000  0.000000e+000  -0.000000e+000
    outer loop
      vertex -8.000000e+000  6.500000e+000  6.000000e+000
      vertex -8.000000e+000  9.117316e+000  1.557612e+001
      vertex -8.000000e+000  9.500000e+000  1.550000e+001
    endloop
  endfacet
  facet normal -1.000000e+000  0.000000e+000  -0.000000e+000
    outer loop
      vertex -8.000000e+000  6.500000e+000  6.000000e+000
      vertex -8.000000e+000  9.500000e+000  1.550000e+001
      vertex -8.000000e+000  9.500000e+000  3.000000e+000
    endloop
  endfacet
  facet normal -1.000000e+000  -0.000000e+000  0.000000e+000
    outer loop
      vertex -8.000000e+000  6.500000e+000  6.000000e+000
      vertex -8.000000e+000  9.500000e+000  3.000000e+000
      vertex -8.000000e+000  9.117316e+000  2.923880e+000
    endloop
  endfacet
  facet normal -9.999999e-001  -0.000000e+000  0.000000e+000
    outer loop
      vertex -8.000000e+000  6.500000e+000  6.000000e+000
      vertex -8.000000e+000  9.117316e+000  2.923880e+000
      vertex -8.000000e+000  8.792893e+000  2.707107e+000
    endloop
  endfacet
  facet normal -1.000000e+000  -0.000000e+000  0.000000e+000
    outer loop
      vertex -8.000000e+000  6.500000e+000  6.000000e+000
      vertex -8.000000e+000  8.792893e+000  2.707107e+000
      vertex -8.000000e+000  6.500000e+000  1.000000e+000
    endloop
  endfacet
  facet normal -1.000000e+000  0.000000e+000  0.000000e+000
    outer loop
      vertex -8.000000e+000  6.500000e+000  1.000000e+000
      vertex -8.000000e+000  8.792893e+000  2.707107e+000
      vertex -8.000000e+000  8.576120e+000  2.382684e+000
    endloop
  endfacet
  facet normal -1.000000e+000  0.000000e+000  0.000000e+000
    outer loop
      vertex -8.000000e+000  6.500000e+000  1.000000e+000
      vertex -8.000000e+000  8.576120e+000  2.382684e+000
      vertex -8.000000e+000  8.500000e+000  2.000000e+000
    endloop
  endfacet
  facet normal -1.000000e+000  0.000000e+000  -0.000000e+000
    outer loop
      vertex -8.000000e+000  6.500000e+000  1.000000e+000
      vertex -8.000000e+000  8.500000e+000  2.000000e+000
      vertex -8.000000e+000  8.576120e+000  1.617317e+000
    endloop
  endfacet
  facet normal -9.999999e-001  0.000000e+000  -0.000000e+000
    outer loop
      vertex -8.000000e+000  6.500000e+000  1.000000e+000
      vertex -8.000000e+000  8.576120e+000  1.617317e+000
      vertex -8.000000e+000  8.792893e+000  1.292893e+000
    endloop
  endfacet
  facet normal -1.000000e+000  0.000000e+000  -0.000000e+000
    outer loop
      vertex -8.000000e+000  6.500000e+000  1.000000e+000
      vertex -8.000000e+000  8.792893e+000  1.292893e+000
      vertex -8.000000e+000  9.117316e+000  1.076120e+000
    endloop
  endfacet
  facet normal -1.000000e+000  0.000000e+000  -0.000000e+000
    outer loop
      vertex -8.000000e+000  6.500000e+000  1.000000e+000
      vertex -8.000000e+000  9.117316e+000  1.076120e+000
      vertex -8.000000e+000  9.500000e+000  1.000000e+000
    endloop
  endfacet
  facet normal -1.000000e+000  -0.000000e+000  -0.000000e+000
    outer loop
      vertex -8.000000e+000  6.500000e+000  1.000000e+000
      vertex -8.000000e+000  9.500000e+000  1.000000e+000
      vertex -8.000000e+000  9.500000e+000  0.000000e+000
    endloop
  endfacet
  facet normal -1.000000e+000  0.000000e+000  0.000000e+000
    outer loop
      vertex -8.000000e+000  6.500000e+000  1.000000e+000
      vertex -8.000000e+000  9.500000e+000  0.000000e+000
      vertex -8.000000e+000 -9.500000e+000  0.000000e+000
    endloop
  endfacet
  facet normal -1.000000e+000  0.000000e+000  0.000000e+000
    outer loop
      vertex -8.000000e+000  6.500000e+000  1.000000e+000
      vertex -8.000000e+000 -9.500000e+000  0.000000e+000
      vertex -8.000000e+000 -6.500000e+000  1.000000e+000
    endloop
  endfacet
  facet normal -1.000000e+000  0.000000e+000  0.000000e+000
    outer loop
      vertex -8.000000e+000 -6.500000e+000  1.000000e+000
      vertex -8.000000e+000 -9.500000e+000  0.000000e+000
      vertex -8.000000e+000 -9.500000e+000  1.000000e+000
    endloop
  endfacet
  facet normal -1.000000e+000  0.000000e+000  0.000000e+000
    outer loop
      vertex -8.000000e+000 -6.500000e+000  1.000000e+000
      vertex -8.000000e+000 -9.500000e+000  1.000000e+000
      vertex -8.000000e+000 -9.117316e+000  1.076120e+000
    endloop
  endfacet
  facet normal -1.000000e+000  0.000000e+000  0.000000e+000
    outer loop
      vertex -8.000000e+000 -6.500000e+000  1.000000e+000
      vertex -8.000000e+000 -9.117316e+000  1.076120e+000
      vertex -8.000000e+000 -8.792893e+000  1.292893e+000
    endloop
  endfacet
  facet normal -9.999999e-001  0.000000e+000  0.000000e+000
    outer loop
      vertex -8.000000e+000 -6.500000e+000  1.000000e+000
      vertex -8.000000e+000 -8.792893e+000  1.292893e+000
      vertex -8.000000e+000 -8.576120e+000  1.617317e+000
    endloop
  endfacet
  facet normal -1.000000e+000  0.000000e+000  0.000000e+000
    outer loop
      vertex -8.000000e+000 -6.500000e+000  1.000000e+000
      vertex -8.000000e+000 -8.576120e+000  1.617317e+000
      vertex -8.000000e+000 -8.500000e+000  2.000000e+000
    endloop
  endfacet
  facet normal -1.000000e+000  0.000000e+000  0.000000e+000
    outer loop
      vertex -8.000000e+000 -6.500000e+000  1.000000e+000
      vertex -8.000000e+000 -8.500000e+000  2.000000e+000
      vertex -8.000000e+000 -8.576120e+000  2.382684e+000
    endloop
  endfacet
  facet normal -1.000000e+000  0.000000e+000  0.000000e+000
    outer loop
      vertex -8.000000e+000 -6.500000e+000  1.000000e+000
      vertex -8.000000e+000 -8.576120e+000  2.382684e+000
      vertex -8.000000e+000 -8.792893e+000  2.707107e+000
    endloop
  endfacet
  facet normal -1.000000e+000  -0.000000e+000  0.000000e+000
    outer loop
      vertex -8.000000e+000  9.500000e+000  1.850000e+001
      vertex -8.000000e+000  1.001764e+001  1.843185e+001
      vertex -8.000000e+000  9.500000e+000  1.750000e+001
    endloop
  endfacet
  facet normal -9.999999e-001  -0.000000e+000  0.000000e+000
    outer loop
      vertex -8.000000e+000  9.500000e+000  1.850000e+001
      vertex -8.000000e+000  9.500000e+000  1.750000e+001
      vertex -8.000000e+000  9.117316e+000  1.742388e+001
    endloop
  endfacet
  facet normal -1.000000e+000  -0.000000e+000  0.000000e+000
    outer loop
      vertex -8.000000e+000  9.500000e+000  1.850000e+001
      vertex -8.000000e+000  9.117316e+000  1.742388e+001
      vertex -8.000000e+000  8.792893e+000  1.720711e+001
    endloop
  endfacet
  facet normal -1.000000e+000  -0.000000e+000  0.000000e+000
    outer loop
      vertex -8.000000e+000  9.500000e+000  1.850000e+001
      vertex -8.000000e+000  8.792893e+000  1.720711e+001
      vertex -8.000000e+000  8.576120e+000  1.688268e+001
    endloop
  endfacet
  facet normal -9.999999e-001  -0.000000e+000  0.000000e+000
    outer loop
      vertex -8.000000e+000  9.500000e+000  1.850000e+001
      vertex -8.000000e+000  8.576120e+000  1.688268e+001
      vertex -8.000000e+000 -6.500000e+000  6.000000e+000
    endloop
  endfacet
  facet normal -1.000000e+000  0.000000e+000  0.000000e+000
    outer loop
      vertex -8.000000e+000  9.500000e+000  1.850000e+001
      vertex -8.000000e+000 -6.500000e+000  6.000000e+000
      vertex -8.000000e+000 -8.500000e+000  1.650000e+001
    endloop
  endfacet
  facet normal -1.000000e+000  0.000000e+000  0.000000e+000
    outer loop
      vertex -8.000000e+000  9.500000e+000  1.850000e+001
      vertex -8.000000e+000 -8.500000e+000  1.650000e+001
      vertex -8.000000e+000 -8.576120e+000  1.688268e+001
    endloop
  endfacet
  facet normal -9.999999e-001  0.000000e+000  0.000000e+000
    outer loop
      vertex -8.000000e+000  9.500000e+000  1.850000e+001
      vertex -8.000000e+000 -8.576120e+000  1.688268e+001
      vertex -8.000000e+000 -8.792893e+000  1.720711e+001
    endloop
  endfacet
  facet normal -1.000000e+000  0.000000e+000  0.000000e+000
    outer loop
      vertex -8.000000e+000  9.500000e+000  1.850000e+001
      vertex -8.000000e+000 -8.792893e+000  1.720711e+001
      vertex -8.000000e+000 -9.500000e+000  1.850000e+001
    endloop
  endfacet
  facet normal -9.999999e-001  0.000000e+000  0.000000e+000
    outer loop
      vertex -8.000000e+000  1.150000e+001  2.000000e+000
      vertex -8.000000e+000  1.143185e+001  1.482362e+000
      vertex -8.000000e+000  1.042388e+001  1.617317e+000
    endloop
  endfacet
  facet normal -1.000000e+000  0.000000e+000  0.000000e+000
    outer loop
      vertex -8.000000e+000  1.150000e+001  2.000000e+000
      vertex -8.000000e+000  1.042388e+001  1.617317e+000
      vertex -8.000000e+000  1.050000e+001  2.000000e+000
    endloop
  endfacet
  facet normal -1.000000e+000  0.000000e+000  0.000000e+000
    outer loop
      vertex -8.000000e+000  1.150000e+001  2.000000e+000
      vertex -8.000000e+000  1.050000e+001  2.000000e+000
      vertex -8.000000e+000  1.042388e+001  2.382684e+000
    endloop
  endfacet
  facet normal -1.000000e+000  0.000000e+000  0.000000e+000
    outer loop
      vertex -8.000000e+000  1.150000e+001  2.000000e+000
      vertex -8.000000e+000  1.042388e+001  2.382684e+000
      vertex -8.000000e+000  1.020711e+001  2.707107e+000
    endloop
  endfacet
  facet normal -1.000000e+000  0.000000e+000  0.000000e+000
    outer loop
      vertex -8.000000e+000  1.150000e+001  2.000000e+000
      vertex -8.000000e+000  1.020711e+001  2.707107e+000
      vertex -8.000000e+000  9.882684e+000  2.923880e+000
    endloop
  endfacet
  facet normal -1.000000e+000  0.000000e+000  0.000000e+000
    outer loop
      vertex -8.000000e+000  1.150000e+001  2.000000e+000
      vertex -8.000000e+000  9.882684e+000  2.923880e+000
      vertex -8.000000e+000  9.500000e+000  1.550000e+001
    endloop
  endfacet
  facet normal -1.000000e+000  0.000000e+000  0.000000e+000
    outer loop
      vertex -8.000000e+000  1.150000e+001  2.000000e+000
      vertex -8.000000e+000  9.500000e+000  1.550000e+001
      vertex -8.000000e+000  9.882684e+000  1.557612e+001
    endloop
  endfacet
  facet normal -1.000000e+000  0.000000e+000  0.000000e+000
    outer loop
      vertex -8.000000e+000  1.150000e+001  2.000000e+000
      vertex -8.000000e+000  9.882684e+000  1.557612e+001
      vertex -8.000000e+000  1.020711e+001  1.579289e+001
    endloop
  endfacet
  facet normal -1.000000e+000  0.000000e+000  0.000000e+000
    outer loop
      vertex -8.000000e+000  1.150000e+001  2.000000e+000
      vertex -8.000000e+000  1.020711e+001  1.579289e+001
      vertex -8.000000e+000  1.042388e+001  1.611732e+001
    endloop
  endfacet
  facet normal -1.000000e+000  0.000000e+000  0.000000e+000
    outer loop
      vertex -8.000000e+000  1.150000e+001  2.000000e+000
      vertex -8.000000e+000  1.042388e+001  1.611732e+001
      vertex -8.000000e+000  1.050000e+001  1.650000e+001
    endloop
  endfacet
  facet normal -1.000000e+000  0.000000e+000  0.000000e+000
    outer loop
      vertex -8.000000e+000  1.150000e+001  2.000000e+000
      vertex -8.000000e+000  1.050000e+001  1.650000e+001
      vertex -8.000000e+000  1.150000e+001  1.650000e+001
    endloop
  endfacet
  facet normal -1.000000e+000  0.000000e+000  -0.000000e+000
    outer loop
      vertex -8.000000e+000  9.500000e+000  1.750000e+001
      vertex -8.000000e+000  1.001764e+001  1.843185e+001
      vertex -8.000000e+000  1.050000e+001  1.823205e+001
    endloop
  endfacet
  facet normal -1.000000e+000  0.000000e+000  -0.000000e+000
    outer loop
      vertex -8.000000e+000  9.500000e+000  1.750000e+001
      vertex -8.000000e+000  1.050000e+001  1.823205e+001
      vertex -8.000000e+000  1.091421e+001  1.791421e+001
    endloop
  endfacet
  facet normal -1.000000e+000  0.000000e+000  -0.000000e+000
    outer loop
      vertex -8.000000e+000  9.500000e+000  1.750000e+001
      vertex -8.000000e+000  1.091421e+001  1.791421e+001
      vertex -8.000000e+000  1.123205e+001  1.750000e+001
    endloop
  endfacet
  facet normal -1.000000e+000  -0.000000e+000  0.000000e+000
    outer loop
      vertex -8.000000e+000  9.500000e+000  1.750000e+001
      vertex -8.000000e+000  1.123205e+001  1.750000e+001
      vertex -8.000000e+000  9.882684e+000  1.742388e+001
    endloop
  endfacet
  facet normal -1.000000e+000  0.000000e+000  0.000000e+000
    outer loop
      vertex -8.000000e+000 -9.500000e+000  1.750000e+001
      vertex -8.000000e+000 -9.882684e+000  1.742388e+001
      vertex -8.000000e+000 -1.123205e+001  1.750000e+001
    endloop
  endfacet
  facet normal -1.000000e+000  0.000000e+000  0.000000e+000
    outer loop
      vertex -8.000000e+000 -9.500000e+000  1.750000e+001
      vertex -8.000000e+000 -1.123205e+001  1.750000e+001
      vertex -8.000000e+000 -1.091421e+001  1.791421e+001
    endloop
  endfacet
  facet normal -1.000000e+000  0.000000e+000  0.000000e+000
    outer loop
      vertex -8.000000e+000 -9.500000e+000  1.750000e+001
      vertex -8.000000e+000 -1.091421e+001  1.791421e+001
      vertex -8.000000e+000 -1.050000e+001  1.823205e+001
    endloop
  endfacet
  facet normal -1.000000e+000  0.000000e+000  0.000000e+000
    outer loop
      vertex -8.000000e+000 -9.500000e+000  1.750000e+001
      vertex -8.000000e+000 -1.050000e+001  1.823205e+001
      vertex -8.000000e+000 -1.001764e+001  1.843185e+001
    endloop
  endfacet
  facet normal -1.000000e+000  0.000000e+000  0.000000e+000
    outer loop
      vertex -8.000000e+000 -9.500000e+000  1.750000e+001
      vertex -8.000000e+000 -1.001764e+001  1.843185e+001
      vertex -8.000000e+000 -9.500000e+000  1.850000e+001
    endloop
  endfacet
  facet normal -9.999999e-001  0.000000e+000  0.000000e+000
    outer loop
      vertex -8.000000e+000 -9.500000e+000  1.750000e+001
      vertex -8.000000e+000 -9.500000e+000  1.850000e+001
      vertex -8.000000e+000 -9.117316e+000  1.742388e+001
    endloop
  endfacet
  facet normal -1.000000e+000  0.000000e+000  0.000000e+000
    outer loop
      vertex -8.000000e+000 -1.150000e+001  2.000000e+000
      vertex -8.000000e+000 -1.150000e+001  1.650000e+001
      vertex -8.000000e+000 -1.050000e+001  1.650000e+001
    endloop
  endfacet
  facet normal -1.000000e+000  0.000000e+000  -0.000000e+000
    outer loop
      vertex -8.000000e+000 -1.150000e+001  2.000000e+000
      vertex -8.000000e+000 -1.050000e+001  1.650000e+001
      vertex -8.000000e+000 -1.042388e+001  1.611732e+001
    endloop
  endfacet
  facet normal -1.000000e+000  0.000000e+000  -0.000000e+000
    outer loop
      vertex -8.000000e+000 -1.150000e+001  2.000000e+000
      vertex -8.000000e+000 -1.042388e+001  1.611732e+001
      vertex -8.000000e+000 -1.020711e+001  1.579289e+001
    endloop
  endfacet
  facet normal -1.000000e+000  0.000000e+000  -0.000000e+000
    outer loop
      vertex -8.000000e+000 -1.150000e+001  2.000000e+000
      vertex -8.000000e+000 -1.020711e+001  1.579289e+001
      vertex -8.000000e+000 -9.882684e+000  1.557612e+001
    endloop
  endfacet
  facet normal -1.000000e+000  0.000000e+000  -0.000000e+000
    outer loop
      vertex -8.000000e+000 -1.150000e+001  2.000000e+000
      vertex -8.000000e+000 -9.882684e+000  1.557612e+001
      vertex -8.000000e+000 -9.500000e+000  1.550000e+001
    endloop
  endfacet
  facet normal -1.000000e+000  0.000000e+000  0.000000e+000
    outer loop
      vertex -8.000000e+000 -1.150000e+001  2.000000e+000
      vertex -8.000000e+000 -9.500000e+000  1.550000e+001
      vertex -8.000000e+000 -9.882684e+000  2.923880e+000
    endloop
  endfacet
  facet normal -1.000000e+000  0.000000e+000  0.000000e+000
    outer loop
      vertex -8.000000e+000 -1.150000e+001  2.000000e+000
      vertex -8.000000e+000 -9.882684e+000  2.923880e+000
      vertex -8.000000e+000 -1.020711e+001  2.707107e+000
    endloop
  endfacet
  facet normal -1.000000e+000  0.000000e+000  0.000000e+000
    outer loop
      vertex -8.000000e+000 -1.150000e+001  2.000000e+000
      vertex -8.000000e+000 -1.020711e+001  2.707107e+000
      vertex -8.000000e+000 -1.042388e+001  2.382684e+000
    endloop
  endfacet
  facet normal -1.000000e+000  0.000000e+000  0.000000e+000
    outer loop
      vertex -8.000000e+000 -1.150000e+001  2.000000e+000
      vertex -8.000000e+000 -1.042388e+001  2.382684e+000
      vertex -8.000000e+000 -1.050000e+001  2.000000e+000
    endloop
  endfacet
  facet normal -1.000000e+000  -0.000000e+000  -0.000000e+000
    outer loop
      vertex -8.000000e+000 -1.150000e+001  2.000000e+000
      vertex -8.000000e+000 -1.050000e+001  2.000000e+000
      vertex -8.000000e+000 -1.042388e+001  1.617317e+000
    endloop
  endfacet
  facet normal -1.000000e+000  -0.000000e+000  0.000000e+000
    outer loop
      vertex -8.000000e+000 -1.150000e+001  2.000000e+000
      vertex -8.000000e+000 -1.042388e+001  1.617317e+000
      vertex -8.000000e+000 -1.143185e+001  1.482362e+000
    endloop
  endfacet
  facet normal -1.000000e+000  0.000000e+000  0.000000e+000
    outer loop
      vertex -8.000000e+000 -9.500000e+000  0.000000e+000
      vertex -8.000000e+000 -1.001764e+001  6.814834e-002
      vertex -8.000000e+000 -1.050000e+001  2.679492e-001
    endloop
  endfacet
  facet normal -1.000000e+000  0.000000e+000  0.000000e+000
    outer loop
      vertex -8.000000e+000 -9.500000e+000  0.000000e+000
      vertex -8.000000e+000 -1.050000e+001  2.679492e-001
      vertex -8.000000e+000 -1.091421e+001  5.857865e-001
    endloop
  endfacet
  facet normal -1.000000e+000  0.000000e+000  0.000000e+000
    outer loop
      vertex -8.000000e+000 -9.500000e+000  0.000000e+000
      vertex -8.000000e+000 -1.091421e+001  5.857865e-001
      vertex -8.000000e+000 -1.123205e+001  1.000000e+000
    endloop
  endfacet
  facet normal -1.000000e+000  0.000000e+000  0.000000e+000
    outer loop
      vertex -8.000000e+000 -9.500000e+000  0.000000e+000
      vertex -8.000000e+000 -1.123205e+001  1.000000e+000
      vertex -8.000000e+000 -9.500000e+000  1.000000e+000
    endloop
  endfacet
  facet normal -1.000000e+000  0.000000e+000  0.000000e+000
    outer loop
      vertex -8.000000e+000  9.882684e+000  1.742388e+001
      vertex -8.000000e+000  1.123205e+001  1.750000e+001
      vertex -8.000000e+000  1.020711e+001  1.720711e+001
    endloop
  endfacet
  facet normal -1.000000e+000  0.000000e+000  0.000000e+000
    outer loop
      vertex -8.000000e+000  1.020711e+001  1.720711e+001
      vertex -8.000000e+000  1.123205e+001  1.750000e+001
      vertex -8.000000e+000  1.143185e+001  1.701764e+001
    endloop
  endfacet
  facet normal -1.000000e+000  -0.000000e+000  0.000000e+000
    outer loop
      vertex -8.000000e+000  1.020711e+001  1.720711e+001
      vertex -8.000000e+000  1.143185e+001  1.701764e+001
      vertex -8.000000e+000  1.042388e+001  1.688268e+001
    endloop
  endfacet
  facet normal -1.000000e+000  0.000000e+000  0.000000e+000
    outer loop
      vertex -8.000000e+000  1.150000e+001  1.650000e+001
      vertex -8.000000e+000  1.050000e+001  1.650000e+001
      vertex -8.000000e+000  1.143185e+001  1.701764e+001
    endloop
  endfacet
  facet normal -1.000000e+000  0.000000e+000  0.000000e+000
    outer loop
      vertex -8.000000e+000  1.143185e+001  1.701764e+001
      vertex -8.000000e+000  1.050000e+001  1.650000e+001
      vertex -8.000000e+000  1.042388e+001  1.688268e+001
    endloop
  endfacet
  facet normal -1.000000e+000  -0.000000e+000  0.000000e+000
    outer loop
      vertex -8.000000e+000  1.042388e+001  1.617317e+000
      vertex -8.000000e+000  1.143185e+001  1.482362e+000
      vertex -8.000000e+000  1.020711e+001  1.292893e+000
    endloop
  endfacet
  facet normal -1.000000e+000  0.000000e+000  0.000000e+000
    outer loop
      vertex -8.000000e+000  1.020711e+001  1.292893e+000
      vertex -8.000000e+000  1.143185e+001  1.482362e+000
      vertex -8.000000e+000  1.123205e+001  1.000000e+000
    endloop
  endfacet
  facet normal -1.000000e+000  0.000000e+000  0.000000e+000
    outer loop
      vertex -8.000000e+000  1.020711e+001  1.292893e+000
      vertex -8.000000e+000  1.123205e+001  1.000000e+000
      vertex -8.000000e+000  9.882684e+000  1.076120e+000
    endloop
  endfacet
  facet normal -1.000000e+000  0.000000e+000  0.000000e+000
    outer loop
      vertex -8.000000e+000  1.050000e+001  2.679492e-001
      vertex -8.000000e+000  1.001764e+001  6.814834e-002
      vertex -8.000000e+000  1.091421e+001  5.857865e-001
    endloop
  endfacet
  facet normal -1.000000e+000  0.000000e+000  0.000000e+000
    outer loop
      vertex -8.000000e+000  1.091421e+001  5.857865e-001
      vertex -8.000000e+000  1.001764e+001  6.814834e-002
      vertex -8.000000e+000  9.500000e+000  0.000000e+000
    endloop
  endfacet
  facet normal -1.000000e+000  0.000000e+000  0.000000e+000
    outer loop
      vertex -8.000000e+000  1.091421e+001  5.857865e-001
      vertex -8.000000e+000  9.500000e+000  0.000000e+000
      vertex -8.000000e+000  1.123205e+001  1.000000e+000
    endloop
  endfacet
  facet normal -1.000000e+000  -0.000000e+000  0.000000e+000
    outer loop
      vertex -8.000000e+000  1.123205e+001  1.000000e+000
      vertex -8.000000e+000  9.500000e+000  0.000000e+000
      vertex -8.000000e+000  9.500000e+000  1.000000e+000
    endloop
  endfacet
  facet normal -1.000000e+000  0.000000e+000  0.000000e+000
    outer loop
      vertex -8.000000e+000  1.123205e+001  1.000000e+000
      vertex -8.000000e+000  9.500000e+000  1.000000e+000
      vertex -8.000000e+000  9.882684e+000  1.076120e+000
    endloop
  endfacet
  facet normal -9.999999e-001  -0.000000e+000  0.000000e+000
    outer loop
      vertex -8.000000e+000 -1.123205e+001  1.750000e+001
      vertex -8.000000e+000 -9.882684e+000  1.742388e+001
      vertex -8.000000e+000 -1.143185e+001  1.701764e+001
    endloop
  endfacet
  facet normal -9.999999e-001  0.000000e+000  0.000000e+000
    outer loop
      vertex -8.000000e+000 -1.143185e+001  1.701764e+001
      vertex -8.000000e+000 -9.882684e+000  1.742388e+001
      vertex -8.000000e+000 -1.020711e+001  1.720711e+001
    endloop
  endfacet
  facet normal -1.000000e+000  0.000000e+000  0.000000e+000
    outer loop
      vertex -8.000000e+000 -1.143185e+001  1.701764e+001
      vertex -8.000000e+000 -1.020711e+001  1.720711e+001
      vertex -8.000000e+000 -1.042388e+001  1.688268e+001
    endloop
  endfacet
  facet normal -9.999999e-001  0.000000e+000  0.000000e+000
    outer loop
      vertex -8.000000e+000 -1.042388e+001  1.688268e+001
      vertex -8.000000e+000 -1.050000e+001  1.650000e+001
      vertex -8.000000e+000 -1.143185e+001  1.701764e+001
    endloop
  endfacet
  facet normal -1.000000e+000  0.000000e+000  -0.000000e+000
    outer loop
      vertex -8.000000e+000 -1.143185e+001  1.701764e+001
      vertex -8.000000e+000 -1.050000e+001  1.650000e+001
      vertex -8.000000e+000 -1.150000e+001  1.650000e+001
    endloop
  endfacet
  facet normal -1.000000e+000  0.000000e+000  0.000000e+000
    outer loop
      vertex -8.000000e+000 -1.143185e+001  1.482362e+000
      vertex -8.000000e+000 -1.042388e+001  1.617317e+000
      vertex -8.000000e+000 -1.123205e+001  1.000000e+000
    endloop
  endfacet
  facet normal -1.000000e+000  0.000000e+000  0.000000e+000
    outer loop
      vertex -8.000000e+000 -1.123205e+001  1.000000e+000
      vertex -8.000000e+000 -1.042388e+001  1.617317e+000
      vertex -8.000000e+000 -1.020711e+001  1.292893e+000
    endloop
  endfacet
  facet normal -1.000000e+000  0.000000e+000  -0.000000e+000
    outer loop
      vertex -8.000000e+000 -1.123205e+001  1.000000e+000
      vertex -8.000000e+000 -1.020711e+001  1.292893e+000
      vertex -8.000000e+000 -9.882684e+000  1.076120e+000
    endloop
  endfacet
  facet normal  0.000000e+000 -1.000000e+000  0.000000e+000
    outer loop
      vertex -8.000000e+000 -1.150000e+001  2.000000e+000
      vertex -3.000000e+000 -1.150000e+001  2.000000e+000
      vertex -8.000000e+000 -1.150000e+001  1.650000e+001
    endloop
  endfacet
  facet normal  0.000000e+000 -1.000000e+000  0.000000e+000
    outer loop
      vertex -8.000000e+000 -1.150000e+001  1.650000e+001
      vertex -3.000000e+000 -1.150000e+001  2.000000e+000
      vertex -3.000000e+000 -1.150000e+001  1.650000e+001
    endloop
  endfacet
  facet normal  1.000000e+000  0.000000e+000  0.000000e+000
    outer loop
      vertex  1.350000e+001 -7.500000e+000  1.000000e+000
      vertex  1.350000e+001 -7.500000e+000  3.800000e+000
      vertex  1.350000e+001 -9.500000e+000  1.000000e+000
    endloop
  endfacet
  facet normal  1.000000e+000  0.000000e+000  -0.000000e+000
    outer loop
      vertex  1.350000e+001 -9.500000e+000  1.000000e+000
      vertex  1.350000e+001 -7.500000e+000  3.800000e+000
      vertex  1.350000e+001 -1.070000e+001  3.800000e+000
    endloop
  endfacet
  facet normal  1.000000e+000  0.000000e+000  0.000000e+000
    outer loop
      vertex  1.350000e+001 -9.500000e+000  1.000000e+000
      vertex  1.350000e+001 -1.070000e+001  3.800000e+000
      vertex  1.350000e+001 -1.150000e+001  3.000000e+000
    endloop
  endfacet
  facet normal  1.000000e+000  0.000000e+000  0.000000e+000
    outer loop
      vertex  1.350000e+001 -7.500000e+000  1.220000e+001
      vertex  1.350000e+001 -7.500000e+000  1.500000e+001
      vertex  1.350000e+001 -1.070000e+001  1.220000e+001
    endloop
  endfacet
  facet normal  1.000000e+000  0.000000e+000  0.000000e+000
    outer loop
      vertex  1.350000e+001 -1.070000e+001  1.220000e+001
      vertex  1.350000e+001 -7.500000e+000  1.500000e+001
      vertex  1.350000e+001 -9.500000e+000  1.500000e+001
    endloop
  endfacet
  facet normal  1.000000e+000  0.000000e+000  0.000000e+000
    outer loop
      vertex  1.350000e+001 -1.070000e+001  1.220000e+001
      vertex  1.350000e+001 -9.500000e+000  1.500000e+001
      vertex  1.350000e+001 -1.150000e+001  1.300000e+001
    endloop
  endfacet
  facet normal  1.000000e+000  0.000000e+000  0.000000e+000
    outer loop
      vertex  1.350000e+001 -1.150000e+001  1.300000e+001
      vertex  1.350000e+001 -1.150000e+001  3.000000e+000
      vertex  1.350000e+001 -1.070000e+001  1.220000e+001
    endloop
  endfacet
  facet normal  1.000000e+000  0.000000e+000  0.000000e+000
    outer loop
      vertex  1.350000e+001 -1.070000e+001  1.220000e+001
      vertex  1.350000e+001 -1.150000e+001  3.000000e+000
      vertex  1.350000e+001 -1.070000e+001  3.800000e+000
    endloop
  endfacet
  facet normal -1.000000e+000  0.000000e+000  0.000000e+000
    outer loop
      vertex  8.500000e+000 -1.070000e+001  1.220000e+001
      vertex  8.500000e+000 -1.150000e+001  1.300000e+001
      vertex  8.500000e+000 -7.500000e+000  1.220000e+001
    endloop
  endfacet
  facet normal -1.000000e+000  0.000000e+000  0.000000e+000
    outer loop
      vertex  8.500000e+000 -7.500000e+000  1.220000e+001
      vertex  8.500000e+000 -1.150000e+001  1.300000e+001
      vertex  8.500000e+000 -9.500000e+000  1.500000e+001
    endloop
  endfacet
  facet normal -1.000000e+000  0.000000e+000  0.000000e+000
    outer loop
      vertex  8.500000e+000 -7.500000e+000  1.220000e+001
      vertex  8.500000e+000 -9.500000e+000  1.500000e+001
      vertex  8.500000e+000 -7.500000e+000  1.500000e+001
    endloop
  endfacet
  facet normal -1.000000e+000  0.000000e+000  0.000000e+000
    outer loop
      vertex  8.500000e+000 -7.500000e+000  3.800000e+000
      vertex  8.500000e+000 -1.150000e+001  3.000000e+000
      vertex  8.500000e+000 -1.070000e+001  3.800000e+000
    endloop
  endfacet
  facet normal -1.000000e+000  -0.000000e+000  0.000000e+000
    outer loop
      vertex  8.500000e+000 -1.070000e+001  3.800000e+000
      vertex  8.500000e+000 -1.150000e+001  3.000000e+000
      vertex  8.500000e+000 -1.150000e+001  1.300000e+001
    endloop
  endfacet
  facet normal -1.000000e+000  0.000000e+000  0.000000e+000
    outer loop
      vertex  8.500000e+000 -1.070000e+001  3.800000e+000
      vertex  8.500000e+000 -1.150000e+001  1.300000e+001
      vertex  8.500000e+000 -1.070000e+001  1.220000e+001
    endloop
  endfacet
  facet normal -1.000000e+000  0.000000e+000  0.000000e+000
    outer loop
      vertex  8.500000e+000 -1.150000e+001  3.000000e+000
      vertex  8.500000e+000 -7.500000e+000  3.800000e+000
      vertex  8.500000e+000 -9.500000e+000  1.000000e+000
    endloop
  endfacet
  facet normal -1.000000e+000  0.000000e+000  0.000000e+000
    outer loop
      vertex  8.500000e+000 -9.500000e+000  1.000000e+000
      vertex  8.500000e+000 -7.500000e+000  3.800000e+000
      vertex  8.500000e+000 -7.500000e+000  1.000000e+000
    endloop
  endfacet
  facet normal  0.000000e+000  0.000000e+000 -1.000000e+000
    outer loop
      vertex  8.500000e+000 -9.500000e+000  1.000000e+000
      vertex  8.500000e+000 -7.500000e+000  1.000000e+000
      vertex  1.350000e+001 -9.500000e+000  1.000000e+000
    endloop
  endfacet
  facet normal  0.000000e+000  0.000000e+000 -1.000000e+000
    outer loop
      vertex  1.350000e+001 -9.500000e+000  1.000000e+000
      vertex  8.500000e+000 -7.500000e+000  1.000000e+000
      vertex  1.350000e+001 -7.500000e+000  1.000000e+000
    endloop
  endfacet
  facet normal  0.000000e+000  0.000000e+000  1.000000e+000
    outer loop
      vertex  1.350000e+001 -9.500000e+000  1.500000e+001
      vertex  1.350000e+001 -7.500000e+000  1.500000e+001
      vertex  8.500000e+000 -9.500000e+000  1.500000e+001
    endloop
  endfacet
  facet normal  0.000000e+000  0.000000e+000  1.000000e+000
    outer loop
      vertex  8.500000e+000 -9.500000e+000  1.500000e+001
      vertex  1.350000e+001 -7.500000e+000  1.500000e+001
      vertex  8.500000e+000 -7.500000e+000  1.500000e+001
    endloop
  endfacet
  facet normal  -0.000000e+000  0.000000e+000  1.000000e+000
    outer loop
      vertex  1.350000e+001 -7.500000e+000  3.800000e+000
      vertex  8.500000e+000 -7.500000e+000  3.800000e+000
      vertex  1.350000e+001 -1.070000e+001  3.800000e+000
    endloop
  endfacet
  facet normal  0.000000e+000  0.000000e+000  1.000000e+000
    outer loop
      vertex  1.350000e+001 -1.070000e+001  3.800000e+000
      vertex  8.500000e+000 -7.500000e+000  3.800000e+000
      vertex  8.500000e+000 -1.070000e+001  3.800000e+000
    endloop
  endfacet
  facet normal  0.000000e+000  0.000000e+000 -1.000000e+000
    outer loop
      vertex  1.350000e+001 -1.070000e+001  1.220000e+001
      vertex  8.500000e+000 -1.070000e+001  1.220000e+001
      vertex  1.350000e+001 -7.500000e+000  1.220000e+001
    endloop
  endfacet
  facet normal  -0.000000e+000  0.000000e+000 -1.000000e+000
    outer loop
      vertex  1.350000e+001 -7.500000e+000  1.220000e+001
      vertex  8.500000e+000 -1.070000e+001  1.220000e+001
      vertex  8.500000e+000 -7.500000e+000  1.220000e+001
    endloop
  endfacet
  facet normal  0.000000e+000 -7.071068e-001 -7.071068e-001
    outer loop
      vertex  1.350000e+001 -9.500000e+000  1.000000e+000
      vertex  1.350000e+001 -1.150000e+001  3.000000e+000
      vertex  8.500000e+000 -9.500000e+000  1.000000e+000
    endloop
  endfacet
  facet normal  0.000000e+000 -7.071068e-001 -7.071068e-001
    outer loop
      vertex  8.500000e+000 -9.500000e+000  1.000000e+000
      vertex  1.350000e+001 -1.150000e+001  3.000000e+000
      vertex  8.500000e+000 -1.150000e+001  3.000000e+000
    endloop
  endfacet
  facet normal  0.000000e+000 -1.000000e+000  -0.000000e+000
    outer loop
      vertex  1.350000e+001 -1.150000e+001  3.000000e+000
      vertex  1.350000e+001 -1.150000e+001  1.300000e+001
      vertex  8.500000e+000 -1.150000e+001  3.000000e+000
    endloop
  endfacet
  facet normal  0.000000e+000 -1.000000e+000  0.000000e+000
    outer loop
      vertex  8.500000e+000 -1.150000e+001  3.000000e+000
      vertex  1.350000e+001 -1.150000e+001  1.300000e+001
      vertex  8.500000e+000 -1.150000e+001  1.300000e+001
    endloop
  endfacet
  facet normal  0.000000e+000 -7.071068e-001  7.071068e-001
    outer loop
      vertex  1.350000e+001 -9.500000e+000  1.500000e+001
      vertex  8.500000e+000 -9.500000e+000  1.500000e+001
      vertex  1.350000e+001 -1.150000e+001  1.300000e+001
    endloop
  endfacet
  facet normal  0.000000e+000 -7.071068e-001  7.071068e-001
    outer loop
      vertex  1.350000e+001 -1.150000e+001  1.300000e+001
      vertex  8.500000e+000 -9.500000e+000  1.500000e+001
      vertex  8.500000e+000 -1.150000e+001  1.300000e+001
    endloop
  endfacet
  facet normal  0.000000e+000  1.000000e+000  0.000000e+000
    outer loop
      vertex  1.350000e+001 -1.070000e+001  3.800000e+000
      vertex  8.500000e+000 -1.070000e+001  3.800000e+000
      vertex  1.350000e+001 -1.070000e+001  1.220000e+001
    endloop
  endfacet
  facet normal  0.000000e+000  1.000000e+000  0.000000e+000
    outer loop
      vertex  1.350000e+001 -1.070000e+001  1.220000e+001
      vertex  8.500000e+000 -1.070000e+001  3.800000e+000
      vertex  8.500000e+000 -1.070000e+001  1.220000e+001
    endloop
  endfacet
  facet normal  0.000000e+000  1.000000e+000  0.000000e+000
    outer loop
      vertex  1.350000e+001  1.150000e+001  3.000000e+000
      vertex  8.500000e+000  1.150000e+001  3.000000e+000
      vertex  1.350000e+001  1.150000e+001  1.300000e+001
    endloop
  endfacet
  facet normal  0.000000e+000  1.000000e+000  0.000000e+000
    outer loop
      vertex  1.350000e+001  1.150000e+001  1.300000e+001
      vertex  8.500000e+000  1.150000e+001  3.000000e+000
      vertex  8.500000e+000  1.150000e+001  1.300000e+001
    endloop
  endfacet
  facet normal  0.000000e+000  7.071068e-001 -7.071068e-001
    outer loop
      vertex  1.350000e+001  9.500000e+000  1.000000e+000
      vertex  8.500000e+000  9.500000e+000  1.000000e+000
      vertex  1.350000e+001  1.150000e+001  3.000000e+000
    endloop
  endfacet
  facet normal  0.000000e+000  7.071068e-001 -7.071068e-001
    outer loop
      vertex  1.350000e+001  1.150000e+001  3.000000e+000
      vertex  8.500000e+000  9.500000e+000  1.000000e+000
      vertex  8.500000e+000  1.150000e+001  3.000000e+000
    endloop
  endfacet
  facet normal  0.000000e+000  7.071068e-001  7.071068e-001
    outer loop
      vertex  1.350000e+001  9.500000e+000  1.500000e+001
      vertex  1.350000e+001  1.150000e+001  1.300000e+001
      vertex  8.500000e+000  9.500000e+000  1.500000e+001
    endloop
  endfacet
  facet normal  0.000000e+000  7.071068e-001  7.071068e-001
    outer loop
      vertex  8.500000e+000  9.500000e+000  1.500000e+001
      vertex  1.350000e+001  1.150000e+001  1.300000e+001
      vertex  8.500000e+000  1.150000e+001  1.300000e+001
    endloop
  endfacet
  facet normal  0.000000e+000 -1.000000e+000  -0.000000e+000
    outer loop
      vertex  1.350000e+001  1.070000e+001  3.800000e+000
      vertex  1.350000e+001  1.070000e+001  1.220000e+001
      vertex  8.500000e+000  1.070000e+001  3.800000e+000
    endloop
  endfacet
  facet normal  0.000000e+000 -1.000000e+000  0.000000e+000
    outer loop
      vertex  8.500000e+000  1.070000e+001  3.800000e+000
      vertex  1.350000e+001  1.070000e+001  1.220000e+001
      vertex  8.500000e+000  1.070000e+001  1.220000e+001
    endloop
  endfacet
endsolid CATIA STL
