solid CATIA STL
  facet normal  0.000000e+000  1.000000e+000  0.000000e+000
    outer loop
      vertex -4.000000e+001  1.870000e+001  2.000000e+000
      vertex -3.000000e+001  1.870000e+001  1.000000e+000
      vertex -3.500000e+001  1.870000e+001  1.000000e+000
    endloop
  endfacet
  facet normal  0.000000e+000  9.999999e-001  0.000000e+000
    outer loop
      vertex -4.000000e+001  1.870000e+001  2.000000e+000
      vertex -4.383022e+001  1.870000e+001  1.786062e+000
      vertex -4.066756e+001  1.870000e+001  2.075216e+000
    endloop
  endfacet
  facet normal  0.000000e+000  9.999999e-001  0.000000e+000
    outer loop
      vertex  1.400000e+001  1.870000e+001  2.000000e+000
      vertex  1.466756e+001  1.870000e+001  2.075216e+000
      vertex  1.783022e+001  1.870000e+001  1.786062e+000
    endloop
  endfacet
  facet normal  0.000000e+000  1.000000e+000  0.000000e+000
    outer loop
      vertex  1.400000e+001  1.870000e+001  2.000000e+000
      vertex  1.783022e+001  1.870000e+001  1.786062e+000
      vertex  1.400000e+001  1.870000e+001  0.000000e+000
    endloop
  endfacet
  facet normal  0.000000e+000  1.000000e+000  -0.000000e+000
    outer loop
      vertex  1.400000e+001  1.870000e+001  2.000000e+000
      vertex  1.400000e+001  1.870000e+001  0.000000e+000
      vertex  9.000000e+000  1.870000e+001  0.000000e+000
    endloop
  endfacet
  facet normal  0.000000e+000  1.000000e+000  0.000000e+000
    outer loop
      vertex  1.400000e+001  1.870000e+001  2.000000e+000
      vertex  9.000000e+000  1.870000e+001  0.000000e+000
      vertex  9.000000e+000  1.870000e+001  1.000000e+000
    endloop
  endfacet
  facet normal  0.000000e+000  1.000000e+000  -0.000000e+000
    outer loop
      vertex  1.400000e+001  1.870000e+001  2.000000e+000
      vertex  9.000000e+000  1.870000e+001  1.000000e+000
      vertex  4.000000e+000  1.870000e+001  1.000000e+000
    endloop
  endfacet
  facet normal  0.000000e+000  1.000000e+000  -0.000000e+000
    outer loop
      vertex  1.400000e+001  1.870000e+001  2.000000e+000
      vertex  4.000000e+000  1.870000e+001  1.000000e+000
      vertex -3.000000e+001  1.870000e+001  1.000000e+000
    endloop
  endfacet
  facet normal  0.000000e+000  1.000000e+000  -0.000000e+000
    outer loop
      vertex  1.400000e+001  1.870000e+001  2.000000e+000
      vertex -3.000000e+001  1.870000e+001  1.000000e+000
      vertex -4.000000e+001  1.870000e+001  2.000000e+000
    endloop
  endfacet
  facet normal  0.000000e+000  1.000000e+000  0.000000e+000
    outer loop
      vertex  1.400000e+001  1.870000e+001  2.000000e+000
      vertex -4.000000e+001  1.870000e+001  2.000000e+000
      vertex -3.933244e+001  1.870000e+001  2.075216e+000
    endloop
  endfacet
  facet normal  -0.000000e+000  1.000000e+000  0.000000e+000
    outer loop
      vertex  1.400000e+001  1.870000e+001  2.000000e+000
      vertex -3.933244e+001  1.870000e+001  2.075216e+000
      vertex  1.333244e+001  1.870000e+001  2.075216e+000
    endloop
  endfacet
  facet normal  0.000000e+000  1.000000e+000  0.000000e+000
    outer loop
      vertex  4.000000e+000  1.870000e+001  9.000000e+000
      vertex  1.400000e+001  1.870000e+001  8.000000e+000
      vertex -3.000000e+001  1.870000e+001  9.000000e+000
    endloop
  endfacet
  facet normal  0.000000e+000  1.000000e+000  0.000000e+000
    outer loop
      vertex  4.000000e+000  1.870000e+001  9.000000e+000
      vertex -3.000000e+001  1.870000e+001  9.000000e+000
      vertex -3.000000e+001  1.870000e+001  1.000000e+001
    endloop
  endfacet
  facet normal  -0.000000e+000  1.000000e+000  0.000000e+000
    outer loop
      vertex  4.000000e+000  1.870000e+001  9.000000e+000
      vertex -3.000000e+001  1.870000e+001  1.000000e+001
      vertex -1.550000e+001  1.870000e+001  1.000000e+001
    endloop
  endfacet
  facet normal  -0.000000e+000  1.000000e+000  0.000000e+000
    outer loop
      vertex  4.000000e+000  1.870000e+001  9.000000e+000
      vertex -1.550000e+001  1.870000e+001  1.000000e+001
      vertex -1.050000e+001  1.870000e+001  1.000000e+001
    endloop
  endfacet
  facet normal  -0.000000e+000  1.000000e+000  0.000000e+000
    outer loop
      vertex  4.000000e+000  1.870000e+001  9.000000e+000
      vertex -1.050000e+001  1.870000e+001  1.000000e+001
      vertex  4.000000e+000  1.870000e+001  1.000000e+001
    endloop
  endfacet
  facet normal  -0.000000e+000  1.000000e+000  0.000000e+000
    outer loop
      vertex  1.400000e+001  1.870000e+001  8.000000e+000
      vertex  4.000000e+000  1.870000e+001  9.000000e+000
      vertex  9.000000e+000  1.870000e+001  9.000000e+000
    endloop
  endfacet
  facet normal  -0.000000e+000  1.000000e+000  0.000000e+000
    outer loop
      vertex  1.400000e+001  1.870000e+001  8.000000e+000
      vertex  9.000000e+000  1.870000e+001  9.000000e+000
      vertex  9.000000e+000  1.870000e+001  1.000000e+001
    endloop
  endfacet
  facet normal  -0.000000e+000  1.000000e+000  0.000000e+000
    outer loop
      vertex  1.400000e+001  1.870000e+001  8.000000e+000
      vertex  9.000000e+000  1.870000e+001  1.000000e+001
      vertex  1.400000e+001  1.870000e+001  1.000000e+001
    endloop
  endfacet
  facet normal  0.000000e+000  1.000000e+000  0.000000e+000
    outer loop
      vertex  1.400000e+001  1.870000e+001  8.000000e+000
      vertex  1.400000e+001  1.870000e+001  1.000000e+001
      vertex  1.486824e+001  1.870000e+001  9.924039e+000
    endloop
  endfacet
  facet normal  0.000000e+000  9.999999e-001  0.000000e+000
    outer loop
      vertex  1.400000e+001  1.870000e+001  8.000000e+000
      vertex  1.486824e+001  1.870000e+001  9.924039e+000
      vertex  1.571010e+001  1.870000e+001  9.698463e+000
    endloop
  endfacet
  facet normal  0.000000e+000  1.000000e+000  0.000000e+000
    outer loop
      vertex  1.400000e+001  1.870000e+001  8.000000e+000
      vertex  1.571010e+001  1.870000e+001  9.698463e+000
      vertex  1.650000e+001  1.870000e+001  9.330127e+000
    endloop
  endfacet
  facet normal  0.000000e+000  1.000000e+000  0.000000e+000
    outer loop
      vertex  1.400000e+001  1.870000e+001  8.000000e+000
      vertex  1.650000e+001  1.870000e+001  9.330127e+000
      vertex  1.721394e+001  1.870000e+001  8.830222e+000
    endloop
  endfacet
  facet normal  0.000000e+000  1.000000e+000  0.000000e+000
    outer loop
      vertex  1.400000e+001  1.870000e+001  8.000000e+000
      vertex  1.721394e+001  1.870000e+001  8.830222e+000
      vertex  1.783022e+001  1.870000e+001  8.213938e+000
    endloop
  endfacet
  facet normal  0.000000e+000  1.000000e+000  0.000000e+000
    outer loop
      vertex  1.400000e+001  1.870000e+001  8.000000e+000
      vertex  1.783022e+001  1.870000e+001  8.213938e+000
      vertex  1.466756e+001  1.870000e+001  7.924784e+000
    endloop
  endfacet
  facet normal  0.000000e+000  1.000000e+000  0.000000e+000
    outer loop
      vertex  1.400000e+001  1.870000e+001  0.000000e+000
      vertex  1.783022e+001  1.870000e+001  1.786062e+000
      vertex  1.721394e+001  1.870000e+001  1.169778e+000
    endloop
  endfacet
  facet normal  0.000000e+000  1.000000e+000  0.000000e+000
    outer loop
      vertex  1.400000e+001  1.870000e+001  0.000000e+000
      vertex  1.721394e+001  1.870000e+001  1.169778e+000
      vertex  1.650000e+001  1.870000e+001  6.698730e-001
    endloop
  endfacet
  facet normal  0.000000e+000  1.000000e+000  0.000000e+000
    outer loop
      vertex  1.400000e+001  1.870000e+001  0.000000e+000
      vertex  1.650000e+001  1.870000e+001  6.698730e-001
      vertex  1.571010e+001  1.870000e+001  3.015369e-001
    endloop
  endfacet
  facet normal  0.000000e+000  1.000000e+000  0.000000e+000
    outer loop
      vertex  1.400000e+001  1.870000e+001  0.000000e+000
      vertex  1.571010e+001  1.870000e+001  3.015369e-001
      vertex  1.486824e+001  1.870000e+001  7.596123e-002
    endloop
  endfacet
  facet normal  0.000000e+000  1.000000e+000  0.000000e+000
    outer loop
      vertex -3.000000e+001  1.870000e+001  1.000000e+000
      vertex  4.000000e+000  1.870000e+001  1.000000e+000
      vertex  4.000000e+000  1.870000e+001  0.000000e+000
    endloop
  endfacet
  facet normal  0.000000e+000  1.000000e+000  0.000000e+000
    outer loop
      vertex -3.000000e+001  1.870000e+001  1.000000e+000
      vertex  4.000000e+000  1.870000e+001  0.000000e+000
      vertex -1.050000e+001  1.870000e+001  0.000000e+000
    endloop
  endfacet
  facet normal  0.000000e+000  1.000000e+000  0.000000e+000
    outer loop
      vertex -3.000000e+001  1.870000e+001  1.000000e+000
      vertex -1.050000e+001  1.870000e+001  0.000000e+000
      vertex -1.550000e+001  1.870000e+001  0.000000e+000
    endloop
  endfacet
  facet normal  0.000000e+000  1.000000e+000  0.000000e+000
    outer loop
      vertex -3.000000e+001  1.870000e+001  1.000000e+000
      vertex -1.550000e+001  1.870000e+001  0.000000e+000
      vertex -3.000000e+001  1.870000e+001  0.000000e+000
    endloop
  endfacet
  facet normal  0.000000e+000  9.999999e-001  -0.000000e+000
    outer loop
      vertex -4.000000e+001  1.870000e+001  8.000000e+000
      vertex -4.066756e+001  1.870000e+001  7.924784e+000
      vertex -4.383022e+001  1.870000e+001  8.213938e+000
    endloop
  endfacet
  facet normal  -0.000000e+000  1.000000e+000  0.000000e+000
    outer loop
      vertex -4.000000e+001  1.870000e+001  8.000000e+000
      vertex -4.383022e+001  1.870000e+001  8.213938e+000
      vertex -4.321394e+001  1.870000e+001  8.830222e+000
    endloop
  endfacet
  facet normal  -0.000000e+000  1.000000e+000  0.000000e+000
    outer loop
      vertex -4.000000e+001  1.870000e+001  8.000000e+000
      vertex -4.321394e+001  1.870000e+001  8.830222e+000
      vertex -4.250000e+001  1.870000e+001  9.330127e+000
    endloop
  endfacet
  facet normal  -0.000000e+000  1.000000e+000  0.000000e+000
    outer loop
      vertex -4.000000e+001  1.870000e+001  8.000000e+000
      vertex -4.250000e+001  1.870000e+001  9.330127e+000
      vertex -4.171010e+001  1.870000e+001  9.698463e+000
    endloop
  endfacet
  facet normal  -0.000000e+000  9.999999e-001  0.000000e+000
    outer loop
      vertex -4.000000e+001  1.870000e+001  8.000000e+000
      vertex -4.171010e+001  1.870000e+001  9.698463e+000
      vertex -4.086824e+001  1.870000e+001  9.924039e+000
    endloop
  endfacet
  facet normal  -0.000000e+000  1.000000e+000  0.000000e+000
    outer loop
      vertex -4.000000e+001  1.870000e+001  8.000000e+000
      vertex -4.086824e+001  1.870000e+001  9.924039e+000
      vertex -4.000000e+001  1.870000e+001  1.000000e+001
    endloop
  endfacet
  facet normal  -0.000000e+000  1.000000e+000  0.000000e+000
    outer loop
      vertex -4.000000e+001  1.870000e+001  8.000000e+000
      vertex -4.000000e+001  1.870000e+001  1.000000e+001
      vertex -3.500000e+001  1.870000e+001  1.000000e+001
    endloop
  endfacet
  facet normal  0.000000e+000  1.000000e+000  0.000000e+000
    outer loop
      vertex -4.000000e+001  1.870000e+001  8.000000e+000
      vertex -3.500000e+001  1.870000e+001  1.000000e+001
      vertex -3.500000e+001  1.870000e+001  9.000000e+000
    endloop
  endfacet
  facet normal  -0.000000e+000  1.000000e+000  0.000000e+000
    outer loop
      vertex -4.000000e+001  1.870000e+001  8.000000e+000
      vertex -3.500000e+001  1.870000e+001  9.000000e+000
      vertex -3.000000e+001  1.870000e+001  9.000000e+000
    endloop
  endfacet
  facet normal  0.000000e+000  1.000000e+000  0.000000e+000
    outer loop
      vertex -4.000000e+001  1.870000e+001  8.000000e+000
      vertex -3.000000e+001  1.870000e+001  9.000000e+000
      vertex  1.400000e+001  1.870000e+001  8.000000e+000
    endloop
  endfacet
  facet normal  0.000000e+000  1.000000e+000  0.000000e+000
    outer loop
      vertex -4.000000e+001  1.870000e+001  8.000000e+000
      vertex  1.400000e+001  1.870000e+001  8.000000e+000
      vertex  1.333244e+001  1.870000e+001  7.924784e+000
    endloop
  endfacet
  facet normal  0.000000e+000  1.000000e+000  0.000000e+000
    outer loop
      vertex -4.000000e+001  1.870000e+001  8.000000e+000
      vertex  1.333244e+001  1.870000e+001  7.924784e+000
      vertex -3.933244e+001  1.870000e+001  7.924784e+000
    endloop
  endfacet
  facet normal  -0.000000e+000  1.000000e+000  -0.000000e+000
    outer loop
      vertex -4.000000e+001  1.870000e+001  0.000000e+000
      vertex -4.086824e+001  1.870000e+001  7.596123e-002
      vertex -4.171010e+001  1.870000e+001  3.015369e-001
    endloop
  endfacet
  facet normal  -0.000000e+000  1.000000e+000  -0.000000e+000
    outer loop
      vertex -4.000000e+001  1.870000e+001  0.000000e+000
      vertex -4.171010e+001  1.870000e+001  3.015369e-001
      vertex -4.250000e+001  1.870000e+001  6.698730e-001
    endloop
  endfacet
  facet normal  -0.000000e+000  1.000000e+000  -0.000000e+000
    outer loop
      vertex -4.000000e+001  1.870000e+001  0.000000e+000
      vertex -4.250000e+001  1.870000e+001  6.698730e-001
      vertex -4.321394e+001  1.870000e+001  1.169778e+000
    endloop
  endfacet
  facet normal  -0.000000e+000  1.000000e+000  -0.000000e+000
    outer loop
      vertex -4.000000e+001  1.870000e+001  0.000000e+000
      vertex -4.321394e+001  1.870000e+001  1.169778e+000
      vertex -4.383022e+001  1.870000e+001  1.786062e+000
    endloop
  endfacet
  facet normal  -0.000000e+000  1.000000e+000  0.000000e+000
    outer loop
      vertex -4.000000e+001  1.870000e+001  0.000000e+000
      vertex -4.383022e+001  1.870000e+001  1.786062e+000
      vertex -4.000000e+001  1.870000e+001  2.000000e+000
    endloop
  endfacet
  facet normal  0.000000e+000  1.000000e+000  0.000000e+000
    outer loop
      vertex -4.000000e+001  1.870000e+001  0.000000e+000
      vertex -4.000000e+001  1.870000e+001  2.000000e+000
      vertex -3.500000e+001  1.870000e+001  1.000000e+000
    endloop
  endfacet
  facet normal  0.000000e+000  1.000000e+000  0.000000e+000
    outer loop
      vertex -4.000000e+001  1.870000e+001  0.000000e+000
      vertex -3.500000e+001  1.870000e+001  1.000000e+000
      vertex -3.500000e+001  1.870000e+001  0.000000e+000
    endloop
  endfacet
  facet normal  0.000000e+000  9.999999e-001  0.000000e+000
    outer loop
      vertex  1.466756e+001  1.870000e+001  7.924784e+000
      vertex  1.783022e+001  1.870000e+001  8.213938e+000
      vertex  1.530165e+001  1.870000e+001  7.702907e+000
    endloop
  endfacet
  facet normal  -0.000000e+000  1.000000e+000  0.000000e+000
    outer loop
      vertex  1.530165e+001  1.870000e+001  7.702907e+000
      vertex  1.783022e+001  1.870000e+001  8.213938e+000
      vertex  1.833013e+001  1.870000e+001  7.500000e+000
    endloop
  endfacet
  facet normal  0.000000e+000  1.000000e+000  0.000000e+000
    outer loop
      vertex  1.530165e+001  1.870000e+001  7.702907e+000
      vertex  1.833013e+001  1.870000e+001  7.500000e+000
      vertex  1.587047e+001  1.870000e+001  7.345494e+000
    endloop
  endfacet
  facet normal  0.000000e+000  1.000000e+000  0.000000e+000
    outer loop
      vertex  1.587047e+001  1.870000e+001  7.345494e+000
      vertex  1.833013e+001  1.870000e+001  7.500000e+000
      vertex  1.634550e+001  1.870000e+001  6.870470e+000
    endloop
  endfacet
  facet normal  -0.000000e+000  1.000000e+000  0.000000e+000
    outer loop
      vertex  1.634550e+001  1.870000e+001  6.870470e+000
      vertex  1.833013e+001  1.870000e+001  7.500000e+000
      vertex  1.869846e+001  1.870000e+001  6.710101e+000
    endloop
  endfacet
  facet normal  0.000000e+000  1.000000e+000  0.000000e+000
    outer loop
      vertex  1.634550e+001  1.870000e+001  6.870470e+000
      vertex  1.869846e+001  1.870000e+001  6.710101e+000
      vertex  1.670291e+001  1.870000e+001  6.301651e+000
    endloop
  endfacet
  facet normal  -0.000000e+000  1.000000e+000  0.000000e+000
    outer loop
      vertex  1.670291e+001  1.870000e+001  6.301651e+000
      vertex  1.869846e+001  1.870000e+001  6.710101e+000
      vertex  1.892404e+001  1.870000e+001  5.868241e+000
    endloop
  endfacet
  facet normal  0.000000e+000  1.000000e+000  0.000000e+000
    outer loop
      vertex  1.670291e+001  1.870000e+001  6.301651e+000
      vertex  1.892404e+001  1.870000e+001  5.868241e+000
      vertex  1.692478e+001  1.870000e+001  5.667563e+000
    endloop
  endfacet
  facet normal  0.000000e+000  1.000000e+000  0.000000e+000
    outer loop
      vertex  1.692478e+001  1.870000e+001  5.667563e+000
      vertex  1.892404e+001  1.870000e+001  5.868241e+000
      vertex  1.700000e+001  1.870000e+001  5.000000e+000
    endloop
  endfacet
  facet normal  0.000000e+000  1.000000e+000  0.000000e+000
    outer loop
      vertex  1.700000e+001  1.870000e+001  5.000000e+000
      vertex  1.892404e+001  1.870000e+001  5.868241e+000
      vertex  1.900000e+001  1.870000e+001  5.000000e+000
    endloop
  endfacet
  facet normal  0.000000e+000  1.000000e+000  0.000000e+000
    outer loop
      vertex  1.700000e+001  1.870000e+001  5.000000e+000
      vertex  1.900000e+001  1.870000e+001  5.000000e+000
      vertex  1.692478e+001  1.870000e+001  4.332437e+000
    endloop
  endfacet
  facet normal  -0.000000e+000  1.000000e+000  0.000000e+000
    outer loop
      vertex  1.692478e+001  1.870000e+001  4.332437e+000
      vertex  1.900000e+001  1.870000e+001  5.000000e+000
      vertex  1.892404e+001  1.870000e+001  4.131759e+000
    endloop
  endfacet
  facet normal  0.000000e+000  9.999999e-001  0.000000e+000
    outer loop
      vertex  1.692478e+001  1.870000e+001  4.332437e+000
      vertex  1.892404e+001  1.870000e+001  4.131759e+000
      vertex  1.670291e+001  1.870000e+001  3.698349e+000
    endloop
  endfacet
  facet normal  -0.000000e+000  1.000000e+000  0.000000e+000
    outer loop
      vertex  1.670291e+001  1.870000e+001  3.698349e+000
      vertex  1.892404e+001  1.870000e+001  4.131759e+000
      vertex  1.869846e+001  1.870000e+001  3.289899e+000
    endloop
  endfacet
  facet normal  0.000000e+000  1.000000e+000  0.000000e+000
    outer loop
      vertex  1.670291e+001  1.870000e+001  3.698349e+000
      vertex  1.869846e+001  1.870000e+001  3.289899e+000
      vertex  1.634550e+001  1.870000e+001  3.129531e+000
    endloop
  endfacet
  facet normal  0.000000e+000  1.000000e+000  0.000000e+000
    outer loop
      vertex  1.634550e+001  1.870000e+001  3.129531e+000
      vertex  1.869846e+001  1.870000e+001  3.289899e+000
      vertex  1.587047e+001  1.870000e+001  2.654505e+000
    endloop
  endfacet
  facet normal  -0.000000e+000  1.000000e+000  0.000000e+000
    outer loop
      vertex  1.587047e+001  1.870000e+001  2.654505e+000
      vertex  1.869846e+001  1.870000e+001  3.289899e+000
      vertex  1.833013e+001  1.870000e+001  2.500000e+000
    endloop
  endfacet
  facet normal  0.000000e+000  1.000000e+000  0.000000e+000
    outer loop
      vertex  1.587047e+001  1.870000e+001  2.654505e+000
      vertex  1.833013e+001  1.870000e+001  2.500000e+000
      vertex  1.530165e+001  1.870000e+001  2.297093e+000
    endloop
  endfacet
  facet normal  -0.000000e+000  1.000000e+000  0.000000e+000
    outer loop
      vertex  1.530165e+001  1.870000e+001  2.297093e+000
      vertex  1.833013e+001  1.870000e+001  2.500000e+000
      vertex  1.783022e+001  1.870000e+001  1.786062e+000
    endloop
  endfacet
  facet normal  0.000000e+000  1.000000e+000  0.000000e+000
    outer loop
      vertex  1.530165e+001  1.870000e+001  2.297093e+000
      vertex  1.783022e+001  1.870000e+001  1.786062e+000
      vertex  1.466756e+001  1.870000e+001  2.075216e+000
    endloop
  endfacet
  facet normal  0.000000e+000  1.000000e+000  0.000000e+000
    outer loop
      vertex -3.933244e+001  1.870000e+001  7.924784e+000
      vertex  1.333244e+001  1.870000e+001  7.924784e+000
      vertex -3.869835e+001  1.870000e+001  7.702907e+000
    endloop
  endfacet
  facet normal  0.000000e+000  1.000000e+000  0.000000e+000
    outer loop
      vertex -3.869835e+001  1.870000e+001  7.702907e+000
      vertex  1.333244e+001  1.870000e+001  7.924784e+000
      vertex  1.269835e+001  1.870000e+001  7.702907e+000
    endloop
  endfacet
  facet normal  0.000000e+000  1.000000e+000  0.000000e+000
    outer loop
      vertex -3.869835e+001  1.870000e+001  7.702907e+000
      vertex  1.269835e+001  1.870000e+001  7.702907e+000
      vertex -3.812953e+001  1.870000e+001  7.345494e+000
    endloop
  endfacet
  facet normal  0.000000e+000  1.000000e+000  0.000000e+000
    outer loop
      vertex -3.812953e+001  1.870000e+001  7.345494e+000
      vertex  1.269835e+001  1.870000e+001  7.702907e+000
      vertex  1.212953e+001  1.870000e+001  7.345494e+000
    endloop
  endfacet
  facet normal  0.000000e+000  9.999999e-001  0.000000e+000
    outer loop
      vertex -3.812953e+001  1.870000e+001  7.345494e+000
      vertex  1.212953e+001  1.870000e+001  7.345494e+000
      vertex -3.765451e+001  1.870000e+001  6.870470e+000
    endloop
  endfacet
  facet normal  0.000000e+000  1.000000e+000  0.000000e+000
    outer loop
      vertex -3.765451e+001  1.870000e+001  6.870470e+000
      vertex  1.212953e+001  1.870000e+001  7.345494e+000
      vertex  1.165451e+001  1.870000e+001  6.870470e+000
    endloop
  endfacet
  facet normal  0.000000e+000  1.000000e+000  0.000000e+000
    outer loop
      vertex -3.765451e+001  1.870000e+001  6.870470e+000
      vertex  1.165451e+001  1.870000e+001  6.870470e+000
      vertex -3.729709e+001  1.870000e+001  6.301651e+000
    endloop
  endfacet
  facet normal  0.000000e+000  1.000000e+000  0.000000e+000
    outer loop
      vertex -3.729709e+001  1.870000e+001  6.301651e+000
      vertex  1.165451e+001  1.870000e+001  6.870470e+000
      vertex  1.129709e+001  1.870000e+001  6.301651e+000
    endloop
  endfacet
  facet normal  0.000000e+000  1.000000e+000  0.000000e+000
    outer loop
      vertex -3.729709e+001  1.870000e+001  6.301651e+000
      vertex  1.129709e+001  1.870000e+001  6.301651e+000
      vertex -3.707521e+001  1.870000e+001  5.667563e+000
    endloop
  endfacet
  facet normal  0.000000e+000  9.999999e-001  0.000000e+000
    outer loop
      vertex -3.707521e+001  1.870000e+001  5.667563e+000
      vertex  1.129709e+001  1.870000e+001  6.301651e+000
      vertex  1.107522e+001  1.870000e+001  5.667563e+000
    endloop
  endfacet
  facet normal  0.000000e+000  1.000000e+000  0.000000e+000
    outer loop
      vertex -3.707521e+001  1.870000e+001  5.667563e+000
      vertex  1.107522e+001  1.870000e+001  5.667563e+000
      vertex -3.700000e+001  1.870000e+001  5.000000e+000
    endloop
  endfacet
  facet normal  0.000000e+000  1.000000e+000  0.000000e+000
    outer loop
      vertex -3.700000e+001  1.870000e+001  5.000000e+000
      vertex  1.107522e+001  1.870000e+001  5.667563e+000
      vertex  1.100000e+001  1.870000e+001  5.000000e+000
    endloop
  endfacet
  facet normal  0.000000e+000  1.000000e+000  0.000000e+000
    outer loop
      vertex -3.700000e+001  1.870000e+001  5.000000e+000
      vertex  1.100000e+001  1.870000e+001  5.000000e+000
      vertex -3.707521e+001  1.870000e+001  4.332437e+000
    endloop
  endfacet
  facet normal  0.000000e+000  1.000000e+000  0.000000e+000
    outer loop
      vertex -3.707521e+001  1.870000e+001  4.332437e+000
      vertex  1.100000e+001  1.870000e+001  5.000000e+000
      vertex  1.107522e+001  1.870000e+001  4.332437e+000
    endloop
  endfacet
  facet normal  0.000000e+000  1.000000e+000  0.000000e+000
    outer loop
      vertex -3.707521e+001  1.870000e+001  4.332437e+000
      vertex  1.107522e+001  1.870000e+001  4.332437e+000
      vertex -3.729709e+001  1.870000e+001  3.698349e+000
    endloop
  endfacet
  facet normal  0.000000e+000  1.000000e+000  0.000000e+000
    outer loop
      vertex -3.729709e+001  1.870000e+001  3.698349e+000
      vertex  1.107522e+001  1.870000e+001  4.332437e+000
      vertex  1.129709e+001  1.870000e+001  3.698349e+000
    endloop
  endfacet
  facet normal  0.000000e+000  1.000000e+000  0.000000e+000
    outer loop
      vertex -3.729709e+001  1.870000e+001  3.698349e+000
      vertex  1.129709e+001  1.870000e+001  3.698349e+000
      vertex -3.765451e+001  1.870000e+001  3.129531e+000
    endloop
  endfacet
  facet normal  0.000000e+000  1.000000e+000  0.000000e+000
    outer loop
      vertex -3.765451e+001  1.870000e+001  3.129531e+000
      vertex  1.129709e+001  1.870000e+001  3.698349e+000
      vertex  1.165451e+001  1.870000e+001  3.129531e+000
    endloop
  endfacet
  facet normal  0.000000e+000  1.000000e+000  0.000000e+000
    outer loop
      vertex -3.765451e+001  1.870000e+001  3.129531e+000
      vertex  1.165451e+001  1.870000e+001  3.129531e+000
      vertex -3.812953e+001  1.870000e+001  2.654505e+000
    endloop
  endfacet
  facet normal  0.000000e+000  1.000000e+000  0.000000e+000
    outer loop
      vertex -3.812953e+001  1.870000e+001  2.654505e+000
      vertex  1.165451e+001  1.870000e+001  3.129531e+000
      vertex  1.212953e+001  1.870000e+001  2.654505e+000
    endloop
  endfacet
  facet normal  0.000000e+000  1.000000e+000  0.000000e+000
    outer loop
      vertex -3.812953e+001  1.870000e+001  2.654505e+000
      vertex  1.212953e+001  1.870000e+001  2.654505e+000
      vertex -3.869835e+001  1.870000e+001  2.297093e+000
    endloop
  endfacet
  facet normal  0.000000e+000  1.000000e+000  0.000000e+000
    outer loop
      vertex -3.869835e+001  1.870000e+001  2.297093e+000
      vertex  1.212953e+001  1.870000e+001  2.654505e+000
      vertex  1.269835e+001  1.870000e+001  2.297093e+000
    endloop
  endfacet
  facet normal  0.000000e+000  1.000000e+000  0.000000e+000
    outer loop
      vertex -3.869835e+001  1.870000e+001  2.297093e+000
      vertex  1.269835e+001  1.870000e+001  2.297093e+000
      vertex -3.933244e+001  1.870000e+001  2.075216e+000
    endloop
  endfacet
  facet normal  0.000000e+000  1.000000e+000  0.000000e+000
    outer loop
      vertex -3.933244e+001  1.870000e+001  2.075216e+000
      vertex  1.269835e+001  1.870000e+001  2.297093e+000
      vertex  1.333244e+001  1.870000e+001  2.075216e+000
    endloop
  endfacet
  facet normal  0.000000e+000  1.000000e+000  0.000000e+000
    outer loop
      vertex -4.383022e+001  1.870000e+001  8.213938e+000
      vertex -4.066756e+001  1.870000e+001  7.924784e+000
      vertex -4.433013e+001  1.870000e+001  7.500000e+000
    endloop
  endfacet
  facet normal  0.000000e+000  1.000000e+000  0.000000e+000
    outer loop
      vertex -4.433013e+001  1.870000e+001  7.500000e+000
      vertex -4.066756e+001  1.870000e+001  7.924784e+000
      vertex -4.130165e+001  1.870000e+001  7.702907e+000
    endloop
  endfacet
  facet normal  0.000000e+000  1.000000e+000  0.000000e+000
    outer loop
      vertex -4.433013e+001  1.870000e+001  7.500000e+000
      vertex -4.130165e+001  1.870000e+001  7.702907e+000
      vertex -4.187047e+001  1.870000e+001  7.345494e+000
    endloop
  endfacet
  facet normal  0.000000e+000  1.000000e+000  0.000000e+000
    outer loop
      vertex -4.433013e+001  1.870000e+001  7.500000e+000
      vertex -4.187047e+001  1.870000e+001  7.345494e+000
      vertex -4.469846e+001  1.870000e+001  6.710101e+000
    endloop
  endfacet
  facet normal  0.000000e+000  1.000000e+000  0.000000e+000
    outer loop
      vertex -4.469846e+001  1.870000e+001  6.710101e+000
      vertex -4.187047e+001  1.870000e+001  7.345494e+000
      vertex -4.234549e+001  1.870000e+001  6.870470e+000
    endloop
  endfacet
  facet normal  0.000000e+000  1.000000e+000  0.000000e+000
    outer loop
      vertex -4.469846e+001  1.870000e+001  6.710101e+000
      vertex -4.234549e+001  1.870000e+001  6.870470e+000
      vertex -4.492404e+001  1.870000e+001  5.868241e+000
    endloop
  endfacet
  facet normal  0.000000e+000  1.000000e+000  0.000000e+000
    outer loop
      vertex -4.492404e+001  1.870000e+001  5.868241e+000
      vertex -4.234549e+001  1.870000e+001  6.870470e+000
      vertex -4.270291e+001  1.870000e+001  6.301651e+000
    endloop
  endfacet
  facet normal  0.000000e+000  1.000000e+000  0.000000e+000
    outer loop
      vertex -4.492404e+001  1.870000e+001  5.868241e+000
      vertex -4.270291e+001  1.870000e+001  6.301651e+000
      vertex -4.292479e+001  1.870000e+001  5.667563e+000
    endloop
  endfacet
  facet normal  0.000000e+000  1.000000e+000  0.000000e+000
    outer loop
      vertex -4.492404e+001  1.870000e+001  5.868241e+000
      vertex -4.292479e+001  1.870000e+001  5.667563e+000
      vertex -4.500000e+001  1.870000e+001  5.000000e+000
    endloop
  endfacet
  facet normal  0.000000e+000  1.000000e+000  0.000000e+000
    outer loop
      vertex -4.500000e+001  1.870000e+001  5.000000e+000
      vertex -4.292479e+001  1.870000e+001  5.667563e+000
      vertex -4.300000e+001  1.870000e+001  5.000000e+000
    endloop
  endfacet
  facet normal  0.000000e+000  1.000000e+000  0.000000e+000
    outer loop
      vertex -4.500000e+001  1.870000e+001  5.000000e+000
      vertex -4.300000e+001  1.870000e+001  5.000000e+000
      vertex -4.492404e+001  1.870000e+001  4.131759e+000
    endloop
  endfacet
  facet normal  0.000000e+000  1.000000e+000  0.000000e+000
    outer loop
      vertex -4.492404e+001  1.870000e+001  4.131759e+000
      vertex -4.300000e+001  1.870000e+001  5.000000e+000
      vertex -4.292479e+001  1.870000e+001  4.332437e+000
    endloop
  endfacet
  facet normal  0.000000e+000  1.000000e+000  0.000000e+000
    outer loop
      vertex -4.492404e+001  1.870000e+001  4.131759e+000
      vertex -4.292479e+001  1.870000e+001  4.332437e+000
      vertex -4.469846e+001  1.870000e+001  3.289899e+000
    endloop
  endfacet
  facet normal  0.000000e+000  1.000000e+000  0.000000e+000
    outer loop
      vertex -4.469846e+001  1.870000e+001  3.289899e+000
      vertex -4.292479e+001  1.870000e+001  4.332437e+000
      vertex -4.270291e+001  1.870000e+001  3.698349e+000
    endloop
  endfacet
  facet normal  0.000000e+000  1.000000e+000  0.000000e+000
    outer loop
      vertex -4.469846e+001  1.870000e+001  3.289899e+000
      vertex -4.270291e+001  1.870000e+001  3.698349e+000
      vertex -4.234549e+001  1.870000e+001  3.129531e+000
    endloop
  endfacet
  facet normal  0.000000e+000  1.000000e+000  0.000000e+000
    outer loop
      vertex -4.469846e+001  1.870000e+001  3.289899e+000
      vertex -4.234549e+001  1.870000e+001  3.129531e+000
      vertex -4.433013e+001  1.870000e+001  2.500000e+000
    endloop
  endfacet
  facet normal  0.000000e+000  1.000000e+000  0.000000e+000
    outer loop
      vertex -4.433013e+001  1.870000e+001  2.500000e+000
      vertex -4.234549e+001  1.870000e+001  3.129531e+000
      vertex -4.187047e+001  1.870000e+001  2.654505e+000
    endloop
  endfacet
  facet normal  0.000000e+000  1.000000e+000  0.000000e+000
    outer loop
      vertex -4.433013e+001  1.870000e+001  2.500000e+000
      vertex -4.187047e+001  1.870000e+001  2.654505e+000
      vertex -4.383022e+001  1.870000e+001  1.786062e+000
    endloop
  endfacet
  facet normal  0.000000e+000  1.000000e+000  0.000000e+000
    outer loop
      vertex -4.383022e+001  1.870000e+001  1.786062e+000
      vertex -4.187047e+001  1.870000e+001  2.654505e+000
      vertex -4.130165e+001  1.870000e+001  2.297093e+000
    endloop
  endfacet
  facet normal  0.000000e+000  9.999999e-001  0.000000e+000
    outer loop
      vertex -4.383022e+001  1.870000e+001  1.786062e+000
      vertex -4.130165e+001  1.870000e+001  2.297093e+000
      vertex -4.066756e+001  1.870000e+001  2.075216e+000
    endloop
  endfacet
  facet normal  0.000000e+000  0.000000e+000  1.000000e+000
    outer loop
      vertex -4.000000e+001  1.870000e+001  1.000000e+001
      vertex -4.000000e+001  1.670000e+001  1.000000e+001
      vertex -1.800000e+001  1.670000e+001  1.000000e+001
    endloop
  endfacet
  facet normal  0.000000e+000  0.000000e+000  1.000000e+000
    outer loop
      vertex  1.400000e+001  1.670000e+001  1.000000e+001
      vertex  1.400000e+001  1.870000e+001  1.000000e+001
      vertex  9.000000e+000  1.870000e+001  1.000000e+001
    endloop
  endfacet
  facet normal  0.000000e+000  0.000000e+000  1.000000e+000
    outer loop
      vertex  1.400000e+001  1.670000e+001  1.000000e+001
      vertex  9.000000e+000  1.870000e+001  1.000000e+001
      vertex  4.000000e+000  1.870000e+001  1.000000e+001
    endloop
  endfacet
  facet normal  0.000000e+000  0.000000e+000  1.000000e+000
    outer loop
      vertex  1.400000e+001  1.670000e+001  1.000000e+001
      vertex  4.000000e+000  1.870000e+001  1.000000e+001
      vertex -1.050000e+001  1.870000e+001  1.000000e+001
    endloop
  endfacet
  facet normal  0.000000e+000  0.000000e+000  1.000000e+000
    outer loop
      vertex  1.400000e+001  1.670000e+001  1.000000e+001
      vertex -1.050000e+001  1.870000e+001  1.000000e+001
      vertex -1.550000e+001  1.870000e+001  1.000000e+001
    endloop
  endfacet
  facet normal  0.000000e+000  0.000000e+000  1.000000e+000
    outer loop
      vertex  1.400000e+001  1.670000e+001  1.000000e+001
      vertex -1.550000e+001  1.870000e+001  1.000000e+001
      vertex -3.000000e+001  1.870000e+001  1.000000e+001
    endloop
  endfacet
  facet normal  0.000000e+000  0.000000e+000  1.000000e+000
    outer loop
      vertex  1.400000e+001  1.670000e+001  1.000000e+001
      vertex -3.000000e+001  1.870000e+001  1.000000e+001
      vertex -3.500000e+001  1.870000e+001  1.000000e+001
    endloop
  endfacet
  facet normal  0.000000e+000  0.000000e+000  1.000000e+000
    outer loop
      vertex  1.400000e+001  1.670000e+001  1.000000e+001
      vertex -3.500000e+001  1.870000e+001  1.000000e+001
      vertex -4.000000e+001  1.870000e+001  1.000000e+001
    endloop
  endfacet
  facet normal  0.000000e+000  0.000000e+000  1.000000e+000
    outer loop
      vertex  1.400000e+001  1.670000e+001  1.000000e+001
      vertex -4.000000e+001  1.870000e+001  1.000000e+001
      vertex -8.000000e+000  1.670000e+001  1.000000e+001
    endloop
  endfacet
  facet normal  0.000000e+000  0.000000e+000  1.000000e+000
    outer loop
      vertex  2.000000e+000 -1.770000e+001  1.000000e+001
      vertex -2.800000e+001 -1.970000e+001  1.000000e+001
      vertex -1.870000e+001 -1.970000e+001  1.000000e+001
    endloop
  endfacet
  facet normal  0.000000e+000  0.000000e+000  1.000000e+000
    outer loop
      vertex  2.000000e+000 -1.770000e+001  1.000000e+001
      vertex -1.870000e+001 -1.970000e+001  1.000000e+001
      vertex -7.300000e+000 -1.970000e+001  1.000000e+001
    endloop
  endfacet
  facet normal  0.000000e+000  0.000000e+000  9.999999e-001
    outer loop
      vertex  2.000000e+000 -1.770000e+001  1.000000e+001
      vertex -7.300000e+000 -1.970000e+001  1.000000e+001
      vertex  2.000000e+000 -1.970000e+001  1.000000e+001
    endloop
  endfacet
  facet normal  0.000000e+000  0.000000e+000  1.000000e+000
    outer loop
      vertex -2.800000e+001 -1.970000e+001  1.000000e+001
      vertex  2.000000e+000 -1.770000e+001  1.000000e+001
      vertex -8.000000e+000 -1.770000e+001  1.000000e+001
    endloop
  endfacet
  facet normal  0.000000e+000  0.000000e+000  1.000000e+000
    outer loop
      vertex -2.800000e+001 -1.970000e+001  1.000000e+001
      vertex -8.000000e+000 -1.770000e+001  1.000000e+001
      vertex -1.800000e+001 -1.770000e+001  1.000000e+001
    endloop
  endfacet
  facet normal  0.000000e+000  0.000000e+000  1.000000e+000
    outer loop
      vertex -2.800000e+001 -1.970000e+001  1.000000e+001
      vertex -1.800000e+001 -1.770000e+001  1.000000e+001
      vertex -2.800000e+001 -1.770000e+001  1.000000e+001
    endloop
  endfacet
  facet normal  0.000000e+000  0.000000e+000  1.000000e+000
    outer loop
      vertex  4.000000e+000  1.870000e+001  1.000000e+001
      vertex  9.000000e+000  1.870000e+001  1.000000e+001
      vertex  4.000000e+000  2.220000e+001  1.000000e+001
    endloop
  endfacet
  facet normal  -0.000000e+000  0.000000e+000  1.000000e+000
    outer loop
      vertex  4.000000e+000  2.220000e+001  1.000000e+001
      vertex  9.000000e+000  1.870000e+001  1.000000e+001
      vertex  9.000000e+000  2.220000e+001  1.000000e+001
    endloop
  endfacet
  facet normal  0.000000e+000  0.000000e+000  1.000000e+000
    outer loop
      vertex -1.800000e+001 -1.770000e+001  1.000000e+001
      vertex -8.000000e+000 -1.770000e+001  1.000000e+001
      vertex -1.400000e+001 -1.370000e+001  1.000000e+001
    endloop
  endfacet
  facet normal  -0.000000e+000  0.000000e+000  1.000000e+000
    outer loop
      vertex -1.400000e+001 -1.370000e+001  1.000000e+001
      vertex -8.000000e+000 -1.770000e+001  1.000000e+001
      vertex -1.200000e+001 -1.370000e+001  1.000000e+001
    endloop
  endfacet
  facet normal  0.000000e+000  0.000000e+000  1.000000e+000
    outer loop
      vertex -1.400000e+001 -1.370000e+001  1.000000e+001
      vertex -1.200000e+001 -1.370000e+001  1.000000e+001
      vertex -1.400000e+001  1.270000e+001  1.000000e+001
    endloop
  endfacet
  facet normal  -0.000000e+000  0.000000e+000  1.000000e+000
    outer loop
      vertex -1.400000e+001  1.270000e+001  1.000000e+001
      vertex -1.200000e+001 -1.370000e+001  1.000000e+001
      vertex -1.200000e+001  1.270000e+001  1.000000e+001
    endloop
  endfacet
  facet normal  0.000000e+000  0.000000e+000  1.000000e+000
    outer loop
      vertex -1.400000e+001  1.270000e+001  1.000000e+001
      vertex -1.200000e+001  1.270000e+001  1.000000e+001
      vertex -1.800000e+001  1.670000e+001  1.000000e+001
    endloop
  endfacet
  facet normal  -0.000000e+000  0.000000e+000  1.000000e+000
    outer loop
      vertex -1.800000e+001  1.670000e+001  1.000000e+001
      vertex -1.200000e+001  1.270000e+001  1.000000e+001
      vertex -8.000000e+000  1.670000e+001  1.000000e+001
    endloop
  endfacet
  facet normal  0.000000e+000  0.000000e+000  1.000000e+000
    outer loop
      vertex -1.800000e+001  1.670000e+001  1.000000e+001
      vertex -8.000000e+000  1.670000e+001  1.000000e+001
      vertex -4.000000e+001  1.870000e+001  1.000000e+001
    endloop
  endfacet
  facet normal  0.000000e+000  0.000000e+000  1.000000e+000
    outer loop
      vertex -3.500000e+001  1.870000e+001  1.000000e+001
      vertex -3.000000e+001  1.870000e+001  1.000000e+001
      vertex -3.500000e+001  2.220000e+001  1.000000e+001
    endloop
  endfacet
  facet normal  -0.000000e+000  0.000000e+000  1.000000e+000
    outer loop
      vertex -3.500000e+001  2.220000e+001  1.000000e+001
      vertex -3.000000e+001  1.870000e+001  1.000000e+001
      vertex -3.000000e+001  2.220000e+001  1.000000e+001
    endloop
  endfacet
  facet normal  0.000000e+000  0.000000e+000 -1.000000e+000
    outer loop
      vertex -1.800000e+001  1.670000e+001  0.000000e+000
      vertex -4.000000e+001  1.670000e+001  0.000000e+000
      vertex -4.000000e+001  1.870000e+001  0.000000e+000
    endloop
  endfacet
  facet normal  0.000000e+000  0.000000e+000 -1.000000e+000
    outer loop
      vertex  1.400000e+001  1.670000e+001  0.000000e+000
      vertex -8.000000e+000  1.670000e+001  0.000000e+000
      vertex -4.000000e+001  1.870000e+001  0.000000e+000
    endloop
  endfacet
  facet normal  0.000000e+000  0.000000e+000 -1.000000e+000
    outer loop
      vertex  1.400000e+001  1.670000e+001  0.000000e+000
      vertex -4.000000e+001  1.870000e+001  0.000000e+000
      vertex -3.500000e+001  1.870000e+001  0.000000e+000
    endloop
  endfacet
  facet normal  0.000000e+000  0.000000e+000 -1.000000e+000
    outer loop
      vertex  1.400000e+001  1.670000e+001  0.000000e+000
      vertex -3.500000e+001  1.870000e+001  0.000000e+000
      vertex -3.000000e+001  1.870000e+001  0.000000e+000
    endloop
  endfacet
  facet normal  0.000000e+000  0.000000e+000 -1.000000e+000
    outer loop
      vertex  1.400000e+001  1.670000e+001  0.000000e+000
      vertex -3.000000e+001  1.870000e+001  0.000000e+000
      vertex -1.550000e+001  1.870000e+001  0.000000e+000
    endloop
  endfacet
  facet normal  0.000000e+000  0.000000e+000 -1.000000e+000
    outer loop
      vertex  1.400000e+001  1.670000e+001  0.000000e+000
      vertex -1.550000e+001  1.870000e+001  0.000000e+000
      vertex -1.050000e+001  1.870000e+001  0.000000e+000
    endloop
  endfacet
  facet normal  0.000000e+000  0.000000e+000 -1.000000e+000
    outer loop
      vertex  1.400000e+001  1.670000e+001  0.000000e+000
      vertex -1.050000e+001  1.870000e+001  0.000000e+000
      vertex  4.000000e+000  1.870000e+001  0.000000e+000
    endloop
  endfacet
  facet normal  0.000000e+000  0.000000e+000 -1.000000e+000
    outer loop
      vertex  1.400000e+001  1.670000e+001  0.000000e+000
      vertex  4.000000e+000  1.870000e+001  0.000000e+000
      vertex  9.000000e+000  1.870000e+001  0.000000e+000
    endloop
  endfacet
  facet normal  0.000000e+000  0.000000e+000 -1.000000e+000
    outer loop
      vertex  1.400000e+001  1.670000e+001  0.000000e+000
      vertex  9.000000e+000  1.870000e+001  0.000000e+000
      vertex  1.400000e+001  1.870000e+001  0.000000e+000
    endloop
  endfacet
  facet normal  0.000000e+000  0.000000e+000 -9.999999e-001
    outer loop
      vertex  2.000000e+000 -1.770000e+001  0.000000e+000
      vertex  2.000000e+000 -1.970000e+001  0.000000e+000
      vertex -7.300000e+000 -1.970000e+001  0.000000e+000
    endloop
  endfacet
  facet normal  0.000000e+000  0.000000e+000 -1.000000e+000
    outer loop
      vertex  2.000000e+000 -1.770000e+001  0.000000e+000
      vertex -7.300000e+000 -1.970000e+001  0.000000e+000
      vertex -1.870000e+001 -1.970000e+001  0.000000e+000
    endloop
  endfacet
  facet normal  0.000000e+000  0.000000e+000 -1.000000e+000
    outer loop
      vertex  2.000000e+000 -1.770000e+001  0.000000e+000
      vertex -1.870000e+001 -1.970000e+001  0.000000e+000
      vertex -2.800000e+001 -1.970000e+001  0.000000e+000
    endloop
  endfacet
  facet normal  0.000000e+000  0.000000e+000 -1.000000e+000
    outer loop
      vertex -2.800000e+001 -1.970000e+001  0.000000e+000
      vertex -2.800000e+001 -1.770000e+001  0.000000e+000
      vertex -1.800000e+001 -1.770000e+001  0.000000e+000
    endloop
  endfacet
  facet normal  0.000000e+000  -0.000000e+000 -1.000000e+000
    outer loop
      vertex -2.800000e+001 -1.970000e+001  0.000000e+000
      vertex -1.800000e+001 -1.770000e+001  0.000000e+000
      vertex -8.000000e+000 -1.770000e+001  0.000000e+000
    endloop
  endfacet
  facet normal  0.000000e+000  -0.000000e+000 -1.000000e+000
    outer loop
      vertex -2.800000e+001 -1.970000e+001  0.000000e+000
      vertex -8.000000e+000 -1.770000e+001  0.000000e+000
      vertex  2.000000e+000 -1.770000e+001  0.000000e+000
    endloop
  endfacet
  facet normal  0.000000e+000  0.000000e+000 -1.000000e+000
    outer loop
      vertex  4.000000e+000  1.870000e+001  0.000000e+000
      vertex  4.000000e+000  2.220000e+001  0.000000e+000
      vertex  9.000000e+000  1.870000e+001  0.000000e+000
    endloop
  endfacet
  facet normal  0.000000e+000  0.000000e+000 -1.000000e+000
    outer loop
      vertex  9.000000e+000  1.870000e+001  0.000000e+000
      vertex  4.000000e+000  2.220000e+001  0.000000e+000
      vertex  9.000000e+000  2.220000e+001  0.000000e+000
    endloop
  endfacet
  facet normal  0.000000e+000  0.000000e+000 -1.000000e+000
    outer loop
      vertex -4.000000e+001  1.870000e+001  0.000000e+000
      vertex -8.000000e+000  1.670000e+001  0.000000e+000
      vertex -1.800000e+001  1.670000e+001  0.000000e+000
    endloop
  endfacet
  facet normal  0.000000e+000  0.000000e+000 -1.000000e+000
    outer loop
      vertex -1.800000e+001  1.670000e+001  0.000000e+000
      vertex -8.000000e+000  1.670000e+001  0.000000e+000
      vertex -1.200000e+001  1.270000e+001  0.000000e+000
    endloop
  endfacet
  facet normal  0.000000e+000  0.000000e+000 -1.000000e+000
    outer loop
      vertex -1.800000e+001  1.670000e+001  0.000000e+000
      vertex -1.200000e+001  1.270000e+001  0.000000e+000
      vertex -1.400000e+001  1.270000e+001  0.000000e+000
    endloop
  endfacet
  facet normal  0.000000e+000  0.000000e+000 -1.000000e+000
    outer loop
      vertex -1.400000e+001  1.270000e+001  0.000000e+000
      vertex -1.200000e+001  1.270000e+001  0.000000e+000
      vertex -1.200000e+001 -1.370000e+001  0.000000e+000
    endloop
  endfacet
  facet normal  0.000000e+000  0.000000e+000 -1.000000e+000
    outer loop
      vertex -1.400000e+001  1.270000e+001  0.000000e+000
      vertex -1.200000e+001 -1.370000e+001  0.000000e+000
      vertex -1.400000e+001 -1.370000e+001  0.000000e+000
    endloop
  endfacet
  facet normal  0.000000e+000  0.000000e+000 -1.000000e+000
    outer loop
      vertex -1.400000e+001 -1.370000e+001  0.000000e+000
      vertex -1.200000e+001 -1.370000e+001  0.000000e+000
      vertex -8.000000e+000 -1.770000e+001  0.000000e+000
    endloop
  endfacet
  facet normal  0.000000e+000  0.000000e+000 -1.000000e+000
    outer loop
      vertex -1.400000e+001 -1.370000e+001  0.000000e+000
      vertex -8.000000e+000 -1.770000e+001  0.000000e+000
      vertex -1.800000e+001 -1.770000e+001  0.000000e+000
    endloop
  endfacet
  facet normal  0.000000e+000  0.000000e+000 -1.000000e+000
    outer loop
      vertex -3.500000e+001  1.870000e+001  0.000000e+000
      vertex -3.500000e+001  2.220000e+001  0.000000e+000
      vertex -3.000000e+001  1.870000e+001  0.000000e+000
    endloop
  endfacet
  facet normal  0.000000e+000  0.000000e+000 -1.000000e+000
    outer loop
      vertex -3.000000e+001  1.870000e+001  0.000000e+000
      vertex -3.500000e+001  2.220000e+001  0.000000e+000
      vertex -3.000000e+001  2.220000e+001  0.000000e+000
    endloop
  endfacet
  facet normal  0.000000e+000  0.000000e+000  1.000000e+000
    outer loop
      vertex  4.000000e+000  2.210000e+001  1.000000e+000
      vertex  4.000000e+000  1.870000e+001  1.000000e+000
      vertex  9.000000e+000  2.210000e+001  1.000000e+000
    endloop
  endfacet
  facet normal  0.000000e+000  0.000000e+000  1.000000e+000
    outer loop
      vertex  9.000000e+000  2.210000e+001  1.000000e+000
      vertex  4.000000e+000  1.870000e+001  1.000000e+000
      vertex  9.000000e+000  1.870000e+001  1.000000e+000
    endloop
  endfacet
  facet normal  0.000000e+000  0.000000e+000 -1.000000e+000
    outer loop
      vertex  9.000000e+000  2.210000e+001  9.000000e+000
      vertex  9.000000e+000  1.870000e+001  9.000000e+000
      vertex  4.000000e+000  2.210000e+001  9.000000e+000
    endloop
  endfacet
  facet normal  0.000000e+000  0.000000e+000 -1.000000e+000
    outer loop
      vertex  4.000000e+000  2.210000e+001  9.000000e+000
      vertex  9.000000e+000  1.870000e+001  9.000000e+000
      vertex  4.000000e+000  1.870000e+001  9.000000e+000
    endloop
  endfacet
  facet normal  0.000000e+000  0.000000e+000  1.000000e+000
    outer loop
      vertex -3.500000e+001  2.210000e+001  1.000000e+000
      vertex -3.500000e+001  1.870000e+001  1.000000e+000
      vertex -3.000000e+001  2.210000e+001  1.000000e+000
    endloop
  endfacet
  facet normal  0.000000e+000  0.000000e+000  1.000000e+000
    outer loop
      vertex -3.000000e+001  2.210000e+001  1.000000e+000
      vertex -3.500000e+001  1.870000e+001  1.000000e+000
      vertex -3.000000e+001  1.870000e+001  1.000000e+000
    endloop
  endfacet
  facet normal  0.000000e+000  0.000000e+000 -1.000000e+000
    outer loop
      vertex -3.000000e+001  2.210000e+001  9.000000e+000
      vertex -3.000000e+001  1.870000e+001  9.000000e+000
      vertex -3.500000e+001  2.210000e+001  9.000000e+000
    endloop
  endfacet
  facet normal  0.000000e+000  0.000000e+000 -1.000000e+000
    outer loop
      vertex -3.500000e+001  2.210000e+001  9.000000e+000
      vertex -3.000000e+001  1.870000e+001  9.000000e+000
      vertex -3.500000e+001  1.870000e+001  9.000000e+000
    endloop
  endfacet
  facet normal  1.000000e+000  -0.000000e+000  0.000000e+000
    outer loop
      vertex -3.000000e+001  2.210000e+001  1.000000e+000
      vertex -3.000000e+001  1.870000e+001  1.000000e+000
      vertex -3.000000e+001  1.870000e+001  0.000000e+000
    endloop
  endfacet
  facet normal  1.000000e+000  0.000000e+000  0.000000e+000
    outer loop
      vertex -3.000000e+001  2.210000e+001  1.000000e+000
      vertex -3.000000e+001  1.870000e+001  0.000000e+000
      vertex -3.000000e+001  2.220000e+001  0.000000e+000
    endloop
  endfacet
  facet normal  1.000000e+000  0.000000e+000  -0.000000e+000
    outer loop
      vertex -3.000000e+001  2.210000e+001  1.000000e+000
      vertex -3.000000e+001  2.220000e+001  0.000000e+000
      vertex -3.000000e+001  2.370000e+001  1.500000e+000
    endloop
  endfacet
  facet normal  1.000000e+000  0.000000e+000  -0.000000e+000
    outer loop
      vertex -3.000000e+001  2.210000e+001  1.000000e+000
      vertex -3.000000e+001  2.370000e+001  1.500000e+000
      vertex -3.000000e+001  2.370000e+001  8.500000e+000
    endloop
  endfacet
  facet normal  1.000000e+000  0.000000e+000  0.000000e+000
    outer loop
      vertex -3.000000e+001  2.210000e+001  1.000000e+000
      vertex -3.000000e+001  2.370000e+001  8.500000e+000
      vertex -3.000000e+001  2.210000e+001  9.000000e+000
    endloop
  endfacet
  facet normal  1.000000e+000  0.000000e+000  0.000000e+000
    outer loop
      vertex -3.000000e+001  1.870000e+001  1.000000e+001
      vertex -3.000000e+001  1.870000e+001  9.000000e+000
      vertex -3.000000e+001  2.220000e+001  1.000000e+001
    endloop
  endfacet
  facet normal  1.000000e+000  0.000000e+000  0.000000e+000
    outer loop
      vertex -3.000000e+001  2.220000e+001  1.000000e+001
      vertex -3.000000e+001  1.870000e+001  9.000000e+000
      vertex -3.000000e+001  2.210000e+001  9.000000e+000
    endloop
  endfacet
  facet normal  1.000000e+000  -0.000000e+000  0.000000e+000
    outer loop
      vertex -3.000000e+001  2.220000e+001  1.000000e+001
      vertex -3.000000e+001  2.210000e+001  9.000000e+000
      vertex -3.000000e+001  2.370000e+001  8.500000e+000
    endloop
  endfacet
  facet normal  0.000000e+000  1.000000e+000  0.000000e+000
    outer loop
      vertex -3.000000e+001  2.370000e+001  1.500000e+000
      vertex -3.500000e+001  2.370000e+001  1.500000e+000
      vertex -3.000000e+001  2.370000e+001  8.500000e+000
    endloop
  endfacet
  facet normal  0.000000e+000  1.000000e+000  0.000000e+000
    outer loop
      vertex -3.000000e+001  2.370000e+001  8.500000e+000
      vertex -3.500000e+001  2.370000e+001  1.500000e+000
      vertex -3.500000e+001  2.370000e+001  8.500000e+000
    endloop
  endfacet
  facet normal -1.000000e+000  0.000000e+000  0.000000e+000
    outer loop
      vertex -3.500000e+001  2.210000e+001  9.000000e+000
      vertex -3.500000e+001  1.870000e+001  9.000000e+000
      vertex -3.500000e+001  1.870000e+001  1.000000e+001
    endloop
  endfacet
  facet normal -1.000000e+000  0.000000e+000  0.000000e+000
    outer loop
      vertex -3.500000e+001  2.210000e+001  9.000000e+000
      vertex -3.500000e+001  1.870000e+001  1.000000e+001
      vertex -3.500000e+001  2.220000e+001  1.000000e+001
    endloop
  endfacet
  facet normal -1.000000e+000  0.000000e+000  -0.000000e+000
    outer loop
      vertex -3.500000e+001  2.210000e+001  9.000000e+000
      vertex -3.500000e+001  2.220000e+001  1.000000e+001
      vertex -3.500000e+001  2.370000e+001  8.500000e+000
    endloop
  endfacet
  facet normal -1.000000e+000  -0.000000e+000  -0.000000e+000
    outer loop
      vertex -3.500000e+001  2.210000e+001  9.000000e+000
      vertex -3.500000e+001  2.370000e+001  8.500000e+000
      vertex -3.500000e+001  2.370000e+001  1.500000e+000
    endloop
  endfacet
  facet normal -1.000000e+000  -0.000000e+000  0.000000e+000
    outer loop
      vertex -3.500000e+001  2.210000e+001  9.000000e+000
      vertex -3.500000e+001  2.370000e+001  1.500000e+000
      vertex -3.500000e+001  2.210000e+001  1.000000e+000
    endloop
  endfacet
  facet normal -1.000000e+000  0.000000e+000  0.000000e+000
    outer loop
      vertex -3.500000e+001  1.870000e+001  0.000000e+000
      vertex -3.500000e+001  1.870000e+001  1.000000e+000
      vertex -3.500000e+001  2.220000e+001  0.000000e+000
    endloop
  endfacet
  facet normal -1.000000e+000  0.000000e+000  0.000000e+000
    outer loop
      vertex -3.500000e+001  2.220000e+001  0.000000e+000
      vertex -3.500000e+001  1.870000e+001  1.000000e+000
      vertex -3.500000e+001  2.210000e+001  1.000000e+000
    endloop
  endfacet
  facet normal -1.000000e+000  0.000000e+000  0.000000e+000
    outer loop
      vertex -3.500000e+001  2.220000e+001  0.000000e+000
      vertex -3.500000e+001  2.210000e+001  1.000000e+000
      vertex -3.500000e+001  2.370000e+001  1.500000e+000
    endloop
  endfacet
  facet normal  1.000000e+000  -0.000000e+000  0.000000e+000
    outer loop
      vertex  9.000000e+000  2.210000e+001  1.000000e+000
      vertex  9.000000e+000  1.870000e+001  1.000000e+000
      vertex  9.000000e+000  1.870000e+001  0.000000e+000
    endloop
  endfacet
  facet normal  1.000000e+000  0.000000e+000  0.000000e+000
    outer loop
      vertex  9.000000e+000  2.210000e+001  1.000000e+000
      vertex  9.000000e+000  1.870000e+001  0.000000e+000
      vertex  9.000000e+000  2.220000e+001  0.000000e+000
    endloop
  endfacet
  facet normal  1.000000e+000  0.000000e+000  -0.000000e+000
    outer loop
      vertex  9.000000e+000  2.210000e+001  1.000000e+000
      vertex  9.000000e+000  2.220000e+001  0.000000e+000
      vertex  9.000000e+000  2.370000e+001  1.500000e+000
    endloop
  endfacet
  facet normal  1.000000e+000  0.000000e+000  -0.000000e+000
    outer loop
      vertex  9.000000e+000  2.210000e+001  1.000000e+000
      vertex  9.000000e+000  2.370000e+001  1.500000e+000
      vertex  9.000000e+000  2.370000e+001  8.500000e+000
    endloop
  endfacet
  facet normal  1.000000e+000  0.000000e+000  0.000000e+000
    outer loop
      vertex  9.000000e+000  2.210000e+001  1.000000e+000
      vertex  9.000000e+000  2.370000e+001  8.500000e+000
      vertex  9.000000e+000  2.210000e+001  9.000000e+000
    endloop
  endfacet
  facet normal  1.000000e+000  0.000000e+000  0.000000e+000
    outer loop
      vertex  9.000000e+000  1.870000e+001  1.000000e+001
      vertex  9.000000e+000  1.870000e+001  9.000000e+000
      vertex  9.000000e+000  2.220000e+001  1.000000e+001
    endloop
  endfacet
  facet normal  1.000000e+000  0.000000e+000  0.000000e+000
    outer loop
      vertex  9.000000e+000  2.220000e+001  1.000000e+001
      vertex  9.000000e+000  1.870000e+001  9.000000e+000
      vertex  9.000000e+000  2.210000e+001  9.000000e+000
    endloop
  endfacet
  facet normal  1.000000e+000  -0.000000e+000  0.000000e+000
    outer loop
      vertex  9.000000e+000  2.220000e+001  1.000000e+001
      vertex  9.000000e+000  2.210000e+001  9.000000e+000
      vertex  9.000000e+000  2.370000e+001  8.500000e+000
    endloop
  endfacet
  facet normal  0.000000e+000  1.000000e+000  0.000000e+000
    outer loop
      vertex  9.000000e+000  2.370000e+001  1.500000e+000
      vertex  4.000000e+000  2.370000e+001  1.500000e+000
      vertex  9.000000e+000  2.370000e+001  8.500000e+000
    endloop
  endfacet
  facet normal  0.000000e+000  1.000000e+000  0.000000e+000
    outer loop
      vertex  9.000000e+000  2.370000e+001  8.500000e+000
      vertex  4.000000e+000  2.370000e+001  1.500000e+000
      vertex  4.000000e+000  2.370000e+001  8.500000e+000
    endloop
  endfacet
  facet normal -1.000000e+000  0.000000e+000  0.000000e+000
    outer loop
      vertex  4.000000e+000  2.210000e+001  9.000000e+000
      vertex  4.000000e+000  1.870000e+001  9.000000e+000
      vertex  4.000000e+000  1.870000e+001  1.000000e+001
    endloop
  endfacet
  facet normal -1.000000e+000  0.000000e+000  0.000000e+000
    outer loop
      vertex  4.000000e+000  2.210000e+001  9.000000e+000
      vertex  4.000000e+000  1.870000e+001  1.000000e+001
      vertex  4.000000e+000  2.220000e+001  1.000000e+001
    endloop
  endfacet
  facet normal -1.000000e+000  0.000000e+000  -0.000000e+000
    outer loop
      vertex  4.000000e+000  2.210000e+001  9.000000e+000
      vertex  4.000000e+000  2.220000e+001  1.000000e+001
      vertex  4.000000e+000  2.370000e+001  8.500000e+000
    endloop
  endfacet
  facet normal -1.000000e+000  -0.000000e+000  -0.000000e+000
    outer loop
      vertex  4.000000e+000  2.210000e+001  9.000000e+000
      vertex  4.000000e+000  2.370000e+001  8.500000e+000
      vertex  4.000000e+000  2.370000e+001  1.500000e+000
    endloop
  endfacet
  facet normal -1.000000e+000  -0.000000e+000  0.000000e+000
    outer loop
      vertex  4.000000e+000  2.210000e+001  9.000000e+000
      vertex  4.000000e+000  2.370000e+001  1.500000e+000
      vertex  4.000000e+000  2.210000e+001  1.000000e+000
    endloop
  endfacet
  facet normal -1.000000e+000  0.000000e+000  0.000000e+000
    outer loop
      vertex  4.000000e+000  1.870000e+001  0.000000e+000
      vertex  4.000000e+000  1.870000e+001  1.000000e+000
      vertex  4.000000e+000  2.220000e+001  0.000000e+000
    endloop
  endfacet
  facet normal -1.000000e+000  0.000000e+000  0.000000e+000
    outer loop
      vertex  4.000000e+000  2.220000e+001  0.000000e+000
      vertex  4.000000e+000  1.870000e+001  1.000000e+000
      vertex  4.000000e+000  2.210000e+001  1.000000e+000
    endloop
  endfacet
  facet normal -1.000000e+000  0.000000e+000  0.000000e+000
    outer loop
      vertex  4.000000e+000  2.220000e+001  0.000000e+000
      vertex  4.000000e+000  2.210000e+001  1.000000e+000
      vertex  4.000000e+000  2.370000e+001  1.500000e+000
    endloop
  endfacet
  facet normal  0.000000e+000  7.071068e-001 -7.071068e-001
    outer loop
      vertex -3.500000e+001  2.370000e+001  1.500000e+000
      vertex -3.000000e+001  2.370000e+001  1.500000e+000
      vertex -3.500000e+001  2.220000e+001  0.000000e+000
    endloop
  endfacet
  facet normal  0.000000e+000  7.071068e-001 -7.071068e-001
    outer loop
      vertex -3.500000e+001  2.220000e+001  0.000000e+000
      vertex -3.000000e+001  2.370000e+001  1.500000e+000
      vertex -3.000000e+001  2.220000e+001  0.000000e+000
    endloop
  endfacet
  facet normal  0.000000e+000  7.071068e-001 -7.071068e-001
    outer loop
      vertex  4.000000e+000  2.370000e+001  1.500000e+000
      vertex  9.000000e+000  2.370000e+001  1.500000e+000
      vertex  4.000000e+000  2.220000e+001  0.000000e+000
    endloop
  endfacet
  facet normal  0.000000e+000  7.071068e-001 -7.071068e-001
    outer loop
      vertex  4.000000e+000  2.220000e+001  0.000000e+000
      vertex  9.000000e+000  2.370000e+001  1.500000e+000
      vertex  9.000000e+000  2.220000e+001  0.000000e+000
    endloop
  endfacet
  facet normal  -0.000000e+000  7.071068e-001  7.071068e-001
    outer loop
      vertex -3.000000e+001  2.370000e+001  8.500000e+000
      vertex -3.500000e+001  2.370000e+001  8.500000e+000
      vertex -3.000000e+001  2.220000e+001  1.000000e+001
    endloop
  endfacet
  facet normal  0.000000e+000  7.071068e-001  7.071068e-001
    outer loop
      vertex -3.000000e+001  2.220000e+001  1.000000e+001
      vertex -3.500000e+001  2.370000e+001  8.500000e+000
      vertex -3.500000e+001  2.220000e+001  1.000000e+001
    endloop
  endfacet
  facet normal  -0.000000e+000  7.071068e-001  7.071068e-001
    outer loop
      vertex  9.000000e+000  2.370000e+001  8.500000e+000
      vertex  4.000000e+000  2.370000e+001  8.500000e+000
      vertex  9.000000e+000  2.220000e+001  1.000000e+001
    endloop
  endfacet
  facet normal  0.000000e+000  7.071068e-001  7.071068e-001
    outer loop
      vertex  9.000000e+000  2.220000e+001  1.000000e+001
      vertex  4.000000e+000  2.370000e+001  8.500000e+000
      vertex  4.000000e+000  2.220000e+001  1.000000e+001
    endloop
  endfacet
  facet normal  0.000000e+000 -1.000000e+000  -0.000000e+000
    outer loop
      vertex -3.000000e+001  2.210000e+001  1.000000e+000
      vertex -3.000000e+001  2.210000e+001  9.000000e+000
      vertex -3.500000e+001  2.210000e+001  1.000000e+000
    endloop
  endfacet
  facet normal  0.000000e+000 -1.000000e+000  0.000000e+000
    outer loop
      vertex -3.500000e+001  2.210000e+001  1.000000e+000
      vertex -3.000000e+001  2.210000e+001  9.000000e+000
      vertex -3.500000e+001  2.210000e+001  9.000000e+000
    endloop
  endfacet
  facet normal  0.000000e+000 -1.000000e+000  -0.000000e+000
    outer loop
      vertex  9.000000e+000  2.210000e+001  1.000000e+000
      vertex  9.000000e+000  2.210000e+001  9.000000e+000
      vertex  4.000000e+000  2.210000e+001  1.000000e+000
    endloop
  endfacet
  facet normal  0.000000e+000 -1.000000e+000  0.000000e+000
    outer loop
      vertex  4.000000e+000  2.210000e+001  1.000000e+000
      vertex  9.000000e+000  2.210000e+001  9.000000e+000
      vertex  4.000000e+000  2.210000e+001  9.000000e+000
    endloop
  endfacet
  facet normal  5.320321e-001  -0.000000e+000  8.467243e-001
    outer loop
      vertex  1.212953e+001  1.870000e+001  2.654505e+000
      vertex  1.269835e+001  1.670000e+001  2.297093e+000
      vertex  1.269835e+001  1.870000e+001  2.297093e+000
    endloop
  endfacet
  facet normal  3.302790e-001  0.000000e+000  9.438833e-001
    outer loop
      vertex  1.269835e+001  1.870000e+001  2.297093e+000
      vertex  1.269835e+001  1.670000e+001  2.297093e+000
      vertex  1.333244e+001  1.670000e+001  2.075216e+000
    endloop
  endfacet
  facet normal  3.302790e-001  -0.000000e+000  9.438833e-001
    outer loop
      vertex  1.269835e+001  1.870000e+001  2.297093e+000
      vertex  1.333244e+001  1.670000e+001  2.075216e+000
      vertex  1.333244e+001  1.870000e+001  2.075216e+000
    endloop
  endfacet
  facet normal  1.119646e-001  0.000000e+000  9.937122e-001
    outer loop
      vertex  1.333244e+001  1.870000e+001  2.075216e+000
      vertex  1.333244e+001  1.670000e+001  2.075216e+000
      vertex  1.400000e+001  1.670000e+001  2.000000e+000
    endloop
  endfacet
  facet normal  1.119646e-001  -0.000000e+000  9.937122e-001
    outer loop
      vertex  1.333244e+001  1.870000e+001  2.075216e+000
      vertex  1.400000e+001  1.670000e+001  2.000000e+000
      vertex  1.400000e+001  1.870000e+001  2.000000e+000
    endloop
  endfacet
  facet normal  5.320321e-001  0.000000e+000  8.467243e-001
    outer loop
      vertex  1.269835e+001  1.670000e+001  2.297093e+000
      vertex  1.212953e+001  1.870000e+001  2.654505e+000
      vertex  1.212953e+001  1.670000e+001  2.654505e+000
    endloop
  endfacet
  facet normal  7.071068e-001  -0.000000e+000  7.071068e-001
    outer loop
      vertex  1.212953e+001  1.670000e+001  2.654505e+000
      vertex  1.212953e+001  1.870000e+001  2.654505e+000
      vertex  1.165451e+001  1.870000e+001  3.129531e+000
    endloop
  endfacet
  facet normal  7.071068e-001  0.000000e+000  7.071068e-001
    outer loop
      vertex  1.212953e+001  1.670000e+001  2.654505e+000
      vertex  1.165451e+001  1.870000e+001  3.129531e+000
      vertex  1.165451e+001  1.670000e+001  3.129531e+000
    endloop
  endfacet
  facet normal  8.467240e-001  -0.000000e+000  5.320323e-001
    outer loop
      vertex  1.165451e+001  1.670000e+001  3.129531e+000
      vertex  1.165451e+001  1.870000e+001  3.129531e+000
      vertex  1.129709e+001  1.870000e+001  3.698349e+000
    endloop
  endfacet
  facet normal  8.467240e-001  0.000000e+000  5.320323e-001
    outer loop
      vertex  1.165451e+001  1.670000e+001  3.129531e+000
      vertex  1.129709e+001  1.870000e+001  3.698349e+000
      vertex  1.129709e+001  1.670000e+001  3.698349e+000
    endloop
  endfacet
  facet normal  9.438834e-001  -0.000000e+000  3.302791e-001
    outer loop
      vertex  1.129709e+001  1.670000e+001  3.698349e+000
      vertex  1.129709e+001  1.870000e+001  3.698349e+000
      vertex  1.107522e+001  1.870000e+001  4.332437e+000
    endloop
  endfacet
  facet normal  9.438834e-001  0.000000e+000  3.302791e-001
    outer loop
      vertex  1.129709e+001  1.670000e+001  3.698349e+000
      vertex  1.107522e+001  1.870000e+001  4.332437e+000
      vertex  1.107522e+001  1.670000e+001  4.332437e+000
    endloop
  endfacet
  facet normal  9.937122e-001  -0.000000e+000  1.119645e-001
    outer loop
      vertex  1.107522e+001  1.670000e+001  4.332437e+000
      vertex  1.107522e+001  1.870000e+001  4.332437e+000
      vertex  1.100000e+001  1.870000e+001  5.000000e+000
    endloop
  endfacet
  facet normal  9.937122e-001  0.000000e+000  1.119645e-001
    outer loop
      vertex  1.107522e+001  1.670000e+001  4.332437e+000
      vertex  1.100000e+001  1.870000e+001  5.000000e+000
      vertex  1.100000e+001  1.670000e+001  5.000000e+000
    endloop
  endfacet
  facet normal  8.467242e-001  0.000000e+000 -5.320320e-001
    outer loop
      vertex  1.165451e+001  1.870000e+001  6.870470e+000
      vertex  1.129709e+001  1.670000e+001  6.301651e+000
      vertex  1.129709e+001  1.870000e+001  6.301651e+000
    endloop
  endfacet
  facet normal  9.438833e-001  0.000000e+000 -3.302792e-001
    outer loop
      vertex  1.129709e+001  1.870000e+001  6.301651e+000
      vertex  1.129709e+001  1.670000e+001  6.301651e+000
      vertex  1.107522e+001  1.670000e+001  5.667563e+000
    endloop
  endfacet
  facet normal  9.438833e-001  0.000000e+000 -3.302792e-001
    outer loop
      vertex  1.129709e+001  1.870000e+001  6.301651e+000
      vertex  1.107522e+001  1.670000e+001  5.667563e+000
      vertex  1.107522e+001  1.870000e+001  5.667563e+000
    endloop
  endfacet
  facet normal  9.937122e-001  0.000000e+000 -1.119645e-001
    outer loop
      vertex  1.107522e+001  1.870000e+001  5.667563e+000
      vertex  1.107522e+001  1.670000e+001  5.667563e+000
      vertex  1.100000e+001  1.670000e+001  5.000000e+000
    endloop
  endfacet
  facet normal  9.937122e-001  0.000000e+000 -1.119645e-001
    outer loop
      vertex  1.107522e+001  1.870000e+001  5.667563e+000
      vertex  1.100000e+001  1.670000e+001  5.000000e+000
      vertex  1.100000e+001  1.870000e+001  5.000000e+000
    endloop
  endfacet
  facet normal  8.467242e-001  0.000000e+000 -5.320320e-001
    outer loop
      vertex  1.129709e+001  1.670000e+001  6.301651e+000
      vertex  1.165451e+001  1.870000e+001  6.870470e+000
      vertex  1.165451e+001  1.670000e+001  6.870470e+000
    endloop
  endfacet
  facet normal  7.071064e-001  0.000000e+000 -7.071071e-001
    outer loop
      vertex  1.165451e+001  1.670000e+001  6.870470e+000
      vertex  1.165451e+001  1.870000e+001  6.870470e+000
      vertex  1.212953e+001  1.870000e+001  7.345494e+000
    endloop
  endfacet
  facet normal  7.071064e-001  0.000000e+000 -7.071071e-001
    outer loop
      vertex  1.165451e+001  1.670000e+001  6.870470e+000
      vertex  1.212953e+001  1.870000e+001  7.345494e+000
      vertex  1.212953e+001  1.670000e+001  7.345494e+000
    endloop
  endfacet
  facet normal  5.320323e-001  0.000000e+000 -8.467240e-001
    outer loop
      vertex  1.212953e+001  1.670000e+001  7.345494e+000
      vertex  1.212953e+001  1.870000e+001  7.345494e+000
      vertex  1.269835e+001  1.870000e+001  7.702907e+000
    endloop
  endfacet
  facet normal  5.320323e-001  0.000000e+000 -8.467240e-001
    outer loop
      vertex  1.212953e+001  1.670000e+001  7.345494e+000
      vertex  1.269835e+001  1.870000e+001  7.702907e+000
      vertex  1.269835e+001  1.670000e+001  7.702907e+000
    endloop
  endfacet
  facet normal  3.302790e-001  0.000000e+000 -9.438833e-001
    outer loop
      vertex  1.269835e+001  1.670000e+001  7.702907e+000
      vertex  1.269835e+001  1.870000e+001  7.702907e+000
      vertex  1.333244e+001  1.870000e+001  7.924784e+000
    endloop
  endfacet
  facet normal  3.302790e-001  0.000000e+000 -9.438833e-001
    outer loop
      vertex  1.269835e+001  1.670000e+001  7.702907e+000
      vertex  1.333244e+001  1.870000e+001  7.924784e+000
      vertex  1.333244e+001  1.670000e+001  7.924784e+000
    endloop
  endfacet
  facet normal  1.119646e-001  0.000000e+000 -9.937122e-001
    outer loop
      vertex  1.333244e+001  1.670000e+001  7.924784e+000
      vertex  1.333244e+001  1.870000e+001  7.924784e+000
      vertex  1.400000e+001  1.870000e+001  8.000000e+000
    endloop
  endfacet
  facet normal  1.119646e-001  0.000000e+000 -9.937122e-001
    outer loop
      vertex  1.333244e+001  1.670000e+001  7.924784e+000
      vertex  1.400000e+001  1.870000e+001  8.000000e+000
      vertex  1.400000e+001  1.670000e+001  8.000000e+000
    endloop
  endfacet
  facet normal -9.937122e-001  0.000000e+000 -1.119645e-001
    outer loop
      vertex  1.700000e+001  1.870000e+001  5.000000e+000
      vertex  1.692478e+001  1.670000e+001  5.667563e+000
      vertex  1.692478e+001  1.870000e+001  5.667563e+000
    endloop
  endfacet
  facet normal -9.438829e-001  -0.000000e+000 -3.302805e-001
    outer loop
      vertex  1.692478e+001  1.870000e+001  5.667563e+000
      vertex  1.692478e+001  1.670000e+001  5.667563e+000
      vertex  1.670291e+001  1.670000e+001  6.301651e+000
    endloop
  endfacet
  facet normal -9.438829e-001  0.000000e+000 -3.302805e-001
    outer loop
      vertex  1.692478e+001  1.870000e+001  5.667563e+000
      vertex  1.670291e+001  1.670000e+001  6.301651e+000
      vertex  1.670291e+001  1.870000e+001  6.301651e+000
    endloop
  endfacet
  facet normal -8.467254e-001  -0.000000e+000 -5.320299e-001
    outer loop
      vertex  1.670291e+001  1.870000e+001  6.301651e+000
      vertex  1.670291e+001  1.670000e+001  6.301651e+000
      vertex  1.634550e+001  1.670000e+001  6.870470e+000
    endloop
  endfacet
  facet normal -8.467254e-001  0.000000e+000 -5.320299e-001
    outer loop
      vertex  1.670291e+001  1.870000e+001  6.301651e+000
      vertex  1.634550e+001  1.670000e+001  6.870470e+000
      vertex  1.634550e+001  1.870000e+001  6.870470e+000
    endloop
  endfacet
  facet normal -7.071057e-001  -0.000000e+000 -7.071078e-001
    outer loop
      vertex  1.634550e+001  1.870000e+001  6.870470e+000
      vertex  1.634550e+001  1.670000e+001  6.870470e+000
      vertex  1.587047e+001  1.670000e+001  7.345494e+000
    endloop
  endfacet
  facet normal -7.071057e-001  0.000000e+000 -7.071078e-001
    outer loop
      vertex  1.634550e+001  1.870000e+001  6.870470e+000
      vertex  1.587047e+001  1.670000e+001  7.345494e+000
      vertex  1.587047e+001  1.870000e+001  7.345494e+000
    endloop
  endfacet
  facet normal -5.320323e-001  -0.000000e+000 -8.467240e-001
    outer loop
      vertex  1.587047e+001  1.870000e+001  7.345494e+000
      vertex  1.587047e+001  1.670000e+001  7.345494e+000
      vertex  1.530165e+001  1.670000e+001  7.702907e+000
    endloop
  endfacet
  facet normal -5.320323e-001  0.000000e+000 -8.467240e-001
    outer loop
      vertex  1.587047e+001  1.870000e+001  7.345494e+000
      vertex  1.530165e+001  1.670000e+001  7.702907e+000
      vertex  1.530165e+001  1.870000e+001  7.702907e+000
    endloop
  endfacet
  facet normal -3.302790e-001  -0.000000e+000 -9.438833e-001
    outer loop
      vertex  1.530165e+001  1.870000e+001  7.702907e+000
      vertex  1.530165e+001  1.670000e+001  7.702907e+000
      vertex  1.466756e+001  1.670000e+001  7.924784e+000
    endloop
  endfacet
  facet normal -3.302790e-001  0.000000e+000 -9.438833e-001
    outer loop
      vertex  1.530165e+001  1.870000e+001  7.702907e+000
      vertex  1.466756e+001  1.670000e+001  7.924784e+000
      vertex  1.466756e+001  1.870000e+001  7.924784e+000
    endloop
  endfacet
  facet normal -1.119646e-001  -0.000000e+000 -9.937122e-001
    outer loop
      vertex  1.466756e+001  1.870000e+001  7.924784e+000
      vertex  1.466756e+001  1.670000e+001  7.924784e+000
      vertex  1.400000e+001  1.670000e+001  8.000000e+000
    endloop
  endfacet
  facet normal -1.119646e-001  0.000000e+000 -9.937122e-001
    outer loop
      vertex  1.466756e+001  1.870000e+001  7.924784e+000
      vertex  1.400000e+001  1.670000e+001  8.000000e+000
      vertex  1.400000e+001  1.870000e+001  8.000000e+000
    endloop
  endfacet
  facet normal -9.937122e-001  -0.000000e+000 -1.119645e-001
    outer loop
      vertex  1.692478e+001  1.670000e+001  5.667563e+000
      vertex  1.700000e+001  1.870000e+001  5.000000e+000
      vertex  1.700000e+001  1.670000e+001  5.000000e+000
    endloop
  endfacet
  facet normal -9.937122e-001  0.000000e+000  1.119645e-001
    outer loop
      vertex  1.700000e+001  1.670000e+001  5.000000e+000
      vertex  1.700000e+001  1.870000e+001  5.000000e+000
      vertex  1.692478e+001  1.870000e+001  4.332437e+000
    endloop
  endfacet
  facet normal -9.937122e-001  0.000000e+000  1.119645e-001
    outer loop
      vertex  1.700000e+001  1.670000e+001  5.000000e+000
      vertex  1.692478e+001  1.870000e+001  4.332437e+000
      vertex  1.692478e+001  1.670000e+001  4.332437e+000
    endloop
  endfacet
  facet normal -9.438829e-001  0.000000e+000  3.302803e-001
    outer loop
      vertex  1.692478e+001  1.670000e+001  4.332437e+000
      vertex  1.692478e+001  1.870000e+001  4.332437e+000
      vertex  1.670291e+001  1.870000e+001  3.698349e+000
    endloop
  endfacet
  facet normal -9.438829e-001  0.000000e+000  3.302803e-001
    outer loop
      vertex  1.692478e+001  1.670000e+001  4.332437e+000
      vertex  1.670291e+001  1.870000e+001  3.698349e+000
      vertex  1.670291e+001  1.670000e+001  3.698349e+000
    endloop
  endfacet
  facet normal -8.467253e-001  0.000000e+000  5.320303e-001
    outer loop
      vertex  1.670291e+001  1.670000e+001  3.698349e+000
      vertex  1.670291e+001  1.870000e+001  3.698349e+000
      vertex  1.634550e+001  1.870000e+001  3.129531e+000
    endloop
  endfacet
  facet normal -8.467253e-001  0.000000e+000  5.320303e-001
    outer loop
      vertex  1.670291e+001  1.670000e+001  3.698349e+000
      vertex  1.634550e+001  1.870000e+001  3.129531e+000
      vertex  1.634550e+001  1.670000e+001  3.129531e+000
    endloop
  endfacet
  facet normal -7.071061e-001  0.000000e+000  7.071075e-001
    outer loop
      vertex  1.634550e+001  1.670000e+001  3.129531e+000
      vertex  1.634550e+001  1.870000e+001  3.129531e+000
      vertex  1.587047e+001  1.870000e+001  2.654505e+000
    endloop
  endfacet
  facet normal -7.071061e-001  0.000000e+000  7.071075e-001
    outer loop
      vertex  1.634550e+001  1.670000e+001  3.129531e+000
      vertex  1.587047e+001  1.870000e+001  2.654505e+000
      vertex  1.587047e+001  1.670000e+001  2.654505e+000
    endloop
  endfacet
  facet normal -5.320321e-001  0.000000e+000  8.467243e-001
    outer loop
      vertex  1.587047e+001  1.670000e+001  2.654505e+000
      vertex  1.587047e+001  1.870000e+001  2.654505e+000
      vertex  1.530165e+001  1.870000e+001  2.297093e+000
    endloop
  endfacet
  facet normal -5.320321e-001  0.000000e+000  8.467243e-001
    outer loop
      vertex  1.587047e+001  1.670000e+001  2.654505e+000
      vertex  1.530165e+001  1.870000e+001  2.297093e+000
      vertex  1.530165e+001  1.670000e+001  2.297093e+000
    endloop
  endfacet
  facet normal -3.302790e-001  0.000000e+000  9.438833e-001
    outer loop
      vertex  1.530165e+001  1.670000e+001  2.297093e+000
      vertex  1.530165e+001  1.870000e+001  2.297093e+000
      vertex  1.466756e+001  1.870000e+001  2.075216e+000
    endloop
  endfacet
  facet normal -3.302790e-001  0.000000e+000  9.438833e-001
    outer loop
      vertex  1.530165e+001  1.670000e+001  2.297093e+000
      vertex  1.466756e+001  1.870000e+001  2.075216e+000
      vertex  1.466756e+001  1.670000e+001  2.075216e+000
    endloop
  endfacet
  facet normal -1.119646e-001  0.000000e+000  9.937122e-001
    outer loop
      vertex  1.466756e+001  1.670000e+001  2.075216e+000
      vertex  1.466756e+001  1.870000e+001  2.075216e+000
      vertex  1.400000e+001  1.870000e+001  2.000000e+000
    endloop
  endfacet
  facet normal -1.119646e-001  0.000000e+000  9.937122e-001
    outer loop
      vertex  1.466756e+001  1.670000e+001  2.075216e+000
      vertex  1.400000e+001  1.870000e+001  2.000000e+000
      vertex  1.400000e+001  1.670000e+001  2.000000e+000
    endloop
  endfacet
  facet normal  8.715557e-002  -0.000000e+000  9.961947e-001
    outer loop
      vertex  1.400000e+001  1.870000e+001  1.000000e+001
      vertex  1.400000e+001  1.670000e+001  1.000000e+001
      vertex  1.486824e+001  1.870000e+001  9.924039e+000
    endloop
  endfacet
  facet normal  8.715557e-002  0.000000e+000  9.961947e-001
    outer loop
      vertex  1.486824e+001  1.870000e+001  9.924039e+000
      vertex  1.400000e+001  1.670000e+001  1.000000e+001
      vertex  1.486824e+001  1.670000e+001  9.924039e+000
    endloop
  endfacet
  facet normal  2.588188e-001  -0.000000e+000  9.659259e-001
    outer loop
      vertex  1.486824e+001  1.870000e+001  9.924039e+000
      vertex  1.486824e+001  1.670000e+001  9.924039e+000
      vertex  1.571010e+001  1.870000e+001  9.698463e+000
    endloop
  endfacet
  facet normal  2.588188e-001  0.000000e+000  9.659259e-001
    outer loop
      vertex  1.571010e+001  1.870000e+001  9.698463e+000
      vertex  1.486824e+001  1.670000e+001  9.924039e+000
      vertex  1.571010e+001  1.670000e+001  9.698463e+000
    endloop
  endfacet
  facet normal  4.226190e-001  -0.000000e+000  9.063075e-001
    outer loop
      vertex  1.571010e+001  1.870000e+001  9.698463e+000
      vertex  1.571010e+001  1.670000e+001  9.698463e+000
      vertex  1.650000e+001  1.870000e+001  9.330127e+000
    endloop
  endfacet
  facet normal  4.226190e-001  0.000000e+000  9.063075e-001
    outer loop
      vertex  1.650000e+001  1.870000e+001  9.330127e+000
      vertex  1.571010e+001  1.670000e+001  9.698463e+000
      vertex  1.650000e+001  1.670000e+001  9.330127e+000
    endloop
  endfacet
  facet normal  5.735765e-001  -0.000000e+000  8.191521e-001
    outer loop
      vertex  1.650000e+001  1.870000e+001  9.330127e+000
      vertex  1.650000e+001  1.670000e+001  9.330127e+000
      vertex  1.721394e+001  1.870000e+001  8.830222e+000
    endloop
  endfacet
  facet normal  5.735765e-001  0.000000e+000  8.191521e-001
    outer loop
      vertex  1.721394e+001  1.870000e+001  8.830222e+000
      vertex  1.650000e+001  1.670000e+001  9.330127e+000
      vertex  1.721394e+001  1.670000e+001  8.830222e+000
    endloop
  endfacet
  facet normal  7.071062e-001  -0.000000e+000  7.071074e-001
    outer loop
      vertex  1.721394e+001  1.870000e+001  8.830222e+000
      vertex  1.721394e+001  1.670000e+001  8.830222e+000
      vertex  1.783022e+001  1.870000e+001  8.213938e+000
    endloop
  endfacet
  facet normal  7.071062e-001  0.000000e+000  7.071074e-001
    outer loop
      vertex  1.783022e+001  1.870000e+001  8.213938e+000
      vertex  1.721394e+001  1.670000e+001  8.830222e+000
      vertex  1.783022e+001  1.670000e+001  8.213938e+000
    endloop
  endfacet
  facet normal  8.191521e-001  -0.000000e+000  5.735765e-001
    outer loop
      vertex  1.783022e+001  1.870000e+001  8.213938e+000
      vertex  1.783022e+001  1.670000e+001  8.213938e+000
      vertex  1.833013e+001  1.870000e+001  7.500000e+000
    endloop
  endfacet
  facet normal  8.191521e-001  0.000000e+000  5.735765e-001
    outer loop
      vertex  1.833013e+001  1.870000e+001  7.500000e+000
      vertex  1.783022e+001  1.670000e+001  8.213938e+000
      vertex  1.833013e+001  1.670000e+001  7.500000e+000
    endloop
  endfacet
  facet normal  9.063079e-001  -0.000000e+000  4.226179e-001
    outer loop
      vertex  1.833013e+001  1.870000e+001  7.500000e+000
      vertex  1.833013e+001  1.670000e+001  7.500000e+000
      vertex  1.869846e+001  1.870000e+001  6.710101e+000
    endloop
  endfacet
  facet normal  9.063079e-001  0.000000e+000  4.226179e-001
    outer loop
      vertex  1.869846e+001  1.870000e+001  6.710101e+000
      vertex  1.833013e+001  1.670000e+001  7.500000e+000
      vertex  1.869846e+001  1.670000e+001  6.710101e+000
    endloop
  endfacet
  facet normal  9.659262e-001  -0.000000e+000  2.588178e-001
    outer loop
      vertex  1.869846e+001  1.870000e+001  6.710101e+000
      vertex  1.869846e+001  1.670000e+001  6.710101e+000
      vertex  1.892404e+001  1.870000e+001  5.868241e+000
    endloop
  endfacet
  facet normal  9.659262e-001  0.000000e+000  2.588178e-001
    outer loop
      vertex  1.892404e+001  1.870000e+001  5.868241e+000
      vertex  1.869846e+001  1.670000e+001  6.710101e+000
      vertex  1.892404e+001  1.670000e+001  5.868241e+000
    endloop
  endfacet
  facet normal  9.961946e-001  -0.000000e+000  8.715670e-002
    outer loop
      vertex  1.892404e+001  1.870000e+001  5.868241e+000
      vertex  1.892404e+001  1.670000e+001  5.868241e+000
      vertex  1.900000e+001  1.870000e+001  5.000000e+000
    endloop
  endfacet
  facet normal  9.961946e-001  0.000000e+000  8.715670e-002
    outer loop
      vertex  1.900000e+001  1.870000e+001  5.000000e+000
      vertex  1.892404e+001  1.670000e+001  5.868241e+000
      vertex  1.900000e+001  1.670000e+001  5.000000e+000
    endloop
  endfacet
  facet normal  9.961946e-001  0.000000e+000 -8.715670e-002
    outer loop
      vertex  1.900000e+001  1.870000e+001  5.000000e+000
      vertex  1.900000e+001  1.670000e+001  5.000000e+000
      vertex  1.892404e+001  1.870000e+001  4.131759e+000
    endloop
  endfacet
  facet normal  9.961946e-001  0.000000e+000 -8.715670e-002
    outer loop
      vertex  1.892404e+001  1.870000e+001  4.131759e+000
      vertex  1.900000e+001  1.670000e+001  5.000000e+000
      vertex  1.892404e+001  1.670000e+001  4.131759e+000
    endloop
  endfacet
  facet normal  9.659262e-001  0.000000e+000 -2.588178e-001
    outer loop
      vertex  1.892404e+001  1.870000e+001  4.131759e+000
      vertex  1.892404e+001  1.670000e+001  4.131759e+000
      vertex  1.869846e+001  1.870000e+001  3.289899e+000
    endloop
  endfacet
  facet normal  9.659262e-001  0.000000e+000 -2.588178e-001
    outer loop
      vertex  1.869846e+001  1.870000e+001  3.289899e+000
      vertex  1.892404e+001  1.670000e+001  4.131759e+000
      vertex  1.869846e+001  1.670000e+001  3.289899e+000
    endloop
  endfacet
  facet normal  9.063079e-001  0.000000e+000 -4.226179e-001
    outer loop
      vertex  1.869846e+001  1.870000e+001  3.289899e+000
      vertex  1.869846e+001  1.670000e+001  3.289899e+000
      vertex  1.833013e+001  1.870000e+001  2.500000e+000
    endloop
  endfacet
  facet normal  9.063079e-001  0.000000e+000 -4.226179e-001
    outer loop
      vertex  1.833013e+001  1.870000e+001  2.500000e+000
      vertex  1.869846e+001  1.670000e+001  3.289899e+000
      vertex  1.833013e+001  1.670000e+001  2.500000e+000
    endloop
  endfacet
  facet normal  8.191521e-001  0.000000e+000 -5.735763e-001
    outer loop
      vertex  1.833013e+001  1.870000e+001  2.500000e+000
      vertex  1.833013e+001  1.670000e+001  2.500000e+000
      vertex  1.783022e+001  1.870000e+001  1.786062e+000
    endloop
  endfacet
  facet normal  8.191521e-001  0.000000e+000 -5.735763e-001
    outer loop
      vertex  1.783022e+001  1.870000e+001  1.786062e+000
      vertex  1.833013e+001  1.670000e+001  2.500000e+000
      vertex  1.783022e+001  1.670000e+001  1.786062e+000
    endloop
  endfacet
  facet normal  7.071062e-001  0.000000e+000 -7.071074e-001
    outer loop
      vertex  1.783022e+001  1.870000e+001  1.786062e+000
      vertex  1.783022e+001  1.670000e+001  1.786062e+000
      vertex  1.721394e+001  1.870000e+001  1.169778e+000
    endloop
  endfacet
  facet normal  7.071062e-001  0.000000e+000 -7.071074e-001
    outer loop
      vertex  1.721394e+001  1.870000e+001  1.169778e+000
      vertex  1.783022e+001  1.670000e+001  1.786062e+000
      vertex  1.721394e+001  1.670000e+001  1.169778e+000
    endloop
  endfacet
  facet normal  5.735766e-001  0.000000e+000 -8.191519e-001
    outer loop
      vertex  1.721394e+001  1.870000e+001  1.169778e+000
      vertex  1.721394e+001  1.670000e+001  1.169778e+000
      vertex  1.650000e+001  1.870000e+001  6.698730e-001
    endloop
  endfacet
  facet normal  5.735766e-001  0.000000e+000 -8.191519e-001
    outer loop
      vertex  1.650000e+001  1.870000e+001  6.698730e-001
      vertex  1.721394e+001  1.670000e+001  1.169778e+000
      vertex  1.650000e+001  1.670000e+001  6.698730e-001
    endloop
  endfacet
  facet normal  4.226184e-001  0.000000e+000 -9.063076e-001
    outer loop
      vertex  1.650000e+001  1.870000e+001  6.698730e-001
      vertex  1.650000e+001  1.670000e+001  6.698730e-001
      vertex  1.571010e+001  1.870000e+001  3.015369e-001
    endloop
  endfacet
  facet normal  4.226184e-001  0.000000e+000 -9.063076e-001
    outer loop
      vertex  1.571010e+001  1.870000e+001  3.015369e-001
      vertex  1.650000e+001  1.670000e+001  6.698730e-001
      vertex  1.571010e+001  1.670000e+001  3.015369e-001
    endloop
  endfacet
  facet normal  2.588190e-001  0.000000e+000 -9.659258e-001
    outer loop
      vertex  1.571010e+001  1.870000e+001  3.015369e-001
      vertex  1.571010e+001  1.670000e+001  3.015369e-001
      vertex  1.486824e+001  1.870000e+001  7.596123e-002
    endloop
  endfacet
  facet normal  2.588190e-001  0.000000e+000 -9.659258e-001
    outer loop
      vertex  1.486824e+001  1.870000e+001  7.596123e-002
      vertex  1.571010e+001  1.670000e+001  3.015369e-001
      vertex  1.486824e+001  1.670000e+001  7.596123e-002
    endloop
  endfacet
  facet normal  8.715570e-002  0.000000e+000 -9.961947e-001
    outer loop
      vertex  1.486824e+001  1.870000e+001  7.596123e-002
      vertex  1.486824e+001  1.670000e+001  7.596123e-002
      vertex  1.400000e+001  1.870000e+001  0.000000e+000
    endloop
  endfacet
  facet normal  8.715570e-002  0.000000e+000 -9.961947e-001
    outer loop
      vertex  1.400000e+001  1.870000e+001  0.000000e+000
      vertex  1.486824e+001  1.670000e+001  7.596123e-002
      vertex  1.400000e+001  1.670000e+001  0.000000e+000
    endloop
  endfacet
  facet normal  0.000000e+000  1.000000e+000  0.000000e+000
    outer loop
      vertex -3.192726e+001 -1.770000e+001  4.139582e+000
      vertex -2.612388e+001 -1.770000e+001  4.617317e+000
      vertex -2.590711e+001 -1.770000e+001  4.292893e+000
    endloop
  endfacet
  facet normal  0.000000e+000  1.000000e+000  0.000000e+000
    outer loop
      vertex -2.590711e+001 -1.770000e+001  4.292893e+000
      vertex -2.558268e+001 -1.770000e+001  4.076120e+000
      vertex -3.192726e+001 -1.770000e+001  4.139582e+000
    endloop
  endfacet
  facet normal  0.000000e+000  1.000000e+000  0.000000e+000
    outer loop
      vertex -2.520000e+001 -1.770000e+001  4.000000e+000
      vertex -1.800000e+001 -1.770000e+001  0.000000e+000
      vertex -2.800000e+001 -1.770000e+001  0.000000e+000
    endloop
  endfacet
  facet normal  0.000000e+000  1.000000e+000  -0.000000e+000
    outer loop
      vertex -2.520000e+001 -1.770000e+001  4.000000e+000
      vertex -2.800000e+001 -1.770000e+001  0.000000e+000
      vertex -2.882346e+001 -1.770000e+001  2.598404e-001
    endloop
  endfacet
  facet normal  0.000000e+000  1.000000e+000  -0.000000e+000
    outer loop
      vertex -2.520000e+001 -1.770000e+001  4.000000e+000
      vertex -2.882346e+001 -1.770000e+001  2.598404e-001
      vertex -2.959162e+001 -1.770000e+001  6.542412e-001
    endloop
  endfacet
  facet normal  0.000000e+000  1.000000e+000  -0.000000e+000
    outer loop
      vertex -2.520000e+001 -1.770000e+001  4.000000e+000
      vertex -2.959162e+001 -1.770000e+001  6.542412e-001
      vertex -3.028265e+001 -1.770000e+001  1.172006e+000
    endloop
  endfacet
  facet normal  0.000000e+000  1.000000e+000  -0.000000e+000
    outer loop
      vertex -2.520000e+001 -1.770000e+001  4.000000e+000
      vertex -3.028265e+001 -1.770000e+001  1.172006e+000
      vertex -3.087695e+001 -1.770000e+001  1.798438e+000
    endloop
  endfacet
  facet normal  0.000000e+000  1.000000e+000  -0.000000e+000
    outer loop
      vertex -2.520000e+001 -1.770000e+001  4.000000e+000
      vertex -3.087695e+001 -1.770000e+001  1.798438e+000
      vertex -3.135765e+001 -1.770000e+001  2.515753e+000
    endloop
  endfacet
  facet normal  0.000000e+000  1.000000e+000  -0.000000e+000
    outer loop
      vertex -2.520000e+001 -1.770000e+001  4.000000e+000
      vertex -3.135765e+001 -1.770000e+001  2.515753e+000
      vertex -3.171110e+001 -1.770000e+001  3.303589e+000
    endloop
  endfacet
  facet normal  0.000000e+000  1.000000e+000  -0.000000e+000
    outer loop
      vertex -2.520000e+001 -1.770000e+001  4.000000e+000
      vertex -3.171110e+001 -1.770000e+001  3.303589e+000
      vertex -3.192726e+001 -1.770000e+001  4.139582e+000
    endloop
  endfacet
  facet normal  0.000000e+000  1.000000e+000  0.000000e+000
    outer loop
      vertex -2.520000e+001 -1.770000e+001  4.000000e+000
      vertex -3.192726e+001 -1.770000e+001  4.139582e+000
      vertex -2.558268e+001 -1.770000e+001  4.076120e+000
    endloop
  endfacet
  facet normal  0.000000e+000  1.000000e+000  -0.000000e+000
    outer loop
      vertex -1.800000e+001 -1.770000e+001  1.000000e+001
      vertex -1.800000e+001 -1.770000e+001  0.000000e+000
      vertex -2.449289e+001 -1.770000e+001  5.707107e+000
    endloop
  endfacet
  facet normal  0.000000e+000  1.000000e+000  -0.000000e+000
    outer loop
      vertex -1.800000e+001 -1.770000e+001  1.000000e+001
      vertex -2.449289e+001 -1.770000e+001  5.707107e+000
      vertex -2.481732e+001 -1.770000e+001  5.923880e+000
    endloop
  endfacet
  facet normal  0.000000e+000  1.000000e+000  -0.000000e+000
    outer loop
      vertex -1.800000e+001 -1.770000e+001  1.000000e+001
      vertex -2.481732e+001 -1.770000e+001  5.923880e+000
      vertex -2.520000e+001 -1.770000e+001  6.000000e+000
    endloop
  endfacet
  facet normal  0.000000e+000  1.000000e+000  -0.000000e+000
    outer loop
      vertex -1.800000e+001 -1.770000e+001  1.000000e+001
      vertex -2.520000e+001 -1.770000e+001  6.000000e+000
      vertex -2.800000e+001 -1.770000e+001  1.000000e+001
    endloop
  endfacet
  facet normal  -0.000000e+000  1.000000e+000  0.000000e+000
    outer loop
      vertex -1.800000e+001 -1.770000e+001  0.000000e+000
      vertex -2.520000e+001 -1.770000e+001  4.000000e+000
      vertex -2.481732e+001 -1.770000e+001  4.076120e+000
    endloop
  endfacet
  facet normal  -0.000000e+000  1.000000e+000  0.000000e+000
    outer loop
      vertex -1.800000e+001 -1.770000e+001  0.000000e+000
      vertex -2.481732e+001 -1.770000e+001  4.076120e+000
      vertex -2.449289e+001 -1.770000e+001  4.292893e+000
    endloop
  endfacet
  facet normal  -0.000000e+000  1.000000e+000  0.000000e+000
    outer loop
      vertex -1.800000e+001 -1.770000e+001  0.000000e+000
      vertex -2.449289e+001 -1.770000e+001  4.292893e+000
      vertex -2.427612e+001 -1.770000e+001  4.617317e+000
    endloop
  endfacet
  facet normal  -0.000000e+000  1.000000e+000  0.000000e+000
    outer loop
      vertex -1.800000e+001 -1.770000e+001  0.000000e+000
      vertex -2.427612e+001 -1.770000e+001  4.617317e+000
      vertex -2.420000e+001 -1.770000e+001  5.000000e+000
    endloop
  endfacet
  facet normal  -0.000000e+000  1.000000e+000  -0.000000e+000
    outer loop
      vertex -1.800000e+001 -1.770000e+001  0.000000e+000
      vertex -2.420000e+001 -1.770000e+001  5.000000e+000
      vertex -2.427612e+001 -1.770000e+001  5.382683e+000
    endloop
  endfacet
  facet normal  -0.000000e+000  1.000000e+000  -0.000000e+000
    outer loop
      vertex -1.800000e+001 -1.770000e+001  0.000000e+000
      vertex -2.427612e+001 -1.770000e+001  5.382683e+000
      vertex -2.449289e+001 -1.770000e+001  5.707107e+000
    endloop
  endfacet
  facet normal  0.000000e+000  1.000000e+000  -0.000000e+000
    outer loop
      vertex -2.520000e+001 -1.770000e+001  6.000000e+000
      vertex -2.558268e+001 -1.770000e+001  5.923880e+000
      vertex -3.192726e+001 -1.770000e+001  5.860418e+000
    endloop
  endfacet
  facet normal  0.000000e+000  1.000000e+000  0.000000e+000
    outer loop
      vertex -2.520000e+001 -1.770000e+001  6.000000e+000
      vertex -3.192726e+001 -1.770000e+001  5.860418e+000
      vertex -3.171110e+001 -1.770000e+001  6.696411e+000
    endloop
  endfacet
  facet normal  -0.000000e+000  1.000000e+000  0.000000e+000
    outer loop
      vertex -2.520000e+001 -1.770000e+001  6.000000e+000
      vertex -3.171110e+001 -1.770000e+001  6.696411e+000
      vertex -3.135765e+001 -1.770000e+001  7.484247e+000
    endloop
  endfacet
  facet normal  -0.000000e+000  1.000000e+000  0.000000e+000
    outer loop
      vertex -2.520000e+001 -1.770000e+001  6.000000e+000
      vertex -3.135765e+001 -1.770000e+001  7.484247e+000
      vertex -3.087695e+001 -1.770000e+001  8.201562e+000
    endloop
  endfacet
  facet normal  -0.000000e+000  1.000000e+000  0.000000e+000
    outer loop
      vertex -2.520000e+001 -1.770000e+001  6.000000e+000
      vertex -3.087695e+001 -1.770000e+001  8.201562e+000
      vertex -3.028265e+001 -1.770000e+001  8.827993e+000
    endloop
  endfacet
  facet normal  -0.000000e+000  1.000000e+000  0.000000e+000
    outer loop
      vertex -2.520000e+001 -1.770000e+001  6.000000e+000
      vertex -3.028265e+001 -1.770000e+001  8.827993e+000
      vertex -2.959162e+001 -1.770000e+001  9.345758e+000
    endloop
  endfacet
  facet normal  -0.000000e+000  1.000000e+000  0.000000e+000
    outer loop
      vertex -2.520000e+001 -1.770000e+001  6.000000e+000
      vertex -2.959162e+001 -1.770000e+001  9.345758e+000
      vertex -2.882346e+001 -1.770000e+001  9.740160e+000
    endloop
  endfacet
  facet normal  -0.000000e+000  1.000000e+000  0.000000e+000
    outer loop
      vertex -2.520000e+001 -1.770000e+001  6.000000e+000
      vertex -2.882346e+001 -1.770000e+001  9.740160e+000
      vertex -2.800000e+001 -1.770000e+001  1.000000e+001
    endloop
  endfacet
  facet normal  0.000000e+000  1.000000e+000  0.000000e+000
    outer loop
      vertex -3.192726e+001 -1.770000e+001  5.860418e+000
      vertex -2.558268e+001 -1.770000e+001  5.923880e+000
      vertex -3.200000e+001 -1.770000e+001  5.000000e+000
    endloop
  endfacet
  facet normal  0.000000e+000  1.000000e+000  0.000000e+000
    outer loop
      vertex -3.200000e+001 -1.770000e+001  5.000000e+000
      vertex -2.558268e+001 -1.770000e+001  5.923880e+000
      vertex -2.590711e+001 -1.770000e+001  5.707107e+000
    endloop
  endfacet
  facet normal  0.000000e+000  1.000000e+000  0.000000e+000
    outer loop
      vertex -3.200000e+001 -1.770000e+001  5.000000e+000
      vertex -2.590711e+001 -1.770000e+001  5.707107e+000
      vertex -2.612388e+001 -1.770000e+001  5.382683e+000
    endloop
  endfacet
  facet normal  0.000000e+000  1.000000e+000  0.000000e+000
    outer loop
      vertex -2.612388e+001 -1.770000e+001  4.617317e+000
      vertex -3.192726e+001 -1.770000e+001  4.139582e+000
      vertex -2.620000e+001 -1.770000e+001  5.000000e+000
    endloop
  endfacet
  facet normal  0.000000e+000  1.000000e+000  0.000000e+000
    outer loop
      vertex -2.620000e+001 -1.770000e+001  5.000000e+000
      vertex -3.192726e+001 -1.770000e+001  4.139582e+000
      vertex -3.200000e+001 -1.770000e+001  5.000000e+000
    endloop
  endfacet
  facet normal  0.000000e+000  1.000000e+000  0.000000e+000
    outer loop
      vertex -2.620000e+001 -1.770000e+001  5.000000e+000
      vertex -3.200000e+001 -1.770000e+001  5.000000e+000
      vertex -2.612388e+001 -1.770000e+001  5.382683e+000
    endloop
  endfacet
  facet normal  0.000000e+000 -1.000000e+000  0.000000e+000
    outer loop
      vertex -2.620000e+001 -1.970000e+001  5.000000e+000
      vertex -2.612388e+001 -1.970000e+001  5.382683e+000
      vertex -3.200000e+001 -1.970000e+001  5.000088e+000
    endloop
  endfacet
  facet normal  0.000000e+000 -9.999999e-001  0.000000e+000
    outer loop
      vertex -2.451459e+001 -1.970000e+001  7.603358e+000
      vertex -2.520000e+001 -1.970000e+001  6.000000e+000
      vertex -1.870000e+001 -1.970000e+001  7.603364e+000
    endloop
  endfacet
  facet normal  -0.000000e+000 -1.000000e+000  0.000000e+000
    outer loop
      vertex -8.000000e-001 -1.970000e+001  6.000000e+000
      vertex  5.739146e+000 -1.970000e+001  6.614221e+000
      vertex  5.419360e+000 -1.970000e+001  7.369476e+000
    endloop
  endfacet
  facet normal  0.000000e+000 -1.000000e+000  -0.000000e+000
    outer loop
      vertex  5.934387e+000 -1.970000e+001  4.182550e+000
      vertex  1.238795e-001 -1.970000e+001  4.617317e+000
      vertex -9.289322e-002 -1.970000e+001  4.292893e+000
    endloop
  endfacet
  facet normal  0.000000e+000 -1.000000e+000  0.000000e+000
    outer loop
      vertex -9.289322e-002 -1.970000e+001  4.292893e+000
      vertex -4.173166e-001 -1.970000e+001  4.076120e+000
      vertex  5.934387e+000 -1.970000e+001  4.182550e+000
    endloop
  endfacet
  facet normal  0.000000e+000 -1.000000e+000  0.000000e+000
    outer loop
      vertex -3.193439e+001 -1.970000e+001  4.182550e+000
      vertex -3.173920e+001 -1.970000e+001  3.385947e+000
      vertex -2.520000e+001 -1.970000e+001  4.000000e+000
    endloop
  endfacet
  facet normal  0.000000e+000 -1.000000e+000  0.000000e+000
    outer loop
      vertex -3.193439e+001 -1.970000e+001  4.182550e+000
      vertex -2.520000e+001 -1.970000e+001  4.000000e+000
      vertex -2.558268e+001 -1.970000e+001  4.076120e+000
    endloop
  endfacet
  facet normal  0.000000e+000 -1.000000e+000  0.000000e+000
    outer loop
      vertex -3.193439e+001 -1.970000e+001  4.182550e+000
      vertex -2.558268e+001 -1.970000e+001  4.076120e+000
      vertex -2.590711e+001 -1.970000e+001  4.292893e+000
    endloop
  endfacet
  facet normal  -0.000000e+000 -1.000000e+000  0.000000e+000
    outer loop
      vertex -3.193439e+001 -1.970000e+001  4.182550e+000
      vertex -2.590711e+001 -1.970000e+001  4.292893e+000
      vertex -2.612388e+001 -1.970000e+001  4.617317e+000
    endloop
  endfacet
  facet normal  -0.000000e+000 -1.000000e+000  0.000000e+000
    outer loop
      vertex -3.193439e+001 -1.970000e+001  4.182550e+000
      vertex -2.612388e+001 -1.970000e+001  4.617317e+000
      vertex -2.620000e+001 -1.970000e+001  5.000000e+000
    endloop
  endfacet
  facet normal  -0.000000e+000 -1.000000e+000  0.000000e+000
    outer loop
      vertex -3.193439e+001 -1.970000e+001  4.182550e+000
      vertex -2.620000e+001 -1.970000e+001  5.000000e+000
      vertex -3.200000e+001 -1.970000e+001  5.000088e+000
    endloop
  endfacet
  facet normal  -0.000000e+000 -1.000000e+000  -0.000000e+000
    outer loop
      vertex -8.000000e-001 -1.970000e+001  4.000000e+000
      vertex -1.182683e+000 -1.970000e+001  4.076120e+000
      vertex -2.481732e+001 -1.970000e+001  4.076120e+000
    endloop
  endfacet
  facet normal  0.000000e+000 -1.000000e+000  -0.000000e+000
    outer loop
      vertex -8.000000e-001 -1.970000e+001  4.000000e+000
      vertex -2.481732e+001 -1.970000e+001  4.076120e+000
      vertex -2.520000e+001 -1.970000e+001  4.000000e+000
    endloop
  endfacet
  facet normal  0.000000e+000 -9.999999e-001  0.000000e+000
    outer loop
      vertex -8.000000e-001 -1.970000e+001  4.000000e+000
      vertex -2.520000e+001 -1.970000e+001  4.000000e+000
      vertex -2.451677e+001 -1.970000e+001  2.396636e+000
    endloop
  endfacet
  facet normal  0.000000e+000 -1.000000e+000  0.000000e+000
    outer loop
      vertex -8.000000e-001 -1.970000e+001  4.000000e+000
      vertex -2.451677e+001 -1.970000e+001  2.396636e+000
      vertex -1.870000e+001 -1.970000e+001  2.396636e+000
    endloop
  endfacet
  facet normal  0.000000e+000 -1.000000e+000  0.000000e+000
    outer loop
      vertex -8.000000e-001 -1.970000e+001  4.000000e+000
      vertex -1.870000e+001 -1.970000e+001  2.396636e+000
      vertex -7.300000e+000 -1.970000e+001  2.396636e+000
    endloop
  endfacet
  facet normal  0.000000e+000 -1.000000e+000  0.000000e+000
    outer loop
      vertex -8.000000e-001 -1.970000e+001  4.000000e+000
      vertex -7.300000e+000 -1.970000e+001  2.396636e+000
      vertex -1.483235e+000 -1.970000e+001  2.396636e+000
    endloop
  endfacet
  facet normal  0.000000e+000 -1.000000e+000  0.000000e+000
    outer loop
      vertex -8.000000e-001 -1.970000e+001  4.000000e+000
      vertex -1.483235e+000 -1.970000e+001  2.396636e+000
      vertex  4.983296e+000 -1.970000e+001  1.936093e+000
    endloop
  endfacet
  facet normal  0.000000e+000 -1.000000e+000  0.000000e+000
    outer loop
      vertex -8.000000e-001 -1.970000e+001  4.000000e+000
      vertex  4.983296e+000 -1.970000e+001  1.936093e+000
      vertex  5.419442e+000 -1.970000e+001  2.630680e+000
    endloop
  endfacet
  facet normal  0.000000e+000 -1.000000e+000  0.000000e+000
    outer loop
      vertex -8.000000e-001 -1.970000e+001  4.000000e+000
      vertex  5.419442e+000 -1.970000e+001  2.630680e+000
      vertex  5.739202e+000 -1.970000e+001  3.385947e+000
    endloop
  endfacet
  facet normal  0.000000e+000 -1.000000e+000  0.000000e+000
    outer loop
      vertex -8.000000e-001 -1.970000e+001  4.000000e+000
      vertex  5.739202e+000 -1.970000e+001  3.385947e+000
      vertex  5.934387e+000 -1.970000e+001  4.182550e+000
    endloop
  endfacet
  facet normal  0.000000e+000 -1.000000e+000  0.000000e+000
    outer loop
      vertex -8.000000e-001 -1.970000e+001  4.000000e+000
      vertex  5.934387e+000 -1.970000e+001  4.182550e+000
      vertex -4.173166e-001 -1.970000e+001  4.076120e+000
    endloop
  endfacet
  facet normal  0.000000e+000 -1.000000e+000  -0.000000e+000
    outer loop
      vertex  5.419360e+000 -1.970000e+001  7.369476e+000
      vertex  4.983191e+000 -1.970000e+001  8.064049e+000
      vertex -8.000000e-001 -1.970000e+001  6.000000e+000
    endloop
  endfacet
  facet normal  0.000000e+000 -1.000000e+000  0.000000e+000
    outer loop
      vertex -8.000000e-001 -1.970000e+001  6.000000e+000
      vertex  4.983191e+000 -1.970000e+001  8.064049e+000
      vertex -1.485410e+000 -1.970000e+001  7.603358e+000
    endloop
  endfacet
  facet normal  -0.000000e+000 -1.000000e+000  -0.000000e+000
    outer loop
      vertex -8.000000e-001 -1.970000e+001  6.000000e+000
      vertex -1.485410e+000 -1.970000e+001  7.603358e+000
      vertex -7.300000e+000 -1.970000e+001  7.603364e+000
    endloop
  endfacet
  facet normal  0.000000e+000 -1.000000e+000  -0.000000e+000
    outer loop
      vertex -2.451677e+001 -1.970000e+001  2.396636e+000
      vertex -2.520000e+001 -1.970000e+001  4.000000e+000
      vertex -3.098330e+001 -1.970000e+001  1.936093e+000
    endloop
  endfacet
  facet normal  0.000000e+000 -1.000000e+000  0.000000e+000
    outer loop
      vertex -3.098330e+001 -1.970000e+001  1.936093e+000
      vertex -2.520000e+001 -1.970000e+001  4.000000e+000
      vertex -3.173920e+001 -1.970000e+001  3.385947e+000
    endloop
  endfacet
  facet normal  0.000000e+000 -1.000000e+000  0.000000e+000
    outer loop
      vertex -3.098330e+001 -1.970000e+001  1.936093e+000
      vertex -3.173920e+001 -1.970000e+001  3.385947e+000
      vertex -3.141944e+001 -1.970000e+001  2.630680e+000
    endloop
  endfacet
  facet normal  0.000000e+000 -1.000000e+000  0.000000e+000
    outer loop
      vertex -2.451459e+001 -1.970000e+001  7.603358e+000
      vertex -3.098319e+001 -1.970000e+001  8.064049e+000
      vertex -2.520000e+001 -1.970000e+001  6.000000e+000
    endloop
  endfacet
  facet normal  0.000000e+000 -1.000000e+000  0.000000e+000
    outer loop
      vertex -2.520000e+001 -1.970000e+001  6.000000e+000
      vertex -3.098319e+001 -1.970000e+001  8.064049e+000
      vertex -3.141936e+001 -1.970000e+001  7.369476e+000
    endloop
  endfacet
  facet normal  0.000000e+000 -9.999999e-001  -0.000000e+000
    outer loop
      vertex -2.520000e+001 -1.970000e+001  6.000000e+000
      vertex -3.141936e+001 -1.970000e+001  7.369476e+000
      vertex -3.173915e+001 -1.970000e+001  6.614221e+000
    endloop
  endfacet
  facet normal  0.000000e+000 -1.000000e+000  0.000000e+000
    outer loop
      vertex -2.520000e+001 -1.970000e+001  6.000000e+000
      vertex -3.173915e+001 -1.970000e+001  6.614221e+000
      vertex -2.558268e+001 -1.970000e+001  5.923880e+000
    endloop
  endfacet
  facet normal  -0.000000e+000 -1.000000e+000  0.000000e+000
    outer loop
      vertex -2.558268e+001 -1.970000e+001  5.923880e+000
      vertex -3.173915e+001 -1.970000e+001  6.614221e+000
      vertex -3.193436e+001 -1.970000e+001  5.817625e+000
    endloop
  endfacet
  facet normal  0.000000e+000 -1.000000e+000  0.000000e+000
    outer loop
      vertex -2.558268e+001 -1.970000e+001  5.923880e+000
      vertex -3.193436e+001 -1.970000e+001  5.817625e+000
      vertex -2.590711e+001 -1.970000e+001  5.707107e+000
    endloop
  endfacet
  facet normal  -0.000000e+000 -1.000000e+000  0.000000e+000
    outer loop
      vertex -2.590711e+001 -1.970000e+001  5.707107e+000
      vertex -3.193436e+001 -1.970000e+001  5.817625e+000
      vertex -3.200000e+001 -1.970000e+001  5.000088e+000
    endloop
  endfacet
  facet normal  0.000000e+000 -9.999999e-001  0.000000e+000
    outer loop
      vertex -2.590711e+001 -1.970000e+001  5.707107e+000
      vertex -3.200000e+001 -1.970000e+001  5.000088e+000
      vertex -2.612388e+001 -1.970000e+001  5.382683e+000
    endloop
  endfacet
  facet normal  0.000000e+000 -9.999999e-001  0.000000e+000
    outer loop
      vertex -7.300000e+000 -1.970000e+001  1.000000e+001
      vertex -1.870000e+001 -1.970000e+001  1.000000e+001
      vertex -7.300000e+000 -1.970000e+001  7.603364e+000
    endloop
  endfacet
  facet normal  0.000000e+000 -9.999999e-001  0.000000e+000
    outer loop
      vertex -7.300000e+000 -1.970000e+001  7.603364e+000
      vertex -1.870000e+001 -1.970000e+001  1.000000e+001
      vertex -1.870000e+001 -1.970000e+001  7.603364e+000
    endloop
  endfacet
  facet normal  0.000000e+000 -1.000000e+000  0.000000e+000
    outer loop
      vertex -7.300000e+000 -1.970000e+001  7.603364e+000
      vertex -1.870000e+001 -1.970000e+001  7.603364e+000
      vertex -8.000000e-001 -1.970000e+001  6.000000e+000
    endloop
  endfacet
  facet normal  0.000000e+000 -9.999999e-001  0.000000e+000
    outer loop
      vertex -8.000000e-001 -1.970000e+001  6.000000e+000
      vertex -1.870000e+001 -1.970000e+001  7.603364e+000
      vertex -2.520000e+001 -1.970000e+001  6.000000e+000
    endloop
  endfacet
  facet normal  0.000000e+000 -1.000000e+000  0.000000e+000
    outer loop
      vertex -8.000000e-001 -1.970000e+001  6.000000e+000
      vertex -2.520000e+001 -1.970000e+001  6.000000e+000
      vertex -1.182683e+000 -1.970000e+001  5.923880e+000
    endloop
  endfacet
  facet normal  0.000000e+000 -1.000000e+000  0.000000e+000
    outer loop
      vertex -1.182683e+000 -1.970000e+001  5.923880e+000
      vertex -2.520000e+001 -1.970000e+001  6.000000e+000
      vertex -2.481732e+001 -1.970000e+001  5.923880e+000
    endloop
  endfacet
  facet normal  0.000000e+000 -1.000000e+000  0.000000e+000
    outer loop
      vertex -1.182683e+000 -1.970000e+001  5.923880e+000
      vertex -2.481732e+001 -1.970000e+001  5.923880e+000
      vertex -1.507107e+000 -1.970000e+001  5.707107e+000
    endloop
  endfacet
  facet normal  0.000000e+000 -1.000000e+000  0.000000e+000
    outer loop
      vertex -1.507107e+000 -1.970000e+001  5.707107e+000
      vertex -2.481732e+001 -1.970000e+001  5.923880e+000
      vertex -2.449289e+001 -1.970000e+001  5.707107e+000
    endloop
  endfacet
  facet normal  0.000000e+000 -9.999999e-001  0.000000e+000
    outer loop
      vertex -1.507107e+000 -1.970000e+001  5.707107e+000
      vertex -2.449289e+001 -1.970000e+001  5.707107e+000
      vertex -1.723880e+000 -1.970000e+001  5.382683e+000
    endloop
  endfacet
  facet normal  0.000000e+000 -1.000000e+000  0.000000e+000
    outer loop
      vertex -1.723880e+000 -1.970000e+001  5.382683e+000
      vertex -2.449289e+001 -1.970000e+001  5.707107e+000
      vertex -2.427612e+001 -1.970000e+001  5.382683e+000
    endloop
  endfacet
  facet normal  0.000000e+000 -1.000000e+000  0.000000e+000
    outer loop
      vertex -1.723880e+000 -1.970000e+001  5.382683e+000
      vertex -2.427612e+001 -1.970000e+001  5.382683e+000
      vertex -1.800000e+000 -1.970000e+001  5.000000e+000
    endloop
  endfacet
  facet normal  0.000000e+000 -1.000000e+000  0.000000e+000
    outer loop
      vertex -1.800000e+000 -1.970000e+001  5.000000e+000
      vertex -2.427612e+001 -1.970000e+001  5.382683e+000
      vertex -2.420000e+001 -1.970000e+001  5.000000e+000
    endloop
  endfacet
  facet normal  0.000000e+000 -1.000000e+000  0.000000e+000
    outer loop
      vertex -1.800000e+000 -1.970000e+001  5.000000e+000
      vertex -2.420000e+001 -1.970000e+001  5.000000e+000
      vertex -1.723880e+000 -1.970000e+001  4.617317e+000
    endloop
  endfacet
  facet normal  0.000000e+000 -1.000000e+000  0.000000e+000
    outer loop
      vertex -1.723880e+000 -1.970000e+001  4.617317e+000
      vertex -2.420000e+001 -1.970000e+001  5.000000e+000
      vertex -2.427612e+001 -1.970000e+001  4.617317e+000
    endloop
  endfacet
  facet normal  0.000000e+000 -1.000000e+000  0.000000e+000
    outer loop
      vertex -1.723880e+000 -1.970000e+001  4.617317e+000
      vertex -2.427612e+001 -1.970000e+001  4.617317e+000
      vertex -1.507107e+000 -1.970000e+001  4.292893e+000
    endloop
  endfacet
  facet normal  0.000000e+000 -9.999999e-001  0.000000e+000
    outer loop
      vertex -1.507107e+000 -1.970000e+001  4.292893e+000
      vertex -2.427612e+001 -1.970000e+001  4.617317e+000
      vertex -2.449289e+001 -1.970000e+001  4.292893e+000
    endloop
  endfacet
  facet normal  0.000000e+000 -1.000000e+000  0.000000e+000
    outer loop
      vertex -1.507107e+000 -1.970000e+001  4.292893e+000
      vertex -2.449289e+001 -1.970000e+001  4.292893e+000
      vertex -1.182683e+000 -1.970000e+001  4.076120e+000
    endloop
  endfacet
  facet normal  0.000000e+000 -1.000000e+000  0.000000e+000
    outer loop
      vertex -1.182683e+000 -1.970000e+001  4.076120e+000
      vertex -2.449289e+001 -1.970000e+001  4.292893e+000
      vertex -2.481732e+001 -1.970000e+001  4.076120e+000
    endloop
  endfacet
  facet normal  0.000000e+000 -9.999999e-001  0.000000e+000
    outer loop
      vertex -1.870000e+001 -1.970000e+001  0.000000e+000
      vertex -7.300000e+000 -1.970000e+001  0.000000e+000
      vertex -1.870000e+001 -1.970000e+001  2.396636e+000
    endloop
  endfacet
  facet normal  0.000000e+000 -9.999999e-001  0.000000e+000
    outer loop
      vertex -1.870000e+001 -1.970000e+001  2.396636e+000
      vertex -7.300000e+000 -1.970000e+001  0.000000e+000
      vertex -7.300000e+000 -1.970000e+001  2.396636e+000
    endloop
  endfacet
  facet normal  0.000000e+000 -1.000000e+000  0.000000e+000
    outer loop
      vertex  5.739146e+000 -1.970000e+001  6.614221e+000
      vertex -8.000000e-001 -1.970000e+001  6.000000e+000
      vertex  5.934359e+000 -1.970000e+001  5.817625e+000
    endloop
  endfacet
  facet normal  0.000000e+000 -1.000000e+000  0.000000e+000
    outer loop
      vertex  5.934359e+000 -1.970000e+001  5.817625e+000
      vertex -8.000000e-001 -1.970000e+001  6.000000e+000
      vertex -4.173166e-001 -1.970000e+001  5.923880e+000
    endloop
  endfacet
  facet normal  0.000000e+000 -1.000000e+000  0.000000e+000
    outer loop
      vertex  5.934359e+000 -1.970000e+001  5.817625e+000
      vertex -4.173166e-001 -1.970000e+001  5.923880e+000
      vertex  6.000000e+000 -1.970000e+001  5.000088e+000
    endloop
  endfacet
  facet normal  0.000000e+000 -1.000000e+000  0.000000e+000
    outer loop
      vertex  6.000000e+000 -1.970000e+001  5.000088e+000
      vertex -4.173166e-001 -1.970000e+001  5.923880e+000
      vertex -9.289322e-002 -1.970000e+001  5.707107e+000
    endloop
  endfacet
  facet normal  0.000000e+000 -9.999999e-001  0.000000e+000
    outer loop
      vertex  6.000000e+000 -1.970000e+001  5.000088e+000
      vertex -9.289322e-002 -1.970000e+001  5.707107e+000
      vertex  1.238795e-001 -1.970000e+001  5.382683e+000
    endloop
  endfacet
  facet normal  0.000000e+000 -1.000000e+000  0.000000e+000
    outer loop
      vertex  1.238795e-001 -1.970000e+001  4.617317e+000
      vertex  5.934387e+000 -1.970000e+001  4.182550e+000
      vertex  2.000000e-001 -1.970000e+001  5.000000e+000
    endloop
  endfacet
  facet normal  0.000000e+000 -1.000000e+000  0.000000e+000
    outer loop
      vertex  2.000000e-001 -1.970000e+001  5.000000e+000
      vertex  5.934387e+000 -1.970000e+001  4.182550e+000
      vertex  6.000000e+000 -1.970000e+001  5.000088e+000
    endloop
  endfacet
  facet normal  -0.000000e+000 -1.000000e+000  0.000000e+000
    outer loop
      vertex  2.000000e-001 -1.970000e+001  5.000000e+000
      vertex  6.000000e+000 -1.970000e+001  5.000088e+000
      vertex  1.238795e-001 -1.970000e+001  5.382683e+000
    endloop
  endfacet
  facet normal  0.000000e+000  1.000000e+000  0.000000e+000
    outer loop
      vertex  1.238795e-001 -1.770000e+001  4.617317e+000
      vertex  5.927258e+000 -1.770000e+001  4.139582e+000
      vertex -9.289322e-002 -1.770000e+001  4.292893e+000
    endloop
  endfacet
  facet normal  0.000000e+000  1.000000e+000  0.000000e+000
    outer loop
      vertex -9.289322e-002 -1.770000e+001  4.292893e+000
      vertex  5.927258e+000 -1.770000e+001  4.139582e+000
      vertex -4.173166e-001 -1.770000e+001  4.076120e+000
    endloop
  endfacet
  facet normal  0.000000e+000  1.000000e+000  -0.000000e+000
    outer loop
      vertex  5.711095e+000 -1.770000e+001  3.303589e+000
      vertex  5.357649e+000 -1.770000e+001  2.515753e+000
      vertex  4.876953e+000 -1.770000e+001  1.798438e+000
    endloop
  endfacet
  facet normal  0.000000e+000  1.000000e+000  -0.000000e+000
    outer loop
      vertex  5.711095e+000 -1.770000e+001  3.303589e+000
      vertex  4.876953e+000 -1.770000e+001  1.798438e+000
      vertex  4.282651e+000 -1.770000e+001  1.172006e+000
    endloop
  endfacet
  facet normal  0.000000e+000  1.000000e+000  -0.000000e+000
    outer loop
      vertex  5.711095e+000 -1.770000e+001  3.303589e+000
      vertex  4.282651e+000 -1.770000e+001  1.172006e+000
      vertex  3.591617e+000 -1.770000e+001  6.542412e-001
    endloop
  endfacet
  facet normal  0.000000e+000  1.000000e+000  -0.000000e+000
    outer loop
      vertex  5.711095e+000 -1.770000e+001  3.303589e+000
      vertex  3.591617e+000 -1.770000e+001  6.542412e-001
      vertex  2.823464e+000 -1.770000e+001  2.598404e-001
    endloop
  endfacet
  facet normal  0.000000e+000  1.000000e+000  -0.000000e+000
    outer loop
      vertex  5.711095e+000 -1.770000e+001  3.303589e+000
      vertex  2.823464e+000 -1.770000e+001  2.598404e-001
      vertex  2.000000e+000 -1.770000e+001  0.000000e+000
    endloop
  endfacet
  facet normal  0.000000e+000  1.000000e+000  -0.000000e+000
    outer loop
      vertex  5.711095e+000 -1.770000e+001  3.303589e+000
      vertex  2.000000e+000 -1.770000e+001  0.000000e+000
      vertex -8.000000e+000 -1.770000e+001  0.000000e+000
    endloop
  endfacet
  facet normal  0.000000e+000  1.000000e+000  0.000000e+000
    outer loop
      vertex  5.711095e+000 -1.770000e+001  3.303589e+000
      vertex -8.000000e+000 -1.770000e+001  0.000000e+000
      vertex -8.000000e-001 -1.770000e+001  4.000000e+000
    endloop
  endfacet
  facet normal  -0.000000e+000  1.000000e+000  0.000000e+000
    outer loop
      vertex  5.711095e+000 -1.770000e+001  3.303589e+000
      vertex -8.000000e-001 -1.770000e+001  4.000000e+000
      vertex -4.173166e-001 -1.770000e+001  4.076120e+000
    endloop
  endfacet
  facet normal  -0.000000e+000  9.999999e-001  0.000000e+000
    outer loop
      vertex  5.711095e+000 -1.770000e+001  3.303589e+000
      vertex -4.173166e-001 -1.770000e+001  4.076120e+000
      vertex  5.927258e+000 -1.770000e+001  4.139582e+000
    endloop
  endfacet
  facet normal  -0.000000e+000  1.000000e+000  0.000000e+000
    outer loop
      vertex -8.000000e-001 -1.770000e+001  6.000000e+000
      vertex -8.000000e+000 -1.770000e+001  1.000000e+001
      vertex  2.000000e+000 -1.770000e+001  1.000000e+001
    endloop
  endfacet
  facet normal  0.000000e+000  1.000000e+000  0.000000e+000
    outer loop
      vertex -8.000000e-001 -1.770000e+001  6.000000e+000
      vertex  2.000000e+000 -1.770000e+001  1.000000e+001
      vertex  2.823464e+000 -1.770000e+001  9.740160e+000
    endloop
  endfacet
  facet normal  0.000000e+000  1.000000e+000  0.000000e+000
    outer loop
      vertex -8.000000e-001 -1.770000e+001  6.000000e+000
      vertex  2.823464e+000 -1.770000e+001  9.740160e+000
      vertex  3.591617e+000 -1.770000e+001  9.345758e+000
    endloop
  endfacet
  facet normal  0.000000e+000  1.000000e+000  0.000000e+000
    outer loop
      vertex -8.000000e-001 -1.770000e+001  6.000000e+000
      vertex  3.591617e+000 -1.770000e+001  9.345758e+000
      vertex  4.282651e+000 -1.770000e+001  8.827993e+000
    endloop
  endfacet
  facet normal  0.000000e+000  1.000000e+000  0.000000e+000
    outer loop
      vertex -8.000000e-001 -1.770000e+001  6.000000e+000
      vertex  4.282651e+000 -1.770000e+001  8.827993e+000
      vertex  4.876953e+000 -1.770000e+001  8.201562e+000
    endloop
  endfacet
  facet normal  0.000000e+000  1.000000e+000  0.000000e+000
    outer loop
      vertex -8.000000e-001 -1.770000e+001  6.000000e+000
      vertex  4.876953e+000 -1.770000e+001  8.201562e+000
      vertex  5.357649e+000 -1.770000e+001  7.484247e+000
    endloop
  endfacet
  facet normal  0.000000e+000  1.000000e+000  0.000000e+000
    outer loop
      vertex -8.000000e-001 -1.770000e+001  6.000000e+000
      vertex  5.357649e+000 -1.770000e+001  7.484247e+000
      vertex  5.711095e+000 -1.770000e+001  6.696411e+000
    endloop
  endfacet
  facet normal  0.000000e+000  1.000000e+000  0.000000e+000
    outer loop
      vertex -8.000000e-001 -1.770000e+001  6.000000e+000
      vertex  5.711095e+000 -1.770000e+001  6.696411e+000
      vertex  5.927258e+000 -1.770000e+001  5.860418e+000
    endloop
  endfacet
  facet normal  0.000000e+000  9.999999e-001  0.000000e+000
    outer loop
      vertex -8.000000e-001 -1.770000e+001  6.000000e+000
      vertex  5.927258e+000 -1.770000e+001  5.860418e+000
      vertex -4.173166e-001 -1.770000e+001  5.923880e+000
    endloop
  endfacet
  facet normal  0.000000e+000  1.000000e+000  0.000000e+000
    outer loop
      vertex -8.000000e+000 -1.770000e+001  0.000000e+000
      vertex -1.507107e+000 -1.770000e+001  5.707107e+000
      vertex -1.723880e+000 -1.770000e+001  5.382683e+000
    endloop
  endfacet
  facet normal  0.000000e+000  1.000000e+000  0.000000e+000
    outer loop
      vertex -8.000000e+000 -1.770000e+001  0.000000e+000
      vertex -1.723880e+000 -1.770000e+001  5.382683e+000
      vertex -1.800000e+000 -1.770000e+001  5.000000e+000
    endloop
  endfacet
  facet normal  0.000000e+000  1.000000e+000  0.000000e+000
    outer loop
      vertex -8.000000e+000 -1.770000e+001  0.000000e+000
      vertex -1.800000e+000 -1.770000e+001  5.000000e+000
      vertex -1.723880e+000 -1.770000e+001  4.617317e+000
    endloop
  endfacet
  facet normal  0.000000e+000  1.000000e+000  0.000000e+000
    outer loop
      vertex -8.000000e+000 -1.770000e+001  0.000000e+000
      vertex -1.723880e+000 -1.770000e+001  4.617317e+000
      vertex -1.507107e+000 -1.770000e+001  4.292893e+000
    endloop
  endfacet
  facet normal  0.000000e+000  1.000000e+000  0.000000e+000
    outer loop
      vertex -8.000000e+000 -1.770000e+001  0.000000e+000
      vertex -1.507107e+000 -1.770000e+001  4.292893e+000
      vertex -1.182683e+000 -1.770000e+001  4.076120e+000
    endloop
  endfacet
  facet normal  0.000000e+000  1.000000e+000  0.000000e+000
    outer loop
      vertex -8.000000e+000 -1.770000e+001  0.000000e+000
      vertex -1.182683e+000 -1.770000e+001  4.076120e+000
      vertex -8.000000e-001 -1.770000e+001  4.000000e+000
    endloop
  endfacet
  facet normal  0.000000e+000  1.000000e+000  0.000000e+000
    outer loop
      vertex -8.000000e+000 -1.770000e+001  1.000000e+001
      vertex -8.000000e-001 -1.770000e+001  6.000000e+000
      vertex -1.182683e+000 -1.770000e+001  5.923880e+000
    endloop
  endfacet
  facet normal  0.000000e+000  1.000000e+000  0.000000e+000
    outer loop
      vertex -8.000000e+000 -1.770000e+001  1.000000e+001
      vertex -1.182683e+000 -1.770000e+001  5.923880e+000
      vertex -1.507107e+000 -1.770000e+001  5.707107e+000
    endloop
  endfacet
  facet normal  0.000000e+000  1.000000e+000  0.000000e+000
    outer loop
      vertex -8.000000e+000 -1.770000e+001  1.000000e+001
      vertex -1.507107e+000 -1.770000e+001  5.707107e+000
      vertex -8.000000e+000 -1.770000e+001  0.000000e+000
    endloop
  endfacet
  facet normal  0.000000e+000  1.000000e+000  0.000000e+000
    outer loop
      vertex -4.173166e-001 -1.770000e+001  5.923880e+000
      vertex  5.927258e+000 -1.770000e+001  5.860418e+000
      vertex -9.289322e-002 -1.770000e+001  5.707107e+000
    endloop
  endfacet
  facet normal  -0.000000e+000  1.000000e+000  0.000000e+000
    outer loop
      vertex -9.289322e-002 -1.770000e+001  5.707107e+000
      vertex  5.927258e+000 -1.770000e+001  5.860418e+000
      vertex  6.000000e+000 -1.770000e+001  5.000000e+000
    endloop
  endfacet
  facet normal  0.000000e+000  1.000000e+000  0.000000e+000
    outer loop
      vertex -9.289322e-002 -1.770000e+001  5.707107e+000
      vertex  6.000000e+000 -1.770000e+001  5.000000e+000
      vertex  1.238795e-001 -1.770000e+001  5.382683e+000
    endloop
  endfacet
  facet normal  -0.000000e+000  1.000000e+000  0.000000e+000
    outer loop
      vertex  5.927258e+000 -1.770000e+001  4.139582e+000
      vertex  1.238795e-001 -1.770000e+001  4.617317e+000
      vertex  6.000000e+000 -1.770000e+001  5.000000e+000
    endloop
  endfacet
  facet normal  0.000000e+000  1.000000e+000  0.000000e+000
    outer loop
      vertex  6.000000e+000 -1.770000e+001  5.000000e+000
      vertex  1.238795e-001 -1.770000e+001  4.617317e+000
      vertex  2.000000e-001 -1.770000e+001  5.000000e+000
    endloop
  endfacet
  facet normal  0.000000e+000  1.000000e+000  -0.000000e+000
    outer loop
      vertex  6.000000e+000 -1.770000e+001  5.000000e+000
      vertex  2.000000e-001 -1.770000e+001  5.000000e+000
      vertex  1.238795e-001 -1.770000e+001  5.382683e+000
    endloop
  endfacet
  facet normal  1.000000e+000  0.000000e+000  0.000000e+000
    outer loop
      vertex -1.200000e+001 -1.370000e+001  0.000000e+000
      vertex -1.200000e+001  1.270000e+001  0.000000e+000
      vertex -1.200000e+001 -1.370000e+001  1.000000e+001
    endloop
  endfacet
  facet normal  1.000000e+000  -0.000000e+000  0.000000e+000
    outer loop
      vertex -1.200000e+001 -1.370000e+001  1.000000e+001
      vertex -1.200000e+001  1.270000e+001  0.000000e+000
      vertex -1.200000e+001  1.270000e+001  1.000000e+001
    endloop
  endfacet
  facet normal  7.071069e-001  7.071067e-001  0.000000e+000
    outer loop
      vertex -1.200000e+001 -1.370000e+001  1.000000e+001
      vertex -8.000000e+000 -1.770000e+001  1.000000e+001
      vertex -1.200000e+001 -1.370000e+001  0.000000e+000
    endloop
  endfacet
  facet normal  7.071069e-001  7.071067e-001  0.000000e+000
    outer loop
      vertex -1.200000e+001 -1.370000e+001  0.000000e+000
      vertex -8.000000e+000 -1.770000e+001  1.000000e+001
      vertex -8.000000e+000 -1.770000e+001  0.000000e+000
    endloop
  endfacet
  facet normal -1.000000e+000  0.000000e+000  0.000000e+000
    outer loop
      vertex -1.400000e+001 -1.370000e+001  0.000000e+000
      vertex -1.400000e+001 -1.370000e+001  1.000000e+001
      vertex -1.400000e+001  1.270000e+001  0.000000e+000
    endloop
  endfacet
  facet normal -1.000000e+000  0.000000e+000  0.000000e+000
    outer loop
      vertex -1.400000e+001  1.270000e+001  0.000000e+000
      vertex -1.400000e+001 -1.370000e+001  1.000000e+001
      vertex -1.400000e+001  1.270000e+001  1.000000e+001
    endloop
  endfacet
  facet normal -7.071069e-001  7.071067e-001  0.000000e+000
    outer loop
      vertex -1.800000e+001 -1.770000e+001  1.000000e+001
      vertex -1.400000e+001 -1.370000e+001  1.000000e+001
      vertex -1.800000e+001 -1.770000e+001  0.000000e+000
    endloop
  endfacet
  facet normal -7.071069e-001  7.071067e-001  0.000000e+000
    outer loop
      vertex -1.800000e+001 -1.770000e+001  0.000000e+000
      vertex -1.400000e+001 -1.370000e+001  1.000000e+001
      vertex -1.400000e+001 -1.370000e+001  0.000000e+000
    endloop
  endfacet
  facet normal  -0.000000e+000 -1.000000e+000  0.000000e+000
    outer loop
      vertex -4.000000e+001  1.670000e+001  8.000000e+000
      vertex -1.800000e+001  1.670000e+001  1.000000e+001
      vertex -4.000000e+001  1.670000e+001  1.000000e+001
    endloop
  endfacet
  facet normal  0.000000e+000 -1.000000e+000  -0.000000e+000
    outer loop
      vertex -4.000000e+001  1.670000e+001  8.000000e+000
      vertex -4.000000e+001  1.670000e+001  1.000000e+001
      vertex -4.086824e+001  1.670000e+001  9.924039e+000
    endloop
  endfacet
  facet normal  0.000000e+000 -1.000000e+000  -0.000000e+000
    outer loop
      vertex -4.000000e+001  1.670000e+001  8.000000e+000
      vertex -4.086824e+001  1.670000e+001  9.924039e+000
      vertex -4.171010e+001  1.670000e+001  9.698463e+000
    endloop
  endfacet
  facet normal  0.000000e+000 -1.000000e+000  -0.000000e+000
    outer loop
      vertex -4.000000e+001  1.670000e+001  8.000000e+000
      vertex -4.171010e+001  1.670000e+001  9.698463e+000
      vertex -4.250000e+001  1.670000e+001  9.330127e+000
    endloop
  endfacet
  facet normal  0.000000e+000 -1.000000e+000  -0.000000e+000
    outer loop
      vertex -4.000000e+001  1.670000e+001  8.000000e+000
      vertex -4.250000e+001  1.670000e+001  9.330127e+000
      vertex -4.321394e+001  1.670000e+001  8.830222e+000
    endloop
  endfacet
  facet normal  0.000000e+000 -9.999999e-001  -0.000000e+000
    outer loop
      vertex -4.000000e+001  1.670000e+001  8.000000e+000
      vertex -4.321394e+001  1.670000e+001  8.830222e+000
      vertex -4.383022e+001  1.670000e+001  8.213938e+000
    endloop
  endfacet
  facet normal  0.000000e+000 -1.000000e+000  0.000000e+000
    outer loop
      vertex -4.000000e+001  1.670000e+001  8.000000e+000
      vertex -4.383022e+001  1.670000e+001  8.213938e+000
      vertex -4.066756e+001  1.670000e+001  7.924784e+000
    endloop
  endfacet
  facet normal  -0.000000e+000 -1.000000e+000  -0.000000e+000
    outer loop
      vertex -4.000000e+001  1.670000e+001  0.000000e+000
      vertex -4.000000e+001  1.670000e+001  2.000000e+000
      vertex -4.066756e+001  1.670000e+001  2.075216e+000
    endloop
  endfacet
  facet normal  0.000000e+000 -9.999999e-001  -0.000000e+000
    outer loop
      vertex -4.000000e+001  1.670000e+001  0.000000e+000
      vertex -4.066756e+001  1.670000e+001  2.075216e+000
      vertex -4.383022e+001  1.670000e+001  1.786062e+000
    endloop
  endfacet
  facet normal  0.000000e+000 -1.000000e+000  0.000000e+000
    outer loop
      vertex -4.000000e+001  1.670000e+001  0.000000e+000
      vertex -4.383022e+001  1.670000e+001  1.786062e+000
      vertex -4.321394e+001  1.670000e+001  1.169778e+000
    endloop
  endfacet
  facet normal  0.000000e+000 -1.000000e+000  0.000000e+000
    outer loop
      vertex -4.000000e+001  1.670000e+001  0.000000e+000
      vertex -4.321394e+001  1.670000e+001  1.169778e+000
      vertex -4.250000e+001  1.670000e+001  6.698730e-001
    endloop
  endfacet
  facet normal  0.000000e+000 -1.000000e+000  0.000000e+000
    outer loop
      vertex -4.000000e+001  1.670000e+001  0.000000e+000
      vertex -4.250000e+001  1.670000e+001  6.698730e-001
      vertex -4.171010e+001  1.670000e+001  3.015369e-001
    endloop
  endfacet
  facet normal  0.000000e+000 -1.000000e+000  0.000000e+000
    outer loop
      vertex -4.000000e+001  1.670000e+001  0.000000e+000
      vertex -4.171010e+001  1.670000e+001  3.015369e-001
      vertex -4.086824e+001  1.670000e+001  7.596123e-002
    endloop
  endfacet
  facet normal  0.000000e+000 -1.000000e+000  0.000000e+000
    outer loop
      vertex -1.800000e+001  1.670000e+001  0.000000e+000
      vertex -3.869835e+001  1.670000e+001  7.702907e+000
      vertex -3.812953e+001  1.670000e+001  7.345494e+000
    endloop
  endfacet
  facet normal  0.000000e+000 -1.000000e+000  0.000000e+000
    outer loop
      vertex -1.800000e+001  1.670000e+001  0.000000e+000
      vertex -3.812953e+001  1.670000e+001  7.345494e+000
      vertex -3.765451e+001  1.670000e+001  6.870470e+000
    endloop
  endfacet
  facet normal  0.000000e+000 -1.000000e+000  0.000000e+000
    outer loop
      vertex -1.800000e+001  1.670000e+001  0.000000e+000
      vertex -3.765451e+001  1.670000e+001  6.870470e+000
      vertex -3.729709e+001  1.670000e+001  6.301651e+000
    endloop
  endfacet
  facet normal  0.000000e+000 -1.000000e+000  0.000000e+000
    outer loop
      vertex -1.800000e+001  1.670000e+001  0.000000e+000
      vertex -3.729709e+001  1.670000e+001  6.301651e+000
      vertex -3.707521e+001  1.670000e+001  5.667563e+000
    endloop
  endfacet
  facet normal  0.000000e+000 -1.000000e+000  0.000000e+000
    outer loop
      vertex -1.800000e+001  1.670000e+001  0.000000e+000
      vertex -3.707521e+001  1.670000e+001  5.667563e+000
      vertex -3.700000e+001  1.670000e+001  5.000000e+000
    endloop
  endfacet
  facet normal  0.000000e+000 -1.000000e+000  -0.000000e+000
    outer loop
      vertex -1.800000e+001  1.670000e+001  0.000000e+000
      vertex -3.700000e+001  1.670000e+001  5.000000e+000
      vertex -3.707521e+001  1.670000e+001  4.332437e+000
    endloop
  endfacet
  facet normal  0.000000e+000 -1.000000e+000  -0.000000e+000
    outer loop
      vertex -1.800000e+001  1.670000e+001  0.000000e+000
      vertex -3.707521e+001  1.670000e+001  4.332437e+000
      vertex -3.729709e+001  1.670000e+001  3.698349e+000
    endloop
  endfacet
  facet normal  0.000000e+000 -9.999999e-001  -0.000000e+000
    outer loop
      vertex -1.800000e+001  1.670000e+001  0.000000e+000
      vertex -3.729709e+001  1.670000e+001  3.698349e+000
      vertex -3.765451e+001  1.670000e+001  3.129531e+000
    endloop
  endfacet
  facet normal  0.000000e+000 -9.999999e-001  -0.000000e+000
    outer loop
      vertex -1.800000e+001  1.670000e+001  0.000000e+000
      vertex -3.765451e+001  1.670000e+001  3.129531e+000
      vertex -3.812953e+001  1.670000e+001  2.654505e+000
    endloop
  endfacet
  facet normal  0.000000e+000 -1.000000e+000  -0.000000e+000
    outer loop
      vertex -1.800000e+001  1.670000e+001  0.000000e+000
      vertex -3.812953e+001  1.670000e+001  2.654505e+000
      vertex -3.869835e+001  1.670000e+001  2.297093e+000
    endloop
  endfacet
  facet normal  0.000000e+000 -1.000000e+000  -0.000000e+000
    outer loop
      vertex -1.800000e+001  1.670000e+001  0.000000e+000
      vertex -3.869835e+001  1.670000e+001  2.297093e+000
      vertex -3.933244e+001  1.670000e+001  2.075216e+000
    endloop
  endfacet
  facet normal  0.000000e+000 -1.000000e+000  -0.000000e+000
    outer loop
      vertex -1.800000e+001  1.670000e+001  0.000000e+000
      vertex -3.933244e+001  1.670000e+001  2.075216e+000
      vertex -4.000000e+001  1.670000e+001  2.000000e+000
    endloop
  endfacet
  facet normal  0.000000e+000 -1.000000e+000  0.000000e+000
    outer loop
      vertex -1.800000e+001  1.670000e+001  0.000000e+000
      vertex -4.000000e+001  1.670000e+001  2.000000e+000
      vertex -4.000000e+001  1.670000e+001  0.000000e+000
    endloop
  endfacet
  facet normal  0.000000e+000 -1.000000e+000  0.000000e+000
    outer loop
      vertex -1.800000e+001  1.670000e+001  1.000000e+001
      vertex -4.000000e+001  1.670000e+001  8.000000e+000
      vertex -3.933244e+001  1.670000e+001  7.924784e+000
    endloop
  endfacet
  facet normal  0.000000e+000 -1.000000e+000  0.000000e+000
    outer loop
      vertex -1.800000e+001  1.670000e+001  1.000000e+001
      vertex -3.933244e+001  1.670000e+001  7.924784e+000
      vertex -3.869835e+001  1.670000e+001  7.702907e+000
    endloop
  endfacet
  facet normal  0.000000e+000 -1.000000e+000  0.000000e+000
    outer loop
      vertex -1.800000e+001  1.670000e+001  1.000000e+001
      vertex -3.869835e+001  1.670000e+001  7.702907e+000
      vertex -1.800000e+001  1.670000e+001  0.000000e+000
    endloop
  endfacet
  facet normal  0.000000e+000 -1.000000e+000  0.000000e+000
    outer loop
      vertex -4.066756e+001  1.670000e+001  7.924784e+000
      vertex -4.383022e+001  1.670000e+001  8.213938e+000
      vertex -4.130165e+001  1.670000e+001  7.702907e+000
    endloop
  endfacet
  facet normal  -0.000000e+000 -1.000000e+000  0.000000e+000
    outer loop
      vertex -4.130165e+001  1.670000e+001  7.702907e+000
      vertex -4.383022e+001  1.670000e+001  8.213938e+000
      vertex -4.433013e+001  1.670000e+001  7.500000e+000
    endloop
  endfacet
  facet normal  0.000000e+000 -1.000000e+000  0.000000e+000
    outer loop
      vertex -4.130165e+001  1.670000e+001  7.702907e+000
      vertex -4.433013e+001  1.670000e+001  7.500000e+000
      vertex -4.187047e+001  1.670000e+001  7.345494e+000
    endloop
  endfacet
  facet normal  0.000000e+000 -9.999999e-001  0.000000e+000
    outer loop
      vertex -4.187047e+001  1.670000e+001  7.345494e+000
      vertex -4.433013e+001  1.670000e+001  7.500000e+000
      vertex -4.234549e+001  1.670000e+001  6.870470e+000
    endloop
  endfacet
  facet normal  -0.000000e+000 -1.000000e+000  0.000000e+000
    outer loop
      vertex -4.234549e+001  1.670000e+001  6.870470e+000
      vertex -4.433013e+001  1.670000e+001  7.500000e+000
      vertex -4.469846e+001  1.670000e+001  6.710101e+000
    endloop
  endfacet
  facet normal  0.000000e+000 -9.999999e-001  0.000000e+000
    outer loop
      vertex -4.234549e+001  1.670000e+001  6.870470e+000
      vertex -4.469846e+001  1.670000e+001  6.710101e+000
      vertex -4.270291e+001  1.670000e+001  6.301651e+000
    endloop
  endfacet
  facet normal  -0.000000e+000 -1.000000e+000  0.000000e+000
    outer loop
      vertex -4.270291e+001  1.670000e+001  6.301651e+000
      vertex -4.469846e+001  1.670000e+001  6.710101e+000
      vertex -4.492404e+001  1.670000e+001  5.868241e+000
    endloop
  endfacet
  facet normal  0.000000e+000 -1.000000e+000  0.000000e+000
    outer loop
      vertex -4.270291e+001  1.670000e+001  6.301651e+000
      vertex -4.492404e+001  1.670000e+001  5.868241e+000
      vertex -4.292479e+001  1.670000e+001  5.667563e+000
    endloop
  endfacet
  facet normal  0.000000e+000 -1.000000e+000  0.000000e+000
    outer loop
      vertex -4.292479e+001  1.670000e+001  5.667563e+000
      vertex -4.492404e+001  1.670000e+001  5.868241e+000
      vertex -4.300000e+001  1.670000e+001  5.000000e+000
    endloop
  endfacet
  facet normal  0.000000e+000 -1.000000e+000  0.000000e+000
    outer loop
      vertex -4.300000e+001  1.670000e+001  5.000000e+000
      vertex -4.492404e+001  1.670000e+001  5.868241e+000
      vertex -4.500000e+001  1.670000e+001  5.000000e+000
    endloop
  endfacet
  facet normal  0.000000e+000 -1.000000e+000  0.000000e+000
    outer loop
      vertex -4.300000e+001  1.670000e+001  5.000000e+000
      vertex -4.500000e+001  1.670000e+001  5.000000e+000
      vertex -4.292479e+001  1.670000e+001  4.332437e+000
    endloop
  endfacet
  facet normal  -0.000000e+000 -1.000000e+000  0.000000e+000
    outer loop
      vertex -4.292479e+001  1.670000e+001  4.332437e+000
      vertex -4.500000e+001  1.670000e+001  5.000000e+000
      vertex -4.492404e+001  1.670000e+001  4.131759e+000
    endloop
  endfacet
  facet normal  0.000000e+000 -1.000000e+000  0.000000e+000
    outer loop
      vertex -4.292479e+001  1.670000e+001  4.332437e+000
      vertex -4.492404e+001  1.670000e+001  4.131759e+000
      vertex -4.270291e+001  1.670000e+001  3.698349e+000
    endloop
  endfacet
  facet normal  -0.000000e+000 -1.000000e+000  0.000000e+000
    outer loop
      vertex -4.270291e+001  1.670000e+001  3.698349e+000
      vertex -4.492404e+001  1.670000e+001  4.131759e+000
      vertex -4.469846e+001  1.670000e+001  3.289899e+000
    endloop
  endfacet
  facet normal  0.000000e+000 -9.999999e-001  0.000000e+000
    outer loop
      vertex -4.270291e+001  1.670000e+001  3.698349e+000
      vertex -4.469846e+001  1.670000e+001  3.289899e+000
      vertex -4.234549e+001  1.670000e+001  3.129531e+000
    endloop
  endfacet
  facet normal  0.000000e+000 -1.000000e+000  0.000000e+000
    outer loop
      vertex -4.234549e+001  1.670000e+001  3.129531e+000
      vertex -4.469846e+001  1.670000e+001  3.289899e+000
      vertex -4.187047e+001  1.670000e+001  2.654505e+000
    endloop
  endfacet
  facet normal  -0.000000e+000 -1.000000e+000  0.000000e+000
    outer loop
      vertex -4.187047e+001  1.670000e+001  2.654505e+000
      vertex -4.469846e+001  1.670000e+001  3.289899e+000
      vertex -4.433013e+001  1.670000e+001  2.500000e+000
    endloop
  endfacet
  facet normal  0.000000e+000 -9.999999e-001  0.000000e+000
    outer loop
      vertex -4.187047e+001  1.670000e+001  2.654505e+000
      vertex -4.433013e+001  1.670000e+001  2.500000e+000
      vertex -4.130165e+001  1.670000e+001  2.297093e+000
    endloop
  endfacet
  facet normal  -0.000000e+000 -1.000000e+000  0.000000e+000
    outer loop
      vertex -4.130165e+001  1.670000e+001  2.297093e+000
      vertex -4.433013e+001  1.670000e+001  2.500000e+000
      vertex -4.383022e+001  1.670000e+001  1.786062e+000
    endloop
  endfacet
  facet normal  0.000000e+000 -9.999999e-001  0.000000e+000
    outer loop
      vertex -4.130165e+001  1.670000e+001  2.297093e+000
      vertex -4.383022e+001  1.670000e+001  1.786062e+000
      vertex -4.066756e+001  1.670000e+001  2.075216e+000
    endloop
  endfacet
  facet normal -7.071069e-001 -7.071067e-001  0.000000e+000
    outer loop
      vertex -1.800000e+001  1.670000e+001  0.000000e+000
      vertex -1.400000e+001  1.270000e+001  0.000000e+000
      vertex -1.800000e+001  1.670000e+001  1.000000e+001
    endloop
  endfacet
  facet normal -7.071069e-001 -7.071067e-001  0.000000e+000
    outer loop
      vertex -1.800000e+001  1.670000e+001  1.000000e+001
      vertex -1.400000e+001  1.270000e+001  0.000000e+000
      vertex -1.400000e+001  1.270000e+001  1.000000e+001
    endloop
  endfacet
  facet normal  0.000000e+000 -1.000000e+000  0.000000e+000
    outer loop
      vertex  1.400000e+001  1.670000e+001  2.000000e+000
      vertex  1.783022e+001  1.670000e+001  1.786062e+000
      vertex  1.466756e+001  1.670000e+001  2.075216e+000
    endloop
  endfacet
  facet normal  0.000000e+000 -1.000000e+000  0.000000e+000
    outer loop
      vertex -8.000000e+000  1.670000e+001  0.000000e+000
      vertex  1.400000e+001  1.670000e+001  0.000000e+000
      vertex  1.400000e+001  1.670000e+001  2.000000e+000
    endloop
  endfacet
  facet normal  -0.000000e+000 -1.000000e+000  0.000000e+000
    outer loop
      vertex -8.000000e+000  1.670000e+001  0.000000e+000
      vertex  1.400000e+001  1.670000e+001  2.000000e+000
      vertex  1.333244e+001  1.670000e+001  2.075216e+000
    endloop
  endfacet
  facet normal  -0.000000e+000 -1.000000e+000  0.000000e+000
    outer loop
      vertex -8.000000e+000  1.670000e+001  0.000000e+000
      vertex  1.333244e+001  1.670000e+001  2.075216e+000
      vertex  1.269835e+001  1.670000e+001  2.297093e+000
    endloop
  endfacet
  facet normal  -0.000000e+000 -1.000000e+000  0.000000e+000
    outer loop
      vertex -8.000000e+000  1.670000e+001  0.000000e+000
      vertex  1.269835e+001  1.670000e+001  2.297093e+000
      vertex  1.212953e+001  1.670000e+001  2.654505e+000
    endloop
  endfacet
  facet normal  -0.000000e+000 -9.999999e-001  0.000000e+000
    outer loop
      vertex -8.000000e+000  1.670000e+001  0.000000e+000
      vertex  1.212953e+001  1.670000e+001  2.654505e+000
      vertex  1.165451e+001  1.670000e+001  3.129531e+000
    endloop
  endfacet
  facet normal  -0.000000e+000 -1.000000e+000  0.000000e+000
    outer loop
      vertex -8.000000e+000  1.670000e+001  0.000000e+000
      vertex  1.165451e+001  1.670000e+001  3.129531e+000
      vertex  1.129709e+001  1.670000e+001  3.698349e+000
    endloop
  endfacet
  facet normal  -0.000000e+000 -1.000000e+000  0.000000e+000
    outer loop
      vertex -8.000000e+000  1.670000e+001  0.000000e+000
      vertex  1.129709e+001  1.670000e+001  3.698349e+000
      vertex  1.107522e+001  1.670000e+001  4.332437e+000
    endloop
  endfacet
  facet normal  -0.000000e+000 -1.000000e+000  0.000000e+000
    outer loop
      vertex -8.000000e+000  1.670000e+001  0.000000e+000
      vertex  1.107522e+001  1.670000e+001  4.332437e+000
      vertex  1.100000e+001  1.670000e+001  5.000000e+000
    endloop
  endfacet
  facet normal  -0.000000e+000 -1.000000e+000  0.000000e+000
    outer loop
      vertex -8.000000e+000  1.670000e+001  0.000000e+000
      vertex  1.100000e+001  1.670000e+001  5.000000e+000
      vertex  1.107522e+001  1.670000e+001  5.667563e+000
    endloop
  endfacet
  facet normal  -0.000000e+000 -1.000000e+000  0.000000e+000
    outer loop
      vertex -8.000000e+000  1.670000e+001  0.000000e+000
      vertex  1.107522e+001  1.670000e+001  5.667563e+000
      vertex  1.129709e+001  1.670000e+001  6.301651e+000
    endloop
  endfacet
  facet normal  -0.000000e+000 -1.000000e+000  0.000000e+000
    outer loop
      vertex -8.000000e+000  1.670000e+001  0.000000e+000
      vertex  1.129709e+001  1.670000e+001  6.301651e+000
      vertex  1.165451e+001  1.670000e+001  6.870470e+000
    endloop
  endfacet
  facet normal  -0.000000e+000 -1.000000e+000  0.000000e+000
    outer loop
      vertex -8.000000e+000  1.670000e+001  0.000000e+000
      vertex  1.165451e+001  1.670000e+001  6.870470e+000
      vertex  1.212953e+001  1.670000e+001  7.345494e+000
    endloop
  endfacet
  facet normal  -0.000000e+000 -1.000000e+000  0.000000e+000
    outer loop
      vertex -8.000000e+000  1.670000e+001  0.000000e+000
      vertex  1.212953e+001  1.670000e+001  7.345494e+000
      vertex  1.269835e+001  1.670000e+001  7.702907e+000
    endloop
  endfacet
  facet normal  0.000000e+000 -1.000000e+000  0.000000e+000
    outer loop
      vertex -8.000000e+000  1.670000e+001  1.000000e+001
      vertex -8.000000e+000  1.670000e+001  0.000000e+000
      vertex  1.269835e+001  1.670000e+001  7.702907e+000
    endloop
  endfacet
  facet normal  0.000000e+000 -1.000000e+000  0.000000e+000
    outer loop
      vertex -8.000000e+000  1.670000e+001  1.000000e+001
      vertex  1.269835e+001  1.670000e+001  7.702907e+000
      vertex  1.333244e+001  1.670000e+001  7.924784e+000
    endloop
  endfacet
  facet normal  0.000000e+000 -1.000000e+000  0.000000e+000
    outer loop
      vertex -8.000000e+000  1.670000e+001  1.000000e+001
      vertex  1.333244e+001  1.670000e+001  7.924784e+000
      vertex  1.400000e+001  1.670000e+001  8.000000e+000
    endloop
  endfacet
  facet normal  0.000000e+000 -1.000000e+000  0.000000e+000
    outer loop
      vertex -8.000000e+000  1.670000e+001  1.000000e+001
      vertex  1.400000e+001  1.670000e+001  8.000000e+000
      vertex  1.400000e+001  1.670000e+001  1.000000e+001
    endloop
  endfacet
  facet normal  0.000000e+000 -1.000000e+000  0.000000e+000
    outer loop
      vertex  1.400000e+001  1.670000e+001  8.000000e+000
      vertex  1.466756e+001  1.670000e+001  7.924784e+000
      vertex  1.783022e+001  1.670000e+001  8.213938e+000
    endloop
  endfacet
  facet normal  -0.000000e+000 -1.000000e+000  0.000000e+000
    outer loop
      vertex  1.400000e+001  1.670000e+001  8.000000e+000
      vertex  1.783022e+001  1.670000e+001  8.213938e+000
      vertex  1.721394e+001  1.670000e+001  8.830222e+000
    endloop
  endfacet
  facet normal  -0.000000e+000 -1.000000e+000  0.000000e+000
    outer loop
      vertex  1.400000e+001  1.670000e+001  8.000000e+000
      vertex  1.721394e+001  1.670000e+001  8.830222e+000
      vertex  1.650000e+001  1.670000e+001  9.330127e+000
    endloop
  endfacet
  facet normal  -0.000000e+000 -1.000000e+000  0.000000e+000
    outer loop
      vertex  1.400000e+001  1.670000e+001  8.000000e+000
      vertex  1.650000e+001  1.670000e+001  9.330127e+000
      vertex  1.571010e+001  1.670000e+001  9.698463e+000
    endloop
  endfacet
  facet normal  -0.000000e+000 -9.999999e-001  0.000000e+000
    outer loop
      vertex  1.400000e+001  1.670000e+001  8.000000e+000
      vertex  1.571010e+001  1.670000e+001  9.698463e+000
      vertex  1.486824e+001  1.670000e+001  9.924039e+000
    endloop
  endfacet
  facet normal  -0.000000e+000 -1.000000e+000  0.000000e+000
    outer loop
      vertex  1.400000e+001  1.670000e+001  8.000000e+000
      vertex  1.486824e+001  1.670000e+001  9.924039e+000
      vertex  1.400000e+001  1.670000e+001  1.000000e+001
    endloop
  endfacet
  facet normal  -0.000000e+000 -1.000000e+000  0.000000e+000
    outer loop
      vertex  1.400000e+001  1.670000e+001  0.000000e+000
      vertex  1.486824e+001  1.670000e+001  7.596123e-002
      vertex  1.571010e+001  1.670000e+001  3.015369e-001
    endloop
  endfacet
  facet normal  -0.000000e+000 -1.000000e+000  0.000000e+000
    outer loop
      vertex  1.400000e+001  1.670000e+001  0.000000e+000
      vertex  1.571010e+001  1.670000e+001  3.015369e-001
      vertex  1.650000e+001  1.670000e+001  6.698730e-001
    endloop
  endfacet
  facet normal  -0.000000e+000 -1.000000e+000  0.000000e+000
    outer loop
      vertex  1.400000e+001  1.670000e+001  0.000000e+000
      vertex  1.650000e+001  1.670000e+001  6.698730e-001
      vertex  1.721394e+001  1.670000e+001  1.169778e+000
    endloop
  endfacet
  facet normal  -0.000000e+000 -1.000000e+000  0.000000e+000
    outer loop
      vertex  1.400000e+001  1.670000e+001  0.000000e+000
      vertex  1.721394e+001  1.670000e+001  1.169778e+000
      vertex  1.783022e+001  1.670000e+001  1.786062e+000
    endloop
  endfacet
  facet normal  -0.000000e+000 -1.000000e+000  0.000000e+000
    outer loop
      vertex  1.400000e+001  1.670000e+001  0.000000e+000
      vertex  1.783022e+001  1.670000e+001  1.786062e+000
      vertex  1.400000e+001  1.670000e+001  2.000000e+000
    endloop
  endfacet
  facet normal  0.000000e+000 -1.000000e+000  0.000000e+000
    outer loop
      vertex  1.783022e+001  1.670000e+001  8.213938e+000
      vertex  1.466756e+001  1.670000e+001  7.924784e+000
      vertex  1.833013e+001  1.670000e+001  7.500000e+000
    endloop
  endfacet
  facet normal  0.000000e+000 -1.000000e+000  0.000000e+000
    outer loop
      vertex  1.833013e+001  1.670000e+001  7.500000e+000
      vertex  1.466756e+001  1.670000e+001  7.924784e+000
      vertex  1.530165e+001  1.670000e+001  7.702907e+000
    endloop
  endfacet
  facet normal  0.000000e+000 -1.000000e+000  0.000000e+000
    outer loop
      vertex  1.833013e+001  1.670000e+001  7.500000e+000
      vertex  1.530165e+001  1.670000e+001  7.702907e+000
      vertex  1.587047e+001  1.670000e+001  7.345494e+000
    endloop
  endfacet
  facet normal  0.000000e+000 -1.000000e+000  0.000000e+000
    outer loop
      vertex  1.833013e+001  1.670000e+001  7.500000e+000
      vertex  1.587047e+001  1.670000e+001  7.345494e+000
      vertex  1.869846e+001  1.670000e+001  6.710101e+000
    endloop
  endfacet
  facet normal  0.000000e+000 -1.000000e+000  0.000000e+000
    outer loop
      vertex  1.869846e+001  1.670000e+001  6.710101e+000
      vertex  1.587047e+001  1.670000e+001  7.345494e+000
      vertex  1.634550e+001  1.670000e+001  6.870470e+000
    endloop
  endfacet
  facet normal  0.000000e+000 -1.000000e+000  0.000000e+000
    outer loop
      vertex  1.869846e+001  1.670000e+001  6.710101e+000
      vertex  1.634550e+001  1.670000e+001  6.870470e+000
      vertex  1.892404e+001  1.670000e+001  5.868241e+000
    endloop
  endfacet
  facet normal  0.000000e+000 -1.000000e+000  0.000000e+000
    outer loop
      vertex  1.892404e+001  1.670000e+001  5.868241e+000
      vertex  1.634550e+001  1.670000e+001  6.870470e+000
      vertex  1.670291e+001  1.670000e+001  6.301651e+000
    endloop
  endfacet
  facet normal  0.000000e+000 -1.000000e+000  0.000000e+000
    outer loop
      vertex  1.892404e+001  1.670000e+001  5.868241e+000
      vertex  1.670291e+001  1.670000e+001  6.301651e+000
      vertex  1.692478e+001  1.670000e+001  5.667563e+000
    endloop
  endfacet
  facet normal  0.000000e+000 -1.000000e+000  0.000000e+000
    outer loop
      vertex  1.892404e+001  1.670000e+001  5.868241e+000
      vertex  1.692478e+001  1.670000e+001  5.667563e+000
      vertex  1.900000e+001  1.670000e+001  5.000000e+000
    endloop
  endfacet
  facet normal  0.000000e+000 -1.000000e+000  0.000000e+000
    outer loop
      vertex  1.900000e+001  1.670000e+001  5.000000e+000
      vertex  1.692478e+001  1.670000e+001  5.667563e+000
      vertex  1.700000e+001  1.670000e+001  5.000000e+000
    endloop
  endfacet
  facet normal  0.000000e+000 -1.000000e+000  0.000000e+000
    outer loop
      vertex  1.900000e+001  1.670000e+001  5.000000e+000
      vertex  1.700000e+001  1.670000e+001  5.000000e+000
      vertex  1.892404e+001  1.670000e+001  4.131759e+000
    endloop
  endfacet
  facet normal  0.000000e+000 -1.000000e+000  0.000000e+000
    outer loop
      vertex  1.892404e+001  1.670000e+001  4.131759e+000
      vertex  1.700000e+001  1.670000e+001  5.000000e+000
      vertex  1.692478e+001  1.670000e+001  4.332437e+000
    endloop
  endfacet
  facet normal  0.000000e+000 -1.000000e+000  0.000000e+000
    outer loop
      vertex  1.892404e+001  1.670000e+001  4.131759e+000
      vertex  1.692478e+001  1.670000e+001  4.332437e+000
      vertex  1.869846e+001  1.670000e+001  3.289899e+000
    endloop
  endfacet
  facet normal  0.000000e+000 -1.000000e+000  0.000000e+000
    outer loop
      vertex  1.869846e+001  1.670000e+001  3.289899e+000
      vertex  1.692478e+001  1.670000e+001  4.332437e+000
      vertex  1.670291e+001  1.670000e+001  3.698349e+000
    endloop
  endfacet
  facet normal  0.000000e+000 -1.000000e+000  -0.000000e+000
    outer loop
      vertex  1.869846e+001  1.670000e+001  3.289899e+000
      vertex  1.670291e+001  1.670000e+001  3.698349e+000
      vertex  1.634550e+001  1.670000e+001  3.129531e+000
    endloop
  endfacet
  facet normal  0.000000e+000 -9.999999e-001  0.000000e+000
    outer loop
      vertex  1.869846e+001  1.670000e+001  3.289899e+000
      vertex  1.634550e+001  1.670000e+001  3.129531e+000
      vertex  1.833013e+001  1.670000e+001  2.500000e+000
    endloop
  endfacet
  facet normal  0.000000e+000 -1.000000e+000  0.000000e+000
    outer loop
      vertex  1.833013e+001  1.670000e+001  2.500000e+000
      vertex  1.634550e+001  1.670000e+001  3.129531e+000
      vertex  1.587047e+001  1.670000e+001  2.654505e+000
    endloop
  endfacet
  facet normal  0.000000e+000 -1.000000e+000  0.000000e+000
    outer loop
      vertex  1.833013e+001  1.670000e+001  2.500000e+000
      vertex  1.587047e+001  1.670000e+001  2.654505e+000
      vertex  1.783022e+001  1.670000e+001  1.786062e+000
    endloop
  endfacet
  facet normal  0.000000e+000 -1.000000e+000  0.000000e+000
    outer loop
      vertex  1.783022e+001  1.670000e+001  1.786062e+000
      vertex  1.587047e+001  1.670000e+001  2.654505e+000
      vertex  1.530165e+001  1.670000e+001  2.297093e+000
    endloop
  endfacet
  facet normal  0.000000e+000 -9.999999e-001  -0.000000e+000
    outer loop
      vertex  1.783022e+001  1.670000e+001  1.786062e+000
      vertex  1.530165e+001  1.670000e+001  2.297093e+000
      vertex  1.466756e+001  1.670000e+001  2.075216e+000
    endloop
  endfacet
  facet normal  7.071069e-001 -7.071067e-001  0.000000e+000
    outer loop
      vertex -1.200000e+001  1.270000e+001  0.000000e+000
      vertex -8.000000e+000  1.670000e+001  0.000000e+000
      vertex -1.200000e+001  1.270000e+001  1.000000e+001
    endloop
  endfacet
  facet normal  7.071069e-001 -7.071067e-001  0.000000e+000
    outer loop
      vertex -1.200000e+001  1.270000e+001  1.000000e+001
      vertex -8.000000e+000  1.670000e+001  0.000000e+000
      vertex -8.000000e+000  1.670000e+001  1.000000e+001
    endloop
  endfacet
  facet normal -2.944068e-004 -6.203267e-001 -7.843435e-001
    outer loop
      vertex  3.697487e+000 -2.000837e+001  7.222443e-001
      vertex  3.868011e+000 -2.015705e+001  8.397706e-001
      vertex -7.285388e+000 -2.004139e+001  7.524818e-001
    endloop
  endfacet
  facet normal  2.167505e-003 -4.607810e-001 -8.875111e-001
    outer loop
      vertex -7.285388e+000 -2.004139e+001  7.524818e-001
      vertex  3.868011e+000 -2.015705e+001  8.397706e-001
      vertex  3.984959e+000 -2.032346e+001  9.264537e-001
    endloop
  endfacet
  facet normal -1.341756e-003 -5.632385e-001 -8.262933e-001
    outer loop
      vertex -7.285388e+000 -2.004139e+001  7.524818e-001
      vertex  3.984959e+000 -2.032346e+001  9.264537e-001
      vertex -7.263298e+000 -2.024055e+001  8.882021e-001
    endloop
  endfacet
  facet normal  1.110431e-003 -2.907701e-001 -9.567924e-001
    outer loop
      vertex -7.263298e+000 -2.024055e+001  8.882021e-001
      vertex  3.984959e+000 -2.032346e+001  9.264537e-001
      vertex  4.052738e+000 -2.049645e+001  9.791039e-001
    endloop
  endfacet
  facet normal -3.866959e-004 -3.498711e-001 -9.367978e-001
    outer loop
      vertex -7.263298e+000 -2.024055e+001  8.882021e-001
      vertex  4.052738e+000 -2.049645e+001  9.791039e-001
      vertex -7.226207e+000 -2.046486e+001  9.719610e-001
    endloop
  endfacet
  facet normal  3.440731e-004 -1.020767e-001 -9.947765e-001
    outer loop
      vertex -7.226207e+000 -2.046486e+001  9.719610e-001
      vertex  4.052738e+000 -2.049645e+001  9.791039e-001
      vertex  4.079001e+000 -2.070000e+001  1.000000e+000
    endloop
  endfacet
  facet normal  -0.000000e+000 -1.184031e-001 -9.929656e-001
    outer loop
      vertex -7.226207e+000 -2.046486e+001  9.719610e-001
      vertex  4.079001e+000 -2.070000e+001  1.000000e+000
      vertex -7.172983e+000 -2.070000e+001  1.000000e+000
    endloop
  endfacet
  facet normal -2.521152e-004 -9.260314e-001 -3.774466e-001
    outer loop
      vertex  2.935014e+000 -1.974842e+001  3.072430e-001
      vertex  3.227637e+000 -1.980542e+001  4.468994e-001
      vertex -7.299474e+000 -1.976562e+001  3.562790e-001
    endloop
  endfacet
  facet normal  1.321890e-003 -8.499423e-001 -5.268741e-001
    outer loop
      vertex -7.299474e+000 -1.976562e+001  3.562790e-001
      vertex  3.227637e+000 -1.980542e+001  4.468994e-001
      vertex  3.501641e+000 -1.989945e+001  5.992747e-001
    endloop
  endfacet
  facet normal -4.426653e-004 -8.841184e-001 -4.672628e-001
    outer loop
      vertex -7.299474e+000 -1.976562e+001  3.562790e-001
      vertex  3.501641e+000 -1.989945e+001  5.992747e-001
      vertex -7.295990e+000 -1.987927e+001  5.713214e-001
    endloop
  endfacet
  facet normal  3.186219e-004 -7.483438e-001 -6.633110e-001
    outer loop
      vertex -7.295990e+000 -1.987927e+001  5.713214e-001
      vertex  3.501641e+000 -1.989945e+001  5.992747e-001
      vertex  3.697487e+000 -2.000837e+001  7.222443e-001
    endloop
  endfacet
  facet normal  4.044305e-004 -7.451839e-001 -6.668588e-001
    outer loop
      vertex -7.295990e+000 -1.987927e+001  5.713214e-001
      vertex  3.697487e+000 -2.000837e+001  7.222443e-001
      vertex -7.285388e+000 -2.004139e+001  7.524818e-001
    endloop
  endfacet
  facet normal  0.000000e+000 -9.956373e-001 -9.330818e-002
    outer loop
      vertex  2.000000e+000 -1.970000e+001  0.000000e+000
      vertex  2.630954e+000 -1.971736e+001  1.852051e-001
      vertex -7.300000e+000 -1.970000e+001  0.000000e+000
    endloop
  endfacet
  facet normal  3.042322e-003 -9.672567e-001 -2.537819e-001
    outer loop
      vertex -7.300000e+000 -1.970000e+001  0.000000e+000
      vertex  2.630954e+000 -1.971736e+001  1.852051e-001
      vertex  2.935014e+000 -1.974842e+001  3.072430e-001
    endloop
  endfacet
  facet normal  7.849644e-004 -9.834576e-001 -1.811370e-001
    outer loop
      vertex -7.300000e+000 -1.970000e+001  0.000000e+000
      vertex  2.935014e+000 -1.974842e+001  3.072430e-001
      vertex -7.299474e+000 -1.976562e+001  3.562790e-001
    endloop
  endfacet
  facet normal -2.902822e-001 -9.569322e-001  4.148612e-003
    outer loop
      vertex -4.080361e+000 -2.362314e+001  2.396636e+000
      vertex -4.830734e+000 -2.339552e+001  2.396636e+000
      vertex -4.771060e+000 -2.341967e+001  1.000000e+000
    endloop
  endfacet
  facet normal -4.535551e-001 -8.912195e-001 -3.964046e-003
    outer loop
      vertex -5.441349e+000 -2.307855e+001  1.000000e+000
      vertex -4.771060e+000 -2.341967e+001  1.000000e+000
      vertex -4.830734e+000 -2.339552e+001  2.396636e+000
    endloop
  endfacet
  facet normal -4.713871e-001 -8.819064e-001  5.945751e-003
    outer loop
      vertex -4.830734e+000 -2.339552e+001  2.396636e+000
      vertex -5.522281e+000 -2.302588e+001  2.396636e+000
      vertex -5.441349e+000 -2.307855e+001  1.000000e+000
    endloop
  endfacet
  facet normal -6.123627e-001 -7.905566e-001 -5.668872e-003
    outer loop
      vertex -6.035933e+000 -2.261799e+001  1.000000e+000
      vertex -5.441349e+000 -2.307855e+001  1.000000e+000
      vertex -5.522281e+000 -2.302588e+001  2.396636e+000
    endloop
  endfacet
  facet normal -6.343757e-001 -7.729879e-001  7.557984e-003
    outer loop
      vertex -5.522281e+000 -2.302588e+001  2.396636e+000
      vertex -6.128427e+000 -2.252843e+001  2.396636e+000
      vertex -6.035933e+000 -2.261799e+001  1.000000e+000
    endloop
  endfacet
  facet normal -7.495160e-001 -6.619474e-001 -7.188090e-003
    outer loop
      vertex -6.533794e+000 -2.205427e+001  1.000000e+000
      vertex -6.035933e+000 -2.261799e+001  1.000000e+000
      vertex -6.128427e+000 -2.252843e+001  2.396636e+000
    endloop
  endfacet
  facet normal -7.729791e-001 -6.343679e-001  8.985247e-003
    outer loop
      vertex -6.128427e+000 -2.252843e+001  2.396636e+000
      vertex -6.625878e+000 -2.192228e+001  2.396636e+000
      vertex -6.533794e+000 -2.205427e+001  1.000000e+000
    endloop
  endfacet
  facet normal -8.601697e-001 -5.099367e-001 -8.522612e-003
    outer loop
      vertex -6.917331e+000 -2.140731e+001  1.000000e+000
      vertex -6.533794e+000 -2.205427e+001  1.000000e+000
      vertex -6.625878e+000 -2.192228e+001  2.396636e+000
    endloop
  endfacet
  facet normal -8.818751e-001 -4.713722e-001  1.022644e-002
    outer loop
      vertex -6.625878e+000 -2.192228e+001  2.396636e+000
      vertex -6.995518e+000 -2.123073e+001  2.396636e+000
      vertex -6.917331e+000 -2.140731e+001  1.000000e+000
    endloop
  endfacet
  facet normal -9.404104e-001 -3.399042e-001 -9.672184e-003
    outer loop
      vertex -7.172983e+000 -2.070000e+001  1.000000e+000
      vertex -6.917331e+000 -2.140731e+001  1.000000e+000
      vertex -6.995518e+000 -2.123073e+001  2.396636e+000
    endloop
  endfacet
  facet normal -9.568793e-001 -2.902663e-001  1.128325e-002
    outer loop
      vertex -7.172983e+000 -2.070000e+001  1.000000e+000
      vertex -6.995518e+000 -2.123073e+001  2.396636e+000
      vertex -7.223141e+000 -2.048036e+001  2.396636e+000
    endloop
  endfacet
  facet normal -9.753197e-001 -2.207970e-001 -3.039505e-004
    outer loop
      vertex -7.172983e+000 -2.070000e+001  1.000000e+000
      vertex -7.223141e+000 -2.048036e+001  2.396636e+000
      vertex -7.226207e+000 -2.046486e+001  9.719610e-001
    endloop
  endfacet
  facet normal -9.999679e-001 -8.014799e-003  0.000000e+000
    outer loop
      vertex -7.300000e+000 -1.970000e+001  2.396636e+000
      vertex -7.300000e+000 -1.970000e+001  0.000000e+000
      vertex -7.299474e+000 -1.976562e+001  3.562790e-001
    endloop
  endfacet
  facet normal -9.995692e-001 -2.934148e-002  6.859955e-004
    outer loop
      vertex -7.300000e+000 -1.970000e+001  2.396636e+000
      vertex -7.299474e+000 -1.976562e+001  3.562790e-001
      vertex -7.295990e+000 -1.987927e+001  5.713214e-001
    endloop
  endfacet
  facet normal -9.981287e-001 -6.103107e-002  3.801558e-003
    outer loop
      vertex -7.300000e+000 -1.970000e+001  2.396636e+000
      vertex -7.295990e+000 -1.987927e+001  5.713214e-001
      vertex -7.285388e+000 -2.004139e+001  7.524818e-001
    endloop
  endfacet
  facet normal -9.947150e-001 -1.019332e-001  1.232468e-002
    outer loop
      vertex -7.300000e+000 -1.970000e+001  2.396636e+000
      vertex -7.285388e+000 -2.004139e+001  7.524818e-001
      vertex -7.263298e+000 -2.024055e+001  8.882021e-001
    endloop
  endfacet
  facet normal -9.879132e-001 -1.519920e-001  3.042873e-002
    outer loop
      vertex -7.300000e+000 -1.970000e+001  2.396636e+000
      vertex -7.263298e+000 -2.024055e+001  8.882021e-001
      vertex -7.226207e+000 -2.046486e+001  9.719610e-001
    endloop
  endfacet
  facet normal -9.951841e-001 -9.801725e-002  1.075021e-003
    outer loop
      vertex -7.300000e+000 -1.970000e+001  2.396636e+000
      vertex -7.226207e+000 -2.046486e+001  9.719610e-001
      vertex -7.223141e+000 -2.048036e+001  2.396636e+000
    endloop
  endfacet
  facet normal -9.401360e-002 -9.955710e-001  -0.000000e+000
    outer loop
      vertex -3.300000e+000 -2.370000e+001  1.000000e+000
      vertex -3.300000e+000 -2.370000e+001  2.396636e+000
      vertex -4.048766e+000 -2.362929e+001  1.000000e+000
    endloop
  endfacet
  facet normal -9.801886e-002 -9.951823e-001  2.166984e-003
    outer loop
      vertex -4.048766e+000 -2.362929e+001  1.000000e+000
      vertex -3.300000e+000 -2.370000e+001  2.396636e+000
      vertex -4.080361e+000 -2.362314e+001  2.396636e+000
    endloop
  endfacet
  facet normal -2.787128e-001 -9.603723e-001 -2.074165e-003
    outer loop
      vertex -4.048766e+000 -2.362929e+001  1.000000e+000
      vertex -4.080361e+000 -2.362314e+001  2.396636e+000
      vertex -4.771060e+000 -2.341967e+001  1.000000e+000
    endloop
  endfacet
  facet normal -2.943853e-004 -6.203259e-001  7.843442e-001
    outer loop
      vertex  3.697487e+000 -2.000837e+001  9.277756e+000
      vertex -7.285388e+000 -2.004139e+001  9.247519e+000
      vertex  3.868011e+000 -2.015705e+001  9.160230e+000
    endloop
  endfacet
  facet normal  6.282618e-004 -5.630897e-001  8.263956e-001
    outer loop
      vertex  3.868011e+000 -2.015705e+001  9.160230e+000
      vertex -7.285388e+000 -2.004139e+001  9.247519e+000
      vertex -7.263298e+000 -2.024055e+001  9.111798e+000
    endloop
  endfacet
  facet normal -3.912641e-004 -4.621975e-001  8.867769e-001
    outer loop
      vertex  3.868011e+000 -2.015705e+001  9.160230e+000
      vertex -7.263298e+000 -2.024055e+001  9.111798e+000
      vertex  3.984959e+000 -2.032346e+001  9.073546e+000
    endloop
  endfacet
  facet normal  6.080510e-004 -3.497280e-001  9.368511e-001
    outer loop
      vertex  3.984959e+000 -2.032346e+001  9.073546e+000
      vertex -7.263298e+000 -2.024055e+001  9.111798e+000
      vertex -7.226207e+000 -2.046486e+001  9.028039e+000
    endloop
  endfacet
  facet normal -2.099035e-004 -2.912453e-001  9.566483e-001
    outer loop
      vertex  3.984959e+000 -2.032346e+001  9.073546e+000
      vertex -7.226207e+000 -2.046486e+001  9.028039e+000
      vertex  4.052738e+000 -2.049645e+001  9.020896e+000
    endloop
  endfacet
  facet normal  2.974041e-004 -1.183367e-001  9.929735e-001
    outer loop
      vertex  4.052738e+000 -2.049645e+001  9.020896e+000
      vertex -7.226207e+000 -2.046486e+001  9.028039e+000
      vertex -7.172983e+000 -2.070000e+001  9.000000e+000
    endloop
  endfacet
  facet normal  0.000000e+000 -1.021198e-001  9.947721e-001
    outer loop
      vertex  4.052738e+000 -2.049645e+001  9.020896e+000
      vertex -7.172983e+000 -2.070000e+001  9.000000e+000
      vertex  4.079001e+000 -2.070000e+001  9.000000e+000
    endloop
  endfacet
  facet normal -2.521222e-004 -9.260311e-001  3.774472e-001
    outer loop
      vertex  2.935014e+000 -1.974842e+001  9.692757e+000
      vertex -7.299474e+000 -1.976562e+001  9.643721e+000
      vertex  3.227637e+000 -1.980542e+001  9.553101e+000
    endloop
  endfacet
  facet normal  6.840783e-004 -8.838902e-001  4.676940e-001
    outer loop
      vertex  3.227637e+000 -1.980542e+001  9.553101e+000
      vertex -7.299474e+000 -1.976562e+001  9.643721e+000
      vertex -7.295966e+000 -1.987981e+001  9.427907e+000
    endloop
  endfacet
  facet normal -2.271290e-004 -8.511894e-001  5.248585e-001
    outer loop
      vertex  3.227637e+000 -1.980542e+001  9.553101e+000
      vertex -7.295966e+000 -1.987981e+001  9.427907e+000
      vertex  3.501641e+000 -1.989945e+001  9.400725e+000
    endloop
  endfacet
  facet normal  3.246162e-004 -7.448723e-001  6.672069e-001
    outer loop
      vertex  3.501641e+000 -1.989945e+001  9.400725e+000
      vertex -7.295966e+000 -1.987981e+001  9.427907e+000
      vertex -7.285388e+000 -2.004139e+001  9.247519e+000
    endloop
  endfacet
  facet normal  4.232148e-004 -7.482611e-001  6.634042e-001
    outer loop
      vertex  3.501641e+000 -1.989945e+001  9.400725e+000
      vertex -7.285388e+000 -2.004139e+001  9.247519e+000
      vertex  3.697487e+000 -2.000837e+001  9.277756e+000
    endloop
  endfacet
  facet normal  0.000000e+000 -9.956374e-001  9.330799e-002
    outer loop
      vertex  2.000000e+000 -1.970000e+001  1.000000e+001
      vertex -7.300000e+000 -1.970000e+001  1.000000e+001
      vertex  2.630954e+000 -1.971736e+001  9.814795e+000
    endloop
  endfacet
  facet normal  1.659257e-003 -9.834564e-001  1.811379e-001
    outer loop
      vertex  2.630954e+000 -1.971736e+001  9.814795e+000
      vertex -7.300000e+000 -1.970000e+001  1.000000e+001
      vertex -7.299474e+000 -1.976562e+001  9.643721e+000
    endloop
  endfacet
  facet normal  4.414505e-004 -9.688357e-001  2.477038e-001
    outer loop
      vertex  2.630954e+000 -1.971736e+001  9.814795e+000
      vertex -7.299474e+000 -1.976562e+001  9.643721e+000
      vertex  2.935014e+000 -1.974842e+001  9.692757e+000
    endloop
  endfacet
  facet normal -2.902822e-001 -9.569322e-001 -4.148611e-003
    outer loop
      vertex -4.080361e+000 -2.362314e+001  7.603364e+000
      vertex -4.771060e+000 -2.341967e+001  9.000000e+000
      vertex -4.830734e+000 -2.339552e+001  7.603364e+000
    endloop
  endfacet
  facet normal -4.535551e-001 -8.912195e-001  3.964046e-003
    outer loop
      vertex -4.830734e+000 -2.339552e+001  7.603364e+000
      vertex -4.771060e+000 -2.341967e+001  9.000000e+000
      vertex -5.441349e+000 -2.307855e+001  9.000000e+000
    endloop
  endfacet
  facet normal -4.713871e-001 -8.819064e-001 -5.945747e-003
    outer loop
      vertex -4.830734e+000 -2.339552e+001  7.603364e+000
      vertex -5.441349e+000 -2.307855e+001  9.000000e+000
      vertex -5.522281e+000 -2.302588e+001  7.603364e+000
    endloop
  endfacet
  facet normal -6.123627e-001 -7.905566e-001  5.668872e-003
    outer loop
      vertex -5.522281e+000 -2.302588e+001  7.603364e+000
      vertex -5.441349e+000 -2.307855e+001  9.000000e+000
      vertex -6.035933e+000 -2.261799e+001  9.000000e+000
    endloop
  endfacet
  facet normal -6.343757e-001 -7.729879e-001 -7.557984e-003
    outer loop
      vertex -5.522281e+000 -2.302588e+001  7.603364e+000
      vertex -6.035933e+000 -2.261799e+001  9.000000e+000
      vertex -6.128427e+000 -2.252843e+001  7.603364e+000
    endloop
  endfacet
  facet normal -7.495160e-001 -6.619474e-001  7.188090e-003
    outer loop
      vertex -6.128427e+000 -2.252843e+001  7.603364e+000
      vertex -6.035933e+000 -2.261799e+001  9.000000e+000
      vertex -6.533794e+000 -2.205427e+001  9.000000e+000
    endloop
  endfacet
  facet normal -7.729791e-001 -6.343679e-001 -8.985247e-003
    outer loop
      vertex -6.128427e+000 -2.252843e+001  7.603364e+000
      vertex -6.533794e+000 -2.205427e+001  9.000000e+000
      vertex -6.625878e+000 -2.192228e+001  7.603364e+000
    endloop
  endfacet
  facet normal -8.601697e-001 -5.099367e-001  8.522612e-003
    outer loop
      vertex -6.625878e+000 -2.192228e+001  7.603364e+000
      vertex -6.533794e+000 -2.205427e+001  9.000000e+000
      vertex -6.917331e+000 -2.140731e+001  9.000000e+000
    endloop
  endfacet
  facet normal -8.818751e-001 -4.713722e-001 -1.022644e-002
    outer loop
      vertex -6.625878e+000 -2.192228e+001  7.603364e+000
      vertex -6.917331e+000 -2.140731e+001  9.000000e+000
      vertex -6.995518e+000 -2.123073e+001  7.603364e+000
    endloop
  endfacet
  facet normal -9.753197e-001 -2.207970e-001  3.039503e-004
    outer loop
      vertex -7.172983e+000 -2.070000e+001  9.000000e+000
      vertex -7.226207e+000 -2.046486e+001  9.028039e+000
      vertex -7.223141e+000 -2.048036e+001  7.603364e+000
    endloop
  endfacet
  facet normal -9.568793e-001 -2.902663e-001 -1.128324e-002
    outer loop
      vertex -7.172983e+000 -2.070000e+001  9.000000e+000
      vertex -7.223141e+000 -2.048036e+001  7.603364e+000
      vertex -6.995518e+000 -2.123073e+001  7.603364e+000
    endloop
  endfacet
  facet normal -9.404104e-001 -3.399042e-001  9.672184e-003
    outer loop
      vertex -7.172983e+000 -2.070000e+001  9.000000e+000
      vertex -6.995518e+000 -2.123073e+001  7.603364e+000
      vertex -6.917331e+000 -2.140731e+001  9.000000e+000
    endloop
  endfacet
  facet normal -9.951841e-001 -9.801725e-002 -1.075021e-003
    outer loop
      vertex -7.300000e+000 -1.970000e+001  7.603364e+000
      vertex -7.223141e+000 -2.048036e+001  7.603364e+000
      vertex -7.226207e+000 -2.046486e+001  9.028039e+000
    endloop
  endfacet
  facet normal -9.879131e-001 -1.519920e-001 -3.042871e-002
    outer loop
      vertex -7.300000e+000 -1.970000e+001  7.603364e+000
      vertex -7.226207e+000 -2.046486e+001  9.028039e+000
      vertex -7.263298e+000 -2.024055e+001  9.111798e+000
    endloop
  endfacet
  facet normal -9.947149e-001 -1.019332e-001 -1.232468e-002
    outer loop
      vertex -7.300000e+000 -1.970000e+001  7.603364e+000
      vertex -7.263298e+000 -2.024055e+001  9.111798e+000
      vertex -7.285388e+000 -2.004139e+001  9.247519e+000
    endloop
  endfacet
  facet normal -9.981251e-001 -6.108857e-002 -3.813529e-003
    outer loop
      vertex -7.300000e+000 -1.970000e+001  7.603364e+000
      vertex -7.285388e+000 -2.004139e+001  9.247519e+000
      vertex -7.295966e+000 -1.987981e+001  9.427907e+000
    endloop
  endfacet
  facet normal -9.995672e-001 -2.940745e-002 -6.881176e-004
    outer loop
      vertex -7.300000e+000 -1.970000e+001  7.603364e+000
      vertex -7.295966e+000 -1.987981e+001  9.427907e+000
      vertex -7.299474e+000 -1.976562e+001  9.643721e+000
    endloop
  endfacet
  facet normal -9.999679e-001 -8.014799e-003  0.000000e+000
    outer loop
      vertex -7.300000e+000 -1.970000e+001  7.603364e+000
      vertex -7.299474e+000 -1.976562e+001  9.643721e+000
      vertex -7.300000e+000 -1.970000e+001  1.000000e+001
    endloop
  endfacet
  facet normal -9.801909e-002 -9.951845e-001  -0.000000e+000
    outer loop
      vertex -3.300000e+000 -2.370000e+001  7.603364e+000
      vertex -3.300000e+000 -2.370000e+001  9.000000e+000
      vertex -4.080361e+000 -2.362314e+001  7.603364e+000
    endloop
  endfacet
  facet normal -9.401336e-002 -9.955684e-001 -2.259300e-003
    outer loop
      vertex -4.080361e+000 -2.362314e+001  7.603364e+000
      vertex -3.300000e+000 -2.370000e+001  9.000000e+000
      vertex -4.048766e+000 -2.362929e+001  9.000000e+000
    endloop
  endfacet
  facet normal -2.787127e-001 -9.603723e-001  2.074165e-003
    outer loop
      vertex -4.080361e+000 -2.362314e+001  7.603364e+000
      vertex -4.048766e+000 -2.362929e+001  9.000000e+000
      vertex -4.771060e+000 -2.341967e+001  9.000000e+000
    endloop
  endfacet
  facet normal -8.715566e-002  0.000000e+000  9.961947e-001
    outer loop
      vertex -4.000000e+001  1.670000e+001  1.000000e+001
      vertex -4.000000e+001  1.870000e+001  1.000000e+001
      vertex -4.086824e+001  1.670000e+001  9.924039e+000
    endloop
  endfacet
  facet normal -8.715566e-002  0.000000e+000  9.961947e-001
    outer loop
      vertex -4.086824e+001  1.670000e+001  9.924039e+000
      vertex -4.000000e+001  1.870000e+001  1.000000e+001
      vertex -4.086824e+001  1.870000e+001  9.924039e+000
    endloop
  endfacet
  facet normal -2.588183e-001  0.000000e+000  9.659261e-001
    outer loop
      vertex -4.086824e+001  1.670000e+001  9.924039e+000
      vertex -4.086824e+001  1.870000e+001  9.924039e+000
      vertex -4.171010e+001  1.670000e+001  9.698463e+000
    endloop
  endfacet
  facet normal -2.588183e-001  0.000000e+000  9.659261e-001
    outer loop
      vertex -4.171010e+001  1.670000e+001  9.698463e+000
      vertex -4.086824e+001  1.870000e+001  9.924039e+000
      vertex -4.171010e+001  1.870000e+001  9.698463e+000
    endloop
  endfacet
  facet normal -4.226194e-001  0.000000e+000  9.063072e-001
    outer loop
      vertex -4.171010e+001  1.670000e+001  9.698463e+000
      vertex -4.171010e+001  1.870000e+001  9.698463e+000
      vertex -4.250000e+001  1.670000e+001  9.330127e+000
    endloop
  endfacet
  facet normal -4.226194e-001  0.000000e+000  9.063072e-001
    outer loop
      vertex -4.250000e+001  1.670000e+001  9.330127e+000
      vertex -4.171010e+001  1.870000e+001  9.698463e+000
      vertex -4.250000e+001  1.870000e+001  9.330127e+000
    endloop
  endfacet
  facet normal -5.735754e-001  0.000000e+000  8.191528e-001
    outer loop
      vertex -4.250000e+001  1.670000e+001  9.330127e+000
      vertex -4.250000e+001  1.870000e+001  9.330127e+000
      vertex -4.321394e+001  1.670000e+001  8.830222e+000
    endloop
  endfacet
  facet normal -5.735754e-001  0.000000e+000  8.191528e-001
    outer loop
      vertex -4.321394e+001  1.670000e+001  8.830222e+000
      vertex -4.250000e+001  1.870000e+001  9.330127e+000
      vertex -4.321394e+001  1.870000e+001  8.830222e+000
    endloop
  endfacet
  facet normal -7.071073e-001  0.000000e+000  7.071062e-001
    outer loop
      vertex -4.321394e+001  1.670000e+001  8.830222e+000
      vertex -4.321394e+001  1.870000e+001  8.830222e+000
      vertex -4.383022e+001  1.670000e+001  8.213938e+000
    endloop
  endfacet
  facet normal -7.071073e-001  0.000000e+000  7.071062e-001
    outer loop
      vertex -4.383022e+001  1.670000e+001  8.213938e+000
      vertex -4.321394e+001  1.870000e+001  8.830222e+000
      vertex -4.383022e+001  1.870000e+001  8.213938e+000
    endloop
  endfacet
  facet normal -8.191521e-001  0.000000e+000  5.735765e-001
    outer loop
      vertex -4.383022e+001  1.670000e+001  8.213938e+000
      vertex -4.383022e+001  1.870000e+001  8.213938e+000
      vertex -4.433013e+001  1.670000e+001  7.500000e+000
    endloop
  endfacet
  facet normal -8.191521e-001  0.000000e+000  5.735765e-001
    outer loop
      vertex -4.433013e+001  1.670000e+001  7.500000e+000
      vertex -4.383022e+001  1.870000e+001  8.213938e+000
      vertex -4.433013e+001  1.870000e+001  7.500000e+000
    endloop
  endfacet
  facet normal -9.063079e-001  0.000000e+000  4.226179e-001
    outer loop
      vertex -4.433013e+001  1.670000e+001  7.500000e+000
      vertex -4.433013e+001  1.870000e+001  7.500000e+000
      vertex -4.469846e+001  1.670000e+001  6.710101e+000
    endloop
  endfacet
  facet normal -9.063079e-001  0.000000e+000  4.226179e-001
    outer loop
      vertex -4.469846e+001  1.670000e+001  6.710101e+000
      vertex -4.433013e+001  1.870000e+001  7.500000e+000
      vertex -4.469846e+001  1.870000e+001  6.710101e+000
    endloop
  endfacet
  facet normal -9.659262e-001  0.000000e+000  2.588178e-001
    outer loop
      vertex -4.469846e+001  1.670000e+001  6.710101e+000
      vertex -4.469846e+001  1.870000e+001  6.710101e+000
      vertex -4.492404e+001  1.670000e+001  5.868241e+000
    endloop
  endfacet
  facet normal -9.659262e-001  0.000000e+000  2.588178e-001
    outer loop
      vertex -4.492404e+001  1.670000e+001  5.868241e+000
      vertex -4.469846e+001  1.870000e+001  6.710101e+000
      vertex -4.492404e+001  1.870000e+001  5.868241e+000
    endloop
  endfacet
  facet normal -9.961946e-001  0.000000e+000  8.715670e-002
    outer loop
      vertex -4.492404e+001  1.670000e+001  5.868241e+000
      vertex -4.492404e+001  1.870000e+001  5.868241e+000
      vertex -4.500000e+001  1.670000e+001  5.000000e+000
    endloop
  endfacet
  facet normal -9.961946e-001  0.000000e+000  8.715670e-002
    outer loop
      vertex -4.500000e+001  1.670000e+001  5.000000e+000
      vertex -4.492404e+001  1.870000e+001  5.868241e+000
      vertex -4.500000e+001  1.870000e+001  5.000000e+000
    endloop
  endfacet
  facet normal -9.961946e-001  -0.000000e+000 -8.715670e-002
    outer loop
      vertex -4.500000e+001  1.670000e+001  5.000000e+000
      vertex -4.500000e+001  1.870000e+001  5.000000e+000
      vertex -4.492404e+001  1.670000e+001  4.131759e+000
    endloop
  endfacet
  facet normal -9.961946e-001  0.000000e+000 -8.715670e-002
    outer loop
      vertex -4.492404e+001  1.670000e+001  4.131759e+000
      vertex -4.500000e+001  1.870000e+001  5.000000e+000
      vertex -4.492404e+001  1.870000e+001  4.131759e+000
    endloop
  endfacet
  facet normal -9.659262e-001  -0.000000e+000 -2.588178e-001
    outer loop
      vertex -4.492404e+001  1.670000e+001  4.131759e+000
      vertex -4.492404e+001  1.870000e+001  4.131759e+000
      vertex -4.469846e+001  1.670000e+001  3.289899e+000
    endloop
  endfacet
  facet normal -9.659262e-001  0.000000e+000 -2.588178e-001
    outer loop
      vertex -4.469846e+001  1.670000e+001  3.289899e+000
      vertex -4.492404e+001  1.870000e+001  4.131759e+000
      vertex -4.469846e+001  1.870000e+001  3.289899e+000
    endloop
  endfacet
  facet normal -9.063079e-001  -0.000000e+000 -4.226179e-001
    outer loop
      vertex -4.469846e+001  1.670000e+001  3.289899e+000
      vertex -4.469846e+001  1.870000e+001  3.289899e+000
      vertex -4.433013e+001  1.670000e+001  2.500000e+000
    endloop
  endfacet
  facet normal -9.063079e-001  0.000000e+000 -4.226179e-001
    outer loop
      vertex -4.433013e+001  1.670000e+001  2.500000e+000
      vertex -4.469846e+001  1.870000e+001  3.289899e+000
      vertex -4.433013e+001  1.870000e+001  2.500000e+000
    endloop
  endfacet
  facet normal -8.191521e-001  -0.000000e+000 -5.735763e-001
    outer loop
      vertex -4.433013e+001  1.670000e+001  2.500000e+000
      vertex -4.433013e+001  1.870000e+001  2.500000e+000
      vertex -4.383022e+001  1.670000e+001  1.786062e+000
    endloop
  endfacet
  facet normal -8.191521e-001  0.000000e+000 -5.735763e-001
    outer loop
      vertex -4.383022e+001  1.670000e+001  1.786062e+000
      vertex -4.433013e+001  1.870000e+001  2.500000e+000
      vertex -4.383022e+001  1.870000e+001  1.786062e+000
    endloop
  endfacet
  facet normal -7.071073e-001  -0.000000e+000 -7.071064e-001
    outer loop
      vertex -4.383022e+001  1.670000e+001  1.786062e+000
      vertex -4.383022e+001  1.870000e+001  1.786062e+000
      vertex -4.321394e+001  1.670000e+001  1.169778e+000
    endloop
  endfacet
  facet normal -7.071073e-001  0.000000e+000 -7.071064e-001
    outer loop
      vertex -4.321394e+001  1.670000e+001  1.169778e+000
      vertex -4.383022e+001  1.870000e+001  1.786062e+000
      vertex -4.321394e+001  1.870000e+001  1.169778e+000
    endloop
  endfacet
  facet normal -5.735756e-001  -0.000000e+000 -8.191527e-001
    outer loop
      vertex -4.321394e+001  1.670000e+001  1.169778e+000
      vertex -4.321394e+001  1.870000e+001  1.169778e+000
      vertex -4.250000e+001  1.670000e+001  6.698730e-001
    endloop
  endfacet
  facet normal -5.735756e-001  0.000000e+000 -8.191527e-001
    outer loop
      vertex -4.250000e+001  1.670000e+001  6.698730e-001
      vertex -4.321394e+001  1.870000e+001  1.169778e+000
      vertex -4.250000e+001  1.870000e+001  6.698730e-001
    endloop
  endfacet
  facet normal -4.226189e-001  -0.000000e+000 -9.063075e-001
    outer loop
      vertex -4.250000e+001  1.670000e+001  6.698730e-001
      vertex -4.250000e+001  1.870000e+001  6.698730e-001
      vertex -4.171010e+001  1.670000e+001  3.015369e-001
    endloop
  endfacet
  facet normal -4.226189e-001  0.000000e+000 -9.063075e-001
    outer loop
      vertex -4.171010e+001  1.670000e+001  3.015369e-001
      vertex -4.250000e+001  1.870000e+001  6.698730e-001
      vertex -4.171010e+001  1.870000e+001  3.015369e-001
    endloop
  endfacet
  facet normal -2.588185e-001  -0.000000e+000 -9.659260e-001
    outer loop
      vertex -4.171010e+001  1.670000e+001  3.015369e-001
      vertex -4.171010e+001  1.870000e+001  3.015369e-001
      vertex -4.086824e+001  1.670000e+001  7.596123e-002
    endloop
  endfacet
  facet normal -2.588185e-001  0.000000e+000 -9.659260e-001
    outer loop
      vertex -4.086824e+001  1.670000e+001  7.596123e-002
      vertex -4.171010e+001  1.870000e+001  3.015369e-001
      vertex -4.086824e+001  1.870000e+001  7.596123e-002
    endloop
  endfacet
  facet normal -8.715579e-002  -0.000000e+000 -9.961947e-001
    outer loop
      vertex -4.086824e+001  1.670000e+001  7.596123e-002
      vertex -4.086824e+001  1.870000e+001  7.596123e-002
      vertex -4.000000e+001  1.670000e+001  0.000000e+000
    endloop
  endfacet
  facet normal -8.715579e-002  0.000000e+000 -9.961947e-001
    outer loop
      vertex -4.000000e+001  1.670000e+001  0.000000e+000
      vertex -4.086824e+001  1.870000e+001  7.596123e-002
      vertex -4.000000e+001  1.870000e+001  0.000000e+000
    endloop
  endfacet
  facet normal  2.944067e-004 -6.203266e-001 -7.843434e-001
    outer loop
      vertex -2.969749e+001 -2.000837e+001  7.222443e-001
      vertex -1.871461e+001 -2.004139e+001  7.524818e-001
      vertex -2.986801e+001 -2.015705e+001  8.397706e-001
    endloop
  endfacet
  facet normal -6.282527e-004 -5.630897e-001 -8.263956e-001
    outer loop
      vertex -2.986801e+001 -2.015705e+001  8.397706e-001
      vertex -1.871461e+001 -2.004139e+001  7.524818e-001
      vertex -1.873670e+001 -2.024055e+001  8.882021e-001
    endloop
  endfacet
  facet normal  3.912782e-004 -4.621969e-001 -8.867772e-001
    outer loop
      vertex -2.986801e+001 -2.015705e+001  8.397706e-001
      vertex -1.873670e+001 -2.024055e+001  8.882021e-001
      vertex -2.998496e+001 -2.032346e+001  9.264537e-001
    endloop
  endfacet
  facet normal -6.080425e-004 -3.497266e-001 -9.368516e-001
    outer loop
      vertex -2.998496e+001 -2.032346e+001  9.264537e-001
      vertex -1.873670e+001 -2.024055e+001  8.882021e-001
      vertex -1.877379e+001 -2.046486e+001  9.719610e-001
    endloop
  endfacet
  facet normal  2.099143e-004 -2.912438e-001 -9.566489e-001
    outer loop
      vertex -2.998496e+001 -2.032346e+001  9.264537e-001
      vertex -1.877379e+001 -2.046486e+001  9.719610e-001
      vertex -3.005274e+001 -2.049645e+001  9.791039e-001
    endloop
  endfacet
  facet normal -2.973884e-004 -1.183367e-001 -9.929735e-001
    outer loop
      vertex -3.005274e+001 -2.049645e+001  9.791039e-001
      vertex -1.877379e+001 -2.046486e+001  9.719610e-001
      vertex -1.882702e+001 -2.070000e+001  1.000000e+000
    endloop
  endfacet
  facet normal  -0.000000e+000 -1.021207e-001 -9.947721e-001
    outer loop
      vertex -3.005274e+001 -2.049645e+001  9.791039e-001
      vertex -1.882702e+001 -2.070000e+001  1.000000e+000
      vertex -3.007900e+001 -2.070000e+001  1.000000e+000
    endloop
  endfacet
  facet normal  2.521151e-004 -9.260314e-001 -3.774466e-001
    outer loop
      vertex -2.893501e+001 -1.974842e+001  3.072430e-001
      vertex -1.870053e+001 -1.976562e+001  3.562790e-001
      vertex -2.922764e+001 -1.980542e+001  4.468994e-001
    endloop
  endfacet
  facet normal -6.796715e-004 -8.841108e-001 -4.672770e-001
    outer loop
      vertex -2.922764e+001 -1.980542e+001  4.468994e-001
      vertex -1.870053e+001 -1.976562e+001  3.562790e-001
      vertex -1.870401e+001 -1.987927e+001  5.713214e-001
    endloop
  endfacet
  facet normal  2.320431e-004 -8.511935e-001 -5.248519e-001
    outer loop
      vertex -2.922764e+001 -1.980542e+001  4.468994e-001
      vertex -1.870401e+001 -1.987927e+001  5.713214e-001
      vertex -2.950164e+001 -1.989945e+001  5.992747e-001
    endloop
  endfacet
  facet normal -3.337020e-004 -7.451861e-001 -6.668566e-001
    outer loop
      vertex -2.950164e+001 -1.989945e+001  5.992747e-001
      vertex -1.870401e+001 -1.987927e+001  5.713214e-001
      vertex -1.871461e+001 -2.004139e+001  7.524818e-001
    endloop
  endfacet
  facet normal -4.231923e-004 -7.482610e-001 -6.634044e-001
    outer loop
      vertex -2.950164e+001 -1.989945e+001  5.992747e-001
      vertex -1.871461e+001 -2.004139e+001  7.524818e-001
      vertex -2.969749e+001 -2.000837e+001  7.222443e-001
    endloop
  endfacet
  facet normal  -0.000000e+000 -9.956373e-001 -9.330817e-002
    outer loop
      vertex -2.800000e+001 -1.970000e+001  0.000000e+000
      vertex -1.870000e+001 -1.970000e+001  0.000000e+000
      vertex -2.863095e+001 -1.971736e+001  1.852051e-001
    endloop
  endfacet
  facet normal -1.659254e-003 -9.834563e-001 -1.811381e-001
    outer loop
      vertex -2.863095e+001 -1.971736e+001  1.852051e-001
      vertex -1.870000e+001 -1.970000e+001  0.000000e+000
      vertex -1.870053e+001 -1.976562e+001  3.562790e-001
    endloop
  endfacet
  facet normal -4.414529e-004 -9.688357e-001 -2.477037e-001
    outer loop
      vertex -2.863095e+001 -1.971736e+001  1.852051e-001
      vertex -1.870053e+001 -1.976562e+001  3.562790e-001
      vertex -2.893501e+001 -1.974842e+001  3.072430e-001
    endloop
  endfacet
  facet normal  2.902817e-001 -9.569322e-001  4.148635e-003
    outer loop
      vertex -2.191964e+001 -2.362314e+001  2.396636e+000
      vertex -2.122894e+001 -2.341967e+001  1.000000e+000
      vertex -2.116927e+001 -2.339552e+001  2.396636e+000
    endloop
  endfacet
  facet normal  4.535551e-001 -8.912195e-001 -3.964046e-003
    outer loop
      vertex -2.116927e+001 -2.339552e+001  2.396636e+000
      vertex -2.122894e+001 -2.341967e+001  1.000000e+000
      vertex -2.055865e+001 -2.307855e+001  1.000000e+000
    endloop
  endfacet
  facet normal  4.713871e-001 -8.819064e-001  5.945747e-003
    outer loop
      vertex -2.116927e+001 -2.339552e+001  2.396636e+000
      vertex -2.055865e+001 -2.307855e+001  1.000000e+000
      vertex -2.047772e+001 -2.302588e+001  2.396636e+000
    endloop
  endfacet
  facet normal  6.123636e-001 -7.905559e-001 -5.668952e-003
    outer loop
      vertex -2.047772e+001 -2.302588e+001  2.396636e+000
      vertex -2.055865e+001 -2.307855e+001  1.000000e+000
      vertex -1.996407e+001 -2.261799e+001  1.000000e+000
    endloop
  endfacet
  facet normal  6.343757e-001 -7.729879e-001  7.557333e-003
    outer loop
      vertex -2.047772e+001 -2.302588e+001  2.396636e+000
      vertex -1.996407e+001 -2.261799e+001  1.000000e+000
      vertex -1.987157e+001 -2.252843e+001  2.396636e+000
    endloop
  endfacet
  facet normal  7.495153e-001 -6.619481e-001 -7.188768e-003
    outer loop
      vertex -1.987157e+001 -2.252843e+001  2.396636e+000
      vertex -1.996407e+001 -2.261799e+001  1.000000e+000
      vertex -1.946621e+001 -2.205427e+001  1.000000e+000
    endloop
  endfacet
  facet normal  7.729788e-001 -6.343682e-001  8.984772e-003
    outer loop
      vertex -1.987157e+001 -2.252843e+001  2.396636e+000
      vertex -1.946621e+001 -2.205427e+001  1.000000e+000
      vertex -1.937412e+001 -2.192228e+001  2.396636e+000
    endloop
  endfacet
  facet normal  8.601692e-001 -5.099376e-001 -8.523076e-003
    outer loop
      vertex -1.937412e+001 -2.192228e+001  2.396636e+000
      vertex -1.946621e+001 -2.205427e+001  1.000000e+000
      vertex -1.908267e+001 -2.140731e+001  1.000000e+000
    endloop
  endfacet
  facet normal  8.818759e-001 -4.713708e-001  1.022713e-002
    outer loop
      vertex -1.937412e+001 -2.192228e+001  2.396636e+000
      vertex -1.908267e+001 -2.140731e+001  1.000000e+000
      vertex -1.900448e+001 -2.123073e+001  2.396636e+000
    endloop
  endfacet
  facet normal  9.753193e-001 -2.207989e-001 -3.033179e-004
    outer loop
      vertex -1.882702e+001 -2.070000e+001  1.000000e+000
      vertex -1.877379e+001 -2.046486e+001  9.719610e-001
      vertex -1.877686e+001 -2.048036e+001  2.396636e+000
    endloop
  endfacet
  facet normal  9.568793e-001 -2.902663e-001  1.128357e-002
    outer loop
      vertex -1.882702e+001 -2.070000e+001  1.000000e+000
      vertex -1.877686e+001 -2.048036e+001  2.396636e+000
      vertex -1.900448e+001 -2.123073e+001  2.396636e+000
    endloop
  endfacet
  facet normal  9.404107e-001 -3.399031e-001 -9.671389e-003
    outer loop
      vertex -1.882702e+001 -2.070000e+001  1.000000e+000
      vertex -1.900448e+001 -2.123073e+001  2.396636e+000
      vertex -1.908267e+001 -2.140731e+001  1.000000e+000
    endloop
  endfacet
  facet normal  9.951842e-001 -9.801664e-002  1.075694e-003
    outer loop
      vertex -1.870000e+001 -1.970000e+001  2.396636e+000
      vertex -1.877686e+001 -2.048036e+001  2.396636e+000
      vertex -1.877379e+001 -2.046486e+001  9.719610e-001
    endloop
  endfacet
  facet normal  9.879132e-001 -1.519917e-001  3.042956e-002
    outer loop
      vertex -1.870000e+001 -1.970000e+001  2.396636e+000
      vertex -1.877379e+001 -2.046486e+001  9.719610e-001
      vertex -1.873670e+001 -2.024055e+001  8.882021e-001
    endloop
  endfacet
  facet normal  9.947156e-001 -1.019270e-001  1.232339e-002
    outer loop
      vertex -1.870000e+001 -1.970000e+001  2.396636e+000
      vertex -1.873670e+001 -2.024055e+001  8.882021e-001
      vertex -1.871461e+001 -2.004139e+001  7.524818e-001
    endloop
  endfacet
  facet normal  9.981285e-001 -6.103345e-002  3.802053e-003
    outer loop
      vertex -1.870000e+001 -1.970000e+001  2.396636e+000
      vertex -1.871461e+001 -2.004139e+001  7.524818e-001
      vertex -1.870401e+001 -1.987927e+001  5.713214e-001
    endloop
  endfacet
  facet normal  9.995691e-001 -2.934814e-002  6.869103e-004
    outer loop
      vertex -1.870000e+001 -1.970000e+001  2.396636e+000
      vertex -1.870401e+001 -1.987927e+001  5.713214e-001
      vertex -1.870053e+001 -1.976562e+001  3.562790e-001
    endloop
  endfacet
  facet normal  9.999681e-001 -7.993002e-003  0.000000e+000
    outer loop
      vertex -1.870000e+001 -1.970000e+001  2.396636e+000
      vertex -1.870053e+001 -1.976562e+001  3.562790e-001
      vertex -1.870000e+001 -1.970000e+001  0.000000e+000
    endloop
  endfacet
  facet normal  9.801912e-002 -9.951846e-001  0.000000e+000
    outer loop
      vertex -2.270000e+001 -2.370000e+001  2.396636e+000
      vertex -2.270000e+001 -2.370000e+001  1.000000e+000
      vertex -2.191964e+001 -2.362314e+001  2.396636e+000
    endloop
  endfacet
  facet normal  9.401333e-002 -9.955684e-001  2.259333e-003
    outer loop
      vertex -2.191964e+001 -2.362314e+001  2.396636e+000
      vertex -2.270000e+001 -2.370000e+001  1.000000e+000
      vertex -2.195123e+001 -2.362929e+001  1.000000e+000
    endloop
  endfacet
  facet normal  2.787124e-001 -9.603723e-001 -2.074061e-003
    outer loop
      vertex -2.191964e+001 -2.362314e+001  2.396636e+000
      vertex -2.195123e+001 -2.362929e+001  1.000000e+000
      vertex -2.122894e+001 -2.341967e+001  1.000000e+000
    endloop
  endfacet
  facet normal  2.943852e-004 -6.203259e-001  7.843442e-001
    outer loop
      vertex -2.969749e+001 -2.000837e+001  9.277756e+000
      vertex -2.986801e+001 -2.015705e+001  9.160230e+000
      vertex -1.871461e+001 -2.004139e+001  9.247519e+000
    endloop
  endfacet
  facet normal -2.167507e-003 -4.607816e-001  8.875110e-001
    outer loop
      vertex -1.871461e+001 -2.004139e+001  9.247519e+000
      vertex -2.986801e+001 -2.015705e+001  9.160230e+000
      vertex -2.998496e+001 -2.032346e+001  9.073546e+000
    endloop
  endfacet
  facet normal  1.341738e-003 -5.632385e-001  8.262932e-001
    outer loop
      vertex -1.871461e+001 -2.004139e+001  9.247519e+000
      vertex -2.998496e+001 -2.032346e+001  9.073546e+000
      vertex -1.873670e+001 -2.024055e+001  9.111798e+000
    endloop
  endfacet
  facet normal -1.110438e-003 -2.907716e-001  9.567919e-001
    outer loop
      vertex -1.873670e+001 -2.024055e+001  9.111798e+000
      vertex -2.998496e+001 -2.032346e+001  9.073546e+000
      vertex -3.005274e+001 -2.049645e+001  9.020896e+000
    endloop
  endfacet
  facet normal  3.866850e-004 -3.498724e-001  9.367974e-001
    outer loop
      vertex -1.873670e+001 -2.024055e+001  9.111798e+000
      vertex -3.005274e+001 -2.049645e+001  9.020896e+000
      vertex -1.877379e+001 -2.046486e+001  9.028039e+000
    endloop
  endfacet
  facet normal -3.440914e-004 -1.020759e-001  9.947765e-001
    outer loop
      vertex -1.877379e+001 -2.046486e+001  9.028039e+000
      vertex -3.005274e+001 -2.049645e+001  9.020896e+000
      vertex -3.007900e+001 -2.070000e+001  9.000000e+000
    endloop
  endfacet
  facet normal  0.000000e+000 -1.184031e-001  9.929656e-001
    outer loop
      vertex -1.877379e+001 -2.046486e+001  9.028039e+000
      vertex -3.007900e+001 -2.070000e+001  9.000000e+000
      vertex -1.882702e+001 -2.070000e+001  9.000000e+000
    endloop
  endfacet
  facet normal  2.521221e-004 -9.260311e-001  3.774472e-001
    outer loop
      vertex -2.893501e+001 -1.974842e+001  9.692757e+000
      vertex -2.922764e+001 -1.980542e+001  9.553101e+000
      vertex -1.870053e+001 -1.976562e+001  9.643721e+000
    endloop
  endfacet
  facet normal -1.321873e-003 -8.499422e-001  5.268743e-001
    outer loop
      vertex -1.870053e+001 -1.976562e+001  9.643721e+000
      vertex -2.922764e+001 -1.980542e+001  9.553101e+000
      vertex -2.950164e+001 -1.989945e+001  9.400725e+000
    endloop
  endfacet
  facet normal  4.305686e-004 -8.838977e-001  4.676800e-001
    outer loop
      vertex -1.870053e+001 -1.976562e+001  9.643721e+000
      vertex -2.950164e+001 -1.989945e+001  9.400725e+000
      vertex -1.870403e+001 -1.987981e+001  9.427907e+000
    endloop
  endfacet
  facet normal -3.084559e-004 -7.483519e-001  6.633019e-001
    outer loop
      vertex -1.870403e+001 -1.987981e+001  9.427907e+000
      vertex -2.950164e+001 -1.989945e+001  9.400725e+000
      vertex -2.969749e+001 -2.000837e+001  9.277756e+000
    endloop
  endfacet
  facet normal -4.025431e-004 -7.448701e-001  6.672094e-001
    outer loop
      vertex -1.870403e+001 -1.987981e+001  9.427907e+000
      vertex -2.969749e+001 -2.000837e+001  9.277756e+000
      vertex -1.871461e+001 -2.004139e+001  9.247519e+000
    endloop
  endfacet
  facet normal  0.000000e+000 -9.956372e-001  9.330799e-002
    outer loop
      vertex -2.800000e+001 -1.970000e+001  1.000000e+001
      vertex -2.863095e+001 -1.971736e+001  9.814795e+000
      vertex -1.870000e+001 -1.970000e+001  1.000000e+001
    endloop
  endfacet
  facet normal -3.042333e-003 -9.672567e-001  2.537820e-001
    outer loop
      vertex -1.870000e+001 -1.970000e+001  1.000000e+001
      vertex -2.863095e+001 -1.971736e+001  9.814795e+000
      vertex -2.893501e+001 -1.974842e+001  9.692757e+000
    endloop
  endfacet
  facet normal -7.849637e-004 -9.834576e-001  1.811368e-001
    outer loop
      vertex -1.870000e+001 -1.970000e+001  1.000000e+001
      vertex -2.893501e+001 -1.974842e+001  9.692757e+000
      vertex -1.870053e+001 -1.976562e+001  9.643721e+000
    endloop
  endfacet
  facet normal  2.902817e-001 -9.569322e-001 -4.148635e-003
    outer loop
      vertex -2.191964e+001 -2.362314e+001  7.603364e+000
      vertex -2.116927e+001 -2.339552e+001  7.603364e+000
      vertex -2.122894e+001 -2.341967e+001  9.000000e+000
    endloop
  endfacet
  facet normal  4.535551e-001 -8.912195e-001  3.964046e-003
    outer loop
      vertex -2.055865e+001 -2.307855e+001  9.000000e+000
      vertex -2.122894e+001 -2.341967e+001  9.000000e+000
      vertex -2.116927e+001 -2.339552e+001  7.603364e+000
    endloop
  endfacet
  facet normal  4.713871e-001 -8.819064e-001 -5.945751e-003
    outer loop
      vertex -2.116927e+001 -2.339552e+001  7.603364e+000
      vertex -2.047772e+001 -2.302588e+001  7.603364e+000
      vertex -2.055865e+001 -2.307855e+001  9.000000e+000
    endloop
  endfacet
  facet normal  6.123636e-001 -7.905559e-001  5.668952e-003
    outer loop
      vertex -1.996407e+001 -2.261799e+001  9.000000e+000
      vertex -2.055865e+001 -2.307855e+001  9.000000e+000
      vertex -2.047772e+001 -2.302588e+001  7.603364e+000
    endloop
  endfacet
  facet normal  6.343757e-001 -7.729879e-001 -7.557333e-003
    outer loop
      vertex -2.047772e+001 -2.302588e+001  7.603364e+000
      vertex -1.987157e+001 -2.252843e+001  7.603364e+000
      vertex -1.996407e+001 -2.261799e+001  9.000000e+000
    endloop
  endfacet
  facet normal  7.495153e-001 -6.619481e-001  7.188768e-003
    outer loop
      vertex -1.946621e+001 -2.205427e+001  9.000000e+000
      vertex -1.996407e+001 -2.261799e+001  9.000000e+000
      vertex -1.987157e+001 -2.252843e+001  7.603364e+000
    endloop
  endfacet
  facet normal  7.729788e-001 -6.343682e-001 -8.984769e-003
    outer loop
      vertex -1.987157e+001 -2.252843e+001  7.603364e+000
      vertex -1.937412e+001 -2.192228e+001  7.603364e+000
      vertex -1.946621e+001 -2.205427e+001  9.000000e+000
    endloop
  endfacet
  facet normal  8.601692e-001 -5.099376e-001  8.523076e-003
    outer loop
      vertex -1.908267e+001 -2.140731e+001  9.000000e+000
      vertex -1.946621e+001 -2.205427e+001  9.000000e+000
      vertex -1.937412e+001 -2.192228e+001  7.603364e+000
    endloop
  endfacet
  facet normal  8.818759e-001 -4.713708e-001 -1.022713e-002
    outer loop
      vertex -1.937412e+001 -2.192228e+001  7.603364e+000
      vertex -1.900448e+001 -2.123073e+001  7.603364e+000
      vertex -1.908267e+001 -2.140731e+001  9.000000e+000
    endloop
  endfacet
  facet normal  9.404107e-001 -3.399031e-001  9.671386e-003
    outer loop
      vertex -1.882702e+001 -2.070000e+001  9.000000e+000
      vertex -1.908267e+001 -2.140731e+001  9.000000e+000
      vertex -1.900448e+001 -2.123073e+001  7.603364e+000
    endloop
  endfacet
  facet normal  9.568793e-001 -2.902663e-001 -1.128358e-002
    outer loop
      vertex -1.882702e+001 -2.070000e+001  9.000000e+000
      vertex -1.900448e+001 -2.123073e+001  7.603364e+000
      vertex -1.877686e+001 -2.048036e+001  7.603364e+000
    endloop
  endfacet
  facet normal  9.753193e-001 -2.207989e-001  3.033181e-004
    outer loop
      vertex -1.882702e+001 -2.070000e+001  9.000000e+000
      vertex -1.877686e+001 -2.048036e+001  7.603364e+000
      vertex -1.877379e+001 -2.046486e+001  9.028039e+000
    endloop
  endfacet
  facet normal  9.999681e-001 -7.993001e-003  0.000000e+000
    outer loop
      vertex -1.870000e+001 -1.970000e+001  7.603364e+000
      vertex -1.870000e+001 -1.970000e+001  1.000000e+001
      vertex -1.870053e+001 -1.976562e+001  9.643721e+000
    endloop
  endfacet
  facet normal  9.995674e-001 -2.940227e-002 -6.886519e-004
    outer loop
      vertex -1.870000e+001 -1.970000e+001  7.603364e+000
      vertex -1.870053e+001 -1.976562e+001  9.643721e+000
      vertex -1.870403e+001 -1.987981e+001  9.427907e+000
    endloop
  endfacet
  facet normal  9.981245e-001 -6.109810e-002 -3.815513e-003
    outer loop
      vertex -1.870000e+001 -1.970000e+001  7.603364e+000
      vertex -1.870403e+001 -1.987981e+001  9.427907e+000
      vertex -1.871461e+001 -2.004139e+001  9.247519e+000
    endloop
  endfacet
  facet normal  9.947156e-001 -1.019270e-001 -1.232339e-002
    outer loop
      vertex -1.870000e+001 -1.970000e+001  7.603364e+000
      vertex -1.871461e+001 -2.004139e+001  9.247519e+000
      vertex -1.873670e+001 -2.024055e+001  9.111798e+000
    endloop
  endfacet
  facet normal  9.879131e-001 -1.519917e-001 -3.042953e-002
    outer loop
      vertex -1.870000e+001 -1.970000e+001  7.603364e+000
      vertex -1.873670e+001 -2.024055e+001  9.111798e+000
      vertex -1.877379e+001 -2.046486e+001  9.028039e+000
    endloop
  endfacet
  facet normal  9.951842e-001 -9.801664e-002 -1.075694e-003
    outer loop
      vertex -1.870000e+001 -1.970000e+001  7.603364e+000
      vertex -1.877379e+001 -2.046486e+001  9.028039e+000
      vertex -1.877686e+001 -2.048036e+001  7.603364e+000
    endloop
  endfacet
  facet normal  9.401356e-002 -9.955708e-001  0.000000e+000
    outer loop
      vertex -2.270000e+001 -2.370000e+001  9.000000e+000
      vertex -2.270000e+001 -2.370000e+001  7.603364e+000
      vertex -2.195123e+001 -2.362929e+001  9.000000e+000
    endloop
  endfacet
  facet normal  9.801889e-002 -9.951823e-001 -2.167017e-003
    outer loop
      vertex -2.195123e+001 -2.362929e+001  9.000000e+000
      vertex -2.270000e+001 -2.370000e+001  7.603364e+000
      vertex -2.191964e+001 -2.362314e+001  7.603364e+000
    endloop
  endfacet
  facet normal  2.787124e-001 -9.603723e-001  2.074061e-003
    outer loop
      vertex -2.195123e+001 -2.362929e+001  9.000000e+000
      vertex -2.191964e+001 -2.362314e+001  7.603364e+000
      vertex -2.122894e+001 -2.341967e+001  9.000000e+000
    endloop
  endfacet
  facet normal  0.000000e+000 -1.000000e+000  0.000000e+000
    outer loop
      vertex -3.300000e+000 -2.370000e+001  1.000000e+000
      vertex  4.079001e+000 -2.370000e+001  1.000000e+000
      vertex  4.560986e+000 -2.370000e+001  1.439223e+000
    endloop
  endfacet
  facet normal  -0.000000e+000 -9.999999e-001  0.000000e+000
    outer loop
      vertex -3.300000e+000 -2.370000e+001  1.000000e+000
      vertex  4.560986e+000 -2.370000e+001  1.439223e+000
      vertex  4.983296e+000 -2.370000e+001  1.936093e+000
    endloop
  endfacet
  facet normal  -0.000000e+000 -1.000000e+000  0.000000e+000
    outer loop
      vertex -3.300000e+000 -2.370000e+001  1.000000e+000
      vertex  4.983296e+000 -2.370000e+001  1.936093e+000
      vertex -1.483235e+000 -2.370000e+001  2.396636e+000
    endloop
  endfacet
  facet normal  -0.000000e+000 -1.000000e+000  0.000000e+000
    outer loop
      vertex -3.300000e+000 -2.370000e+001  1.000000e+000
      vertex -1.483235e+000 -2.370000e+001  2.396636e+000
      vertex -3.300000e+000 -2.370000e+001  2.396636e+000
    endloop
  endfacet
  facet normal  0.000000e+000  0.000000e+000 -9.999999e-001
    outer loop
      vertex  4.079001e+000 -2.070000e+001  1.000000e+000
      vertex  4.079001e+000 -2.370000e+001  1.000000e+000
      vertex -3.300000e+000 -2.370000e+001  1.000000e+000
    endloop
  endfacet
  facet normal  0.000000e+000  0.000000e+000 -1.000000e+000
    outer loop
      vertex  4.079001e+000 -2.070000e+001  1.000000e+000
      vertex -3.300000e+000 -2.370000e+001  1.000000e+000
      vertex -4.048766e+000 -2.362929e+001  1.000000e+000
    endloop
  endfacet
  facet normal  0.000000e+000  0.000000e+000 -1.000000e+000
    outer loop
      vertex  4.079001e+000 -2.070000e+001  1.000000e+000
      vertex -4.048766e+000 -2.362929e+001  1.000000e+000
      vertex -4.771060e+000 -2.341967e+001  1.000000e+000
    endloop
  endfacet
  facet normal  0.000000e+000  0.000000e+000 -1.000000e+000
    outer loop
      vertex  4.079001e+000 -2.070000e+001  1.000000e+000
      vertex -4.771060e+000 -2.341967e+001  1.000000e+000
      vertex -5.441349e+000 -2.307855e+001  1.000000e+000
    endloop
  endfacet
  facet normal  0.000000e+000  0.000000e+000 -9.999999e-001
    outer loop
      vertex  4.079001e+000 -2.070000e+001  1.000000e+000
      vertex -5.441349e+000 -2.307855e+001  1.000000e+000
      vertex -6.035933e+000 -2.261799e+001  1.000000e+000
    endloop
  endfacet
  facet normal  0.000000e+000  0.000000e+000 -1.000000e+000
    outer loop
      vertex  4.079001e+000 -2.070000e+001  1.000000e+000
      vertex -6.035933e+000 -2.261799e+001  1.000000e+000
      vertex -6.533794e+000 -2.205427e+001  1.000000e+000
    endloop
  endfacet
  facet normal  0.000000e+000  0.000000e+000 -9.999999e-001
    outer loop
      vertex  4.079001e+000 -2.070000e+001  1.000000e+000
      vertex -6.533794e+000 -2.205427e+001  1.000000e+000
      vertex -6.917331e+000 -2.140731e+001  1.000000e+000
    endloop
  endfacet
  facet normal  0.000000e+000  0.000000e+000 -1.000000e+000
    outer loop
      vertex  4.079001e+000 -2.070000e+001  1.000000e+000
      vertex -6.917331e+000 -2.140731e+001  1.000000e+000
      vertex -7.172983e+000 -2.070000e+001  1.000000e+000
    endloop
  endfacet
  facet normal -1.950901e-001  0.000000e+000  9.807853e-001
    outer loop
      vertex -8.000000e-001 -1.770000e+001  4.000000e+000
      vertex -4.173166e-001 -1.970000e+001  4.076120e+000
      vertex -4.173166e-001 -1.770000e+001  4.076120e+000
    endloop
  endfacet
  facet normal -5.555707e-001  0.000000e+000  8.314692e-001
    outer loop
      vertex -4.173166e-001 -1.770000e+001  4.076120e+000
      vertex -4.173166e-001 -1.970000e+001  4.076120e+000
      vertex -9.289322e-002 -1.970000e+001  4.292893e+000
    endloop
  endfacet
  facet normal -5.555707e-001  0.000000e+000  8.314692e-001
    outer loop
      vertex -4.173166e-001 -1.770000e+001  4.076120e+000
      vertex -9.289322e-002 -1.970000e+001  4.292893e+000
      vertex -9.289322e-002 -1.770000e+001  4.292893e+000
    endloop
  endfacet
  facet normal -8.314697e-001  0.000000e+000  5.555703e-001
    outer loop
      vertex -9.289322e-002 -1.770000e+001  4.292893e+000
      vertex -9.289322e-002 -1.970000e+001  4.292893e+000
      vertex  1.238795e-001 -1.970000e+001  4.617317e+000
    endloop
  endfacet
  facet normal -8.314697e-001  0.000000e+000  5.555703e-001
    outer loop
      vertex -9.289322e-002 -1.770000e+001  4.292893e+000
      vertex  1.238795e-001 -1.970000e+001  4.617317e+000
      vertex  1.238795e-001 -1.770000e+001  4.617317e+000
    endloop
  endfacet
  facet normal -9.807853e-001  0.000000e+000  1.950904e-001
    outer loop
      vertex  1.238795e-001 -1.770000e+001  4.617317e+000
      vertex  1.238795e-001 -1.970000e+001  4.617317e+000
      vertex  2.000000e-001 -1.970000e+001  5.000000e+000
    endloop
  endfacet
  facet normal -9.807853e-001  0.000000e+000  1.950904e-001
    outer loop
      vertex  1.238795e-001 -1.770000e+001  4.617317e+000
      vertex  2.000000e-001 -1.970000e+001  5.000000e+000
      vertex  2.000000e-001 -1.770000e+001  5.000000e+000
    endloop
  endfacet
  facet normal -1.950901e-001  0.000000e+000  9.807853e-001
    outer loop
      vertex -4.173166e-001 -1.970000e+001  4.076120e+000
      vertex -8.000000e-001 -1.770000e+001  4.000000e+000
      vertex -8.000000e-001 -1.970000e+001  4.000000e+000
    endloop
  endfacet
  facet normal  1.950901e-001  -0.000000e+000  9.807853e-001
    outer loop
      vertex -8.000000e-001 -1.970000e+001  4.000000e+000
      vertex -8.000000e-001 -1.770000e+001  4.000000e+000
      vertex -1.182683e+000 -1.770000e+001  4.076120e+000
    endloop
  endfacet
  facet normal  1.950901e-001  0.000000e+000  9.807853e-001
    outer loop
      vertex -8.000000e-001 -1.970000e+001  4.000000e+000
      vertex -1.182683e+000 -1.770000e+001  4.076120e+000
      vertex -1.182683e+000 -1.970000e+001  4.076120e+000
    endloop
  endfacet
  facet normal  5.555708e-001  -0.000000e+000  8.314692e-001
    outer loop
      vertex -1.182683e+000 -1.970000e+001  4.076120e+000
      vertex -1.182683e+000 -1.770000e+001  4.076120e+000
      vertex -1.507107e+000 -1.770000e+001  4.292893e+000
    endloop
  endfacet
  facet normal  5.555708e-001  0.000000e+000  8.314692e-001
    outer loop
      vertex -1.182683e+000 -1.970000e+001  4.076120e+000
      vertex -1.507107e+000 -1.770000e+001  4.292893e+000
      vertex -1.507107e+000 -1.970000e+001  4.292893e+000
    endloop
  endfacet
  facet normal  8.314695e-001  -0.000000e+000  5.555703e-001
    outer loop
      vertex -1.507107e+000 -1.970000e+001  4.292893e+000
      vertex -1.507107e+000 -1.770000e+001  4.292893e+000
      vertex -1.723880e+000 -1.770000e+001  4.617317e+000
    endloop
  endfacet
  facet normal  8.314695e-001  0.000000e+000  5.555703e-001
    outer loop
      vertex -1.507107e+000 -1.970000e+001  4.292893e+000
      vertex -1.723880e+000 -1.770000e+001  4.617317e+000
      vertex -1.723880e+000 -1.970000e+001  4.617317e+000
    endloop
  endfacet
  facet normal  9.807853e-001  -0.000000e+000  1.950902e-001
    outer loop
      vertex -1.723880e+000 -1.970000e+001  4.617317e+000
      vertex -1.723880e+000 -1.770000e+001  4.617317e+000
      vertex -1.800000e+000 -1.770000e+001  5.000000e+000
    endloop
  endfacet
  facet normal  9.807853e-001  0.000000e+000  1.950902e-001
    outer loop
      vertex -1.723880e+000 -1.970000e+001  4.617317e+000
      vertex -1.800000e+000 -1.770000e+001  5.000000e+000
      vertex -1.800000e+000 -1.970000e+001  5.000000e+000
    endloop
  endfacet
  facet normal  1.950901e-001  0.000000e+000 -9.807853e-001
    outer loop
      vertex -8.000000e-001 -1.770000e+001  6.000000e+000
      vertex -1.182683e+000 -1.970000e+001  5.923880e+000
      vertex -1.182683e+000 -1.770000e+001  5.923880e+000
    endloop
  endfacet
  facet normal  5.555708e-001  0.000000e+000 -8.314692e-001
    outer loop
      vertex -1.182683e+000 -1.770000e+001  5.923880e+000
      vertex -1.182683e+000 -1.970000e+001  5.923880e+000
      vertex -1.507107e+000 -1.970000e+001  5.707107e+000
    endloop
  endfacet
  facet normal  5.555708e-001  0.000000e+000 -8.314692e-001
    outer loop
      vertex -1.182683e+000 -1.770000e+001  5.923880e+000
      vertex -1.507107e+000 -1.970000e+001  5.707107e+000
      vertex -1.507107e+000 -1.770000e+001  5.707107e+000
    endloop
  endfacet
  facet normal  8.314695e-001  0.000000e+000 -5.555703e-001
    outer loop
      vertex -1.507107e+000 -1.770000e+001  5.707107e+000
      vertex -1.507107e+000 -1.970000e+001  5.707107e+000
      vertex -1.723880e+000 -1.970000e+001  5.382683e+000
    endloop
  endfacet
  facet normal  8.314695e-001  0.000000e+000 -5.555703e-001
    outer loop
      vertex -1.507107e+000 -1.770000e+001  5.707107e+000
      vertex -1.723880e+000 -1.970000e+001  5.382683e+000
      vertex -1.723880e+000 -1.770000e+001  5.382683e+000
    endloop
  endfacet
  facet normal  9.807853e-001  0.000000e+000 -1.950902e-001
    outer loop
      vertex -1.723880e+000 -1.770000e+001  5.382683e+000
      vertex -1.723880e+000 -1.970000e+001  5.382683e+000
      vertex -1.800000e+000 -1.970000e+001  5.000000e+000
    endloop
  endfacet
  facet normal  9.807853e-001  0.000000e+000 -1.950902e-001
    outer loop
      vertex -1.723880e+000 -1.770000e+001  5.382683e+000
      vertex -1.800000e+000 -1.970000e+001  5.000000e+000
      vertex -1.800000e+000 -1.770000e+001  5.000000e+000
    endloop
  endfacet
  facet normal  1.950901e-001  0.000000e+000 -9.807853e-001
    outer loop
      vertex -1.182683e+000 -1.970000e+001  5.923880e+000
      vertex -8.000000e-001 -1.770000e+001  6.000000e+000
      vertex -8.000000e-001 -1.970000e+001  6.000000e+000
    endloop
  endfacet
  facet normal -1.950901e-001  0.000000e+000 -9.807853e-001
    outer loop
      vertex -8.000000e-001 -1.970000e+001  6.000000e+000
      vertex -8.000000e-001 -1.770000e+001  6.000000e+000
      vertex -4.173166e-001 -1.770000e+001  5.923880e+000
    endloop
  endfacet
  facet normal -1.950901e-001  -0.000000e+000 -9.807853e-001
    outer loop
      vertex -8.000000e-001 -1.970000e+001  6.000000e+000
      vertex -4.173166e-001 -1.770000e+001  5.923880e+000
      vertex -4.173166e-001 -1.970000e+001  5.923880e+000
    endloop
  endfacet
  facet normal -5.555707e-001  0.000000e+000 -8.314692e-001
    outer loop
      vertex -4.173166e-001 -1.970000e+001  5.923880e+000
      vertex -4.173166e-001 -1.770000e+001  5.923880e+000
      vertex -9.289322e-002 -1.770000e+001  5.707107e+000
    endloop
  endfacet
  facet normal -5.555707e-001  -0.000000e+000 -8.314692e-001
    outer loop
      vertex -4.173166e-001 -1.970000e+001  5.923880e+000
      vertex -9.289322e-002 -1.770000e+001  5.707107e+000
      vertex -9.289322e-002 -1.970000e+001  5.707107e+000
    endloop
  endfacet
  facet normal -8.314697e-001  0.000000e+000 -5.555703e-001
    outer loop
      vertex -9.289322e-002 -1.970000e+001  5.707107e+000
      vertex -9.289322e-002 -1.770000e+001  5.707107e+000
      vertex  1.238795e-001 -1.770000e+001  5.382683e+000
    endloop
  endfacet
  facet normal -8.314697e-001  -0.000000e+000 -5.555703e-001
    outer loop
      vertex -9.289322e-002 -1.970000e+001  5.707107e+000
      vertex  1.238795e-001 -1.770000e+001  5.382683e+000
      vertex  1.238795e-001 -1.970000e+001  5.382683e+000
    endloop
  endfacet
  facet normal -9.807853e-001  0.000000e+000 -1.950904e-001
    outer loop
      vertex  1.238795e-001 -1.970000e+001  5.382683e+000
      vertex  1.238795e-001 -1.770000e+001  5.382683e+000
      vertex  2.000000e-001 -1.770000e+001  5.000000e+000
    endloop
  endfacet
  facet normal -9.807853e-001  -0.000000e+000 -1.950904e-001
    outer loop
      vertex  1.238795e-001 -1.970000e+001  5.382683e+000
      vertex  2.000000e-001 -1.770000e+001  5.000000e+000
      vertex  2.000000e-001 -1.970000e+001  5.000000e+000
    endloop
  endfacet
  facet normal  0.000000e+000  -0.000000e+000  9.999999e-001
    outer loop
      vertex -3.300000e+000 -2.370000e+001  2.396636e+000
      vertex -1.483235e+000 -2.370000e+001  2.396636e+000
      vertex -1.483235e+000 -1.970000e+001  2.396636e+000
    endloop
  endfacet
  facet normal  0.000000e+000  0.000000e+000  1.000000e+000
    outer loop
      vertex -3.300000e+000 -2.370000e+001  2.396636e+000
      vertex -1.483235e+000 -1.970000e+001  2.396636e+000
      vertex -7.300000e+000 -1.970000e+001  2.396636e+000
    endloop
  endfacet
  facet normal  0.000000e+000  0.000000e+000  1.000000e+000
    outer loop
      vertex -3.300000e+000 -2.370000e+001  2.396636e+000
      vertex -7.300000e+000 -1.970000e+001  2.396636e+000
      vertex -7.223141e+000 -2.048036e+001  2.396636e+000
    endloop
  endfacet
  facet normal  0.000000e+000  0.000000e+000  1.000000e+000
    outer loop
      vertex -3.300000e+000 -2.370000e+001  2.396636e+000
      vertex -7.223141e+000 -2.048036e+001  2.396636e+000
      vertex -6.995518e+000 -2.123073e+001  2.396636e+000
    endloop
  endfacet
  facet normal  0.000000e+000  0.000000e+000  1.000000e+000
    outer loop
      vertex -3.300000e+000 -2.370000e+001  2.396636e+000
      vertex -6.995518e+000 -2.123073e+001  2.396636e+000
      vertex -6.625878e+000 -2.192228e+001  2.396636e+000
    endloop
  endfacet
  facet normal  0.000000e+000  0.000000e+000  1.000000e+000
    outer loop
      vertex -3.300000e+000 -2.370000e+001  2.396636e+000
      vertex -6.625878e+000 -2.192228e+001  2.396636e+000
      vertex -6.128427e+000 -2.252843e+001  2.396636e+000
    endloop
  endfacet
  facet normal  0.000000e+000  0.000000e+000  9.999999e-001
    outer loop
      vertex -3.300000e+000 -2.370000e+001  2.396636e+000
      vertex -6.128427e+000 -2.252843e+001  2.396636e+000
      vertex -5.522281e+000 -2.302588e+001  2.396636e+000
    endloop
  endfacet
  facet normal  0.000000e+000  0.000000e+000  9.999999e-001
    outer loop
      vertex -3.300000e+000 -2.370000e+001  2.396636e+000
      vertex -5.522281e+000 -2.302588e+001  2.396636e+000
      vertex -4.830734e+000 -2.339552e+001  2.396636e+000
    endloop
  endfacet
  facet normal  0.000000e+000  0.000000e+000  9.999999e-001
    outer loop
      vertex -3.300000e+000 -2.370000e+001  2.396636e+000
      vertex -4.830734e+000 -2.339552e+001  2.396636e+000
      vertex -4.080361e+000 -2.362314e+001  2.396636e+000
    endloop
  endfacet
  facet normal  7.103955e-002  0.000000e+000  9.974734e-001
    outer loop
      vertex  4.983296e+000 -2.370000e+001  1.936093e+000
      vertex  4.983296e+000 -1.970000e+001  1.936093e+000
      vertex -1.483235e+000 -2.370000e+001  2.396636e+000
    endloop
  endfacet
  facet normal  7.103955e-002  -0.000000e+000  9.974734e-001
    outer loop
      vertex -1.483235e+000 -2.370000e+001  2.396636e+000
      vertex  4.983296e+000 -1.970000e+001  1.936093e+000
      vertex -1.483235e+000 -1.970000e+001  2.396636e+000
    endloop
  endfacet
  facet normal  8.468589e-001 -4.387243e-003  5.317996e-001
    outer loop
      vertex  4.983191e+000 -1.970000e+001  8.064049e+000
      vertex  5.419360e+000 -1.970000e+001  7.369476e+000
      vertex  5.357649e+000 -1.770000e+001  7.484247e+000
    endloop
  endfacet
  facet normal  7.619606e-001 -1.353121e-003 -6.476219e-001
    outer loop
      vertex  4.983296e+000 -2.370000e+001  1.936093e+000
      vertex  4.560986e+000 -2.370000e+001  1.439223e+000
      vertex  4.876953e+000 -1.770000e+001  1.798438e+000
    endloop
  endfacet
  facet normal  9.123788e-001  4.668231e-003 -4.093199e-001
    outer loop
      vertex  5.419442e+000 -1.970000e+001  2.630680e+000
      vertex  5.357649e+000 -1.770000e+001  2.515753e+000
      vertex  5.711095e+000 -1.770000e+001  3.303589e+000
    endloop
  endfacet
  facet normal  9.208648e-001 -3.113323e-003 -3.898698e-001
    outer loop
      vertex  5.419442e+000 -1.970000e+001  2.630680e+000
      vertex  5.711095e+000 -1.770000e+001  3.303589e+000
      vertex  5.739202e+000 -1.970000e+001  3.385947e+000
    endloop
  endfacet
  facet normal  9.681536e-001  3.297097e-003 -2.503349e-001
    outer loop
      vertex  5.739202e+000 -1.970000e+001  3.385947e+000
      vertex  5.711095e+000 -1.770000e+001  3.303589e+000
      vertex  5.927258e+000 -1.770000e+001  4.139582e+000
    endloop
  endfacet
  facet normal  9.712680e-001 -1.650381e-003 -2.379825e-001
    outer loop
      vertex  5.739202e+000 -1.970000e+001  3.385947e+000
      vertex  5.927258e+000 -1.770000e+001  4.139582e+000
      vertex  5.934387e+000 -1.970000e+001  4.182550e+000
    endloop
  endfacet
  facet normal  9.681537e-001  3.291040e-003  2.503350e-001
    outer loop
      vertex  5.927258e+000 -1.770000e+001  5.860418e+000
      vertex  5.711095e+000 -1.770000e+001  6.696411e+000
      vertex  5.739146e+000 -1.970000e+001  6.614221e+000
    endloop
  endfacet
  facet normal  9.208513e-001 -3.107880e-003  3.899016e-001
    outer loop
      vertex  5.419360e+000 -1.970000e+001  7.369476e+000
      vertex  5.739146e+000 -1.970000e+001  6.614221e+000
      vertex  5.711095e+000 -1.770000e+001  6.696411e+000
    endloop
  endfacet
  facet normal  9.123789e-001  4.662915e-003  4.093201e-001
    outer loop
      vertex  5.711095e+000 -1.770000e+001  6.696411e+000
      vertex  5.357649e+000 -1.770000e+001  7.484247e+000
      vertex  5.419360e+000 -1.970000e+001  7.369476e+000
    endloop
  endfacet
  facet normal  7.913577e-001  0.000000e+000 -6.113534e-001
    outer loop
      vertex  4.983296e+000 -1.970000e+001  1.936093e+000
      vertex  4.983296e+000 -2.370000e+001  1.936093e+000
      vertex  4.876953e+000 -1.770000e+001  1.798438e+000
    endloop
  endfacet
  facet normal  8.307048e-001  5.855043e-003 -5.566822e-001
    outer loop
      vertex  4.983296e+000 -1.970000e+001  1.936093e+000
      vertex  4.876953e+000 -1.770000e+001  1.798438e+000
      vertex  5.357649e+000 -1.770000e+001  2.515753e+000
    endloop
  endfacet
  facet normal  8.468769e-001 -4.392029e-003 -5.317709e-001
    outer loop
      vertex  4.983296e+000 -1.970000e+001  1.936093e+000
      vertex  5.357649e+000 -1.770000e+001  2.515753e+000
      vertex  5.419442e+000 -1.970000e+001  2.630680e+000
    endloop
  endfacet
  facet normal  5.996166e-001  3.924886e-003 -8.002778e-001
    outer loop
      vertex  3.591617e+000 -1.770000e+001  6.542412e-001
      vertex  4.282651e+000 -1.770000e+001  1.172006e+000
      vertex  3.697487e+000 -2.000837e+001  7.222443e-001
    endloop
  endfacet
  facet normal  5.315279e-001 -5.755085e-004 -8.470406e-001
    outer loop
      vertex  3.591617e+000 -1.770000e+001  6.542412e-001
      vertex  3.697487e+000 -2.000837e+001  7.222443e-001
      vertex  3.501641e+000 -1.989945e+001  5.992747e-001
    endloop
  endfacet
  facet normal  4.865158e-001  1.931343e-003 -8.736696e-001
    outer loop
      vertex  3.591617e+000 -1.770000e+001  6.542412e-001
      vertex  3.501641e+000 -1.989945e+001  5.992747e-001
      vertex  3.227637e+000 -1.980542e+001  4.468994e-001
    endloop
  endfacet
  facet normal  4.328847e-001  1.392809e-002 -9.013417e-001
    outer loop
      vertex  3.591617e+000 -1.770000e+001  6.542412e-001
      vertex  3.227637e+000 -1.980542e+001  4.468994e-001
      vertex  2.935014e+000 -1.974842e+001  3.072430e-001
    endloop
  endfacet
  facet normal  4.567493e-001  4.286994e-003 -8.895851e-001
    outer loop
      vertex  3.591617e+000 -1.770000e+001  6.542412e-001
      vertex  2.935014e+000 -1.974842e+001  3.072430e-001
      vertex  2.823464e+000 -1.770000e+001  2.598404e-001
    endloop
  endfacet
  facet normal  7.254636e-001  3.001451e-003 -6.882539e-001
    outer loop
      vertex  4.282651e+000 -1.770000e+001  1.172006e+000
      vertex  4.876953e+000 -1.770000e+001  1.798438e+000
      vertex  4.560986e+000 -2.370000e+001  1.439223e+000
    endloop
  endfacet
  facet normal  6.735573e-001 -1.672392e-003 -7.391330e-001
    outer loop
      vertex  4.282651e+000 -1.770000e+001  1.172006e+000
      vertex  4.560986e+000 -2.370000e+001  1.439223e+000
      vertex  4.079001e+000 -2.370000e+001  1.000000e+000
    endloop
  endfacet
  facet normal  6.452581e-001  0.000000e+000 -7.639648e-001
    outer loop
      vertex  4.282651e+000 -1.770000e+001  1.172006e+000
      vertex  4.079001e+000 -2.370000e+001  1.000000e+000
      vertex  4.079001e+000 -2.070000e+001  1.000000e+000
    endloop
  endfacet
  facet normal  6.306040e-001  1.690714e-003 -7.761029e-001
    outer loop
      vertex  4.282651e+000 -1.770000e+001  1.172006e+000
      vertex  4.079001e+000 -2.070000e+001  1.000000e+000
      vertex  4.052738e+000 -2.049645e+001  9.791039e-001
    endloop
  endfacet
  facet normal  6.187261e-001  3.322368e-003 -7.855998e-001
    outer loop
      vertex  4.282651e+000 -1.770000e+001  1.172006e+000
      vertex  4.052738e+000 -2.049645e+001  9.791039e-001
      vertex  3.984959e+000 -2.032346e+001  9.264537e-001
    endloop
  endfacet
  facet normal  6.014382e-001  6.528306e-003 -7.988927e-001
    outer loop
      vertex  4.282651e+000 -1.770000e+001  1.172006e+000
      vertex  3.984959e+000 -2.032346e+001  9.264537e-001
      vertex  3.868011e+000 -2.015705e+001  8.397706e-001
    endloop
  endfacet
  facet normal  5.753722e-001  1.348104e-002 -8.177806e-001
    outer loop
      vertex  4.282651e+000 -1.770000e+001  1.172006e+000
      vertex  3.868011e+000 -2.015705e+001  8.397706e-001
      vertex  3.697487e+000 -2.000837e+001  7.222443e-001
    endloop
  endfacet
  facet normal  5.315282e-001 -5.753615e-004  8.470404e-001
    outer loop
      vertex  3.591617e+000 -1.770000e+001  9.345758e+000
      vertex  3.501641e+000 -1.989945e+001  9.400725e+000
      vertex  3.697487e+000 -2.000837e+001  9.277756e+000
    endloop
  endfacet
  facet normal  5.685682e-001  1.842423e-003  8.226340e-001
    outer loop
      vertex  3.591617e+000 -1.770000e+001  9.345758e+000
      vertex  3.697487e+000 -2.000837e+001  9.277756e+000
      vertex  3.868011e+000 -2.015705e+001  9.160230e+000
    endloop
  endfacet
  facet normal  6.023034e-001  7.479856e-003  7.982323e-001
    outer loop
      vertex  3.591617e+000 -1.770000e+001  9.345758e+000
      vertex  3.868011e+000 -2.015705e+001  9.160230e+000
      vertex  3.984959e+000 -2.032346e+001  9.073546e+000
    endloop
  endfacet
  facet normal  6.382825e-001  1.584115e-002  7.696392e-001
    outer loop
      vertex  3.591617e+000 -1.770000e+001  9.345758e+000
      vertex  3.984959e+000 -2.032346e+001  9.073546e+000
      vertex  4.052738e+000 -2.049645e+001  9.020896e+000
    endloop
  endfacet
  facet normal  5.996107e-001  5.905955e-003  8.002700e-001
    outer loop
      vertex  4.282651e+000 -1.770000e+001  8.827993e+000
      vertex  3.591617e+000 -1.770000e+001  9.345758e+000
      vertex  4.052738e+000 -2.049645e+001  9.020896e+000
    endloop
  endfacet
  facet normal  6.306021e-001  1.690994e-003  7.761045e-001
    outer loop
      vertex  4.282651e+000 -1.770000e+001  8.827993e+000
      vertex  4.052738e+000 -2.049645e+001  9.020896e+000
      vertex  4.079001e+000 -2.070000e+001  9.000000e+000
    endloop
  endfacet
  facet normal  6.452585e-001  0.000000e+000  7.639642e-001
    outer loop
      vertex  4.282651e+000 -1.770000e+001  8.827993e+000
      vertex  4.079001e+000 -2.070000e+001  9.000000e+000
      vertex  4.079001e+000 -2.370000e+001  9.000000e+000
    endloop
  endfacet
  facet normal  6.735510e-001 -1.671981e-003  7.391389e-001
    outer loop
      vertex  4.282651e+000 -1.770000e+001  8.827993e+000
      vertex  4.079001e+000 -2.370000e+001  9.000000e+000
      vertex  4.560925e+000 -2.370000e+001  8.560841e+000
    endloop
  endfacet
  facet normal  7.254636e-001  3.001343e-003  6.882539e-001
    outer loop
      vertex  4.282651e+000 -1.770000e+001  8.827993e+000
      vertex  4.560925e+000 -2.370000e+001  8.560841e+000
      vertex  4.876953e+000 -1.770000e+001  8.201562e+000
    endloop
  endfacet
  facet normal  3.009194e-001  0.000000e+000  9.536496e-001
    outer loop
      vertex  2.823464e+000 -1.770000e+001  9.740160e+000
      vertex  2.000000e+000 -1.770000e+001  1.000000e+001
      vertex  2.000000e+000 -1.970000e+001  1.000000e+001
    endloop
  endfacet
  facet normal  2.818567e-001  8.598144e-003  9.594180e-001
    outer loop
      vertex  2.823464e+000 -1.770000e+001  9.740160e+000
      vertex  2.000000e+000 -1.970000e+001  1.000000e+001
      vertex  2.630954e+000 -1.971736e+001  9.814795e+000
    endloop
  endfacet
  facet normal  3.723742e-001 -1.198963e-003  9.280819e-001
    outer loop
      vertex  2.823464e+000 -1.770000e+001  9.740160e+000
      vertex  2.630954e+000 -1.971736e+001  9.814795e+000
      vertex  2.935014e+000 -1.974842e+001  9.692757e+000
    endloop
  endfacet
  facet normal  4.311278e-001  2.597477e-003  9.022871e-001
    outer loop
      vertex  2.823464e+000 -1.770000e+001  9.740160e+000
      vertex  2.935014e+000 -1.974842e+001  9.692757e+000
      vertex  3.227637e+000 -1.980542e+001  9.553101e+000
    endloop
  endfacet
  facet normal  4.903151e-001  1.670504e-002  8.713852e-001
    outer loop
      vertex  2.823464e+000 -1.770000e+001  9.740160e+000
      vertex  3.227637e+000 -1.980542e+001  9.553101e+000
      vertex  3.501641e+000 -1.989945e+001  9.400725e+000
    endloop
  endfacet
  facet normal  4.567513e-001  3.546929e-003  8.895875e-001
    outer loop
      vertex  2.823464e+000 -1.770000e+001  9.740160e+000
      vertex  3.501641e+000 -1.989945e+001  9.400725e+000
      vertex  3.591617e+000 -1.770000e+001  9.345758e+000
    endloop
  endfacet
  facet normal  7.619436e-001 -1.351942e-003  6.476420e-001
    outer loop
      vertex  4.560925e+000 -2.370000e+001  8.560841e+000
      vertex  4.983191e+000 -2.370000e+001  8.064049e+000
      vertex  4.876953e+000 -1.770000e+001  8.201562e+000
    endloop
  endfacet
  facet normal  7.913457e-001  0.000000e+000  6.113690e-001
    outer loop
      vertex  4.876953e+000 -1.770000e+001  8.201562e+000
      vertex  4.983191e+000 -2.370000e+001  8.064049e+000
      vertex  4.983191e+000 -1.970000e+001  8.064049e+000
    endloop
  endfacet
  facet normal  8.307049e-001  5.850792e-003  5.566823e-001
    outer loop
      vertex  4.876953e+000 -1.770000e+001  8.201562e+000
      vertex  4.983191e+000 -1.970000e+001  8.064049e+000
      vertex  5.357649e+000 -1.770000e+001  7.484247e+000
    endloop
  endfacet
  facet normal  2.816488e-001  0.000000e+000 -9.595175e-001
    outer loop
      vertex  2.000000e+000 -1.970000e+001  0.000000e+000
      vertex  2.000000e+000 -1.770000e+001  0.000000e+000
      vertex  2.630954e+000 -1.971736e+001  1.852051e-001
    endloop
  endfacet
  facet normal  3.009133e-001  6.565824e-003 -9.536289e-001
    outer loop
      vertex  2.630954e+000 -1.971736e+001  1.852051e-001
      vertex  2.000000e+000 -1.770000e+001  0.000000e+000
      vertex  2.823464e+000 -1.770000e+001  2.598404e-001
    endloop
  endfacet
  facet normal  3.723743e-001 -1.198618e-003 -9.280818e-001
    outer loop
      vertex  2.630954e+000 -1.971736e+001  1.852051e-001
      vertex  2.823464e+000 -1.770000e+001  2.598404e-001
      vertex  2.935014e+000 -1.974842e+001  3.072430e-001
    endloop
  endfacet
  facet normal  9.967933e-001  1.834709e-003 -7.999918e-002
    outer loop
      vertex  5.934387e+000 -1.970000e+001  4.182550e+000
      vertex  5.927258e+000 -1.770000e+001  4.139582e+000
      vertex  6.000000e+000 -1.970000e+001  5.000088e+000
    endloop
  endfacet
  facet normal  9.964453e-001 -3.715728e-006 -8.424266e-002
    outer loop
      vertex  6.000000e+000 -1.970000e+001  5.000088e+000
      vertex  5.927258e+000 -1.770000e+001  4.139582e+000
      vertex  6.000000e+000 -1.770000e+001  5.000000e+000
    endloop
  endfacet
  facet normal  9.967921e-001  3.530076e-006  8.003357e-002
    outer loop
      vertex  6.000000e+000 -1.970000e+001  5.000088e+000
      vertex  6.000000e+000 -1.770000e+001  5.000000e+000
      vertex  5.934359e+000 -1.970000e+001  5.817625e+000
    endloop
  endfacet
  facet normal  9.964437e-001  1.735634e-003  8.424252e-002
    outer loop
      vertex  5.934359e+000 -1.970000e+001  5.817625e+000
      vertex  6.000000e+000 -1.770000e+001  5.000000e+000
      vertex  5.927258e+000 -1.770000e+001  5.860418e+000
    endloop
  endfacet
  facet normal  9.712598e-001 -1.644030e-003  2.380163e-001
    outer loop
      vertex  5.934359e+000 -1.970000e+001  5.817625e+000
      vertex  5.927258e+000 -1.770000e+001  5.860418e+000
      vertex  5.739146e+000 -1.970000e+001  6.614221e+000
    endloop
  endfacet
  facet normal  7.103956e-002  0.000000e+000 -9.974735e-001
    outer loop
      vertex -1.485410e+000 -2.370000e+001  7.603358e+000
      vertex -1.485410e+000 -1.970000e+001  7.603358e+000
      vertex  4.983191e+000 -2.370000e+001  8.064049e+000
    endloop
  endfacet
  facet normal  7.103956e-002  0.000000e+000 -9.974735e-001
    outer loop
      vertex  4.983191e+000 -2.370000e+001  8.064049e+000
      vertex -1.485410e+000 -1.970000e+001  7.603358e+000
      vertex  4.983191e+000 -1.970000e+001  8.064049e+000
    endloop
  endfacet
  facet normal  0.000000e+000  0.000000e+000 -1.000000e+000
    outer loop
      vertex -3.300000e+000 -2.370000e+001  7.603364e+000
      vertex -4.080361e+000 -2.362314e+001  7.603364e+000
      vertex -4.830734e+000 -2.339552e+001  7.603364e+000
    endloop
  endfacet
  facet normal  0.000000e+000  0.000000e+000 -9.999999e-001
    outer loop
      vertex -3.300000e+000 -2.370000e+001  7.603364e+000
      vertex -4.830734e+000 -2.339552e+001  7.603364e+000
      vertex -5.522281e+000 -2.302588e+001  7.603364e+000
    endloop
  endfacet
  facet normal  0.000000e+000  0.000000e+000 -9.999999e-001
    outer loop
      vertex -3.300000e+000 -2.370000e+001  7.603364e+000
      vertex -5.522281e+000 -2.302588e+001  7.603364e+000
      vertex -6.128427e+000 -2.252843e+001  7.603364e+000
    endloop
  endfacet
  facet normal  0.000000e+000  0.000000e+000 -1.000000e+000
    outer loop
      vertex -3.300000e+000 -2.370000e+001  7.603364e+000
      vertex -6.128427e+000 -2.252843e+001  7.603364e+000
      vertex -6.625878e+000 -2.192228e+001  7.603364e+000
    endloop
  endfacet
  facet normal  0.000000e+000  0.000000e+000 -1.000000e+000
    outer loop
      vertex -3.300000e+000 -2.370000e+001  7.603364e+000
      vertex -6.625878e+000 -2.192228e+001  7.603364e+000
      vertex -6.995518e+000 -2.123073e+001  7.603364e+000
    endloop
  endfacet
  facet normal  0.000000e+000  0.000000e+000 -1.000000e+000
    outer loop
      vertex -3.300000e+000 -2.370000e+001  7.603364e+000
      vertex -6.995518e+000 -2.123073e+001  7.603364e+000
      vertex -7.223141e+000 -2.048036e+001  7.603364e+000
    endloop
  endfacet
  facet normal  0.000000e+000  0.000000e+000 -1.000000e+000
    outer loop
      vertex -3.300000e+000 -2.370000e+001  7.603364e+000
      vertex -7.223141e+000 -2.048036e+001  7.603364e+000
      vertex -7.300000e+000 -1.970000e+001  7.603364e+000
    endloop
  endfacet
  facet normal -9.840841e-007 -9.840841e-007 -1.000000e+000
    outer loop
      vertex -3.300000e+000 -2.370000e+001  7.603364e+000
      vertex -7.300000e+000 -1.970000e+001  7.603364e+000
      vertex -1.485410e+000 -1.970000e+001  7.603358e+000
    endloop
  endfacet
  facet normal -3.153355e-006  -0.000000e+000 -1.000000e+000
    outer loop
      vertex -3.300000e+000 -2.370000e+001  7.603364e+000
      vertex -1.485410e+000 -1.970000e+001  7.603358e+000
      vertex -1.485410e+000 -2.370000e+001  7.603358e+000
    endloop
  endfacet
  facet normal  0.000000e+000 -1.000000e+000  0.000000e+000
    outer loop
      vertex -3.300000e+000 -2.370000e+001  7.603364e+000
      vertex -1.485410e+000 -2.370000e+001  7.603358e+000
      vertex  4.983191e+000 -2.370000e+001  8.064049e+000
    endloop
  endfacet
  facet normal  -0.000000e+000 -1.000000e+000  0.000000e+000
    outer loop
      vertex -3.300000e+000 -2.370000e+001  7.603364e+000
      vertex  4.983191e+000 -2.370000e+001  8.064049e+000
      vertex  4.560925e+000 -2.370000e+001  8.560841e+000
    endloop
  endfacet
  facet normal  -0.000000e+000 -9.999999e-001  0.000000e+000
    outer loop
      vertex -3.300000e+000 -2.370000e+001  7.603364e+000
      vertex  4.560925e+000 -2.370000e+001  8.560841e+000
      vertex  4.079001e+000 -2.370000e+001  9.000000e+000
    endloop
  endfacet
  facet normal  -0.000000e+000 -1.000000e+000  0.000000e+000
    outer loop
      vertex -3.300000e+000 -2.370000e+001  7.603364e+000
      vertex  4.079001e+000 -2.370000e+001  9.000000e+000
      vertex -3.300000e+000 -2.370000e+001  9.000000e+000
    endloop
  endfacet
  facet normal  -0.000000e+000  0.000000e+000  1.000000e+000
    outer loop
      vertex  4.079001e+000 -2.070000e+001  9.000000e+000
      vertex -7.172983e+000 -2.070000e+001  9.000000e+000
      vertex -6.917331e+000 -2.140731e+001  9.000000e+000
    endloop
  endfacet
  facet normal  -0.000000e+000  0.000000e+000  1.000000e+000
    outer loop
      vertex  4.079001e+000 -2.070000e+001  9.000000e+000
      vertex -6.917331e+000 -2.140731e+001  9.000000e+000
      vertex -6.533794e+000 -2.205427e+001  9.000000e+000
    endloop
  endfacet
  facet normal  -0.000000e+000  0.000000e+000  9.999999e-001
    outer loop
      vertex  4.079001e+000 -2.070000e+001  9.000000e+000
      vertex -6.533794e+000 -2.205427e+001  9.000000e+000
      vertex -6.035933e+000 -2.261799e+001  9.000000e+000
    endloop
  endfacet
  facet normal  -0.000000e+000  0.000000e+000  9.999999e-001
    outer loop
      vertex  4.079001e+000 -2.070000e+001  9.000000e+000
      vertex -6.035933e+000 -2.261799e+001  9.000000e+000
      vertex -5.441349e+000 -2.307855e+001  9.000000e+000
    endloop
  endfacet
  facet normal  -0.000000e+000  0.000000e+000  1.000000e+000
    outer loop
      vertex  4.079001e+000 -2.070000e+001  9.000000e+000
      vertex -5.441349e+000 -2.307855e+001  9.000000e+000
      vertex -4.771060e+000 -2.341967e+001  9.000000e+000
    endloop
  endfacet
  facet normal  -0.000000e+000  0.000000e+000  1.000000e+000
    outer loop
      vertex  4.079001e+000 -2.070000e+001  9.000000e+000
      vertex -4.771060e+000 -2.341967e+001  9.000000e+000
      vertex -4.048766e+000 -2.362929e+001  9.000000e+000
    endloop
  endfacet
  facet normal  -0.000000e+000  0.000000e+000  1.000000e+000
    outer loop
      vertex  4.079001e+000 -2.070000e+001  9.000000e+000
      vertex -4.048766e+000 -2.362929e+001  9.000000e+000
      vertex -3.300000e+000 -2.370000e+001  9.000000e+000
    endloop
  endfacet
  facet normal  0.000000e+000  0.000000e+000  9.999999e-001
    outer loop
      vertex  4.079001e+000 -2.070000e+001  9.000000e+000
      vertex -3.300000e+000 -2.370000e+001  9.000000e+000
      vertex  4.079001e+000 -2.370000e+001  9.000000e+000
    endloop
  endfacet
  facet normal  1.950904e-001  0.000000e+000  9.807853e-001
    outer loop
      vertex -2.520000e+001 -1.970000e+001  4.000000e+000
      vertex -2.558268e+001 -1.770000e+001  4.076120e+000
      vertex -2.558268e+001 -1.970000e+001  4.076120e+000
    endloop
  endfacet
  facet normal  5.555713e-001  -0.000000e+000  8.314689e-001
    outer loop
      vertex -2.558268e+001 -1.970000e+001  4.076120e+000
      vertex -2.558268e+001 -1.770000e+001  4.076120e+000
      vertex -2.590711e+001 -1.770000e+001  4.292893e+000
    endloop
  endfacet
  facet normal  5.555713e-001  0.000000e+000  8.314689e-001
    outer loop
      vertex -2.558268e+001 -1.970000e+001  4.076120e+000
      vertex -2.590711e+001 -1.770000e+001  4.292893e+000
      vertex -2.590711e+001 -1.970000e+001  4.292893e+000
    endloop
  endfacet
  facet normal  8.314681e-001  -0.000000e+000  5.555725e-001
    outer loop
      vertex -2.590711e+001 -1.970000e+001  4.292893e+000
      vertex -2.590711e+001 -1.770000e+001  4.292893e+000
      vertex -2.612388e+001 -1.770000e+001  4.617317e+000
    endloop
  endfacet
  facet normal  8.314681e-001  0.000000e+000  5.555725e-001
    outer loop
      vertex -2.590711e+001 -1.970000e+001  4.292893e+000
      vertex -2.612388e+001 -1.770000e+001  4.617317e+000
      vertex -2.612388e+001 -1.970000e+001  4.617317e+000
    endloop
  endfacet
  facet normal  9.807853e-001  -0.000000e+000  1.950902e-001
    outer loop
      vertex -2.612388e+001 -1.970000e+001  4.617317e+000
      vertex -2.612388e+001 -1.770000e+001  4.617317e+000
      vertex -2.620000e+001 -1.770000e+001  5.000000e+000
    endloop
  endfacet
  facet normal  9.807853e-001  0.000000e+000  1.950902e-001
    outer loop
      vertex -2.612388e+001 -1.970000e+001  4.617317e+000
      vertex -2.620000e+001 -1.770000e+001  5.000000e+000
      vertex -2.620000e+001 -1.970000e+001  5.000000e+000
    endloop
  endfacet
  facet normal  1.950904e-001  -0.000000e+000  9.807853e-001
    outer loop
      vertex -2.558268e+001 -1.770000e+001  4.076120e+000
      vertex -2.520000e+001 -1.970000e+001  4.000000e+000
      vertex -2.520000e+001 -1.770000e+001  4.000000e+000
    endloop
  endfacet
  facet normal -1.950895e-001  0.000000e+000  9.807855e-001
    outer loop
      vertex -2.520000e+001 -1.770000e+001  4.000000e+000
      vertex -2.520000e+001 -1.970000e+001  4.000000e+000
      vertex -2.481732e+001 -1.970000e+001  4.076120e+000
    endloop
  endfacet
  facet normal -1.950895e-001  0.000000e+000  9.807855e-001
    outer loop
      vertex -2.520000e+001 -1.770000e+001  4.000000e+000
      vertex -2.481732e+001 -1.970000e+001  4.076120e+000
      vertex -2.481732e+001 -1.770000e+001  4.076120e+000
    endloop
  endfacet
  facet normal -5.555713e-001  0.000000e+000  8.314689e-001
    outer loop
      vertex -2.481732e+001 -1.770000e+001  4.076120e+000
      vertex -2.481732e+001 -1.970000e+001  4.076120e+000
      vertex -2.449289e+001 -1.970000e+001  4.292893e+000
    endloop
  endfacet
  facet normal -5.555713e-001  0.000000e+000  8.314689e-001
    outer loop
      vertex -2.481732e+001 -1.770000e+001  4.076120e+000
      vertex -2.449289e+001 -1.970000e+001  4.292893e+000
      vertex -2.449289e+001 -1.770000e+001  4.292893e+000
    endloop
  endfacet
  facet normal -8.314704e-001  0.000000e+000  5.555691e-001
    outer loop
      vertex -2.449289e+001 -1.770000e+001  4.292893e+000
      vertex -2.449289e+001 -1.970000e+001  4.292893e+000
      vertex -2.427612e+001 -1.970000e+001  4.617317e+000
    endloop
  endfacet
  facet normal -8.314704e-001  0.000000e+000  5.555691e-001
    outer loop
      vertex -2.449289e+001 -1.770000e+001  4.292893e+000
      vertex -2.427612e+001 -1.970000e+001  4.617317e+000
      vertex -2.427612e+001 -1.770000e+001  4.617317e+000
    endloop
  endfacet
  facet normal -9.807853e-001  0.000000e+000  1.950902e-001
    outer loop
      vertex -2.427612e+001 -1.770000e+001  4.617317e+000
      vertex -2.427612e+001 -1.970000e+001  4.617317e+000
      vertex -2.420000e+001 -1.970000e+001  5.000000e+000
    endloop
  endfacet
  facet normal -9.807853e-001  0.000000e+000  1.950902e-001
    outer loop
      vertex -2.427612e+001 -1.770000e+001  4.617317e+000
      vertex -2.420000e+001 -1.970000e+001  5.000000e+000
      vertex -2.420000e+001 -1.770000e+001  5.000000e+000
    endloop
  endfacet
  facet normal -1.950895e-001  -0.000000e+000 -9.807855e-001
    outer loop
      vertex -2.520000e+001 -1.970000e+001  6.000000e+000
      vertex -2.481732e+001 -1.770000e+001  5.923880e+000
      vertex -2.481732e+001 -1.970000e+001  5.923880e+000
    endloop
  endfacet
  facet normal -5.555713e-001  0.000000e+000 -8.314689e-001
    outer loop
      vertex -2.481732e+001 -1.970000e+001  5.923880e+000
      vertex -2.481732e+001 -1.770000e+001  5.923880e+000
      vertex -2.449289e+001 -1.770000e+001  5.707107e+000
    endloop
  endfacet
  facet normal -5.555713e-001  -0.000000e+000 -8.314689e-001
    outer loop
      vertex -2.481732e+001 -1.970000e+001  5.923880e+000
      vertex -2.449289e+001 -1.770000e+001  5.707107e+000
      vertex -2.449289e+001 -1.970000e+001  5.707107e+000
    endloop
  endfacet
  facet normal -8.314704e-001  0.000000e+000 -5.555691e-001
    outer loop
      vertex -2.449289e+001 -1.970000e+001  5.707107e+000
      vertex -2.449289e+001 -1.770000e+001  5.707107e+000
      vertex -2.427612e+001 -1.770000e+001  5.382683e+000
    endloop
  endfacet
  facet normal -8.314704e-001  -0.000000e+000 -5.555691e-001
    outer loop
      vertex -2.449289e+001 -1.970000e+001  5.707107e+000
      vertex -2.427612e+001 -1.770000e+001  5.382683e+000
      vertex -2.427612e+001 -1.970000e+001  5.382683e+000
    endloop
  endfacet
  facet normal -9.807853e-001  0.000000e+000 -1.950902e-001
    outer loop
      vertex -2.427612e+001 -1.970000e+001  5.382683e+000
      vertex -2.427612e+001 -1.770000e+001  5.382683e+000
      vertex -2.420000e+001 -1.770000e+001  5.000000e+000
    endloop
  endfacet
  facet normal -9.807853e-001  -0.000000e+000 -1.950902e-001
    outer loop
      vertex -2.427612e+001 -1.970000e+001  5.382683e+000
      vertex -2.420000e+001 -1.770000e+001  5.000000e+000
      vertex -2.420000e+001 -1.970000e+001  5.000000e+000
    endloop
  endfacet
  facet normal -1.950895e-001  0.000000e+000 -9.807855e-001
    outer loop
      vertex -2.481732e+001 -1.770000e+001  5.923880e+000
      vertex -2.520000e+001 -1.970000e+001  6.000000e+000
      vertex -2.520000e+001 -1.770000e+001  6.000000e+000
    endloop
  endfacet
  facet normal  1.950904e-001  0.000000e+000 -9.807853e-001
    outer loop
      vertex -2.520000e+001 -1.770000e+001  6.000000e+000
      vertex -2.520000e+001 -1.970000e+001  6.000000e+000
      vertex -2.558268e+001 -1.970000e+001  5.923880e+000
    endloop
  endfacet
  facet normal  1.950904e-001  0.000000e+000 -9.807853e-001
    outer loop
      vertex -2.520000e+001 -1.770000e+001  6.000000e+000
      vertex -2.558268e+001 -1.970000e+001  5.923880e+000
      vertex -2.558268e+001 -1.770000e+001  5.923880e+000
    endloop
  endfacet
  facet normal  5.555713e-001  0.000000e+000 -8.314689e-001
    outer loop
      vertex -2.558268e+001 -1.770000e+001  5.923880e+000
      vertex -2.558268e+001 -1.970000e+001  5.923880e+000
      vertex -2.590711e+001 -1.970000e+001  5.707107e+000
    endloop
  endfacet
  facet normal  5.555713e-001  0.000000e+000 -8.314689e-001
    outer loop
      vertex -2.558268e+001 -1.770000e+001  5.923880e+000
      vertex -2.590711e+001 -1.970000e+001  5.707107e+000
      vertex -2.590711e+001 -1.770000e+001  5.707107e+000
    endloop
  endfacet
  facet normal  8.314681e-001  0.000000e+000 -5.555725e-001
    outer loop
      vertex -2.590711e+001 -1.770000e+001  5.707107e+000
      vertex -2.590711e+001 -1.970000e+001  5.707107e+000
      vertex -2.612388e+001 -1.970000e+001  5.382683e+000
    endloop
  endfacet
  facet normal  8.314681e-001  0.000000e+000 -5.555725e-001
    outer loop
      vertex -2.590711e+001 -1.770000e+001  5.707107e+000
      vertex -2.612388e+001 -1.970000e+001  5.382683e+000
      vertex -2.612388e+001 -1.770000e+001  5.382683e+000
    endloop
  endfacet
  facet normal  9.807853e-001  0.000000e+000 -1.950902e-001
    outer loop
      vertex -2.612388e+001 -1.770000e+001  5.382683e+000
      vertex -2.612388e+001 -1.970000e+001  5.382683e+000
      vertex -2.620000e+001 -1.970000e+001  5.000000e+000
    endloop
  endfacet
  facet normal  9.807853e-001  0.000000e+000 -1.950902e-001
    outer loop
      vertex -2.612388e+001 -1.770000e+001  5.382683e+000
      vertex -2.620000e+001 -1.970000e+001  5.000000e+000
      vertex -2.620000e+001 -1.770000e+001  5.000000e+000
    endloop
  endfacet
  facet normal  -0.000000e+000  0.000000e+000  1.000000e+000
    outer loop
      vertex -1.870000e+001 -1.970000e+001  2.396636e+000
      vertex -2.451677e+001 -1.970000e+001  2.396636e+000
      vertex -2.451677e+001 -2.370000e+001  2.396636e+000
    endloop
  endfacet
  facet normal  0.000000e+000  0.000000e+000  1.000000e+000
    outer loop
      vertex -1.870000e+001 -1.970000e+001  2.396636e+000
      vertex -2.451677e+001 -2.370000e+001  2.396636e+000
      vertex -2.270000e+001 -2.370000e+001  2.396636e+000
    endloop
  endfacet
  facet normal  0.000000e+000  0.000000e+000  1.000000e+000
    outer loop
      vertex -1.870000e+001 -1.970000e+001  2.396636e+000
      vertex -2.270000e+001 -2.370000e+001  2.396636e+000
      vertex -2.191964e+001 -2.362314e+001  2.396636e+000
    endloop
  endfacet
  facet normal  0.000000e+000  0.000000e+000  1.000000e+000
    outer loop
      vertex -1.870000e+001 -1.970000e+001  2.396636e+000
      vertex -2.191964e+001 -2.362314e+001  2.396636e+000
      vertex -2.116927e+001 -2.339552e+001  2.396636e+000
    endloop
  endfacet
  facet normal  0.000000e+000  0.000000e+000  1.000000e+000
    outer loop
      vertex -1.870000e+001 -1.970000e+001  2.396636e+000
      vertex -2.116927e+001 -2.339552e+001  2.396636e+000
      vertex -2.047772e+001 -2.302588e+001  2.396636e+000
    endloop
  endfacet
  facet normal  0.000000e+000  0.000000e+000  1.000000e+000
    outer loop
      vertex -1.870000e+001 -1.970000e+001  2.396636e+000
      vertex -2.047772e+001 -2.302588e+001  2.396636e+000
      vertex -1.987157e+001 -2.252843e+001  2.396636e+000
    endloop
  endfacet
  facet normal  0.000000e+000  0.000000e+000  1.000000e+000
    outer loop
      vertex -1.870000e+001 -1.970000e+001  2.396636e+000
      vertex -1.987157e+001 -2.252843e+001  2.396636e+000
      vertex -1.937412e+001 -2.192228e+001  2.396636e+000
    endloop
  endfacet
  facet normal  0.000000e+000  0.000000e+000  1.000000e+000
    outer loop
      vertex -1.870000e+001 -1.970000e+001  2.396636e+000
      vertex -1.937412e+001 -2.192228e+001  2.396636e+000
      vertex -1.900448e+001 -2.123073e+001  2.396636e+000
    endloop
  endfacet
  facet normal  0.000000e+000  0.000000e+000  9.999999e-001
    outer loop
      vertex -1.870000e+001 -1.970000e+001  2.396636e+000
      vertex -1.900448e+001 -2.123073e+001  2.396636e+000
      vertex -1.877686e+001 -2.048036e+001  2.396636e+000
    endloop
  endfacet
  facet normal  -0.000000e+000  0.000000e+000 -1.000000e+000
    outer loop
      vertex -1.870000e+001 -1.970000e+001  7.603364e+000
      vertex -1.877686e+001 -2.048036e+001  7.603364e+000
      vertex -1.900448e+001 -2.123073e+001  7.603364e+000
    endloop
  endfacet
  facet normal  -0.000000e+000  0.000000e+000 -1.000000e+000
    outer loop
      vertex -1.870000e+001 -1.970000e+001  7.603364e+000
      vertex -1.900448e+001 -2.123073e+001  7.603364e+000
      vertex -1.937412e+001 -2.192228e+001  7.603364e+000
    endloop
  endfacet
  facet normal  -0.000000e+000  0.000000e+000 -1.000000e+000
    outer loop
      vertex -1.870000e+001 -1.970000e+001  7.603364e+000
      vertex -1.937412e+001 -2.192228e+001  7.603364e+000
      vertex -1.987157e+001 -2.252843e+001  7.603364e+000
    endloop
  endfacet
  facet normal  -0.000000e+000  0.000000e+000 -1.000000e+000
    outer loop
      vertex -1.870000e+001 -1.970000e+001  7.603364e+000
      vertex -1.987157e+001 -2.252843e+001  7.603364e+000
      vertex -2.047772e+001 -2.302588e+001  7.603364e+000
    endloop
  endfacet
  facet normal  -0.000000e+000  0.000000e+000 -9.999999e-001
    outer loop
      vertex -1.870000e+001 -1.970000e+001  7.603364e+000
      vertex -2.047772e+001 -2.302588e+001  7.603364e+000
      vertex -2.116927e+001 -2.339552e+001  7.603364e+000
    endloop
  endfacet
  facet normal  -0.000000e+000  0.000000e+000 -1.000000e+000
    outer loop
      vertex -1.870000e+001 -1.970000e+001  7.603364e+000
      vertex -2.116927e+001 -2.339552e+001  7.603364e+000
      vertex -2.191964e+001 -2.362314e+001  7.603364e+000
    endloop
  endfacet
  facet normal  -0.000000e+000  0.000000e+000 -1.000000e+000
    outer loop
      vertex -1.870000e+001 -1.970000e+001  7.603364e+000
      vertex -2.191964e+001 -2.362314e+001  7.603364e+000
      vertex -2.270000e+001 -2.370000e+001  7.603364e+000
    endloop
  endfacet
  facet normal  3.153357e-006 -3.153357e-006 -1.000000e+000
    outer loop
      vertex -1.870000e+001 -1.970000e+001  7.603364e+000
      vertex -2.270000e+001 -2.370000e+001  7.603364e+000
      vertex -2.451459e+001 -2.370000e+001  7.603358e+000
    endloop
  endfacet
  facet normal  9.840844e-007  0.000000e+000 -1.000000e+000
    outer loop
      vertex -1.870000e+001 -1.970000e+001  7.603364e+000
      vertex -2.451459e+001 -2.370000e+001  7.603358e+000
      vertex -2.451459e+001 -1.970000e+001  7.603358e+000
    endloop
  endfacet
  facet normal -7.103956e-002  0.000000e+000  9.974735e-001
    outer loop
      vertex -3.098330e+001 -2.370000e+001  1.936093e+000
      vertex -2.451677e+001 -2.370000e+001  2.396636e+000
      vertex -3.098330e+001 -1.970000e+001  1.936093e+000
    endloop
  endfacet
  facet normal -7.103956e-002  0.000000e+000  9.974735e-001
    outer loop
      vertex -3.098330e+001 -1.970000e+001  1.936093e+000
      vertex -2.451677e+001 -2.370000e+001  2.396636e+000
      vertex -2.451677e+001 -1.970000e+001  2.396636e+000
    endloop
  endfacet
  facet normal  0.000000e+000 -1.000000e+000  0.000000e+000
    outer loop
      vertex -2.270000e+001 -2.370000e+001  2.396636e+000
      vertex -2.451677e+001 -2.370000e+001  2.396636e+000
      vertex -2.270000e+001 -2.370000e+001  1.000000e+000
    endloop
  endfacet
  facet normal  0.000000e+000 -9.999999e-001  0.000000e+000
    outer loop
      vertex -2.270000e+001 -2.370000e+001  1.000000e+000
      vertex -2.451677e+001 -2.370000e+001  2.396636e+000
      vertex -3.098330e+001 -2.370000e+001  1.936093e+000
    endloop
  endfacet
  facet normal  0.000000e+000 -1.000000e+000  0.000000e+000
    outer loop
      vertex -2.270000e+001 -2.370000e+001  1.000000e+000
      vertex -3.098330e+001 -2.370000e+001  1.936093e+000
      vertex -3.007900e+001 -2.370000e+001  1.000000e+000
    endloop
  endfacet
  facet normal  0.000000e+000 -1.000000e+000  0.000000e+000
    outer loop
      vertex -3.007900e+001 -2.370000e+001  1.000000e+000
      vertex -3.098330e+001 -2.370000e+001  1.936093e+000
      vertex -3.056099e+001 -2.370000e+001  1.439223e+000
    endloop
  endfacet
  facet normal  -0.000000e+000  0.000000e+000 -1.000000e+000
    outer loop
      vertex -3.007900e+001 -2.070000e+001  1.000000e+000
      vertex -1.882702e+001 -2.070000e+001  1.000000e+000
      vertex -1.908267e+001 -2.140731e+001  1.000000e+000
    endloop
  endfacet
  facet normal  -0.000000e+000  0.000000e+000 -1.000000e+000
    outer loop
      vertex -3.007900e+001 -2.070000e+001  1.000000e+000
      vertex -1.908267e+001 -2.140731e+001  1.000000e+000
      vertex -1.946621e+001 -2.205427e+001  1.000000e+000
    endloop
  endfacet
  facet normal  -0.000000e+000  0.000000e+000 -9.999999e-001
    outer loop
      vertex -3.007900e+001 -2.070000e+001  1.000000e+000
      vertex -1.946621e+001 -2.205427e+001  1.000000e+000
      vertex -1.996407e+001 -2.261799e+001  1.000000e+000
    endloop
  endfacet
  facet normal  -0.000000e+000  0.000000e+000 -1.000000e+000
    outer loop
      vertex -3.007900e+001 -2.070000e+001  1.000000e+000
      vertex -1.996407e+001 -2.261799e+001  1.000000e+000
      vertex -2.055865e+001 -2.307855e+001  1.000000e+000
    endloop
  endfacet
  facet normal  -0.000000e+000  0.000000e+000 -1.000000e+000
    outer loop
      vertex -3.007900e+001 -2.070000e+001  1.000000e+000
      vertex -2.055865e+001 -2.307855e+001  1.000000e+000
      vertex -2.122894e+001 -2.341967e+001  1.000000e+000
    endloop
  endfacet
  facet normal  -0.000000e+000  0.000000e+000 -1.000000e+000
    outer loop
      vertex -3.007900e+001 -2.070000e+001  1.000000e+000
      vertex -2.122894e+001 -2.341967e+001  1.000000e+000
      vertex -2.195123e+001 -2.362929e+001  1.000000e+000
    endloop
  endfacet
  facet normal  -0.000000e+000  0.000000e+000 -1.000000e+000
    outer loop
      vertex -3.007900e+001 -2.070000e+001  1.000000e+000
      vertex -2.195123e+001 -2.362929e+001  1.000000e+000
      vertex -2.270000e+001 -2.370000e+001  1.000000e+000
    endloop
  endfacet
  facet normal  0.000000e+000  0.000000e+000 -1.000000e+000
    outer loop
      vertex -3.007900e+001 -2.070000e+001  1.000000e+000
      vertex -2.270000e+001 -2.370000e+001  1.000000e+000
      vertex -3.007900e+001 -2.370000e+001  1.000000e+000
    endloop
  endfacet
  facet normal  0.000000e+000  0.000000e+000  1.000000e+000
    outer loop
      vertex -3.007900e+001 -2.070000e+001  9.000000e+000
      vertex -3.007900e+001 -2.370000e+001  9.000000e+000
      vertex -2.270000e+001 -2.370000e+001  9.000000e+000
    endloop
  endfacet
  facet normal  0.000000e+000  -0.000000e+000  1.000000e+000
    outer loop
      vertex -3.007900e+001 -2.070000e+001  9.000000e+000
      vertex -2.270000e+001 -2.370000e+001  9.000000e+000
      vertex -2.195123e+001 -2.362929e+001  9.000000e+000
    endloop
  endfacet
  facet normal  0.000000e+000  -0.000000e+000  1.000000e+000
    outer loop
      vertex -3.007900e+001 -2.070000e+001  9.000000e+000
      vertex -2.195123e+001 -2.362929e+001  9.000000e+000
      vertex -2.122894e+001 -2.341967e+001  9.000000e+000
    endloop
  endfacet
  facet normal  0.000000e+000  -0.000000e+000  1.000000e+000
    outer loop
      vertex -3.007900e+001 -2.070000e+001  9.000000e+000
      vertex -2.122894e+001 -2.341967e+001  9.000000e+000
      vertex -2.055865e+001 -2.307855e+001  9.000000e+000
    endloop
  endfacet
  facet normal  0.000000e+000  -0.000000e+000  1.000000e+000
    outer loop
      vertex -3.007900e+001 -2.070000e+001  9.000000e+000
      vertex -2.055865e+001 -2.307855e+001  9.000000e+000
      vertex -1.996407e+001 -2.261799e+001  9.000000e+000
    endloop
  endfacet
  facet normal  0.000000e+000  -0.000000e+000  1.000000e+000
    outer loop
      vertex -3.007900e+001 -2.070000e+001  9.000000e+000
      vertex -1.996407e+001 -2.261799e+001  9.000000e+000
      vertex -1.946621e+001 -2.205427e+001  9.000000e+000
    endloop
  endfacet
  facet normal  0.000000e+000  -0.000000e+000  1.000000e+000
    outer loop
      vertex -3.007900e+001 -2.070000e+001  9.000000e+000
      vertex -1.946621e+001 -2.205427e+001  9.000000e+000
      vertex -1.908267e+001 -2.140731e+001  9.000000e+000
    endloop
  endfacet
  facet normal  0.000000e+000  -0.000000e+000  1.000000e+000
    outer loop
      vertex -3.007900e+001 -2.070000e+001  9.000000e+000
      vertex -1.908267e+001 -2.140731e+001  9.000000e+000
      vertex -1.882702e+001 -2.070000e+001  9.000000e+000
    endloop
  endfacet
  facet normal  0.000000e+000 -1.000000e+000  0.000000e+000
    outer loop
      vertex -2.270000e+001 -2.370000e+001  9.000000e+000
      vertex -3.007900e+001 -2.370000e+001  9.000000e+000
      vertex -2.270000e+001 -2.370000e+001  7.603364e+000
    endloop
  endfacet
  facet normal  0.000000e+000 -9.999999e-001  0.000000e+000
    outer loop
      vertex -2.270000e+001 -2.370000e+001  7.603364e+000
      vertex -3.007900e+001 -2.370000e+001  9.000000e+000
      vertex -3.056092e+001 -2.370000e+001  8.560841e+000
    endloop
  endfacet
  facet normal  0.000000e+000 -1.000000e+000  0.000000e+000
    outer loop
      vertex -2.270000e+001 -2.370000e+001  7.603364e+000
      vertex -3.056092e+001 -2.370000e+001  8.560841e+000
      vertex -2.451459e+001 -2.370000e+001  7.603358e+000
    endloop
  endfacet
  facet normal  0.000000e+000 -1.000000e+000  0.000000e+000
    outer loop
      vertex -2.451459e+001 -2.370000e+001  7.603358e+000
      vertex -3.056092e+001 -2.370000e+001  8.560841e+000
      vertex -3.098319e+001 -2.370000e+001  8.064049e+000
    endloop
  endfacet
  facet normal -7.103956e-002  0.000000e+000 -9.974735e-001
    outer loop
      vertex -2.451459e+001 -2.370000e+001  7.603358e+000
      vertex -3.098319e+001 -2.370000e+001  8.064049e+000
      vertex -2.451459e+001 -1.970000e+001  7.603358e+000
    endloop
  endfacet
  facet normal -7.103956e-002  0.000000e+000 -9.974735e-001
    outer loop
      vertex -2.451459e+001 -1.970000e+001  7.603358e+000
      vertex -3.098319e+001 -2.370000e+001  8.064049e+000
      vertex -3.098319e+001 -1.970000e+001  8.064049e+000
    endloop
  endfacet
  facet normal -5.320327e-001  0.000000e+000  8.467238e-001
    outer loop
      vertex -3.812953e+001  1.670000e+001  2.654505e+000
      vertex -3.869835e+001  1.870000e+001  2.297093e+000
      vertex -3.869835e+001  1.670000e+001  2.297093e+000
    endloop
  endfacet
  facet normal -3.302799e-001  0.000000e+000  9.438831e-001
    outer loop
      vertex -3.869835e+001  1.670000e+001  2.297093e+000
      vertex -3.869835e+001  1.870000e+001  2.297093e+000
      vertex -3.933244e+001  1.870000e+001  2.075216e+000
    endloop
  endfacet
  facet normal -3.302799e-001  0.000000e+000  9.438831e-001
    outer loop
      vertex -3.869835e+001  1.670000e+001  2.297093e+000
      vertex -3.933244e+001  1.870000e+001  2.075216e+000
      vertex -3.933244e+001  1.670000e+001  2.075216e+000
    endloop
  endfacet
  facet normal -1.119643e-001  0.000000e+000  9.937122e-001
    outer loop
      vertex -3.933244e+001  1.670000e+001  2.075216e+000
      vertex -3.933244e+001  1.870000e+001  2.075216e+000
      vertex -4.000000e+001  1.870000e+001  2.000000e+000
    endloop
  endfacet
  facet normal -1.119643e-001  0.000000e+000  9.937122e-001
    outer loop
      vertex -3.933244e+001  1.670000e+001  2.075216e+000
      vertex -4.000000e+001  1.870000e+001  2.000000e+000
      vertex -4.000000e+001  1.670000e+001  2.000000e+000
    endloop
  endfacet
  facet normal -5.320327e-001  0.000000e+000  8.467238e-001
    outer loop
      vertex -3.869835e+001  1.870000e+001  2.297093e+000
      vertex -3.812953e+001  1.670000e+001  2.654505e+000
      vertex -3.812953e+001  1.870000e+001  2.654505e+000
    endloop
  endfacet
  facet normal -7.071068e-001  0.000000e+000  7.071068e-001
    outer loop
      vertex -3.812953e+001  1.870000e+001  2.654505e+000
      vertex -3.812953e+001  1.670000e+001  2.654505e+000
      vertex -3.765451e+001  1.670000e+001  3.129531e+000
    endloop
  endfacet
  facet normal -7.071068e-001  0.000000e+000  7.071068e-001
    outer loop
      vertex -3.812953e+001  1.870000e+001  2.654505e+000
      vertex -3.765451e+001  1.670000e+001  3.129531e+000
      vertex -3.765451e+001  1.870000e+001  3.129531e+000
    endloop
  endfacet
  facet normal -8.467228e-001  0.000000e+000  5.320344e-001
    outer loop
      vertex -3.765451e+001  1.870000e+001  3.129531e+000
      vertex -3.765451e+001  1.670000e+001  3.129531e+000
      vertex -3.729709e+001  1.670000e+001  3.698349e+000
    endloop
  endfacet
  facet normal -8.467228e-001  0.000000e+000  5.320344e-001
    outer loop
      vertex -3.765451e+001  1.870000e+001  3.129531e+000
      vertex -3.729709e+001  1.670000e+001  3.698349e+000
      vertex -3.729709e+001  1.870000e+001  3.698349e+000
    endloop
  endfacet
  facet normal -9.438829e-001  0.000000e+000  3.302803e-001
    outer loop
      vertex -3.729709e+001  1.870000e+001  3.698349e+000
      vertex -3.729709e+001  1.670000e+001  3.698349e+000
      vertex -3.707521e+001  1.670000e+001  4.332437e+000
    endloop
  endfacet
  facet normal -9.438829e-001  0.000000e+000  3.302803e-001
    outer loop
      vertex -3.729709e+001  1.870000e+001  3.698349e+000
      vertex -3.707521e+001  1.670000e+001  4.332437e+000
      vertex -3.707521e+001  1.870000e+001  4.332437e+000
    endloop
  endfacet
  facet normal -9.937126e-001  0.000000e+000  1.119617e-001
    outer loop
      vertex -3.707521e+001  1.870000e+001  4.332437e+000
      vertex -3.707521e+001  1.670000e+001  4.332437e+000
      vertex -3.700000e+001  1.670000e+001  5.000000e+000
    endloop
  endfacet
  facet normal -9.937126e-001  0.000000e+000  1.119617e-001
    outer loop
      vertex -3.707521e+001  1.870000e+001  4.332437e+000
      vertex -3.700000e+001  1.670000e+001  5.000000e+000
      vertex -3.700000e+001  1.870000e+001  5.000000e+000
    endloop
  endfacet
  facet normal -8.467230e-001  -0.000000e+000 -5.320341e-001
    outer loop
      vertex -3.765451e+001  1.670000e+001  6.870470e+000
      vertex -3.729709e+001  1.870000e+001  6.301651e+000
      vertex -3.729709e+001  1.670000e+001  6.301651e+000
    endloop
  endfacet
  facet normal -9.438829e-001  0.000000e+000 -3.302805e-001
    outer loop
      vertex -3.729709e+001  1.670000e+001  6.301651e+000
      vertex -3.729709e+001  1.870000e+001  6.301651e+000
      vertex -3.707521e+001  1.870000e+001  5.667563e+000
    endloop
  endfacet
  facet normal -9.438829e-001  -0.000000e+000 -3.302805e-001
    outer loop
      vertex -3.729709e+001  1.670000e+001  6.301651e+000
      vertex -3.707521e+001  1.870000e+001  5.667563e+000
      vertex -3.707521e+001  1.670000e+001  5.667563e+000
    endloop
  endfacet
  facet normal -9.937126e-001  0.000000e+000 -1.119617e-001
    outer loop
      vertex -3.707521e+001  1.670000e+001  5.667563e+000
      vertex -3.707521e+001  1.870000e+001  5.667563e+000
      vertex -3.700000e+001  1.870000e+001  5.000000e+000
    endloop
  endfacet
  facet normal -9.937126e-001  -0.000000e+000 -1.119617e-001
    outer loop
      vertex -3.707521e+001  1.670000e+001  5.667563e+000
      vertex -3.700000e+001  1.870000e+001  5.000000e+000
      vertex -3.700000e+001  1.670000e+001  5.000000e+000
    endloop
  endfacet
  facet normal -8.467230e-001  0.000000e+000 -5.320341e-001
    outer loop
      vertex -3.729709e+001  1.870000e+001  6.301651e+000
      vertex -3.765451e+001  1.670000e+001  6.870470e+000
      vertex -3.765451e+001  1.870000e+001  6.870470e+000
    endloop
  endfacet
  facet normal -7.071064e-001  -0.000000e+000 -7.071071e-001
    outer loop
      vertex -3.765451e+001  1.870000e+001  6.870470e+000
      vertex -3.765451e+001  1.670000e+001  6.870470e+000
      vertex -3.812953e+001  1.670000e+001  7.345494e+000
    endloop
  endfacet
  facet normal -7.071064e-001  0.000000e+000 -7.071071e-001
    outer loop
      vertex -3.765451e+001  1.870000e+001  6.870470e+000
      vertex -3.812953e+001  1.670000e+001  7.345494e+000
      vertex -3.812953e+001  1.870000e+001  7.345494e+000
    endloop
  endfacet
  facet normal -5.320330e-001  -0.000000e+000 -8.467236e-001
    outer loop
      vertex -3.812953e+001  1.870000e+001  7.345494e+000
      vertex -3.812953e+001  1.670000e+001  7.345494e+000
      vertex -3.869835e+001  1.670000e+001  7.702907e+000
    endloop
  endfacet
  facet normal -5.320330e-001  0.000000e+000 -8.467236e-001
    outer loop
      vertex -3.812953e+001  1.870000e+001  7.345494e+000
      vertex -3.869835e+001  1.670000e+001  7.702907e+000
      vertex -3.869835e+001  1.870000e+001  7.702907e+000
    endloop
  endfacet
  facet normal -3.302799e-001  -0.000000e+000 -9.438831e-001
    outer loop
      vertex -3.869835e+001  1.870000e+001  7.702907e+000
      vertex -3.869835e+001  1.670000e+001  7.702907e+000
      vertex -3.933244e+001  1.670000e+001  7.924784e+000
    endloop
  endfacet
  facet normal -3.302799e-001  0.000000e+000 -9.438831e-001
    outer loop
      vertex -3.869835e+001  1.870000e+001  7.702907e+000
      vertex -3.933244e+001  1.670000e+001  7.924784e+000
      vertex -3.933244e+001  1.870000e+001  7.924784e+000
    endloop
  endfacet
  facet normal -1.119643e-001  -0.000000e+000 -9.937122e-001
    outer loop
      vertex -3.933244e+001  1.870000e+001  7.924784e+000
      vertex -3.933244e+001  1.670000e+001  7.924784e+000
      vertex -4.000000e+001  1.670000e+001  8.000000e+000
    endloop
  endfacet
  facet normal -1.119643e-001  0.000000e+000 -9.937122e-001
    outer loop
      vertex -3.933244e+001  1.870000e+001  7.924784e+000
      vertex -4.000000e+001  1.670000e+001  8.000000e+000
      vertex -4.000000e+001  1.870000e+001  8.000000e+000
    endloop
  endfacet
  facet normal  9.937126e-001  0.000000e+000 -1.119617e-001
    outer loop
      vertex -4.300000e+001  1.670000e+001  5.000000e+000
      vertex -4.292479e+001  1.870000e+001  5.667563e+000
      vertex -4.292479e+001  1.670000e+001  5.667563e+000
    endloop
  endfacet
  facet normal  9.438829e-001  0.000000e+000 -3.302805e-001
    outer loop
      vertex -4.292479e+001  1.670000e+001  5.667563e+000
      vertex -4.292479e+001  1.870000e+001  5.667563e+000
      vertex -4.270291e+001  1.870000e+001  6.301651e+000
    endloop
  endfacet
  facet normal  9.438829e-001  0.000000e+000 -3.302805e-001
    outer loop
      vertex -4.292479e+001  1.670000e+001  5.667563e+000
      vertex -4.270291e+001  1.870000e+001  6.301651e+000
      vertex -4.270291e+001  1.670000e+001  6.301651e+000
    endloop
  endfacet
  facet normal  8.467230e-001  0.000000e+000 -5.320341e-001
    outer loop
      vertex -4.270291e+001  1.670000e+001  6.301651e+000
      vertex -4.270291e+001  1.870000e+001  6.301651e+000
      vertex -4.234549e+001  1.870000e+001  6.870470e+000
    endloop
  endfacet
  facet normal  8.467230e-001  0.000000e+000 -5.320341e-001
    outer loop
      vertex -4.270291e+001  1.670000e+001  6.301651e+000
      vertex -4.234549e+001  1.870000e+001  6.870470e+000
      vertex -4.234549e+001  1.670000e+001  6.870470e+000
    endloop
  endfacet
  facet normal  7.071064e-001  0.000000e+000 -7.071071e-001
    outer loop
      vertex -4.234549e+001  1.670000e+001  6.870470e+000
      vertex -4.234549e+001  1.870000e+001  6.870470e+000
      vertex -4.187047e+001  1.870000e+001  7.345494e+000
    endloop
  endfacet
  facet normal  7.071064e-001  0.000000e+000 -7.071071e-001
    outer loop
      vertex -4.234549e+001  1.670000e+001  6.870470e+000
      vertex -4.187047e+001  1.870000e+001  7.345494e+000
      vertex -4.187047e+001  1.670000e+001  7.345494e+000
    endloop
  endfacet
  facet normal  5.320330e-001  0.000000e+000 -8.467236e-001
    outer loop
      vertex -4.187047e+001  1.670000e+001  7.345494e+000
      vertex -4.187047e+001  1.870000e+001  7.345494e+000
      vertex -4.130165e+001  1.870000e+001  7.702907e+000
    endloop
  endfacet
  facet normal  5.320330e-001  0.000000e+000 -8.467236e-001
    outer loop
      vertex -4.187047e+001  1.670000e+001  7.345494e+000
      vertex -4.130165e+001  1.870000e+001  7.702907e+000
      vertex -4.130165e+001  1.670000e+001  7.702907e+000
    endloop
  endfacet
  facet normal  3.302799e-001  0.000000e+000 -9.438831e-001
    outer loop
      vertex -4.130165e+001  1.670000e+001  7.702907e+000
      vertex -4.130165e+001  1.870000e+001  7.702907e+000
      vertex -4.066756e+001  1.870000e+001  7.924784e+000
    endloop
  endfacet
  facet normal  3.302799e-001  0.000000e+000 -9.438831e-001
    outer loop
      vertex -4.130165e+001  1.670000e+001  7.702907e+000
      vertex -4.066756e+001  1.870000e+001  7.924784e+000
      vertex -4.066756e+001  1.670000e+001  7.924784e+000
    endloop
  endfacet
  facet normal  1.119643e-001  0.000000e+000 -9.937122e-001
    outer loop
      vertex -4.066756e+001  1.670000e+001  7.924784e+000
      vertex -4.066756e+001  1.870000e+001  7.924784e+000
      vertex -4.000000e+001  1.870000e+001  8.000000e+000
    endloop
  endfacet
  facet normal  1.119643e-001  0.000000e+000 -9.937122e-001
    outer loop
      vertex -4.066756e+001  1.670000e+001  7.924784e+000
      vertex -4.000000e+001  1.870000e+001  8.000000e+000
      vertex -4.000000e+001  1.670000e+001  8.000000e+000
    endloop
  endfacet
  facet normal  9.937126e-001  0.000000e+000 -1.119617e-001
    outer loop
      vertex -4.292479e+001  1.870000e+001  5.667563e+000
      vertex -4.300000e+001  1.670000e+001  5.000000e+000
      vertex -4.300000e+001  1.870000e+001  5.000000e+000
    endloop
  endfacet
  facet normal  9.937126e-001  0.000000e+000  1.119617e-001
    outer loop
      vertex -4.300000e+001  1.870000e+001  5.000000e+000
      vertex -4.300000e+001  1.670000e+001  5.000000e+000
      vertex -4.292479e+001  1.670000e+001  4.332437e+000
    endloop
  endfacet
  facet normal  9.937126e-001  -0.000000e+000  1.119617e-001
    outer loop
      vertex -4.300000e+001  1.870000e+001  5.000000e+000
      vertex -4.292479e+001  1.670000e+001  4.332437e+000
      vertex -4.292479e+001  1.870000e+001  4.332437e+000
    endloop
  endfacet
  facet normal  9.438829e-001  0.000000e+000  3.302803e-001
    outer loop
      vertex -4.292479e+001  1.870000e+001  4.332437e+000
      vertex -4.292479e+001  1.670000e+001  4.332437e+000
      vertex -4.270291e+001  1.670000e+001  3.698349e+000
    endloop
  endfacet
  facet normal  9.438829e-001  -0.000000e+000  3.302803e-001
    outer loop
      vertex -4.292479e+001  1.870000e+001  4.332437e+000
      vertex -4.270291e+001  1.670000e+001  3.698349e+000
      vertex -4.270291e+001  1.870000e+001  3.698349e+000
    endloop
  endfacet
  facet normal  8.467228e-001  0.000000e+000  5.320344e-001
    outer loop
      vertex -4.270291e+001  1.870000e+001  3.698349e+000
      vertex -4.270291e+001  1.670000e+001  3.698349e+000
      vertex -4.234549e+001  1.670000e+001  3.129531e+000
    endloop
  endfacet
  facet normal  8.467228e-001  -0.000000e+000  5.320344e-001
    outer loop
      vertex -4.270291e+001  1.870000e+001  3.698349e+000
      vertex -4.234549e+001  1.670000e+001  3.129531e+000
      vertex -4.234549e+001  1.870000e+001  3.129531e+000
    endloop
  endfacet
  facet normal  7.071068e-001  0.000000e+000  7.071068e-001
    outer loop
      vertex -4.234549e+001  1.870000e+001  3.129531e+000
      vertex -4.234549e+001  1.670000e+001  3.129531e+000
      vertex -4.187047e+001  1.670000e+001  2.654505e+000
    endloop
  endfacet
  facet normal  7.071068e-001  -0.000000e+000  7.071068e-001
    outer loop
      vertex -4.234549e+001  1.870000e+001  3.129531e+000
      vertex -4.187047e+001  1.670000e+001  2.654505e+000
      vertex -4.187047e+001  1.870000e+001  2.654505e+000
    endloop
  endfacet
  facet normal  5.320327e-001  0.000000e+000  8.467238e-001
    outer loop
      vertex -4.187047e+001  1.870000e+001  2.654505e+000
      vertex -4.187047e+001  1.670000e+001  2.654505e+000
      vertex -4.130165e+001  1.670000e+001  2.297093e+000
    endloop
  endfacet
  facet normal  5.320327e-001  -0.000000e+000  8.467238e-001
    outer loop
      vertex -4.187047e+001  1.870000e+001  2.654505e+000
      vertex -4.130165e+001  1.670000e+001  2.297093e+000
      vertex -4.130165e+001  1.870000e+001  2.297093e+000
    endloop
  endfacet
  facet normal  3.302799e-001  0.000000e+000  9.438831e-001
    outer loop
      vertex -4.130165e+001  1.870000e+001  2.297093e+000
      vertex -4.130165e+001  1.670000e+001  2.297093e+000
      vertex -4.066756e+001  1.670000e+001  2.075216e+000
    endloop
  endfacet
  facet normal  3.302799e-001  -0.000000e+000  9.438831e-001
    outer loop
      vertex -4.130165e+001  1.870000e+001  2.297093e+000
      vertex -4.066756e+001  1.670000e+001  2.075216e+000
      vertex -4.066756e+001  1.870000e+001  2.075216e+000
    endloop
  endfacet
  facet normal  1.119643e-001  0.000000e+000  9.937122e-001
    outer loop
      vertex -4.066756e+001  1.870000e+001  2.075216e+000
      vertex -4.066756e+001  1.670000e+001  2.075216e+000
      vertex -4.000000e+001  1.670000e+001  2.000000e+000
    endloop
  endfacet
  facet normal  1.119643e-001  -0.000000e+000  9.937122e-001
    outer loop
      vertex -4.066756e+001  1.870000e+001  2.075216e+000
      vertex -4.000000e+001  1.670000e+001  2.000000e+000
      vertex -4.000000e+001  1.870000e+001  2.000000e+000
    endloop
  endfacet
  facet normal -8.468766e-001 -4.392263e-003 -5.317714e-001
    outer loop
      vertex -3.098330e+001 -1.970000e+001  1.936093e+000
      vertex -3.141944e+001 -1.970000e+001  2.630680e+000
      vertex -3.135765e+001 -1.770000e+001  2.515753e+000
    endloop
  endfacet
  facet normal -8.468589e-001 -4.387442e-003  5.317996e-001
    outer loop
      vertex -3.098319e+001 -1.970000e+001  8.064049e+000
      vertex -3.135765e+001 -1.770000e+001  7.484247e+000
      vertex -3.141936e+001 -1.970000e+001  7.369476e+000
    endloop
  endfacet
  facet normal -5.315266e-001 -5.753190e-004 -8.470414e-001
    outer loop
      vertex -2.959162e+001 -1.770000e+001  6.542412e-001
      vertex -2.950164e+001 -1.989945e+001  5.992747e-001
      vertex -2.969749e+001 -2.000837e+001  7.222443e-001
    endloop
  endfacet
  facet normal -9.123787e-001  4.667979e-003 -4.093204e-001
    outer loop
      vertex -3.171110e+001 -1.770000e+001  3.303589e+000
      vertex -3.135765e+001 -1.770000e+001  2.515753e+000
      vertex -3.141944e+001 -1.970000e+001  2.630680e+000
    endloop
  endfacet
  facet normal -9.208642e-001 -3.113172e-003 -3.898713e-001
    outer loop
      vertex -3.141944e+001 -1.970000e+001  2.630680e+000
      vertex -3.173920e+001 -1.970000e+001  3.385947e+000
      vertex -3.171110e+001 -1.770000e+001  3.303589e+000
    endloop
  endfacet
  facet normal -9.681538e-001  3.297351e-003 -2.503344e-001
    outer loop
      vertex -3.192726e+001 -1.770000e+001  4.139582e+000
      vertex -3.171110e+001 -1.770000e+001  3.303589e+000
      vertex -3.173920e+001 -1.970000e+001  3.385947e+000
    endloop
  endfacet
  facet normal -9.712683e-001 -1.650356e-003 -2.379814e-001
    outer loop
      vertex -3.173920e+001 -1.970000e+001  3.385947e+000
      vertex -3.193439e+001 -1.970000e+001  4.182550e+000
      vertex -3.192726e+001 -1.770000e+001  4.139582e+000
    endloop
  endfacet
  facet normal -9.681538e-001  3.290602e-003  2.503344e-001
    outer loop
      vertex -3.192726e+001 -1.770000e+001  5.860418e+000
      vertex -3.173915e+001 -1.970000e+001  6.614221e+000
      vertex -3.171110e+001 -1.770000e+001  6.696411e+000
    endloop
  endfacet
  facet normal -9.208513e-001 -3.108320e-003  3.899016e-001
    outer loop
      vertex -3.171110e+001 -1.770000e+001  6.696411e+000
      vertex -3.173915e+001 -1.970000e+001  6.614221e+000
      vertex -3.141936e+001 -1.970000e+001  7.369476e+000
    endloop
  endfacet
  facet normal -9.123787e-001  4.662666e-003  4.093205e-001
    outer loop
      vertex -3.171110e+001 -1.770000e+001  6.696411e+000
      vertex -3.141936e+001 -1.970000e+001  7.369476e+000
      vertex -3.135765e+001 -1.770000e+001  7.484247e+000
    endloop
  endfacet
  facet normal -6.306102e-001  1.689766e-003  7.760978e-001
    outer loop
      vertex -3.007900e+001 -2.070000e+001  9.000000e+000
      vertex -3.005274e+001 -2.049645e+001  9.020896e+000
      vertex -3.028265e+001 -1.770000e+001  8.827993e+000
    endloop
  endfacet
  facet normal -4.311296e-001  2.597945e-003  9.022863e-001
    outer loop
      vertex -2.882346e+001 -1.770000e+001  9.740160e+000
      vertex -2.922764e+001 -1.980542e+001  9.553101e+000
      vertex -2.893501e+001 -1.974842e+001  9.692757e+000
    endloop
  endfacet
  facet normal -5.996158e-001  3.925144e-003 -8.002784e-001
    outer loop
      vertex -3.028265e+001 -1.770000e+001  1.172006e+000
      vertex -2.959162e+001 -1.770000e+001  6.542412e-001
      vertex -2.969749e+001 -2.000837e+001  7.222443e-001
    endloop
  endfacet
  facet normal -5.753722e-001  1.348099e-002 -8.177806e-001
    outer loop
      vertex -3.028265e+001 -1.770000e+001  1.172006e+000
      vertex -2.969749e+001 -2.000837e+001  7.222443e-001
      vertex -2.986801e+001 -2.015705e+001  8.397706e-001
    endloop
  endfacet
  facet normal -6.014400e-001  6.527750e-003 -7.988913e-001
    outer loop
      vertex -3.028265e+001 -1.770000e+001  1.172006e+000
      vertex -2.986801e+001 -2.015705e+001  8.397706e-001
      vertex -2.998496e+001 -2.032346e+001  9.264537e-001
    endloop
  endfacet
  facet normal -6.187238e-001  3.322579e-003 -7.856016e-001
    outer loop
      vertex -3.028265e+001 -1.770000e+001  1.172006e+000
      vertex -2.998496e+001 -2.032346e+001  9.264537e-001
      vertex -3.005274e+001 -2.049645e+001  9.791039e-001
    endloop
  endfacet
  facet normal -6.306121e-001  1.689486e-003 -7.760963e-001
    outer loop
      vertex -3.028265e+001 -1.770000e+001  1.172006e+000
      vertex -3.005274e+001 -2.049645e+001  9.791039e-001
      vertex -3.007900e+001 -2.070000e+001  1.000000e+000
    endloop
  endfacet
  facet normal -6.452554e-001  -0.000000e+000 -7.639670e-001
    outer loop
      vertex -3.028265e+001 -1.770000e+001  1.172006e+000
      vertex -3.007900e+001 -2.070000e+001  1.000000e+000
      vertex -3.007900e+001 -2.370000e+001  1.000000e+000
    endloop
  endfacet
  facet normal -6.735570e-001 -1.672532e-003 -7.391334e-001
    outer loop
      vertex -3.028265e+001 -1.770000e+001  1.172006e+000
      vertex -3.007900e+001 -2.370000e+001  1.000000e+000
      vertex -3.056099e+001 -2.370000e+001  1.439223e+000
    endloop
  endfacet
  facet normal -7.254636e-001  3.001336e-003 -6.882539e-001
    outer loop
      vertex -3.028265e+001 -1.770000e+001  1.172006e+000
      vertex -3.056099e+001 -2.370000e+001  1.439223e+000
      vertex -3.087695e+001 -1.770000e+001  1.798438e+000
    endloop
  endfacet
  facet normal -5.996099e-001  5.905962e-003  8.002706e-001
    outer loop
      vertex -2.959162e+001 -1.770000e+001  9.345758e+000
      vertex -3.028265e+001 -1.770000e+001  8.827993e+000
      vertex -3.005274e+001 -2.049645e+001  9.020896e+000
    endloop
  endfacet
  facet normal -6.382785e-001  1.584032e-002  7.696426e-001
    outer loop
      vertex -2.959162e+001 -1.770000e+001  9.345758e+000
      vertex -3.005274e+001 -2.049645e+001  9.020896e+000
      vertex -2.998496e+001 -2.032346e+001  9.073546e+000
    endloop
  endfacet
  facet normal -6.023065e-001  7.480677e-003  7.982298e-001
    outer loop
      vertex -2.959162e+001 -1.770000e+001  9.345758e+000
      vertex -2.998496e+001 -2.032346e+001  9.073546e+000
      vertex -2.986801e+001 -2.015705e+001  9.160230e+000
    endloop
  endfacet
  facet normal -5.685685e-001  1.842726e-003  8.226339e-001
    outer loop
      vertex -2.959162e+001 -1.770000e+001  9.345758e+000
      vertex -2.986801e+001 -2.015705e+001  9.160230e+000
      vertex -2.969749e+001 -2.000837e+001  9.277756e+000
    endloop
  endfacet
  facet normal -5.315269e-001 -5.751703e-004  8.470412e-001
    outer loop
      vertex -2.959162e+001 -1.770000e+001  9.345758e+000
      vertex -2.969749e+001 -2.000837e+001  9.277756e+000
      vertex -2.950164e+001 -1.989945e+001  9.400725e+000
    endloop
  endfacet
  facet normal -4.865158e-001  1.931623e-003  8.736697e-001
    outer loop
      vertex -2.959162e+001 -1.770000e+001  9.345758e+000
      vertex -2.950164e+001 -1.989945e+001  9.400725e+000
      vertex -2.922764e+001 -1.980542e+001  9.553101e+000
    endloop
  endfacet
  facet normal -4.567372e-001  8.644485e-003  8.895596e-001
    outer loop
      vertex -2.959162e+001 -1.770000e+001  9.345758e+000
      vertex -2.922764e+001 -1.980542e+001  9.553101e+000
      vertex -2.882346e+001 -1.770000e+001  9.740160e+000
    endloop
  endfacet
  facet normal -7.619447e-001  0.000000e+000  6.476421e-001
    outer loop
      vertex -3.098319e+001 -2.370000e+001  8.064049e+000
      vertex -3.056092e+001 -2.370000e+001  8.560841e+000
      vertex -3.098319e+001 -1.970000e+001  8.064049e+000
    endloop
  endfacet
  facet normal -7.723567e-001 -2.646472e-003  6.351837e-001
    outer loop
      vertex -3.098319e+001 -1.970000e+001  8.064049e+000
      vertex -3.056092e+001 -2.370000e+001  8.560841e+000
      vertex -3.087695e+001 -1.770000e+001  8.201562e+000
    endloop
  endfacet
  facet normal -8.307052e-001  5.850434e-003  5.566820e-001
    outer loop
      vertex -3.098319e+001 -1.970000e+001  8.064049e+000
      vertex -3.087695e+001 -1.770000e+001  8.201562e+000
      vertex -3.135765e+001 -1.770000e+001  7.484247e+000
    endloop
  endfacet
  facet normal -6.735513e-001  0.000000e+000  7.391406e-001
    outer loop
      vertex -3.007900e+001 -2.370000e+001  9.000000e+000
      vertex -3.007900e+001 -2.070000e+001  9.000000e+000
      vertex -3.056092e+001 -2.370000e+001  8.560841e+000
    endloop
  endfacet
  facet normal -6.654352e-001 -2.374054e-003  7.464520e-001
    outer loop
      vertex -3.056092e+001 -2.370000e+001  8.560841e+000
      vertex -3.007900e+001 -2.070000e+001  9.000000e+000
      vertex -3.028265e+001 -1.770000e+001  8.827993e+000
    endloop
  endfacet
  facet normal -7.254636e-001  3.001284e-003  6.882539e-001
    outer loop
      vertex -3.056092e+001 -2.370000e+001  8.560841e+000
      vertex -3.028265e+001 -1.770000e+001  8.827993e+000
      vertex -3.087695e+001 -1.770000e+001  8.201562e+000
    endloop
  endfacet
  facet normal -7.619610e-001 -1.353289e-003 -6.476215e-001
    outer loop
      vertex -3.056099e+001 -2.370000e+001  1.439223e+000
      vertex -3.098330e+001 -2.370000e+001  1.936093e+000
      vertex -3.087695e+001 -1.770000e+001  1.798438e+000
    endloop
  endfacet
  facet normal -7.913617e-001  0.000000e+000 -6.113483e-001
    outer loop
      vertex -3.087695e+001 -1.770000e+001  1.798438e+000
      vertex -3.098330e+001 -2.370000e+001  1.936093e+000
      vertex -3.098330e+001 -1.970000e+001  1.936093e+000
    endloop
  endfacet
  facet normal -8.307051e-001  5.854491e-003 -5.566819e-001
    outer loop
      vertex -3.087695e+001 -1.770000e+001  1.798438e+000
      vertex -3.098330e+001 -1.970000e+001  1.936093e+000
      vertex -3.135765e+001 -1.770000e+001  2.515753e+000
    endloop
  endfacet
  facet normal -3.009201e-001  0.000000e+000 -9.536494e-001
    outer loop
      vertex -2.800000e+001 -1.770000e+001  0.000000e+000
      vertex -2.800000e+001 -1.970000e+001  0.000000e+000
      vertex -2.882346e+001 -1.770000e+001  2.598404e-001
    endloop
  endfacet
  facet normal -2.818560e-001  8.598752e-003 -9.594182e-001
    outer loop
      vertex -2.882346e+001 -1.770000e+001  2.598404e-001
      vertex -2.800000e+001 -1.970000e+001  0.000000e+000
      vertex -2.863095e+001 -1.971736e+001  1.852051e-001
    endloop
  endfacet
  facet normal -3.723738e-001 -1.198347e-003 -9.280820e-001
    outer loop
      vertex -2.882346e+001 -1.770000e+001  2.598404e-001
      vertex -2.863095e+001 -1.971736e+001  1.852051e-001
      vertex -2.893501e+001 -1.974842e+001  3.072430e-001
    endloop
  endfacet
  facet normal -4.567494e-001  4.287374e-003 -8.895851e-001
    outer loop
      vertex -2.882346e+001 -1.770000e+001  2.598404e-001
      vertex -2.893501e+001 -1.974842e+001  3.072430e-001
      vertex -2.959162e+001 -1.770000e+001  6.542412e-001
    endloop
  endfacet
  facet normal -4.328865e-001  1.392782e-002 -9.013409e-001
    outer loop
      vertex -2.959162e+001 -1.770000e+001  6.542412e-001
      vertex -2.893501e+001 -1.974842e+001  3.072430e-001
      vertex -2.922764e+001 -1.980542e+001  4.468994e-001
    endloop
  endfacet
  facet normal -4.865159e-001  1.931444e-003 -8.736696e-001
    outer loop
      vertex -2.959162e+001 -1.770000e+001  6.542412e-001
      vertex -2.922764e+001 -1.980542e+001  4.468994e-001
      vertex -2.950164e+001 -1.989945e+001  5.992747e-001
    endloop
  endfacet
  facet normal -9.964437e-001  1.742299e-003 -8.424252e-002
    outer loop
      vertex -3.192726e+001 -1.770000e+001  4.139582e+000
      vertex -3.193439e+001 -1.970000e+001  4.182550e+000
      vertex -3.200000e+001 -1.770000e+001  5.000000e+000
    endloop
  endfacet
  facet normal -9.967949e-001 -3.528565e-006 -7.999931e-002
    outer loop
      vertex -3.200000e+001 -1.770000e+001  5.000000e+000
      vertex -3.193439e+001 -1.970000e+001  4.182550e+000
      vertex -3.200000e+001 -1.970000e+001  5.000088e+000
    endloop
  endfacet
  facet normal -9.964453e-001  3.715728e-006  8.424266e-002
    outer loop
      vertex -3.200000e+001 -1.770000e+001  5.000000e+000
      vertex -3.200000e+001 -1.970000e+001  5.000088e+000
      vertex -3.192726e+001 -1.770000e+001  5.860418e+000
    endloop
  endfacet
  facet normal -9.967903e-001  1.826675e-003  8.003402e-002
    outer loop
      vertex -3.192726e+001 -1.770000e+001  5.860418e+000
      vertex -3.200000e+001 -1.970000e+001  5.000088e+000
      vertex -3.193436e+001 -1.970000e+001  5.817625e+000
    endloop
  endfacet
  facet normal -9.712598e-001 -1.644262e-003  2.380163e-001
    outer loop
      vertex -3.192726e+001 -1.770000e+001  5.860418e+000
      vertex -3.193436e+001 -1.970000e+001  5.817625e+000
      vertex -3.173915e+001 -1.970000e+001  6.614221e+000
    endloop
  endfacet
  facet normal -2.816492e-001  0.000000e+000  9.595175e-001
    outer loop
      vertex -2.800000e+001 -1.970000e+001  1.000000e+001
      vertex -2.800000e+001 -1.770000e+001  1.000000e+001
      vertex -2.863095e+001 -1.971736e+001  9.814795e+000
    endloop
  endfacet
  facet normal -3.009132e-001  6.565659e-003  9.536290e-001
    outer loop
      vertex -2.863095e+001 -1.971736e+001  9.814795e+000
      vertex -2.800000e+001 -1.770000e+001  1.000000e+001
      vertex -2.882346e+001 -1.770000e+001  9.740160e+000
    endloop
  endfacet
  facet normal -3.723737e-001 -1.198689e-003  9.280820e-001
    outer loop
      vertex -2.863095e+001 -1.971736e+001  9.814795e+000
      vertex -2.882346e+001 -1.770000e+001  9.740160e+000
      vertex -2.893501e+001 -1.974842e+001  9.692757e+000
    endloop
  endfacet
endsolid CATIA STL
