solid CATIA STL
  facet normal -1.000000e+000  0.000000e+000  0.000000e+000
    outer loop
      vertex  3.006182e+000  1.738268e+001 -4.509172e+000
      vertex  3.006182e+000  1.700000e+001 -4.433052e+000
      vertex  3.006182e+000  1.700000e+001  8.066948e+000
    endloop
  endfacet
  facet normal -1.000000e+000  0.000000e+000  -0.000000e+000
    outer loop
      vertex  3.006182e+000 -2.382684e+000 -4.509172e+000
      vertex  3.006182e+000 -2.000000e+000  8.066948e+000
      vertex  3.006182e+000 -2.000000e+000 -4.433052e+000
    endloop
  endfacet
  facet normal -1.000000e+000  0.000000e+000  -0.000000e+000
    outer loop
      vertex  3.006182e+000 -3.732051e+000 -6.433052e+000
      vertex  3.006182e+000 -2.382684e+000 -6.356932e+000
      vertex  3.006182e+000 -2.000000e+000 -6.433052e+000
    endloop
  endfacet
  facet normal -9.999999e-001  -0.000000e+000  0.000000e+000
    outer loop
      vertex  3.006182e+000  1.400000e+001 -1.433052e+000
      vertex  3.006182e+000  1.700000e+001 -4.433052e+000
      vertex  3.006182e+000  1.661732e+001 -4.509172e+000
    endloop
  endfacet
  facet normal -1.000000e+000  -0.000000e+000  0.000000e+000
    outer loop
      vertex  3.006182e+000  1.400000e+001 -1.433052e+000
      vertex  3.006182e+000  1.661732e+001 -4.509172e+000
      vertex  3.006182e+000  1.629289e+001 -4.725945e+000
    endloop
  endfacet
  facet normal -1.000000e+000  -0.000000e+000  0.000000e+000
    outer loop
      vertex  3.006182e+000  1.400000e+001 -1.433052e+000
      vertex  3.006182e+000  1.629289e+001 -4.725945e+000
      vertex  3.006182e+000  1.400000e+001 -6.433052e+000
    endloop
  endfacet
  facet normal -1.000000e+000  0.000000e+000  0.000000e+000
    outer loop
      vertex  3.006182e+000  1.400000e+001 -6.433052e+000
      vertex  3.006182e+000  1.629289e+001 -4.725945e+000
      vertex  3.006182e+000  1.607612e+001 -5.050369e+000
    endloop
  endfacet
  facet normal -1.000000e+000  0.000000e+000  0.000000e+000
    outer loop
      vertex  3.006182e+000  1.400000e+001 -6.433052e+000
      vertex  3.006182e+000  1.607612e+001 -5.050369e+000
      vertex  3.006182e+000  1.600000e+001 -5.433052e+000
    endloop
  endfacet
  facet normal -1.000000e+000  0.000000e+000  -0.000000e+000
    outer loop
      vertex  3.006182e+000  1.400000e+001 -6.433052e+000
      vertex  3.006182e+000  1.600000e+001 -5.433052e+000
      vertex  3.006182e+000  1.607612e+001 -5.815735e+000
    endloop
  endfacet
  facet normal -1.000000e+000  0.000000e+000  -0.000000e+000
    outer loop
      vertex  3.006182e+000  1.400000e+001 -6.433052e+000
      vertex  3.006182e+000  1.607612e+001 -5.815735e+000
      vertex  3.006182e+000  1.629289e+001 -6.140159e+000
    endloop
  endfacet
  facet normal -1.000000e+000  0.000000e+000  -0.000000e+000
    outer loop
      vertex  3.006182e+000  1.400000e+001 -6.433052e+000
      vertex  3.006182e+000  1.629289e+001 -6.140159e+000
      vertex  3.006182e+000  1.661732e+001 -6.356932e+000
    endloop
  endfacet
  facet normal -9.999999e-001  0.000000e+000  -0.000000e+000
    outer loop
      vertex  3.006182e+000  1.400000e+001 -6.433052e+000
      vertex  3.006182e+000  1.661732e+001 -6.356932e+000
      vertex  3.006182e+000  1.700000e+001 -6.433052e+000
    endloop
  endfacet
  facet normal -1.000000e+000  -0.000000e+000  -0.000000e+000
    outer loop
      vertex  3.006182e+000  1.400000e+001 -6.433052e+000
      vertex  3.006182e+000  1.700000e+001 -6.433052e+000
      vertex  3.006182e+000  1.700000e+001 -7.433052e+000
    endloop
  endfacet
  facet normal -1.000000e+000  0.000000e+000  0.000000e+000
    outer loop
      vertex  3.006182e+000  1.400000e+001 -6.433052e+000
      vertex  3.006182e+000  1.700000e+001 -7.433052e+000
      vertex  3.006182e+000 -2.000000e+000 -7.433052e+000
    endloop
  endfacet
  facet normal -1.000000e+000  0.000000e+000  0.000000e+000
    outer loop
      vertex  3.006182e+000  1.400000e+001 -6.433052e+000
      vertex  3.006182e+000 -2.000000e+000 -7.433052e+000
      vertex  3.006182e+000  1.000000e+000 -6.433052e+000
    endloop
  endfacet
  facet normal -1.000000e+000  0.000000e+000  0.000000e+000
    outer loop
      vertex  3.006182e+000  1.000000e+000 -6.433052e+000
      vertex  3.006182e+000 -2.000000e+000 -7.433052e+000
      vertex  3.006182e+000 -2.000000e+000 -6.433052e+000
    endloop
  endfacet
  facet normal -9.999999e-001  0.000000e+000  0.000000e+000
    outer loop
      vertex  3.006182e+000  1.000000e+000 -6.433052e+000
      vertex  3.006182e+000 -2.000000e+000 -6.433052e+000
      vertex  3.006182e+000 -1.617317e+000 -6.356932e+000
    endloop
  endfacet
  facet normal -1.000000e+000  0.000000e+000  0.000000e+000
    outer loop
      vertex  3.006182e+000  1.000000e+000 -6.433052e+000
      vertex  3.006182e+000 -1.617317e+000 -6.356932e+000
      vertex  3.006182e+000 -1.292893e+000 -6.140159e+000
    endloop
  endfacet
  facet normal -1.000000e+000  0.000000e+000  0.000000e+000
    outer loop
      vertex  3.006182e+000  1.000000e+000 -6.433052e+000
      vertex  3.006182e+000 -1.292893e+000 -6.140159e+000
      vertex  3.006182e+000 -1.076120e+000 -5.815735e+000
    endloop
  endfacet
  facet normal -1.000000e+000  0.000000e+000  0.000000e+000
    outer loop
      vertex  3.006182e+000  1.000000e+000 -6.433052e+000
      vertex  3.006182e+000 -1.076120e+000 -5.815735e+000
      vertex  3.006182e+000 -1.000000e+000 -5.433052e+000
    endloop
  endfacet
  facet normal -9.999999e-001  0.000000e+000  0.000000e+000
    outer loop
      vertex  3.006182e+000  1.000000e+000 -6.433052e+000
      vertex  3.006182e+000 -1.000000e+000 -5.433052e+000
      vertex  3.006182e+000 -1.076120e+000 -5.050369e+000
    endloop
  endfacet
  facet normal -1.000000e+000  0.000000e+000  0.000000e+000
    outer loop
      vertex  3.006182e+000  1.000000e+000 -6.433052e+000
      vertex  3.006182e+000 -1.076120e+000 -5.050369e+000
      vertex  3.006182e+000 -1.292893e+000 -4.725945e+000
    endloop
  endfacet
  facet normal -1.000000e+000  0.000000e+000  -0.000000e+000
    outer loop
      vertex  3.006182e+000  1.500000e+001 -9.995313e-001
      vertex  3.006182e+000  1.600000e+001  9.066948e+000
      vertex  3.006182e+000  1.607612e+001  8.684264e+000
    endloop
  endfacet
  facet normal -1.000000e+000  0.000000e+000  -0.000000e+000
    outer loop
      vertex  3.006182e+000  1.500000e+001 -9.995313e-001
      vertex  3.006182e+000  1.607612e+001  8.684264e+000
      vertex  3.006182e+000  1.629289e+001  8.359841e+000
    endloop
  endfacet
  facet normal -1.000000e+000  0.000000e+000  -0.000000e+000
    outer loop
      vertex  3.006182e+000  1.500000e+001 -9.995313e-001
      vertex  3.006182e+000  1.629289e+001  8.359841e+000
      vertex  3.006182e+000  1.661732e+001  8.143068e+000
    endloop
  endfacet
  facet normal -1.000000e+000  0.000000e+000  -0.000000e+000
    outer loop
      vertex  3.006182e+000  1.500000e+001 -9.995313e-001
      vertex  3.006182e+000  1.661732e+001  8.143068e+000
      vertex  3.006182e+000  1.700000e+001  8.066948e+000
    endloop
  endfacet
  facet normal -1.000000e+000  0.000000e+000  -0.000000e+000
    outer loop
      vertex  3.006182e+000  1.500000e+001 -9.995313e-001
      vertex  3.006182e+000  1.700000e+001  8.066948e+000
      vertex  3.006182e+000  1.700000e+001 -4.433052e+000
    endloop
  endfacet
  facet normal -1.000000e+000  0.000000e+000  0.000000e+000
    outer loop
      vertex  3.006182e+000  1.500000e+001 -9.995313e-001
      vertex  3.006182e+000  1.700000e+001 -4.433052e+000
      vertex  3.006182e+000  1.400000e+001 -1.433052e+000
    endloop
  endfacet
  facet normal -1.000000e+000  0.000000e+000  0.000000e+000
    outer loop
      vertex  3.006182e+000  1.500000e+001 -9.995313e-001
      vertex  3.006182e+000  1.400000e+001 -1.433052e+000
      vertex  3.006182e+000  1.000000e+000 -1.433052e+000
    endloop
  endfacet
  facet normal -1.000000e+000  -0.000000e+000  0.000000e+000
    outer loop
      vertex  3.006182e+000  0.000000e+000 -9.995313e-001
      vertex  3.006182e+000  1.500000e+001 -9.995313e-001
      vertex  3.006182e+000  1.000000e+000 -1.433052e+000
    endloop
  endfacet
  facet normal -1.000000e+000  -0.000000e+000  0.000000e+000
    outer loop
      vertex  3.006182e+000  0.000000e+000 -9.995313e-001
      vertex  3.006182e+000  1.000000e+000 -1.433052e+000
      vertex  3.006182e+000 -2.000000e+000 -4.433052e+000
    endloop
  endfacet
  facet normal -1.000000e+000  0.000000e+000  0.000000e+000
    outer loop
      vertex  3.006182e+000  0.000000e+000 -9.995313e-001
      vertex  3.006182e+000 -2.000000e+000 -4.433052e+000
      vertex  3.006182e+000 -2.000000e+000  8.066948e+000
    endloop
  endfacet
  facet normal -1.000000e+000  0.000000e+000  0.000000e+000
    outer loop
      vertex  3.006182e+000  0.000000e+000 -9.995313e-001
      vertex  3.006182e+000 -2.000000e+000  8.066948e+000
      vertex  3.006182e+000 -1.617317e+000  8.143068e+000
    endloop
  endfacet
  facet normal -1.000000e+000  0.000000e+000  0.000000e+000
    outer loop
      vertex  3.006182e+000  0.000000e+000 -9.995313e-001
      vertex  3.006182e+000 -1.617317e+000  8.143068e+000
      vertex  3.006182e+000 -1.292893e+000  8.359841e+000
    endloop
  endfacet
  facet normal -1.000000e+000  0.000000e+000  0.000000e+000
    outer loop
      vertex  3.006182e+000  0.000000e+000 -9.995313e-001
      vertex  3.006182e+000 -1.292893e+000  8.359841e+000
      vertex  3.006182e+000 -1.076120e+000  8.684264e+000
    endloop
  endfacet
  facet normal -1.000000e+000  0.000000e+000  0.000000e+000
    outer loop
      vertex  3.006182e+000  0.000000e+000 -9.995313e-001
      vertex  3.006182e+000 -1.076120e+000  8.684264e+000
      vertex  3.006182e+000 -1.000000e+000  9.066948e+000
    endloop
  endfacet
  facet normal -1.000000e+000  0.000000e+000  0.000000e+000
    outer loop
      vertex  3.006182e+000 -2.000000e+000  1.106695e+001
      vertex  3.006182e+000 -1.076120e+000  9.449632e+000
      vertex  3.006182e+000 -1.292893e+000  9.774055e+000
    endloop
  endfacet
  facet normal -1.000000e+000  0.000000e+000  0.000000e+000
    outer loop
      vertex  3.006182e+000 -2.000000e+000  1.106695e+001
      vertex  3.006182e+000 -1.292893e+000  9.774055e+000
      vertex  3.006182e+000 -1.617317e+000  9.990828e+000
    endloop
  endfacet
  facet normal -1.000000e+000  0.000000e+000  0.000000e+000
    outer loop
      vertex  3.006182e+000 -2.000000e+000  1.106695e+001
      vertex  3.006182e+000 -1.617317e+000  9.990828e+000
      vertex  3.006182e+000 -2.000000e+000  1.006695e+001
    endloop
  endfacet
  facet normal -1.000000e+000  0.000000e+000  0.000000e+000
    outer loop
      vertex  3.006182e+000  1.900000e+001 -5.433052e+000
      vertex  3.006182e+000  1.893185e+001 -5.950690e+000
      vertex  3.006182e+000  1.792388e+001 -5.815735e+000
    endloop
  endfacet
  facet normal -1.000000e+000  0.000000e+000  0.000000e+000
    outer loop
      vertex  3.006182e+000  1.900000e+001 -5.433052e+000
      vertex  3.006182e+000  1.792388e+001 -5.815735e+000
      vertex  3.006182e+000  1.800000e+001 -5.433052e+000
    endloop
  endfacet
  facet normal -1.000000e+000  0.000000e+000  0.000000e+000
    outer loop
      vertex  3.006182e+000  1.900000e+001 -5.433052e+000
      vertex  3.006182e+000  1.800000e+001 -5.433052e+000
      vertex  3.006182e+000  1.792388e+001 -5.050369e+000
    endloop
  endfacet
  facet normal -1.000000e+000  0.000000e+000  0.000000e+000
    outer loop
      vertex  3.006182e+000  1.900000e+001 -5.433052e+000
      vertex  3.006182e+000  1.792388e+001 -5.050369e+000
      vertex  3.006182e+000  1.770711e+001 -4.725945e+000
    endloop
  endfacet
  facet normal -1.000000e+000  0.000000e+000  0.000000e+000
    outer loop
      vertex  3.006182e+000  1.900000e+001 -5.433052e+000
      vertex  3.006182e+000  1.770711e+001 -4.725945e+000
      vertex  3.006182e+000  1.738268e+001 -4.509172e+000
    endloop
  endfacet
  facet normal -1.000000e+000  0.000000e+000  0.000000e+000
    outer loop
      vertex  3.006182e+000  1.900000e+001 -5.433052e+000
      vertex  3.006182e+000  1.738268e+001 -4.509172e+000
      vertex  3.006182e+000  1.700000e+001  8.066948e+000
    endloop
  endfacet
  facet normal -1.000000e+000  0.000000e+000  0.000000e+000
    outer loop
      vertex  3.006182e+000  1.900000e+001 -5.433052e+000
      vertex  3.006182e+000  1.700000e+001  8.066948e+000
      vertex  3.006182e+000  1.738268e+001  8.143068e+000
    endloop
  endfacet
  facet normal -1.000000e+000  0.000000e+000  0.000000e+000
    outer loop
      vertex  3.006182e+000  1.900000e+001 -5.433052e+000
      vertex  3.006182e+000  1.738268e+001  8.143068e+000
      vertex  3.006182e+000  1.770711e+001  8.359841e+000
    endloop
  endfacet
  facet normal -1.000000e+000  0.000000e+000  0.000000e+000
    outer loop
      vertex  3.006182e+000  1.900000e+001 -5.433052e+000
      vertex  3.006182e+000  1.770711e+001  8.359841e+000
      vertex  3.006182e+000  1.792388e+001  8.684264e+000
    endloop
  endfacet
  facet normal -1.000000e+000  0.000000e+000  0.000000e+000
    outer loop
      vertex  3.006182e+000  1.900000e+001 -5.433052e+000
      vertex  3.006182e+000  1.792388e+001  8.684264e+000
      vertex  3.006182e+000  1.800000e+001  9.066948e+000
    endloop
  endfacet
  facet normal -1.000000e+000  0.000000e+000  0.000000e+000
    outer loop
      vertex  3.006182e+000  1.900000e+001 -5.433052e+000
      vertex  3.006182e+000  1.800000e+001  9.066948e+000
      vertex  3.006182e+000  1.900000e+001  9.066948e+000
    endloop
  endfacet
  facet normal -1.000000e+000  0.000000e+000  0.000000e+000
    outer loop
      vertex  3.006182e+000  1.700000e+001  1.006695e+001
      vertex  3.006182e+000  1.500000e+001  1.106695e+001
      vertex  3.006182e+000  1.700000e+001  1.106695e+001
    endloop
  endfacet
  facet normal -1.000000e+000  0.000000e+000  0.000000e+000
    outer loop
      vertex  3.006182e+000  1.700000e+001  1.006695e+001
      vertex  3.006182e+000  1.700000e+001  1.106695e+001
      vertex  3.006182e+000  1.751764e+001  1.099880e+001
    endloop
  endfacet
  facet normal -1.000000e+000  0.000000e+000  -0.000000e+000
    outer loop
      vertex  3.006182e+000  1.700000e+001  1.006695e+001
      vertex  3.006182e+000  1.751764e+001  1.099880e+001
      vertex  3.006182e+000  1.800000e+001  1.079900e+001
    endloop
  endfacet
  facet normal -1.000000e+000  0.000000e+000  -0.000000e+000
    outer loop
      vertex  3.006182e+000  1.700000e+001  1.006695e+001
      vertex  3.006182e+000  1.800000e+001  1.079900e+001
      vertex  3.006182e+000  1.841421e+001  1.048116e+001
    endloop
  endfacet
  facet normal -1.000000e+000  0.000000e+000  -0.000000e+000
    outer loop
      vertex  3.006182e+000  1.700000e+001  1.006695e+001
      vertex  3.006182e+000  1.841421e+001  1.048116e+001
      vertex  3.006182e+000  1.873205e+001  1.006695e+001
    endloop
  endfacet
  facet normal -1.000000e+000  -0.000000e+000  0.000000e+000
    outer loop
      vertex  3.006182e+000  1.700000e+001  1.006695e+001
      vertex  3.006182e+000  1.873205e+001  1.006695e+001
      vertex  3.006182e+000  1.738268e+001  9.990828e+000
    endloop
  endfacet
  facet normal -1.000000e+000  -0.000000e+000  0.000000e+000
    outer loop
      vertex  3.006182e+000  1.500000e+001  1.106695e+001
      vertex  3.006182e+000  1.700000e+001  1.006695e+001
      vertex  3.006182e+000  1.661732e+001  9.990828e+000
    endloop
  endfacet
  facet normal -1.000000e+000  -0.000000e+000  0.000000e+000
    outer loop
      vertex  3.006182e+000  1.500000e+001  1.106695e+001
      vertex  3.006182e+000  1.661732e+001  9.990828e+000
      vertex  3.006182e+000  1.629289e+001  9.774055e+000
    endloop
  endfacet
  facet normal -1.000000e+000  -0.000000e+000  0.000000e+000
    outer loop
      vertex  3.006182e+000  1.500000e+001  1.106695e+001
      vertex  3.006182e+000  1.629289e+001  9.774055e+000
      vertex  3.006182e+000  1.607612e+001  9.449632e+000
    endloop
  endfacet
  facet normal -1.000000e+000  -0.000000e+000  0.000000e+000
    outer loop
      vertex  3.006182e+000  1.500000e+001  1.106695e+001
      vertex  3.006182e+000  1.607612e+001  9.449632e+000
      vertex  3.006182e+000  1.600000e+001  9.066948e+000
    endloop
  endfacet
  facet normal -9.999999e-001  -0.000000e+000  0.000000e+000
    outer loop
      vertex  3.006182e+000  1.500000e+001  1.106695e+001
      vertex  3.006182e+000  1.600000e+001  9.066948e+000
      vertex  3.006182e+000  1.500000e+001 -9.995313e-001
    endloop
  endfacet
  facet normal -9.999999e-001  0.000000e+000  0.000000e+000
    outer loop
      vertex  3.006182e+000  0.000000e+000  1.106695e+001
      vertex  3.006182e+000  0.000000e+000 -9.995313e-001
      vertex  3.006182e+000 -1.000000e+000  9.066948e+000
    endloop
  endfacet
  facet normal -1.000000e+000  0.000000e+000  0.000000e+000
    outer loop
      vertex  3.006182e+000  0.000000e+000  1.106695e+001
      vertex  3.006182e+000 -1.000000e+000  9.066948e+000
      vertex  3.006182e+000 -1.076120e+000  9.449632e+000
    endloop
  endfacet
  facet normal -1.000000e+000  0.000000e+000  0.000000e+000
    outer loop
      vertex  3.006182e+000  0.000000e+000  1.106695e+001
      vertex  3.006182e+000 -1.076120e+000  9.449632e+000
      vertex  3.006182e+000 -2.000000e+000  1.106695e+001
    endloop
  endfacet
  facet normal -1.000000e+000  0.000000e+000  0.000000e+000
    outer loop
      vertex  3.006182e+000  1.000000e+000 -1.433052e+000
      vertex  3.006182e+000  1.000000e+000 -6.433052e+000
      vertex  3.006182e+000 -1.292893e+000 -4.725945e+000
    endloop
  endfacet
  facet normal -1.000000e+000  0.000000e+000  0.000000e+000
    outer loop
      vertex  3.006182e+000  1.000000e+000 -1.433052e+000
      vertex  3.006182e+000 -1.292893e+000 -4.725945e+000
      vertex  3.006182e+000 -1.617317e+000 -4.509172e+000
    endloop
  endfacet
  facet normal -1.000000e+000  0.000000e+000  0.000000e+000
    outer loop
      vertex  3.006182e+000  1.000000e+000 -1.433052e+000
      vertex  3.006182e+000 -1.617317e+000 -4.509172e+000
      vertex  3.006182e+000 -2.000000e+000 -4.433052e+000
    endloop
  endfacet
  facet normal -1.000000e+000  0.000000e+000  0.000000e+000
    outer loop
      vertex  3.006182e+000 -2.000000e+000  1.006695e+001
      vertex  3.006182e+000 -2.382684e+000  9.990828e+000
      vertex  3.006182e+000 -3.732051e+000  1.006695e+001
    endloop
  endfacet
  facet normal -1.000000e+000  0.000000e+000  0.000000e+000
    outer loop
      vertex  3.006182e+000 -2.000000e+000  1.006695e+001
      vertex  3.006182e+000 -3.732051e+000  1.006695e+001
      vertex  3.006182e+000 -3.414214e+000  1.048116e+001
    endloop
  endfacet
  facet normal -9.999999e-001  0.000000e+000  0.000000e+000
    outer loop
      vertex  3.006182e+000 -2.000000e+000  1.006695e+001
      vertex  3.006182e+000 -3.414214e+000  1.048116e+001
      vertex  3.006182e+000 -3.000000e+000  1.079900e+001
    endloop
  endfacet
  facet normal -1.000000e+000  0.000000e+000  0.000000e+000
    outer loop
      vertex  3.006182e+000 -2.000000e+000  1.006695e+001
      vertex  3.006182e+000 -3.000000e+000  1.079900e+001
      vertex  3.006182e+000 -2.517638e+000  1.099880e+001
    endloop
  endfacet
  facet normal -1.000000e+000  0.000000e+000  0.000000e+000
    outer loop
      vertex  3.006182e+000 -2.000000e+000  1.006695e+001
      vertex  3.006182e+000 -2.517638e+000  1.099880e+001
      vertex  3.006182e+000 -2.000000e+000  1.106695e+001
    endloop
  endfacet
  facet normal -1.000000e+000  0.000000e+000  0.000000e+000
    outer loop
      vertex  3.006182e+000 -4.000000e+000 -5.433052e+000
      vertex  3.006182e+000 -4.000000e+000  9.066948e+000
      vertex  3.006182e+000 -3.000000e+000  9.066948e+000
    endloop
  endfacet
  facet normal -1.000000e+000  0.000000e+000  -0.000000e+000
    outer loop
      vertex  3.006182e+000 -4.000000e+000 -5.433052e+000
      vertex  3.006182e+000 -3.000000e+000  9.066948e+000
      vertex  3.006182e+000 -2.923880e+000  8.684264e+000
    endloop
  endfacet
  facet normal -9.999999e-001  0.000000e+000  -0.000000e+000
    outer loop
      vertex  3.006182e+000 -4.000000e+000 -5.433052e+000
      vertex  3.006182e+000 -2.923880e+000  8.684264e+000
      vertex  3.006182e+000 -2.707107e+000  8.359841e+000
    endloop
  endfacet
  facet normal -1.000000e+000  0.000000e+000  -0.000000e+000
    outer loop
      vertex  3.006182e+000 -4.000000e+000 -5.433052e+000
      vertex  3.006182e+000 -2.707107e+000  8.359841e+000
      vertex  3.006182e+000 -2.382684e+000  8.143068e+000
    endloop
  endfacet
  facet normal -1.000000e+000  0.000000e+000  -0.000000e+000
    outer loop
      vertex  3.006182e+000 -4.000000e+000 -5.433052e+000
      vertex  3.006182e+000 -2.382684e+000  8.143068e+000
      vertex  3.006182e+000 -2.000000e+000  8.066948e+000
    endloop
  endfacet
  facet normal -1.000000e+000  0.000000e+000  0.000000e+000
    outer loop
      vertex  3.006182e+000 -4.000000e+000 -5.433052e+000
      vertex  3.006182e+000 -2.000000e+000  8.066948e+000
      vertex  3.006182e+000 -2.382684e+000 -4.509172e+000
    endloop
  endfacet
  facet normal -1.000000e+000  0.000000e+000  0.000000e+000
    outer loop
      vertex  3.006182e+000 -4.000000e+000 -5.433052e+000
      vertex  3.006182e+000 -2.382684e+000 -4.509172e+000
      vertex  3.006182e+000 -2.707107e+000 -4.725945e+000
    endloop
  endfacet
  facet normal -1.000000e+000  0.000000e+000  0.000000e+000
    outer loop
      vertex  3.006182e+000 -4.000000e+000 -5.433052e+000
      vertex  3.006182e+000 -2.707107e+000 -4.725945e+000
      vertex  3.006182e+000 -2.923880e+000 -5.050369e+000
    endloop
  endfacet
  facet normal -1.000000e+000  0.000000e+000  0.000000e+000
    outer loop
      vertex  3.006182e+000 -4.000000e+000 -5.433052e+000
      vertex  3.006182e+000 -2.923880e+000 -5.050369e+000
      vertex  3.006182e+000 -3.000000e+000 -5.433052e+000
    endloop
  endfacet
  facet normal -1.000000e+000  -0.000000e+000  -0.000000e+000
    outer loop
      vertex  3.006182e+000 -4.000000e+000 -5.433052e+000
      vertex  3.006182e+000 -3.000000e+000 -5.433052e+000
      vertex  3.006182e+000 -2.923880e+000 -5.815735e+000
    endloop
  endfacet
  facet normal -1.000000e+000  -0.000000e+000  0.000000e+000
    outer loop
      vertex  3.006182e+000 -4.000000e+000 -5.433052e+000
      vertex  3.006182e+000 -2.923880e+000 -5.815735e+000
      vertex  3.006182e+000 -3.931852e+000 -5.950690e+000
    endloop
  endfacet
  facet normal -1.000000e+000  0.000000e+000  0.000000e+000
    outer loop
      vertex  3.006182e+000 -2.000000e+000 -7.433052e+000
      vertex  3.006182e+000 -2.517638e+000 -7.364904e+000
      vertex  3.006182e+000 -3.000000e+000 -7.165103e+000
    endloop
  endfacet
  facet normal -9.999999e-001  0.000000e+000  0.000000e+000
    outer loop
      vertex  3.006182e+000 -2.000000e+000 -7.433052e+000
      vertex  3.006182e+000 -3.000000e+000 -7.165103e+000
      vertex  3.006182e+000 -3.414214e+000 -6.847266e+000
    endloop
  endfacet
  facet normal -9.999999e-001  0.000000e+000  0.000000e+000
    outer loop
      vertex  3.006182e+000 -2.000000e+000 -7.433052e+000
      vertex  3.006182e+000 -3.414214e+000 -6.847266e+000
      vertex  3.006182e+000 -3.732051e+000 -6.433052e+000
    endloop
  endfacet
  facet normal -1.000000e+000  0.000000e+000  0.000000e+000
    outer loop
      vertex  3.006182e+000 -2.000000e+000 -7.433052e+000
      vertex  3.006182e+000 -3.732051e+000 -6.433052e+000
      vertex  3.006182e+000 -2.000000e+000 -6.433052e+000
    endloop
  endfacet
  facet normal -1.000000e+000  0.000000e+000  0.000000e+000
    outer loop
      vertex  3.006182e+000  1.738268e+001  9.990828e+000
      vertex  3.006182e+000  1.873205e+001  1.006695e+001
      vertex  3.006182e+000  1.770711e+001  9.774055e+000
    endloop
  endfacet
  facet normal -1.000000e+000  0.000000e+000  0.000000e+000
    outer loop
      vertex  3.006182e+000  1.770711e+001  9.774055e+000
      vertex  3.006182e+000  1.873205e+001  1.006695e+001
      vertex  3.006182e+000  1.893185e+001  9.584586e+000
    endloop
  endfacet
  facet normal -1.000000e+000  -0.000000e+000  0.000000e+000
    outer loop
      vertex  3.006182e+000  1.770711e+001  9.774055e+000
      vertex  3.006182e+000  1.893185e+001  9.584586e+000
      vertex  3.006182e+000  1.792388e+001  9.449632e+000
    endloop
  endfacet
  facet normal -1.000000e+000  0.000000e+000  0.000000e+000
    outer loop
      vertex  3.006182e+000  1.900000e+001  9.066948e+000
      vertex  3.006182e+000  1.800000e+001  9.066948e+000
      vertex  3.006182e+000  1.893185e+001  9.584586e+000
    endloop
  endfacet
  facet normal -1.000000e+000  0.000000e+000  0.000000e+000
    outer loop
      vertex  3.006182e+000  1.893185e+001  9.584586e+000
      vertex  3.006182e+000  1.800000e+001  9.066948e+000
      vertex  3.006182e+000  1.792388e+001  9.449632e+000
    endloop
  endfacet
  facet normal -1.000000e+000  -0.000000e+000  0.000000e+000
    outer loop
      vertex  3.006182e+000  1.792388e+001 -5.815735e+000
      vertex  3.006182e+000  1.893185e+001 -5.950690e+000
      vertex  3.006182e+000  1.770711e+001 -6.140159e+000
    endloop
  endfacet
  facet normal -1.000000e+000  0.000000e+000  0.000000e+000
    outer loop
      vertex  3.006182e+000  1.770711e+001 -6.140159e+000
      vertex  3.006182e+000  1.893185e+001 -5.950690e+000
      vertex  3.006182e+000  1.873205e+001 -6.433052e+000
    endloop
  endfacet
  facet normal -1.000000e+000  0.000000e+000  0.000000e+000
    outer loop
      vertex  3.006182e+000  1.770711e+001 -6.140159e+000
      vertex  3.006182e+000  1.873205e+001 -6.433052e+000
      vertex  3.006182e+000  1.738268e+001 -6.356932e+000
    endloop
  endfacet
  facet normal -1.000000e+000  0.000000e+000  0.000000e+000
    outer loop
      vertex  3.006182e+000  1.800000e+001 -7.165103e+000
      vertex  3.006182e+000  1.751764e+001 -7.364904e+000
      vertex  3.006182e+000  1.841421e+001 -6.847266e+000
    endloop
  endfacet
  facet normal -1.000000e+000  0.000000e+000  0.000000e+000
    outer loop
      vertex  3.006182e+000  1.841421e+001 -6.847266e+000
      vertex  3.006182e+000  1.751764e+001 -7.364904e+000
      vertex  3.006182e+000  1.700000e+001 -7.433052e+000
    endloop
  endfacet
  facet normal -9.999999e-001  0.000000e+000  0.000000e+000
    outer loop
      vertex  3.006182e+000  1.841421e+001 -6.847266e+000
      vertex  3.006182e+000  1.700000e+001 -7.433052e+000
      vertex  3.006182e+000  1.873205e+001 -6.433052e+000
    endloop
  endfacet
  facet normal -1.000000e+000  -0.000000e+000  0.000000e+000
    outer loop
      vertex  3.006182e+000  1.873205e+001 -6.433052e+000
      vertex  3.006182e+000  1.700000e+001 -7.433052e+000
      vertex  3.006182e+000  1.700000e+001 -6.433052e+000
    endloop
  endfacet
  facet normal -1.000000e+000  0.000000e+000  0.000000e+000
    outer loop
      vertex  3.006182e+000  1.873205e+001 -6.433052e+000
      vertex  3.006182e+000  1.700000e+001 -6.433052e+000
      vertex  3.006182e+000  1.738268e+001 -6.356932e+000
    endloop
  endfacet
  facet normal -1.000000e+000  -0.000000e+000  0.000000e+000
    outer loop
      vertex  3.006182e+000 -3.732051e+000  1.006695e+001
      vertex  3.006182e+000 -2.382684e+000  9.990828e+000
      vertex  3.006182e+000 -3.931852e+000  9.584586e+000
    endloop
  endfacet
  facet normal -1.000000e+000  0.000000e+000  0.000000e+000
    outer loop
      vertex  3.006182e+000 -3.931852e+000  9.584586e+000
      vertex  3.006182e+000 -2.382684e+000  9.990828e+000
      vertex  3.006182e+000 -2.707107e+000  9.774055e+000
    endloop
  endfacet
  facet normal -1.000000e+000  0.000000e+000  0.000000e+000
    outer loop
      vertex  3.006182e+000 -3.931852e+000  9.584586e+000
      vertex  3.006182e+000 -2.707107e+000  9.774055e+000
      vertex  3.006182e+000 -2.923880e+000  9.449632e+000
    endloop
  endfacet
  facet normal -1.000000e+000  0.000000e+000  0.000000e+000
    outer loop
      vertex  3.006182e+000 -2.923880e+000  9.449632e+000
      vertex  3.006182e+000 -3.000000e+000  9.066948e+000
      vertex  3.006182e+000 -3.931852e+000  9.584586e+000
    endloop
  endfacet
  facet normal -1.000000e+000  0.000000e+000  -0.000000e+000
    outer loop
      vertex  3.006182e+000 -3.931852e+000  9.584586e+000
      vertex  3.006182e+000 -3.000000e+000  9.066948e+000
      vertex  3.006182e+000 -4.000000e+000  9.066948e+000
    endloop
  endfacet
  facet normal -1.000000e+000  0.000000e+000  0.000000e+000
    outer loop
      vertex  3.006182e+000 -3.931852e+000 -5.950690e+000
      vertex  3.006182e+000 -2.923880e+000 -5.815735e+000
      vertex  3.006182e+000 -3.732051e+000 -6.433052e+000
    endloop
  endfacet
  facet normal -1.000000e+000  0.000000e+000  0.000000e+000
    outer loop
      vertex  3.006182e+000 -3.732051e+000 -6.433052e+000
      vertex  3.006182e+000 -2.923880e+000 -5.815735e+000
      vertex  3.006182e+000 -2.707107e+000 -6.140159e+000
    endloop
  endfacet
  facet normal -1.000000e+000  0.000000e+000  -0.000000e+000
    outer loop
      vertex  3.006182e+000 -3.732051e+000 -6.433052e+000
      vertex  3.006182e+000 -2.707107e+000 -6.140159e+000
      vertex  3.006182e+000 -2.382684e+000 -6.356932e+000
    endloop
  endfacet
  facet normal  0.000000e+000  1.000000e+000  0.000000e+000
    outer loop
      vertex -1.425327e+000  1.500000e+001  8.503870e+000
      vertex  3.006182e+000  1.500000e+001  1.106695e+001
      vertex  3.006182e+000  1.500000e+001 -9.995313e-001
    endloop
  endfacet
  facet normal  0.000000e+000  1.000000e+000  0.000000e+000
    outer loop
      vertex -1.425327e+000  1.500000e+001  8.503870e+000
      vertex -1.265151e+001  1.500000e+001  1.756695e+001
      vertex  3.006182e+000  1.500000e+001  1.106695e+001
    endloop
  endfacet
  facet normal  0.000000e+000  1.000000e+000  0.000000e+000
    outer loop
      vertex -1.899382e+001  1.500000e+001  2.391095e+001
      vertex -1.265151e+001  1.500000e+001  1.756695e+001
      vertex -1.899382e+001  1.500000e+001  1.756695e+001
    endloop
  endfacet
  facet normal  0.000000e+000  1.000000e+000  0.000000e+000
    outer loop
      vertex -1.899382e+001  1.500000e+001  2.391095e+001
      vertex  1.692616e-002  1.500000e+001  2.391095e+001
      vertex -1.265151e+001  1.500000e+001  1.756695e+001
    endloop
  endfacet
  facet normal  -0.000000e+000  9.999999e-001  0.000000e+000
    outer loop
      vertex -1.265151e+001  1.500000e+001  1.756695e+001
      vertex  1.692616e-002  1.500000e+001  2.391095e+001
      vertex  6.006182e+000  1.500000e+001  1.106695e+001
    endloop
  endfacet
  facet normal  0.000000e+000  1.000000e+000  0.000000e+000
    outer loop
      vertex -1.265151e+001  1.500000e+001  1.756695e+001
      vertex  6.006182e+000  1.500000e+001  1.106695e+001
      vertex  3.006182e+000  1.500000e+001  1.106695e+001
    endloop
  endfacet
  facet normal  0.000000e+000 -1.000000e+000  -0.000000e+000
    outer loop
      vertex  3.006182e+000  0.000000e+000 -9.995313e-001
      vertex  3.006182e+000  0.000000e+000  1.106695e+001
      vertex -1.425327e+000  0.000000e+000  8.503870e+000
    endloop
  endfacet
  facet normal  0.000000e+000 -1.000000e+000  0.000000e+000
    outer loop
      vertex  3.006182e+000  0.000000e+000  1.106695e+001
      vertex -1.265151e+001  0.000000e+000  1.756695e+001
      vertex -1.425327e+000  0.000000e+000  8.503870e+000
    endloop
  endfacet
  facet normal  0.000000e+000 -1.000000e+000  0.000000e+000
    outer loop
      vertex -1.899382e+001  0.000000e+000  1.756695e+001
      vertex -1.265151e+001  0.000000e+000  1.756695e+001
      vertex -1.899382e+001  0.000000e+000  2.391095e+001
    endloop
  endfacet
  facet normal  0.000000e+000 -1.000000e+000  0.000000e+000
    outer loop
      vertex  3.006182e+000  0.000000e+000  1.106695e+001
      vertex  6.006182e+000  0.000000e+000  1.106695e+001
      vertex -1.265151e+001  0.000000e+000  1.756695e+001
    endloop
  endfacet
  facet normal  0.000000e+000 -9.999999e-001  0.000000e+000
    outer loop
      vertex -1.265151e+001  0.000000e+000  1.756695e+001
      vertex  6.006182e+000  0.000000e+000  1.106695e+001
      vertex  1.692616e-002  0.000000e+000  2.391095e+001
    endloop
  endfacet
  facet normal  -0.000000e+000 -1.000000e+000  0.000000e+000
    outer loop
      vertex -1.265151e+001  0.000000e+000  1.756695e+001
      vertex  1.692616e-002  0.000000e+000  2.391095e+001
      vertex -1.899382e+001  0.000000e+000  2.391095e+001
    endloop
  endfacet
  facet normal -9.063078e-001  -0.000000e+000 -4.226183e-001
    outer loop
      vertex -1.425327e+000  1.300000e+001  8.503870e+000
      vertex -1.425327e+000  1.500000e+001  8.503870e+000
      vertex  3.006182e+000  1.500000e+001 -9.995313e-001
    endloop
  endfacet
  facet normal -9.063078e-001  0.000000e+000 -4.226183e-001
    outer loop
      vertex -1.425327e+000  1.300000e+001  8.503870e+000
      vertex  3.006182e+000  1.500000e+001 -9.995313e-001
      vertex -1.425327e+000  2.000000e+000  8.503870e+000
    endloop
  endfacet
  facet normal -9.063078e-001  0.000000e+000 -4.226183e-001
    outer loop
      vertex -1.425327e+000  1.300000e+001  8.503870e+000
      vertex -1.425327e+000  2.000000e+000  8.503870e+000
      vertex -5.651510e+000  2.000000e+000  1.756695e+001
    endloop
  endfacet
  facet normal -9.063078e-001  0.000000e+000 -4.226183e-001
    outer loop
      vertex -1.425327e+000  1.300000e+001  8.503870e+000
      vertex -5.651510e+000  2.000000e+000  1.756695e+001
      vertex -5.651510e+000  1.300000e+001  1.756695e+001
    endloop
  endfacet
  facet normal -9.063078e-001  0.000000e+000 -4.226182e-001
    outer loop
      vertex  3.006182e+000  0.000000e+000 -9.995313e-001
      vertex -1.425327e+000  0.000000e+000  8.503870e+000
      vertex  3.006182e+000  1.500000e+001 -9.995313e-001
    endloop
  endfacet
  facet normal -9.063079e-001  0.000000e+000 -4.226181e-001
    outer loop
      vertex  3.006182e+000  1.500000e+001 -9.995313e-001
      vertex -1.425327e+000  0.000000e+000  8.503870e+000
      vertex -1.425327e+000  2.000000e+000  8.503870e+000
    endloop
  endfacet
  facet normal -1.950901e-001  9.807854e-001  0.000000e+000
    outer loop
      vertex -2.993818e+000  1.200000e+001  1.756695e+001
      vertex -2.611135e+000  1.207612e+001  2.391095e+001
      vertex -2.611135e+000  1.207612e+001  1.756695e+001
    endloop
  endfacet
  facet normal -5.555708e-001  8.314692e-001  0.000000e+000
    outer loop
      vertex -2.611135e+000  1.207612e+001  1.756695e+001
      vertex -2.611135e+000  1.207612e+001  2.391095e+001
      vertex -2.286711e+000  1.229289e+001  2.391095e+001
    endloop
  endfacet
  facet normal -5.555708e-001  8.314692e-001  0.000000e+000
    outer loop
      vertex -2.611135e+000  1.207612e+001  1.756695e+001
      vertex -2.286711e+000  1.229289e+001  2.391095e+001
      vertex -2.286711e+000  1.229289e+001  1.756695e+001
    endloop
  endfacet
  facet normal -8.314691e-001  5.555709e-001  0.000000e+000
    outer loop
      vertex -2.286711e+000  1.229289e+001  1.756695e+001
      vertex -2.286711e+000  1.229289e+001  2.391095e+001
      vertex -2.069939e+000  1.261732e+001  2.391095e+001
    endloop
  endfacet
  facet normal -8.314691e-001  5.555709e-001  0.000000e+000
    outer loop
      vertex -2.286711e+000  1.229289e+001  1.756695e+001
      vertex -2.069939e+000  1.261732e+001  2.391095e+001
      vertex -2.069939e+000  1.261732e+001  1.756695e+001
    endloop
  endfacet
  facet normal -9.807854e-001  1.950900e-001  0.000000e+000
    outer loop
      vertex -2.069939e+000  1.261732e+001  1.756695e+001
      vertex -2.069939e+000  1.261732e+001  2.391095e+001
      vertex -1.993818e+000  1.300000e+001  2.391095e+001
    endloop
  endfacet
  facet normal -9.807854e-001  1.950900e-001  0.000000e+000
    outer loop
      vertex -2.069939e+000  1.261732e+001  1.756695e+001
      vertex -1.993818e+000  1.300000e+001  2.391095e+001
      vertex -1.993818e+000  1.300000e+001  1.756695e+001
    endloop
  endfacet
  facet normal -1.950901e-001  9.807854e-001  0.000000e+000
    outer loop
      vertex -2.611135e+000  1.207612e+001  2.391095e+001
      vertex -2.993818e+000  1.200000e+001  1.756695e+001
      vertex -2.993818e+000  1.200000e+001  2.391095e+001
    endloop
  endfacet
  facet normal  1.950901e-001  9.807854e-001  0.000000e+000
    outer loop
      vertex -2.993818e+000  1.200000e+001  2.391095e+001
      vertex -2.993818e+000  1.200000e+001  1.756695e+001
      vertex -3.376502e+000  1.207612e+001  1.756695e+001
    endloop
  endfacet
  facet normal  1.950901e-001  9.807854e-001  -0.000000e+000
    outer loop
      vertex -2.993818e+000  1.200000e+001  2.391095e+001
      vertex -3.376502e+000  1.207612e+001  1.756695e+001
      vertex -3.376502e+000  1.207612e+001  2.391095e+001
    endloop
  endfacet
  facet normal  5.555708e-001  8.314692e-001  0.000000e+000
    outer loop
      vertex -3.376502e+000  1.207612e+001  2.391095e+001
      vertex -3.376502e+000  1.207612e+001  1.756695e+001
      vertex -3.700925e+000  1.229289e+001  1.756695e+001
    endloop
  endfacet
  facet normal  5.555708e-001  8.314692e-001  -0.000000e+000
    outer loop
      vertex -3.376502e+000  1.207612e+001  2.391095e+001
      vertex -3.700925e+000  1.229289e+001  1.756695e+001
      vertex -3.700925e+000  1.229289e+001  2.391095e+001
    endloop
  endfacet
  facet normal  8.314691e-001  5.555709e-001  0.000000e+000
    outer loop
      vertex -3.700925e+000  1.229289e+001  2.391095e+001
      vertex -3.700925e+000  1.229289e+001  1.756695e+001
      vertex -3.917698e+000  1.261732e+001  1.756695e+001
    endloop
  endfacet
  facet normal  8.314691e-001  5.555709e-001  -0.000000e+000
    outer loop
      vertex -3.700925e+000  1.229289e+001  2.391095e+001
      vertex -3.917698e+000  1.261732e+001  1.756695e+001
      vertex -3.917698e+000  1.261732e+001  2.391095e+001
    endloop
  endfacet
  facet normal  9.807854e-001  1.950900e-001  0.000000e+000
    outer loop
      vertex -3.917698e+000  1.261732e+001  2.391095e+001
      vertex -3.917698e+000  1.261732e+001  1.756695e+001
      vertex -3.993818e+000  1.300000e+001  1.756695e+001
    endloop
  endfacet
  facet normal  9.807854e-001  1.950900e-001  -0.000000e+000
    outer loop
      vertex -3.917698e+000  1.261732e+001  2.391095e+001
      vertex -3.993818e+000  1.300000e+001  1.756695e+001
      vertex -3.993818e+000  1.300000e+001  2.391095e+001
    endloop
  endfacet
  facet normal  1.950901e-001 -9.807854e-001  0.000000e+000
    outer loop
      vertex -2.993818e+000  3.000000e+000  1.756695e+001
      vertex -3.376502e+000  2.923880e+000  2.391095e+001
      vertex -3.376502e+000  2.923880e+000  1.756695e+001
    endloop
  endfacet
  facet normal  5.555704e-001 -8.314695e-001  0.000000e+000
    outer loop
      vertex -3.376502e+000  2.923880e+000  1.756695e+001
      vertex -3.376502e+000  2.923880e+000  2.391095e+001
      vertex -3.700925e+000  2.707107e+000  2.391095e+001
    endloop
  endfacet
  facet normal  5.555704e-001 -8.314695e-001  0.000000e+000
    outer loop
      vertex -3.376502e+000  2.923880e+000  1.756695e+001
      vertex -3.700925e+000  2.707107e+000  2.391095e+001
      vertex -3.700925e+000  2.707107e+000  1.756695e+001
    endloop
  endfacet
  facet normal  8.314695e-001 -5.555704e-001  0.000000e+000
    outer loop
      vertex -3.700925e+000  2.707107e+000  1.756695e+001
      vertex -3.700925e+000  2.707107e+000  2.391095e+001
      vertex -3.917698e+000  2.382684e+000  2.391095e+001
    endloop
  endfacet
  facet normal  8.314695e-001 -5.555704e-001  0.000000e+000
    outer loop
      vertex -3.700925e+000  2.707107e+000  1.756695e+001
      vertex -3.917698e+000  2.382684e+000  2.391095e+001
      vertex -3.917698e+000  2.382684e+000  1.756695e+001
    endloop
  endfacet
  facet normal  9.807854e-001 -1.950901e-001  0.000000e+000
    outer loop
      vertex -3.917698e+000  2.382684e+000  1.756695e+001
      vertex -3.917698e+000  2.382684e+000  2.391095e+001
      vertex -3.993818e+000  2.000000e+000  2.391095e+001
    endloop
  endfacet
  facet normal  9.807854e-001 -1.950901e-001  0.000000e+000
    outer loop
      vertex -3.917698e+000  2.382684e+000  1.756695e+001
      vertex -3.993818e+000  2.000000e+000  2.391095e+001
      vertex -3.993818e+000  2.000000e+000  1.756695e+001
    endloop
  endfacet
  facet normal  1.950901e-001 -9.807854e-001  0.000000e+000
    outer loop
      vertex -3.376502e+000  2.923880e+000  2.391095e+001
      vertex -2.993818e+000  3.000000e+000  1.756695e+001
      vertex -2.993818e+000  3.000000e+000  2.391095e+001
    endloop
  endfacet
  facet normal -1.950901e-001 -9.807854e-001  -0.000000e+000
    outer loop
      vertex -2.993818e+000  3.000000e+000  2.391095e+001
      vertex -2.993818e+000  3.000000e+000  1.756695e+001
      vertex -2.611135e+000  2.923880e+000  1.756695e+001
    endloop
  endfacet
  facet normal -1.950901e-001 -9.807854e-001  0.000000e+000
    outer loop
      vertex -2.993818e+000  3.000000e+000  2.391095e+001
      vertex -2.611135e+000  2.923880e+000  1.756695e+001
      vertex -2.611135e+000  2.923880e+000  2.391095e+001
    endloop
  endfacet
  facet normal -5.555704e-001 -8.314695e-001  -0.000000e+000
    outer loop
      vertex -2.611135e+000  2.923880e+000  2.391095e+001
      vertex -2.611135e+000  2.923880e+000  1.756695e+001
      vertex -2.286711e+000  2.707107e+000  1.756695e+001
    endloop
  endfacet
  facet normal -5.555704e-001 -8.314695e-001  0.000000e+000
    outer loop
      vertex -2.611135e+000  2.923880e+000  2.391095e+001
      vertex -2.286711e+000  2.707107e+000  1.756695e+001
      vertex -2.286711e+000  2.707107e+000  2.391095e+001
    endloop
  endfacet
  facet normal -8.314695e-001 -5.555704e-001  -0.000000e+000
    outer loop
      vertex -2.286711e+000  2.707107e+000  2.391095e+001
      vertex -2.286711e+000  2.707107e+000  1.756695e+001
      vertex -2.069939e+000  2.382684e+000  1.756695e+001
    endloop
  endfacet
  facet normal -8.314695e-001 -5.555704e-001  0.000000e+000
    outer loop
      vertex -2.286711e+000  2.707107e+000  2.391095e+001
      vertex -2.069939e+000  2.382684e+000  1.756695e+001
      vertex -2.069939e+000  2.382684e+000  2.391095e+001
    endloop
  endfacet
  facet normal -9.807854e-001 -1.950901e-001  -0.000000e+000
    outer loop
      vertex -2.069939e+000  2.382684e+000  2.391095e+001
      vertex -2.069939e+000  2.382684e+000  1.756695e+001
      vertex -1.993818e+000  2.000000e+000  1.756695e+001
    endloop
  endfacet
  facet normal -9.807854e-001 -1.950901e-001  0.000000e+000
    outer loop
      vertex -2.069939e+000  2.382684e+000  2.391095e+001
      vertex -1.993818e+000  2.000000e+000  1.756695e+001
      vertex -1.993818e+000  2.000000e+000  2.391095e+001
    endloop
  endfacet
  facet normal  1.950901e-001 -9.807854e-001  0.000000e+000
    outer loop
      vertex -2.993818e+000  1.400000e+001  1.756695e+001
      vertex -3.376502e+000  1.392388e+001  2.391095e+001
      vertex -3.376502e+000  1.392388e+001  1.756695e+001
    endloop
  endfacet
  facet normal  5.555708e-001 -8.314692e-001  0.000000e+000
    outer loop
      vertex -3.376502e+000  1.392388e+001  1.756695e+001
      vertex -3.376502e+000  1.392388e+001  2.391095e+001
      vertex -3.700925e+000  1.370711e+001  2.391095e+001
    endloop
  endfacet
  facet normal  5.555708e-001 -8.314692e-001  0.000000e+000
    outer loop
      vertex -3.376502e+000  1.392388e+001  1.756695e+001
      vertex -3.700925e+000  1.370711e+001  2.391095e+001
      vertex -3.700925e+000  1.370711e+001  1.756695e+001
    endloop
  endfacet
  facet normal  8.314691e-001 -5.555709e-001  0.000000e+000
    outer loop
      vertex -3.700925e+000  1.370711e+001  1.756695e+001
      vertex -3.700925e+000  1.370711e+001  2.391095e+001
      vertex -3.917698e+000  1.338268e+001  2.391095e+001
    endloop
  endfacet
  facet normal  8.314691e-001 -5.555709e-001  0.000000e+000
    outer loop
      vertex -3.700925e+000  1.370711e+001  1.756695e+001
      vertex -3.917698e+000  1.338268e+001  2.391095e+001
      vertex -3.917698e+000  1.338268e+001  1.756695e+001
    endloop
  endfacet
  facet normal  9.807854e-001 -1.950900e-001  0.000000e+000
    outer loop
      vertex -3.917698e+000  1.338268e+001  1.756695e+001
      vertex -3.917698e+000  1.338268e+001  2.391095e+001
      vertex -3.993818e+000  1.300000e+001  2.391095e+001
    endloop
  endfacet
  facet normal  9.807854e-001 -1.950900e-001  0.000000e+000
    outer loop
      vertex -3.917698e+000  1.338268e+001  1.756695e+001
      vertex -3.993818e+000  1.300000e+001  2.391095e+001
      vertex -3.993818e+000  1.300000e+001  1.756695e+001
    endloop
  endfacet
  facet normal  1.950901e-001 -9.807854e-001  0.000000e+000
    outer loop
      vertex -3.376502e+000  1.392388e+001  2.391095e+001
      vertex -2.993818e+000  1.400000e+001  1.756695e+001
      vertex -2.993818e+000  1.400000e+001  2.391095e+001
    endloop
  endfacet
  facet normal -1.950901e-001 -9.807854e-001  -0.000000e+000
    outer loop
      vertex -2.993818e+000  1.400000e+001  2.391095e+001
      vertex -2.993818e+000  1.400000e+001  1.756695e+001
      vertex -2.611135e+000  1.392388e+001  1.756695e+001
    endloop
  endfacet
  facet normal -1.950901e-001 -9.807854e-001  0.000000e+000
    outer loop
      vertex -2.993818e+000  1.400000e+001  2.391095e+001
      vertex -2.611135e+000  1.392388e+001  1.756695e+001
      vertex -2.611135e+000  1.392388e+001  2.391095e+001
    endloop
  endfacet
  facet normal -5.555708e-001 -8.314692e-001  -0.000000e+000
    outer loop
      vertex -2.611135e+000  1.392388e+001  2.391095e+001
      vertex -2.611135e+000  1.392388e+001  1.756695e+001
      vertex -2.286711e+000  1.370711e+001  1.756695e+001
    endloop
  endfacet
  facet normal -5.555708e-001 -8.314692e-001  0.000000e+000
    outer loop
      vertex -2.611135e+000  1.392388e+001  2.391095e+001
      vertex -2.286711e+000  1.370711e+001  1.756695e+001
      vertex -2.286711e+000  1.370711e+001  2.391095e+001
    endloop
  endfacet
  facet normal -8.314691e-001 -5.555709e-001  -0.000000e+000
    outer loop
      vertex -2.286711e+000  1.370711e+001  2.391095e+001
      vertex -2.286711e+000  1.370711e+001  1.756695e+001
      vertex -2.069939e+000  1.338268e+001  1.756695e+001
    endloop
  endfacet
  facet normal -8.314691e-001 -5.555709e-001  0.000000e+000
    outer loop
      vertex -2.286711e+000  1.370711e+001  2.391095e+001
      vertex -2.069939e+000  1.338268e+001  1.756695e+001
      vertex -2.069939e+000  1.338268e+001  2.391095e+001
    endloop
  endfacet
  facet normal -9.807854e-001 -1.950900e-001  -0.000000e+000
    outer loop
      vertex -2.069939e+000  1.338268e+001  2.391095e+001
      vertex -2.069939e+000  1.338268e+001  1.756695e+001
      vertex -1.993818e+000  1.300000e+001  1.756695e+001
    endloop
  endfacet
  facet normal -9.807854e-001 -1.950900e-001  0.000000e+000
    outer loop
      vertex -2.069939e+000  1.338268e+001  2.391095e+001
      vertex -1.993818e+000  1.300000e+001  1.756695e+001
      vertex -1.993818e+000  1.300000e+001  2.391095e+001
    endloop
  endfacet
  facet normal -1.950904e-001  9.807853e-001  0.000000e+000
    outer loop
      vertex -2.993818e+000  1.000000e+000  1.756695e+001
      vertex -2.611135e+000  1.076120e+000  2.391095e+001
      vertex -2.611135e+000  1.076120e+000  1.756695e+001
    endloop
  endfacet
  facet normal -5.555702e-001  8.314697e-001  0.000000e+000
    outer loop
      vertex -2.611135e+000  1.076120e+000  1.756695e+001
      vertex -2.611135e+000  1.076120e+000  2.391095e+001
      vertex -2.286711e+000  1.292893e+000  2.391095e+001
    endloop
  endfacet
  facet normal -5.555702e-001  8.314697e-001  0.000000e+000
    outer loop
      vertex -2.611135e+000  1.076120e+000  1.756695e+001
      vertex -2.286711e+000  1.292893e+000  2.391095e+001
      vertex -2.286711e+000  1.292893e+000  1.756695e+001
    endloop
  endfacet
  facet normal -8.314696e-001  5.555702e-001  0.000000e+000
    outer loop
      vertex -2.286711e+000  1.292893e+000  1.756695e+001
      vertex -2.286711e+000  1.292893e+000  2.391095e+001
      vertex -2.069939e+000  1.617317e+000  2.391095e+001
    endloop
  endfacet
  facet normal -8.314696e-001  5.555702e-001  0.000000e+000
    outer loop
      vertex -2.286711e+000  1.292893e+000  1.756695e+001
      vertex -2.069939e+000  1.617317e+000  2.391095e+001
      vertex -2.069939e+000  1.617317e+000  1.756695e+001
    endloop
  endfacet
  facet normal -9.807854e-001  1.950901e-001  0.000000e+000
    outer loop
      vertex -2.069939e+000  1.617317e+000  1.756695e+001
      vertex -2.069939e+000  1.617317e+000  2.391095e+001
      vertex -1.993818e+000  2.000000e+000  2.391095e+001
    endloop
  endfacet
  facet normal -9.807854e-001  1.950901e-001  0.000000e+000
    outer loop
      vertex -2.069939e+000  1.617317e+000  1.756695e+001
      vertex -1.993818e+000  2.000000e+000  2.391095e+001
      vertex -1.993818e+000  2.000000e+000  1.756695e+001
    endloop
  endfacet
  facet normal -1.950904e-001  9.807853e-001  0.000000e+000
    outer loop
      vertex -2.611135e+000  1.076120e+000  2.391095e+001
      vertex -2.993818e+000  1.000000e+000  1.756695e+001
      vertex -2.993818e+000  1.000000e+000  2.391095e+001
    endloop
  endfacet
  facet normal  1.950904e-001  9.807853e-001  0.000000e+000
    outer loop
      vertex -2.993818e+000  1.000000e+000  2.391095e+001
      vertex -2.993818e+000  1.000000e+000  1.756695e+001
      vertex -3.376502e+000  1.076120e+000  1.756695e+001
    endloop
  endfacet
  facet normal  1.950904e-001  9.807853e-001  -0.000000e+000
    outer loop
      vertex -2.993818e+000  1.000000e+000  2.391095e+001
      vertex -3.376502e+000  1.076120e+000  1.756695e+001
      vertex -3.376502e+000  1.076120e+000  2.391095e+001
    endloop
  endfacet
  facet normal  5.555702e-001  8.314697e-001  0.000000e+000
    outer loop
      vertex -3.376502e+000  1.076120e+000  2.391095e+001
      vertex -3.376502e+000  1.076120e+000  1.756695e+001
      vertex -3.700925e+000  1.292893e+000  1.756695e+001
    endloop
  endfacet
  facet normal  5.555702e-001  8.314697e-001  -0.000000e+000
    outer loop
      vertex -3.376502e+000  1.076120e+000  2.391095e+001
      vertex -3.700925e+000  1.292893e+000  1.756695e+001
      vertex -3.700925e+000  1.292893e+000  2.391095e+001
    endloop
  endfacet
  facet normal  8.314696e-001  5.555702e-001  0.000000e+000
    outer loop
      vertex -3.700925e+000  1.292893e+000  2.391095e+001
      vertex -3.700925e+000  1.292893e+000  1.756695e+001
      vertex -3.917698e+000  1.617317e+000  1.756695e+001
    endloop
  endfacet
  facet normal  8.314696e-001  5.555702e-001  -0.000000e+000
    outer loop
      vertex -3.700925e+000  1.292893e+000  2.391095e+001
      vertex -3.917698e+000  1.617317e+000  1.756695e+001
      vertex -3.917698e+000  1.617317e+000  2.391095e+001
    endloop
  endfacet
  facet normal  9.807854e-001  1.950901e-001  0.000000e+000
    outer loop
      vertex -3.917698e+000  1.617317e+000  2.391095e+001
      vertex -3.917698e+000  1.617317e+000  1.756695e+001
      vertex -3.993818e+000  2.000000e+000  1.756695e+001
    endloop
  endfacet
  facet normal  9.807854e-001  1.950901e-001  -0.000000e+000
    outer loop
      vertex -3.917698e+000  1.617317e+000  2.391095e+001
      vertex -3.993818e+000  2.000000e+000  1.756695e+001
      vertex -3.993818e+000  2.000000e+000  2.391095e+001
    endloop
  endfacet
  facet normal  0.000000e+000  0.000000e+000  1.000000e+000
    outer loop
      vertex -2.993818e+000  3.000000e+000  1.756695e+001
      vertex -3.376502e+000  2.923880e+000  1.756695e+001
      vertex -2.611135e+000  2.923880e+000  1.756695e+001
    endloop
  endfacet
  facet normal  0.000000e+000  0.000000e+000  9.999999e-001
    outer loop
      vertex -2.993818e+000  1.000000e+000  1.756695e+001
      vertex -2.611135e+000  1.076120e+000  1.756695e+001
      vertex -3.376502e+000  1.076120e+000  1.756695e+001
    endloop
  endfacet
  facet normal  0.000000e+000  0.000000e+000  1.000000e+000
    outer loop
      vertex -3.376502e+000  1.076120e+000  1.756695e+001
      vertex -2.611135e+000  1.076120e+000  1.756695e+001
      vertex -2.286711e+000  1.292893e+000  1.756695e+001
    endloop
  endfacet
  facet normal  0.000000e+000  0.000000e+000  1.000000e+000
    outer loop
      vertex -3.376502e+000  1.076120e+000  1.756695e+001
      vertex -2.286711e+000  1.292893e+000  1.756695e+001
      vertex -3.700925e+000  1.292893e+000  1.756695e+001
    endloop
  endfacet
  facet normal  0.000000e+000  0.000000e+000  1.000000e+000
    outer loop
      vertex -3.700925e+000  1.292893e+000  1.756695e+001
      vertex -2.286711e+000  1.292893e+000  1.756695e+001
      vertex -2.069939e+000  1.617317e+000  1.756695e+001
    endloop
  endfacet
  facet normal  0.000000e+000  0.000000e+000  1.000000e+000
    outer loop
      vertex -3.700925e+000  1.292893e+000  1.756695e+001
      vertex -2.069939e+000  1.617317e+000  1.756695e+001
      vertex -3.917698e+000  1.617317e+000  1.756695e+001
    endloop
  endfacet
  facet normal  0.000000e+000  0.000000e+000  9.999999e-001
    outer loop
      vertex -3.917698e+000  1.617317e+000  1.756695e+001
      vertex -2.069939e+000  1.617317e+000  1.756695e+001
      vertex -1.993818e+000  2.000000e+000  1.756695e+001
    endloop
  endfacet
  facet normal  0.000000e+000  0.000000e+000  1.000000e+000
    outer loop
      vertex -3.917698e+000  1.617317e+000  1.756695e+001
      vertex -1.993818e+000  2.000000e+000  1.756695e+001
      vertex -3.993818e+000  2.000000e+000  1.756695e+001
    endloop
  endfacet
  facet normal  0.000000e+000  0.000000e+000  1.000000e+000
    outer loop
      vertex -3.993818e+000  2.000000e+000  1.756695e+001
      vertex -1.993818e+000  2.000000e+000  1.756695e+001
      vertex -2.069939e+000  2.382684e+000  1.756695e+001
    endloop
  endfacet
  facet normal  0.000000e+000  0.000000e+000  9.999999e-001
    outer loop
      vertex -3.993818e+000  2.000000e+000  1.756695e+001
      vertex -2.069939e+000  2.382684e+000  1.756695e+001
      vertex -3.917698e+000  2.382684e+000  1.756695e+001
    endloop
  endfacet
  facet normal  0.000000e+000  0.000000e+000  9.999999e-001
    outer loop
      vertex -3.917698e+000  2.382684e+000  1.756695e+001
      vertex -2.069939e+000  2.382684e+000  1.756695e+001
      vertex -2.286711e+000  2.707107e+000  1.756695e+001
    endloop
  endfacet
  facet normal  0.000000e+000  0.000000e+000  1.000000e+000
    outer loop
      vertex -3.917698e+000  2.382684e+000  1.756695e+001
      vertex -2.286711e+000  2.707107e+000  1.756695e+001
      vertex -3.700925e+000  2.707107e+000  1.756695e+001
    endloop
  endfacet
  facet normal  0.000000e+000  0.000000e+000  1.000000e+000
    outer loop
      vertex -3.700925e+000  2.707107e+000  1.756695e+001
      vertex -2.286711e+000  2.707107e+000  1.756695e+001
      vertex -2.611135e+000  2.923880e+000  1.756695e+001
    endloop
  endfacet
  facet normal  0.000000e+000  0.000000e+000  1.000000e+000
    outer loop
      vertex -3.700925e+000  2.707107e+000  1.756695e+001
      vertex -2.611135e+000  2.923880e+000  1.756695e+001
      vertex -3.376502e+000  2.923880e+000  1.756695e+001
    endloop
  endfacet
  facet normal  0.000000e+000  0.000000e+000  1.000000e+000
    outer loop
      vertex -2.993818e+000  1.400000e+001  1.756695e+001
      vertex -3.376502e+000  1.392388e+001  1.756695e+001
      vertex -2.611135e+000  1.392388e+001  1.756695e+001
    endloop
  endfacet
  facet normal  0.000000e+000  0.000000e+000  1.000000e+000
    outer loop
      vertex -2.993818e+000  1.200000e+001  1.756695e+001
      vertex -2.611135e+000  1.207612e+001  1.756695e+001
      vertex -3.376502e+000  1.207612e+001  1.756695e+001
    endloop
  endfacet
  facet normal  0.000000e+000  0.000000e+000  1.000000e+000
    outer loop
      vertex -3.376502e+000  1.207612e+001  1.756695e+001
      vertex -2.611135e+000  1.207612e+001  1.756695e+001
      vertex -2.286711e+000  1.229289e+001  1.756695e+001
    endloop
  endfacet
  facet normal  0.000000e+000  0.000000e+000  9.999999e-001
    outer loop
      vertex -3.376502e+000  1.207612e+001  1.756695e+001
      vertex -2.286711e+000  1.229289e+001  1.756695e+001
      vertex -3.700925e+000  1.229289e+001  1.756695e+001
    endloop
  endfacet
  facet normal  0.000000e+000  0.000000e+000  1.000000e+000
    outer loop
      vertex -3.700925e+000  1.229289e+001  1.756695e+001
      vertex -2.286711e+000  1.229289e+001  1.756695e+001
      vertex -2.069939e+000  1.261732e+001  1.756695e+001
    endloop
  endfacet
  facet normal  0.000000e+000  0.000000e+000  1.000000e+000
    outer loop
      vertex -3.700925e+000  1.229289e+001  1.756695e+001
      vertex -2.069939e+000  1.261732e+001  1.756695e+001
      vertex -3.917698e+000  1.261732e+001  1.756695e+001
    endloop
  endfacet
  facet normal  0.000000e+000  0.000000e+000  9.999999e-001
    outer loop
      vertex -3.917698e+000  1.261732e+001  1.756695e+001
      vertex -2.069939e+000  1.261732e+001  1.756695e+001
      vertex -1.993818e+000  1.300000e+001  1.756695e+001
    endloop
  endfacet
  facet normal  0.000000e+000  0.000000e+000  9.999999e-001
    outer loop
      vertex -3.917698e+000  1.261732e+001  1.756695e+001
      vertex -1.993818e+000  1.300000e+001  1.756695e+001
      vertex -3.993818e+000  1.300000e+001  1.756695e+001
    endloop
  endfacet
  facet normal  0.000000e+000  0.000000e+000  9.999999e-001
    outer loop
      vertex -3.993818e+000  1.300000e+001  1.756695e+001
      vertex -1.993818e+000  1.300000e+001  1.756695e+001
      vertex -2.069939e+000  1.338268e+001  1.756695e+001
    endloop
  endfacet
  facet normal  0.000000e+000  0.000000e+000  9.999999e-001
    outer loop
      vertex -3.993818e+000  1.300000e+001  1.756695e+001
      vertex -2.069939e+000  1.338268e+001  1.756695e+001
      vertex -3.917698e+000  1.338268e+001  1.756695e+001
    endloop
  endfacet
  facet normal  0.000000e+000  0.000000e+000  1.000000e+000
    outer loop
      vertex -3.917698e+000  1.338268e+001  1.756695e+001
      vertex -2.069939e+000  1.338268e+001  1.756695e+001
      vertex -2.286711e+000  1.370711e+001  1.756695e+001
    endloop
  endfacet
  facet normal  0.000000e+000  0.000000e+000  1.000000e+000
    outer loop
      vertex -3.917698e+000  1.338268e+001  1.756695e+001
      vertex -2.286711e+000  1.370711e+001  1.756695e+001
      vertex -3.700925e+000  1.370711e+001  1.756695e+001
    endloop
  endfacet
  facet normal  0.000000e+000  0.000000e+000  9.999999e-001
    outer loop
      vertex -3.700925e+000  1.370711e+001  1.756695e+001
      vertex -2.286711e+000  1.370711e+001  1.756695e+001
      vertex -2.611135e+000  1.392388e+001  1.756695e+001
    endloop
  endfacet
  facet normal  0.000000e+000  0.000000e+000  1.000000e+000
    outer loop
      vertex -3.700925e+000  1.370711e+001  1.756695e+001
      vertex -2.611135e+000  1.392388e+001  1.756695e+001
      vertex -3.376502e+000  1.392388e+001  1.756695e+001
    endloop
  endfacet
  facet normal  0.000000e+000  0.000000e+000 -9.999999e-001
    outer loop
      vertex -5.651510e+000  1.300000e+001  1.756695e+001
      vertex -5.651510e+000  2.000000e+000  1.756695e+001
      vertex -7.993818e+000  5.000000e+000  1.756695e+001
    endloop
  endfacet
  facet normal  0.000000e+000  0.000000e+000 -1.000000e+000
    outer loop
      vertex -5.651510e+000  1.300000e+001  1.756695e+001
      vertex -7.993818e+000  5.000000e+000  1.756695e+001
      vertex -7.993818e+000  1.000000e+001  1.756695e+001
    endloop
  endfacet
  facet normal  0.000000e+000  0.000000e+000 -1.000000e+000
    outer loop
      vertex -5.651510e+000  1.300000e+001  1.756695e+001
      vertex -7.993818e+000  1.000000e+001  1.756695e+001
      vertex -8.069035e+000  1.066756e+001  1.756695e+001
    endloop
  endfacet
  facet normal  0.000000e+000  0.000000e+000 -1.000000e+000
    outer loop
      vertex -5.651510e+000  1.300000e+001  1.756695e+001
      vertex -8.069035e+000  1.066756e+001  1.756695e+001
      vertex -8.290912e+000  1.130165e+001  1.756695e+001
    endloop
  endfacet
  facet normal  0.000000e+000  0.000000e+000 -1.000000e+000
    outer loop
      vertex -5.651510e+000  1.300000e+001  1.756695e+001
      vertex -8.290912e+000  1.130165e+001  1.756695e+001
      vertex -8.648324e+000  1.187047e+001  1.756695e+001
    endloop
  endfacet
  facet normal  0.000000e+000  0.000000e+000 -1.000000e+000
    outer loop
      vertex -5.651510e+000  1.300000e+001  1.756695e+001
      vertex -8.648324e+000  1.187047e+001  1.756695e+001
      vertex -9.123349e+000  1.234549e+001  1.756695e+001
    endloop
  endfacet
  facet normal  0.000000e+000  0.000000e+000 -1.000000e+000
    outer loop
      vertex -5.651510e+000  1.300000e+001  1.756695e+001
      vertex -9.123349e+000  1.234549e+001  1.756695e+001
      vertex -9.692167e+000  1.270291e+001  1.756695e+001
    endloop
  endfacet
  facet normal  0.000000e+000  0.000000e+000 -1.000000e+000
    outer loop
      vertex -5.651510e+000  1.300000e+001  1.756695e+001
      vertex -9.692167e+000  1.270291e+001  1.756695e+001
      vertex -1.032626e+001  1.292478e+001  1.756695e+001
    endloop
  endfacet
  facet normal  0.000000e+000  0.000000e+000 -1.000000e+000
    outer loop
      vertex -5.651510e+000  1.300000e+001  1.756695e+001
      vertex -1.032626e+001  1.292478e+001  1.756695e+001
      vertex -1.099382e+001  1.300000e+001  1.756695e+001
    endloop
  endfacet
  facet normal  0.000000e+000  0.000000e+000 -1.000000e+000
    outer loop
      vertex -5.651510e+000  2.000000e+000  1.756695e+001
      vertex -1.099382e+001  2.000000e+000  1.756695e+001
      vertex -1.032626e+001  2.075216e+000  1.756695e+001
    endloop
  endfacet
  facet normal  0.000000e+000  0.000000e+000 -1.000000e+000
    outer loop
      vertex -5.651510e+000  2.000000e+000  1.756695e+001
      vertex -1.032626e+001  2.075216e+000  1.756695e+001
      vertex -9.692167e+000  2.297093e+000  1.756695e+001
    endloop
  endfacet
  facet normal  0.000000e+000  0.000000e+000 -9.999999e-001
    outer loop
      vertex -5.651510e+000  2.000000e+000  1.756695e+001
      vertex -9.692167e+000  2.297093e+000  1.756695e+001
      vertex -9.123349e+000  2.654505e+000  1.756695e+001
    endloop
  endfacet
  facet normal  0.000000e+000  0.000000e+000 -1.000000e+000
    outer loop
      vertex -5.651510e+000  2.000000e+000  1.756695e+001
      vertex -9.123349e+000  2.654505e+000  1.756695e+001
      vertex -8.648324e+000  3.129531e+000  1.756695e+001
    endloop
  endfacet
  facet normal  0.000000e+000  0.000000e+000 -1.000000e+000
    outer loop
      vertex -5.651510e+000  2.000000e+000  1.756695e+001
      vertex -8.648324e+000  3.129531e+000  1.756695e+001
      vertex -8.290912e+000  3.698349e+000  1.756695e+001
    endloop
  endfacet
  facet normal  0.000000e+000  0.000000e+000 -1.000000e+000
    outer loop
      vertex -5.651510e+000  2.000000e+000  1.756695e+001
      vertex -8.290912e+000  3.698349e+000  1.756695e+001
      vertex -8.069035e+000  4.332437e+000  1.756695e+001
    endloop
  endfacet
  facet normal  0.000000e+000  0.000000e+000 -1.000000e+000
    outer loop
      vertex -5.651510e+000  2.000000e+000  1.756695e+001
      vertex -8.069035e+000  4.332437e+000  1.756695e+001
      vertex -7.993818e+000  5.000000e+000  1.756695e+001
    endloop
  endfacet
  facet normal  0.000000e+000 -1.000000e+000  0.000000e+000
    outer loop
      vertex -1.265151e+001  1.300000e+001  1.756695e+001
      vertex -1.425327e+000  1.300000e+001  8.503870e+000
      vertex -1.099382e+001  1.300000e+001  1.756695e+001
    endloop
  endfacet
  facet normal  -0.000000e+000 -1.000000e+000  -0.000000e+000
    outer loop
      vertex -1.425327e+000  1.300000e+001  8.503870e+000
      vertex -5.651510e+000  1.300000e+001  1.756695e+001
      vertex -1.099382e+001  1.300000e+001  1.756695e+001
    endloop
  endfacet
  facet normal -6.281600e-001  0.000000e+000 -7.780843e-001
    outer loop
      vertex -1.425327e+000  1.500000e+001  8.503870e+000
      vertex -1.425327e+000  1.300000e+001  8.503870e+000
      vertex -1.265151e+001  1.500000e+001  1.756695e+001
    endloop
  endfacet
  facet normal -6.281600e-001  -0.000000e+000 -7.780843e-001
    outer loop
      vertex -1.265151e+001  1.500000e+001  1.756695e+001
      vertex -1.425327e+000  1.300000e+001  8.503870e+000
      vertex -1.265151e+001  1.300000e+001  1.756695e+001
    endloop
  endfacet
  facet normal  0.000000e+000  1.000000e+000  0.000000e+000
    outer loop
      vertex -1.265151e+001  2.000000e+000  1.756695e+001
      vertex -1.099382e+001  2.000000e+000  1.756695e+001
      vertex -1.425327e+000  2.000000e+000  8.503870e+000
    endloop
  endfacet
  facet normal  0.000000e+000  1.000000e+000  0.000000e+000
    outer loop
      vertex -1.099382e+001  2.000000e+000  1.756695e+001
      vertex -5.651510e+000  2.000000e+000  1.756695e+001
      vertex -1.425327e+000  2.000000e+000  8.503870e+000
    endloop
  endfacet
  facet normal -6.281600e-001  0.000000e+000 -7.780843e-001
    outer loop
      vertex -1.425327e+000  2.000000e+000  8.503870e+000
      vertex -1.425327e+000  0.000000e+000  8.503870e+000
      vertex -1.265151e+001  2.000000e+000  1.756695e+001
    endloop
  endfacet
  facet normal -6.281600e-001  -0.000000e+000 -7.780843e-001
    outer loop
      vertex -1.265151e+001  2.000000e+000  1.756695e+001
      vertex -1.425327e+000  0.000000e+000  8.503870e+000
      vertex -1.265151e+001  0.000000e+000  1.756695e+001
    endloop
  endfacet
  facet normal -1.000000e+000  0.000000e+000  0.000000e+000
    outer loop
      vertex -1.899382e+001  0.000000e+000  1.756695e+001
      vertex -1.899382e+001  0.000000e+000  2.391095e+001
      vertex -1.899382e+001  1.500000e+001  1.756695e+001
    endloop
  endfacet
  facet normal -1.000000e+000  0.000000e+000  0.000000e+000
    outer loop
      vertex -1.899382e+001  1.500000e+001  1.756695e+001
      vertex -1.899382e+001  0.000000e+000  2.391095e+001
      vertex -1.899382e+001  1.500000e+001  2.391095e+001
    endloop
  endfacet
  facet normal  0.000000e+000  0.000000e+000  1.000000e+000
    outer loop
      vertex -1.699382e+001  3.000000e+000  2.391095e+001
      vertex -1.369672e+001  3.698349e+000  2.391095e+001
      vertex -1.391860e+001  4.332437e+000  2.391095e+001
    endloop
  endfacet
  facet normal  0.000000e+000  0.000000e+000  1.000000e+000
    outer loop
      vertex -1.399382e+001  5.000000e+000  2.391095e+001
      vertex -1.699382e+001  3.000000e+000  2.391095e+001
      vertex -1.391860e+001  4.332437e+000  2.391095e+001
    endloop
  endfacet
  facet normal  0.000000e+000  -0.000000e+000  1.000000e+000
    outer loop
      vertex -1.699382e+001  1.200000e+001  2.391095e+001
      vertex -1.391860e+001  1.066756e+001  2.391095e+001
      vertex -1.369672e+001  1.130165e+001  2.391095e+001
    endloop
  endfacet
  facet normal  0.000000e+000  -0.000000e+000  1.000000e+000
    outer loop
      vertex -1.699382e+001  1.200000e+001  2.391095e+001
      vertex -1.369672e+001  1.130165e+001  2.391095e+001
      vertex -1.333931e+001  1.187047e+001  2.391095e+001
    endloop
  endfacet
  facet normal  0.000000e+000  0.000000e+000  1.000000e+000
    outer loop
      vertex -1.791770e+001  1.261732e+001  2.391095e+001
      vertex -1.699382e+001  3.000000e+000  2.391095e+001
      vertex -1.770093e+001  1.229289e+001  2.391095e+001
    endloop
  endfacet
  facet normal  0.000000e+000  0.000000e+000  1.000000e+000
    outer loop
      vertex -1.770093e+001  1.229289e+001  2.391095e+001
      vertex -1.699382e+001  3.000000e+000  2.391095e+001
      vertex -1.737650e+001  1.207612e+001  2.391095e+001
    endloop
  endfacet
  facet normal  0.000000e+000  -0.000000e+000  1.000000e+000
    outer loop
      vertex -1.737650e+001  1.207612e+001  2.391095e+001
      vertex -1.699382e+001  3.000000e+000  2.391095e+001
      vertex -1.699382e+001  1.200000e+001  2.391095e+001
    endloop
  endfacet
  facet normal  0.000000e+000  0.000000e+000  1.000000e+000
    outer loop
      vertex -3.993818e+000  1.300000e+001  2.391095e+001
      vertex -3.917698e+000  1.338268e+001  2.391095e+001
      vertex -1.099382e+001  1.300000e+001  2.391095e+001
    endloop
  endfacet
  facet normal  -0.000000e+000  0.000000e+000  1.000000e+000
    outer loop
      vertex -3.993818e+000  1.300000e+001  2.391095e+001
      vertex -1.099382e+001  1.300000e+001  2.391095e+001
      vertex -1.032626e+001  1.292478e+001  2.391095e+001
    endloop
  endfacet
  facet normal  -0.000000e+000  0.000000e+000  1.000000e+000
    outer loop
      vertex -3.993818e+000  1.300000e+001  2.391095e+001
      vertex -1.032626e+001  1.292478e+001  2.391095e+001
      vertex -9.692167e+000  1.270291e+001  2.391095e+001
    endloop
  endfacet
  facet normal  -0.000000e+000  0.000000e+000  1.000000e+000
    outer loop
      vertex -3.993818e+000  1.300000e+001  2.391095e+001
      vertex -9.692167e+000  1.270291e+001  2.391095e+001
      vertex -3.917698e+000  1.261732e+001  2.391095e+001
    endloop
  endfacet
  facet normal  0.000000e+000  0.000000e+000  1.000000e+000
    outer loop
      vertex  1.692616e-002  0.000000e+000  2.391095e+001
      vertex  1.692616e-002  1.500000e+001  2.391095e+001
      vertex -1.993818e+000  2.000000e+000  2.391095e+001
    endloop
  endfacet
  facet normal  0.000000e+000  0.000000e+000  1.000000e+000
    outer loop
      vertex  1.692616e-002  0.000000e+000  2.391095e+001
      vertex -1.993818e+000  2.000000e+000  2.391095e+001
      vertex -2.069939e+000  1.617317e+000  2.391095e+001
    endloop
  endfacet
  facet normal  0.000000e+000  0.000000e+000  1.000000e+000
    outer loop
      vertex  1.692616e-002  0.000000e+000  2.391095e+001
      vertex -2.069939e+000  1.617317e+000  2.391095e+001
      vertex -2.286711e+000  1.292893e+000  2.391095e+001
    endloop
  endfacet
  facet normal  0.000000e+000  0.000000e+000  1.000000e+000
    outer loop
      vertex  1.692616e-002  0.000000e+000  2.391095e+001
      vertex -2.286711e+000  1.292893e+000  2.391095e+001
      vertex -2.611135e+000  1.076120e+000  2.391095e+001
    endloop
  endfacet
  facet normal  0.000000e+000  0.000000e+000  1.000000e+000
    outer loop
      vertex  1.692616e-002  0.000000e+000  2.391095e+001
      vertex -2.611135e+000  1.076120e+000  2.391095e+001
      vertex -2.993818e+000  1.000000e+000  2.391095e+001
    endloop
  endfacet
  facet normal  0.000000e+000  0.000000e+000  1.000000e+000
    outer loop
      vertex  1.692616e-002  0.000000e+000  2.391095e+001
      vertex -2.993818e+000  1.000000e+000  2.391095e+001
      vertex -1.099382e+001  2.000000e+000  2.391095e+001
    endloop
  endfacet
  facet normal  0.000000e+000  0.000000e+000  9.999999e-001
    outer loop
      vertex  1.692616e-002  0.000000e+000  2.391095e+001
      vertex -1.099382e+001  2.000000e+000  2.391095e+001
      vertex -1.699382e+001  1.000000e+000  2.391095e+001
    endloop
  endfacet
  facet normal  0.000000e+000  0.000000e+000  1.000000e+000
    outer loop
      vertex  1.692616e-002  0.000000e+000  2.391095e+001
      vertex -1.699382e+001  1.000000e+000  2.391095e+001
      vertex -1.899382e+001  0.000000e+000  2.391095e+001
    endloop
  endfacet
  facet normal  -0.000000e+000  0.000000e+000  1.000000e+000
    outer loop
      vertex  1.692616e-002  1.500000e+001  2.391095e+001
      vertex -1.899382e+001  1.500000e+001  2.391095e+001
      vertex -1.699382e+001  1.400000e+001  2.391095e+001
    endloop
  endfacet
  facet normal  -0.000000e+000  0.000000e+000  9.999999e-001
    outer loop
      vertex  1.692616e-002  1.500000e+001  2.391095e+001
      vertex -1.699382e+001  1.400000e+001  2.391095e+001
      vertex -1.099382e+001  1.300000e+001  2.391095e+001
    endloop
  endfacet
  facet normal  0.000000e+000  0.000000e+000  1.000000e+000
    outer loop
      vertex  1.692616e-002  1.500000e+001  2.391095e+001
      vertex -1.099382e+001  1.300000e+001  2.391095e+001
      vertex -2.993818e+000  1.400000e+001  2.391095e+001
    endloop
  endfacet
  facet normal  -0.000000e+000  0.000000e+000  1.000000e+000
    outer loop
      vertex  1.692616e-002  1.500000e+001  2.391095e+001
      vertex -2.993818e+000  1.400000e+001  2.391095e+001
      vertex -2.611135e+000  1.392388e+001  2.391095e+001
    endloop
  endfacet
  facet normal  -0.000000e+000  0.000000e+000  1.000000e+000
    outer loop
      vertex  1.692616e-002  1.500000e+001  2.391095e+001
      vertex -2.611135e+000  1.392388e+001  2.391095e+001
      vertex -2.286711e+000  1.370711e+001  2.391095e+001
    endloop
  endfacet
  facet normal  -0.000000e+000  0.000000e+000  1.000000e+000
    outer loop
      vertex  1.692616e-002  1.500000e+001  2.391095e+001
      vertex -2.286711e+000  1.370711e+001  2.391095e+001
      vertex -2.069939e+000  1.338268e+001  2.391095e+001
    endloop
  endfacet
  facet normal  -0.000000e+000  0.000000e+000  1.000000e+000
    outer loop
      vertex  1.692616e-002  1.500000e+001  2.391095e+001
      vertex -2.069939e+000  1.338268e+001  2.391095e+001
      vertex -1.993818e+000  1.300000e+001  2.391095e+001
    endloop
  endfacet
  facet normal  -0.000000e+000  0.000000e+000  9.999999e-001
    outer loop
      vertex  1.692616e-002  1.500000e+001  2.391095e+001
      vertex -1.993818e+000  1.300000e+001  2.391095e+001
      vertex -2.069939e+000  1.261732e+001  2.391095e+001
    endloop
  endfacet
  facet normal  -0.000000e+000  0.000000e+000  1.000000e+000
    outer loop
      vertex  1.692616e-002  1.500000e+001  2.391095e+001
      vertex -2.069939e+000  1.261732e+001  2.391095e+001
      vertex -2.286711e+000  1.229289e+001  2.391095e+001
    endloop
  endfacet
  facet normal  -0.000000e+000  0.000000e+000  1.000000e+000
    outer loop
      vertex  1.692616e-002  1.500000e+001  2.391095e+001
      vertex -2.286711e+000  1.229289e+001  2.391095e+001
      vertex -2.993818e+000  3.000000e+000  2.391095e+001
    endloop
  endfacet
  facet normal  -0.000000e+000  0.000000e+000  1.000000e+000
    outer loop
      vertex  1.692616e-002  1.500000e+001  2.391095e+001
      vertex -2.993818e+000  3.000000e+000  2.391095e+001
      vertex -2.611135e+000  2.923880e+000  2.391095e+001
    endloop
  endfacet
  facet normal  -0.000000e+000  0.000000e+000  1.000000e+000
    outer loop
      vertex  1.692616e-002  1.500000e+001  2.391095e+001
      vertex -2.611135e+000  2.923880e+000  2.391095e+001
      vertex -2.286711e+000  2.707107e+000  2.391095e+001
    endloop
  endfacet
  facet normal  -0.000000e+000  0.000000e+000  9.999999e-001
    outer loop
      vertex  1.692616e-002  1.500000e+001  2.391095e+001
      vertex -2.286711e+000  2.707107e+000  2.391095e+001
      vertex -2.069939e+000  2.382684e+000  2.391095e+001
    endloop
  endfacet
  facet normal  -0.000000e+000  0.000000e+000  1.000000e+000
    outer loop
      vertex  1.692616e-002  1.500000e+001  2.391095e+001
      vertex -2.069939e+000  2.382684e+000  2.391095e+001
      vertex -1.993818e+000  2.000000e+000  2.391095e+001
    endloop
  endfacet
  facet normal  0.000000e+000  0.000000e+000  1.000000e+000
    outer loop
      vertex -1.099382e+001  2.000000e+000  2.391095e+001
      vertex -2.993818e+000  1.000000e+000  2.391095e+001
      vertex -3.376502e+000  1.076120e+000  2.391095e+001
    endloop
  endfacet
  facet normal  0.000000e+000  0.000000e+000  1.000000e+000
    outer loop
      vertex -1.099382e+001  2.000000e+000  2.391095e+001
      vertex -3.376502e+000  1.076120e+000  2.391095e+001
      vertex -3.700925e+000  1.292893e+000  2.391095e+001
    endloop
  endfacet
  facet normal  0.000000e+000  0.000000e+000  1.000000e+000
    outer loop
      vertex -1.099382e+001  2.000000e+000  2.391095e+001
      vertex -3.700925e+000  1.292893e+000  2.391095e+001
      vertex -3.917698e+000  1.617317e+000  2.391095e+001
    endloop
  endfacet
  facet normal  0.000000e+000  0.000000e+000  9.999999e-001
    outer loop
      vertex -1.099382e+001  2.000000e+000  2.391095e+001
      vertex -3.917698e+000  1.617317e+000  2.391095e+001
      vertex -3.993818e+000  2.000000e+000  2.391095e+001
    endloop
  endfacet
  facet normal  0.000000e+000  0.000000e+000  9.999999e-001
    outer loop
      vertex -3.917698e+000  2.382684e+000  2.391095e+001
      vertex -3.700925e+000  2.707107e+000  2.391095e+001
      vertex -9.123349e+000  2.654505e+000  2.391095e+001
    endloop
  endfacet
  facet normal  0.000000e+000  0.000000e+000  1.000000e+000
    outer loop
      vertex -3.917698e+000  2.382684e+000  2.391095e+001
      vertex -9.123349e+000  2.654505e+000  2.391095e+001
      vertex -9.692167e+000  2.297093e+000  2.391095e+001
    endloop
  endfacet
  facet normal  -0.000000e+000  0.000000e+000  1.000000e+000
    outer loop
      vertex -3.917698e+000  2.382684e+000  2.391095e+001
      vertex -9.692167e+000  2.297093e+000  2.391095e+001
      vertex -1.032626e+001  2.075216e+000  2.391095e+001
    endloop
  endfacet
  facet normal  -0.000000e+000  0.000000e+000  1.000000e+000
    outer loop
      vertex -3.917698e+000  2.382684e+000  2.391095e+001
      vertex -1.032626e+001  2.075216e+000  2.391095e+001
      vertex -1.099382e+001  2.000000e+000  2.391095e+001
    endloop
  endfacet
  facet normal  0.000000e+000  0.000000e+000  1.000000e+000
    outer loop
      vertex -3.917698e+000  2.382684e+000  2.391095e+001
      vertex -1.099382e+001  2.000000e+000  2.391095e+001
      vertex -3.993818e+000  2.000000e+000  2.391095e+001
    endloop
  endfacet
  facet normal  0.000000e+000  0.000000e+000  9.999999e-001
    outer loop
      vertex -2.993818e+000  3.000000e+000  2.391095e+001
      vertex -2.286711e+000  1.229289e+001  2.391095e+001
      vertex -2.611135e+000  1.207612e+001  2.391095e+001
    endloop
  endfacet
  facet normal  0.000000e+000  0.000000e+000  9.999999e-001
    outer loop
      vertex -2.993818e+000  3.000000e+000  2.391095e+001
      vertex -2.611135e+000  1.207612e+001  2.391095e+001
      vertex -2.993818e+000  1.200000e+001  2.391095e+001
    endloop
  endfacet
  facet normal  0.000000e+000  0.000000e+000  1.000000e+000
    outer loop
      vertex -2.993818e+000  3.000000e+000  2.391095e+001
      vertex -2.993818e+000  1.200000e+001  2.391095e+001
      vertex -7.993818e+000  1.000000e+001  2.391095e+001
    endloop
  endfacet
  facet normal  0.000000e+000  0.000000e+000  1.000000e+000
    outer loop
      vertex -2.993818e+000  3.000000e+000  2.391095e+001
      vertex -7.993818e+000  1.000000e+001  2.391095e+001
      vertex -7.993818e+000  5.000000e+000  2.391095e+001
    endloop
  endfacet
  facet normal  0.000000e+000  0.000000e+000  1.000000e+000
    outer loop
      vertex -2.993818e+000  3.000000e+000  2.391095e+001
      vertex -7.993818e+000  5.000000e+000  2.391095e+001
      vertex -8.069035e+000  4.332437e+000  2.391095e+001
    endloop
  endfacet
  facet normal  0.000000e+000  0.000000e+000  1.000000e+000
    outer loop
      vertex -2.993818e+000  3.000000e+000  2.391095e+001
      vertex -8.069035e+000  4.332437e+000  2.391095e+001
      vertex -8.290912e+000  3.698349e+000  2.391095e+001
    endloop
  endfacet
  facet normal  0.000000e+000  0.000000e+000  1.000000e+000
    outer loop
      vertex -2.993818e+000  3.000000e+000  2.391095e+001
      vertex -8.290912e+000  3.698349e+000  2.391095e+001
      vertex -8.648324e+000  3.129531e+000  2.391095e+001
    endloop
  endfacet
  facet normal  0.000000e+000  0.000000e+000  1.000000e+000
    outer loop
      vertex -2.993818e+000  3.000000e+000  2.391095e+001
      vertex -8.648324e+000  3.129531e+000  2.391095e+001
      vertex -3.376502e+000  2.923880e+000  2.391095e+001
    endloop
  endfacet
  facet normal  0.000000e+000  0.000000e+000  1.000000e+000
    outer loop
      vertex -2.993818e+000  1.200000e+001  2.391095e+001
      vertex -3.376502e+000  1.207612e+001  2.391095e+001
      vertex -9.123349e+000  1.234549e+001  2.391095e+001
    endloop
  endfacet
  facet normal  0.000000e+000  0.000000e+000  1.000000e+000
    outer loop
      vertex -2.993818e+000  1.200000e+001  2.391095e+001
      vertex -9.123349e+000  1.234549e+001  2.391095e+001
      vertex -8.648324e+000  1.187047e+001  2.391095e+001
    endloop
  endfacet
  facet normal  -0.000000e+000  0.000000e+000  1.000000e+000
    outer loop
      vertex -2.993818e+000  1.200000e+001  2.391095e+001
      vertex -8.648324e+000  1.187047e+001  2.391095e+001
      vertex -8.290912e+000  1.130165e+001  2.391095e+001
    endloop
  endfacet
  facet normal  -0.000000e+000  0.000000e+000  1.000000e+000
    outer loop
      vertex -2.993818e+000  1.200000e+001  2.391095e+001
      vertex -8.290912e+000  1.130165e+001  2.391095e+001
      vertex -8.069035e+000  1.066756e+001  2.391095e+001
    endloop
  endfacet
  facet normal  -0.000000e+000  0.000000e+000  1.000000e+000
    outer loop
      vertex -2.993818e+000  1.200000e+001  2.391095e+001
      vertex -8.069035e+000  1.066756e+001  2.391095e+001
      vertex -7.993818e+000  1.000000e+001  2.391095e+001
    endloop
  endfacet
  facet normal  0.000000e+000  -0.000000e+000  1.000000e+000
    outer loop
      vertex -1.099382e+001  1.300000e+001  2.391095e+001
      vertex -3.917698e+000  1.338268e+001  2.391095e+001
      vertex -3.700925e+000  1.370711e+001  2.391095e+001
    endloop
  endfacet
  facet normal  0.000000e+000  -0.000000e+000  9.999999e-001
    outer loop
      vertex -1.099382e+001  1.300000e+001  2.391095e+001
      vertex -3.700925e+000  1.370711e+001  2.391095e+001
      vertex -3.376502e+000  1.392388e+001  2.391095e+001
    endloop
  endfacet
  facet normal  0.000000e+000  -0.000000e+000  1.000000e+000
    outer loop
      vertex -1.099382e+001  1.300000e+001  2.391095e+001
      vertex -3.376502e+000  1.392388e+001  2.391095e+001
      vertex -2.993818e+000  1.400000e+001  2.391095e+001
    endloop
  endfacet
  facet normal  0.000000e+000  0.000000e+000  1.000000e+000
    outer loop
      vertex -1.099382e+001  2.000000e+000  2.391095e+001
      vertex -1.166138e+001  2.075216e+000  2.391095e+001
      vertex -1.606994e+001  2.382684e+000  2.391095e+001
    endloop
  endfacet
  facet normal  0.000000e+000  0.000000e+000  1.000000e+000
    outer loop
      vertex -1.099382e+001  2.000000e+000  2.391095e+001
      vertex -1.606994e+001  2.382684e+000  2.391095e+001
      vertex -1.599382e+001  2.000000e+000  2.391095e+001
    endloop
  endfacet
  facet normal  -0.000000e+000  0.000000e+000  9.999999e-001
    outer loop
      vertex -1.099382e+001  2.000000e+000  2.391095e+001
      vertex -1.599382e+001  2.000000e+000  2.391095e+001
      vertex -1.606994e+001  1.617317e+000  2.391095e+001
    endloop
  endfacet
  facet normal  -0.000000e+000  0.000000e+000  1.000000e+000
    outer loop
      vertex -1.099382e+001  2.000000e+000  2.391095e+001
      vertex -1.606994e+001  1.617317e+000  2.391095e+001
      vertex -1.628671e+001  1.292893e+000  2.391095e+001
    endloop
  endfacet
  facet normal  -0.000000e+000  0.000000e+000  1.000000e+000
    outer loop
      vertex -1.099382e+001  2.000000e+000  2.391095e+001
      vertex -1.628671e+001  1.292893e+000  2.391095e+001
      vertex -1.661114e+001  1.076120e+000  2.391095e+001
    endloop
  endfacet
  facet normal  -0.000000e+000  0.000000e+000  1.000000e+000
    outer loop
      vertex -1.099382e+001  2.000000e+000  2.391095e+001
      vertex -1.661114e+001  1.076120e+000  2.391095e+001
      vertex -1.699382e+001  1.000000e+000  2.391095e+001
    endloop
  endfacet
  facet normal  0.000000e+000  0.000000e+000  1.000000e+000
    outer loop
      vertex -1.333931e+001  3.129531e+000  2.391095e+001
      vertex -1.369672e+001  3.698349e+000  2.391095e+001
      vertex -1.699382e+001  3.000000e+000  2.391095e+001
    endloop
  endfacet
  facet normal  -0.000000e+000  0.000000e+000  1.000000e+000
    outer loop
      vertex -1.333931e+001  3.129531e+000  2.391095e+001
      vertex -1.699382e+001  3.000000e+000  2.391095e+001
      vertex -1.661114e+001  2.923880e+000  2.391095e+001
    endloop
  endfacet
  facet normal  -0.000000e+000  0.000000e+000  1.000000e+000
    outer loop
      vertex -1.333931e+001  3.129531e+000  2.391095e+001
      vertex -1.661114e+001  2.923880e+000  2.391095e+001
      vertex -1.628671e+001  2.707107e+000  2.391095e+001
    endloop
  endfacet
  facet normal  -0.000000e+000  0.000000e+000  1.000000e+000
    outer loop
      vertex -1.333931e+001  3.129531e+000  2.391095e+001
      vertex -1.628671e+001  2.707107e+000  2.391095e+001
      vertex -1.286429e+001  2.654505e+000  2.391095e+001
    endloop
  endfacet
  facet normal  0.000000e+000  0.000000e+000  9.999999e-001
    outer loop
      vertex -1.286429e+001  1.234549e+001  2.391095e+001
      vertex -1.229547e+001  1.270291e+001  2.391095e+001
      vertex -1.606994e+001  1.261732e+001  2.391095e+001
    endloop
  endfacet
  facet normal  0.000000e+000  0.000000e+000  1.000000e+000
    outer loop
      vertex -1.286429e+001  1.234549e+001  2.391095e+001
      vertex -1.606994e+001  1.261732e+001  2.391095e+001
      vertex -1.628671e+001  1.229289e+001  2.391095e+001
    endloop
  endfacet
  facet normal  -0.000000e+000  0.000000e+000  1.000000e+000
    outer loop
      vertex -1.286429e+001  1.234549e+001  2.391095e+001
      vertex -1.628671e+001  1.229289e+001  2.391095e+001
      vertex -1.661114e+001  1.207612e+001  2.391095e+001
    endloop
  endfacet
  facet normal  -0.000000e+000  0.000000e+000  1.000000e+000
    outer loop
      vertex -1.286429e+001  1.234549e+001  2.391095e+001
      vertex -1.661114e+001  1.207612e+001  2.391095e+001
      vertex -1.699382e+001  1.200000e+001  2.391095e+001
    endloop
  endfacet
  facet normal  -0.000000e+000  0.000000e+000  1.000000e+000
    outer loop
      vertex -1.286429e+001  1.234549e+001  2.391095e+001
      vertex -1.699382e+001  1.200000e+001  2.391095e+001
      vertex -1.333931e+001  1.187047e+001  2.391095e+001
    endloop
  endfacet
  facet normal  0.000000e+000  0.000000e+000  1.000000e+000
    outer loop
      vertex -1.099382e+001  1.300000e+001  2.391095e+001
      vertex -1.699382e+001  1.400000e+001  2.391095e+001
      vertex -1.661114e+001  1.392388e+001  2.391095e+001
    endloop
  endfacet
  facet normal  0.000000e+000  0.000000e+000  1.000000e+000
    outer loop
      vertex -1.099382e+001  1.300000e+001  2.391095e+001
      vertex -1.661114e+001  1.392388e+001  2.391095e+001
      vertex -1.628671e+001  1.370711e+001  2.391095e+001
    endloop
  endfacet
  facet normal  0.000000e+000  0.000000e+000  1.000000e+000
    outer loop
      vertex -1.099382e+001  1.300000e+001  2.391095e+001
      vertex -1.628671e+001  1.370711e+001  2.391095e+001
      vertex -1.606994e+001  1.338268e+001  2.391095e+001
    endloop
  endfacet
  facet normal  0.000000e+000  0.000000e+000  9.999999e-001
    outer loop
      vertex -1.099382e+001  1.300000e+001  2.391095e+001
      vertex -1.606994e+001  1.338268e+001  2.391095e+001
      vertex -1.599382e+001  1.300000e+001  2.391095e+001
    endloop
  endfacet
  facet normal  -0.000000e+000  0.000000e+000  9.999999e-001
    outer loop
      vertex -1.099382e+001  1.300000e+001  2.391095e+001
      vertex -1.599382e+001  1.300000e+001  2.391095e+001
      vertex -1.166138e+001  1.292478e+001  2.391095e+001
    endloop
  endfacet
  facet normal  0.000000e+000  -0.000000e+000  1.000000e+000
    outer loop
      vertex -1.899382e+001  1.500000e+001  2.391095e+001
      vertex -1.799382e+001  2.000000e+000  2.391095e+001
      vertex -1.791770e+001  2.382684e+000  2.391095e+001
    endloop
  endfacet
  facet normal  0.000000e+000  -0.000000e+000  1.000000e+000
    outer loop
      vertex -1.899382e+001  1.500000e+001  2.391095e+001
      vertex -1.791770e+001  2.382684e+000  2.391095e+001
      vertex -1.770093e+001  2.707107e+000  2.391095e+001
    endloop
  endfacet
  facet normal  0.000000e+000  -0.000000e+000  1.000000e+000
    outer loop
      vertex -1.899382e+001  1.500000e+001  2.391095e+001
      vertex -1.770093e+001  2.707107e+000  2.391095e+001
      vertex -1.737650e+001  2.923880e+000  2.391095e+001
    endloop
  endfacet
  facet normal  0.000000e+000  -0.000000e+000  1.000000e+000
    outer loop
      vertex -1.899382e+001  1.500000e+001  2.391095e+001
      vertex -1.737650e+001  2.923880e+000  2.391095e+001
      vertex -1.699382e+001  3.000000e+000  2.391095e+001
    endloop
  endfacet
  facet normal  0.000000e+000  0.000000e+000  1.000000e+000
    outer loop
      vertex -1.899382e+001  1.500000e+001  2.391095e+001
      vertex -1.699382e+001  3.000000e+000  2.391095e+001
      vertex -1.791770e+001  1.261732e+001  2.391095e+001
    endloop
  endfacet
  facet normal  0.000000e+000  0.000000e+000  1.000000e+000
    outer loop
      vertex -1.899382e+001  1.500000e+001  2.391095e+001
      vertex -1.791770e+001  1.261732e+001  2.391095e+001
      vertex -1.799382e+001  1.300000e+001  2.391095e+001
    endloop
  endfacet
  facet normal  0.000000e+000  -0.000000e+000  1.000000e+000
    outer loop
      vertex -1.899382e+001  1.500000e+001  2.391095e+001
      vertex -1.799382e+001  1.300000e+001  2.391095e+001
      vertex -1.791770e+001  1.338268e+001  2.391095e+001
    endloop
  endfacet
  facet normal  0.000000e+000  -0.000000e+000  1.000000e+000
    outer loop
      vertex -1.899382e+001  1.500000e+001  2.391095e+001
      vertex -1.791770e+001  1.338268e+001  2.391095e+001
      vertex -1.770093e+001  1.370711e+001  2.391095e+001
    endloop
  endfacet
  facet normal  0.000000e+000  -0.000000e+000  1.000000e+000
    outer loop
      vertex -1.899382e+001  1.500000e+001  2.391095e+001
      vertex -1.770093e+001  1.370711e+001  2.391095e+001
      vertex -1.737650e+001  1.392388e+001  2.391095e+001
    endloop
  endfacet
  facet normal  0.000000e+000  -0.000000e+000  1.000000e+000
    outer loop
      vertex -1.899382e+001  1.500000e+001  2.391095e+001
      vertex -1.737650e+001  1.392388e+001  2.391095e+001
      vertex -1.699382e+001  1.400000e+001  2.391095e+001
    endloop
  endfacet
  facet normal  0.000000e+000  0.000000e+000  1.000000e+000
    outer loop
      vertex -1.899382e+001  0.000000e+000  2.391095e+001
      vertex -1.699382e+001  1.000000e+000  2.391095e+001
      vertex -1.737650e+001  1.076120e+000  2.391095e+001
    endloop
  endfacet
  facet normal  0.000000e+000  0.000000e+000  1.000000e+000
    outer loop
      vertex -1.899382e+001  0.000000e+000  2.391095e+001
      vertex -1.737650e+001  1.076120e+000  2.391095e+001
      vertex -1.770093e+001  1.292893e+000  2.391095e+001
    endloop
  endfacet
  facet normal  0.000000e+000  0.000000e+000  1.000000e+000
    outer loop
      vertex -1.899382e+001  0.000000e+000  2.391095e+001
      vertex -1.770093e+001  1.292893e+000  2.391095e+001
      vertex -1.791770e+001  1.617317e+000  2.391095e+001
    endloop
  endfacet
  facet normal  0.000000e+000  0.000000e+000  1.000000e+000
    outer loop
      vertex -1.899382e+001  0.000000e+000  2.391095e+001
      vertex -1.791770e+001  1.617317e+000  2.391095e+001
      vertex -1.799382e+001  2.000000e+000  2.391095e+001
    endloop
  endfacet
  facet normal  0.000000e+000  0.000000e+000  1.000000e+000
    outer loop
      vertex -1.899382e+001  0.000000e+000  2.391095e+001
      vertex -1.799382e+001  2.000000e+000  2.391095e+001
      vertex -1.899382e+001  1.500000e+001  2.391095e+001
    endloop
  endfacet
  facet normal  0.000000e+000  0.000000e+000  1.000000e+000
    outer loop
      vertex -3.700925e+000  2.707107e+000  2.391095e+001
      vertex -3.376502e+000  2.923880e+000  2.391095e+001
      vertex -9.123349e+000  2.654505e+000  2.391095e+001
    endloop
  endfacet
  facet normal  0.000000e+000  0.000000e+000  1.000000e+000
    outer loop
      vertex -9.123349e+000  2.654505e+000  2.391095e+001
      vertex -3.376502e+000  2.923880e+000  2.391095e+001
      vertex -8.648324e+000  3.129531e+000  2.391095e+001
    endloop
  endfacet
  facet normal  0.000000e+000  0.000000e+000  1.000000e+000
    outer loop
      vertex -3.917698e+000  1.261732e+001  2.391095e+001
      vertex -9.692167e+000  1.270291e+001  2.391095e+001
      vertex -3.700925e+000  1.229289e+001  2.391095e+001
    endloop
  endfacet
  facet normal  0.000000e+000  0.000000e+000  1.000000e+000
    outer loop
      vertex -3.700925e+000  1.229289e+001  2.391095e+001
      vertex -9.692167e+000  1.270291e+001  2.391095e+001
      vertex -9.123349e+000  1.234549e+001  2.391095e+001
    endloop
  endfacet
  facet normal  0.000000e+000  0.000000e+000  1.000000e+000
    outer loop
      vertex -3.700925e+000  1.229289e+001  2.391095e+001
      vertex -9.123349e+000  1.234549e+001  2.391095e+001
      vertex -3.376502e+000  1.207612e+001  2.391095e+001
    endloop
  endfacet
  facet normal  0.000000e+000  0.000000e+000  1.000000e+000
    outer loop
      vertex -1.286429e+001  2.654505e+000  2.391095e+001
      vertex -1.628671e+001  2.707107e+000  2.391095e+001
      vertex -1.229547e+001  2.297093e+000  2.391095e+001
    endloop
  endfacet
  facet normal  0.000000e+000  0.000000e+000  1.000000e+000
    outer loop
      vertex -1.229547e+001  2.297093e+000  2.391095e+001
      vertex -1.628671e+001  2.707107e+000  2.391095e+001
      vertex -1.606994e+001  2.382684e+000  2.391095e+001
    endloop
  endfacet
  facet normal  0.000000e+000  0.000000e+000  1.000000e+000
    outer loop
      vertex -1.229547e+001  2.297093e+000  2.391095e+001
      vertex -1.606994e+001  2.382684e+000  2.391095e+001
      vertex -1.166138e+001  2.075216e+000  2.391095e+001
    endloop
  endfacet
  facet normal  0.000000e+000  0.000000e+000  1.000000e+000
    outer loop
      vertex -1.699382e+001  3.000000e+000  2.391095e+001
      vertex -1.399382e+001  5.000000e+000  2.391095e+001
      vertex -1.699382e+001  1.200000e+001  2.391095e+001
    endloop
  endfacet
  facet normal  0.000000e+000  0.000000e+000  1.000000e+000
    outer loop
      vertex -1.699382e+001  1.200000e+001  2.391095e+001
      vertex -1.399382e+001  5.000000e+000  2.391095e+001
      vertex -1.399382e+001  1.000000e+001  2.391095e+001
    endloop
  endfacet
  facet normal  0.000000e+000  -0.000000e+000  1.000000e+000
    outer loop
      vertex -1.699382e+001  1.200000e+001  2.391095e+001
      vertex -1.399382e+001  1.000000e+001  2.391095e+001
      vertex -1.391860e+001  1.066756e+001  2.391095e+001
    endloop
  endfacet
  facet normal  0.000000e+000  0.000000e+000  1.000000e+000
    outer loop
      vertex -1.229547e+001  1.270291e+001  2.391095e+001
      vertex -1.166138e+001  1.292478e+001  2.391095e+001
      vertex -1.606994e+001  1.261732e+001  2.391095e+001
    endloop
  endfacet
  facet normal  0.000000e+000  0.000000e+000  1.000000e+000
    outer loop
      vertex -1.606994e+001  1.261732e+001  2.391095e+001
      vertex -1.166138e+001  1.292478e+001  2.391095e+001
      vertex -1.599382e+001  1.300000e+001  2.391095e+001
    endloop
  endfacet
  facet normal  9.063078e-001  0.000000e+000  4.226182e-001
    outer loop
      vertex  1.692616e-002  0.000000e+000  2.391095e+001
      vertex  6.006182e+000  0.000000e+000  1.106695e+001
      vertex  1.692616e-002  1.500000e+001  2.391095e+001
    endloop
  endfacet
  facet normal  9.063078e-001  0.000000e+000  4.226182e-001
    outer loop
      vertex  1.692616e-002  1.500000e+001  2.391095e+001
      vertex  6.006182e+000  0.000000e+000  1.106695e+001
      vertex  6.006182e+000  1.500000e+001  1.106695e+001
    endloop
  endfacet
  facet normal  0.000000e+000  0.000000e+000  1.000000e+000
    outer loop
      vertex  3.006182e+000  1.700000e+001  1.106695e+001
      vertex  3.006182e+000  1.500000e+001  1.106695e+001
      vertex  6.006182e+000  1.700000e+001  1.106695e+001
    endloop
  endfacet
  facet normal  0.000000e+000  0.000000e+000  1.000000e+000
    outer loop
      vertex  6.006182e+000  1.700000e+001  1.106695e+001
      vertex  3.006182e+000  1.500000e+001  1.106695e+001
      vertex  6.006182e+000  1.500000e+001  1.106695e+001
    endloop
  endfacet
  facet normal  0.000000e+000  0.000000e+000  1.000000e+000
    outer loop
      vertex  3.006182e+000  0.000000e+000  1.106695e+001
      vertex  3.006182e+000 -2.000000e+000  1.106695e+001
      vertex  6.006182e+000  0.000000e+000  1.106695e+001
    endloop
  endfacet
  facet normal  0.000000e+000  0.000000e+000  1.000000e+000
    outer loop
      vertex  6.006182e+000  0.000000e+000  1.106695e+001
      vertex  3.006182e+000 -2.000000e+000  1.106695e+001
      vertex  6.006182e+000 -2.000000e+000  1.106695e+001
    endloop
  endfacet
  facet normal  1.000000e+000  0.000000e+000  -0.000000e+000
    outer loop
      vertex  6.006182e+000  1.500000e+001  1.106695e+001
      vertex  6.006182e+000  1.600000e+001  9.066948e+000
      vertex  6.006182e+000  1.607612e+001  9.449632e+000
    endloop
  endfacet
  facet normal  1.000000e+000  0.000000e+000  0.000000e+000
    outer loop
      vertex  6.006182e+000  1.500000e+001  1.106695e+001
      vertex  6.006182e+000  1.607612e+001  8.684264e+000
      vertex  6.006182e+000  1.600000e+001  9.066948e+000
    endloop
  endfacet
  facet normal  1.000000e+000  0.000000e+000  0.000000e+000
    outer loop
      vertex  6.006182e+000  1.738268e+001 -4.509172e+000
      vertex  6.006182e+000  1.700000e+001  8.066948e+000
      vertex  6.006182e+000  1.700000e+001 -4.433052e+000
    endloop
  endfacet
  facet normal  1.000000e+000  0.000000e+000  0.000000e+000
    outer loop
      vertex  6.006182e+000  1.873205e+001 -6.433052e+000
      vertex  6.006182e+000  1.738268e+001 -6.356932e+000
      vertex  6.006182e+000  1.700000e+001 -6.433052e+000
    endloop
  endfacet
  facet normal  1.000000e+000  0.000000e+000  -0.000000e+000
    outer loop
      vertex  6.006182e+000 -2.382684e+000 -4.509172e+000
      vertex  6.006182e+000 -2.000000e+000 -4.433052e+000
      vertex  6.006182e+000 -2.000000e+000  8.066948e+000
    endloop
  endfacet
  facet normal  1.000000e+000  0.000000e+000  -0.000000e+000
    outer loop
      vertex  6.006182e+000  1.000000e+000 -1.433052e+000
      vertex  6.006182e+000  1.400000e+001 -1.433052e+000
      vertex  6.006182e+000  1.500000e+001  1.106695e+001
    endloop
  endfacet
  facet normal  1.000000e+000  0.000000e+000  0.000000e+000
    outer loop
      vertex  6.006182e+000  1.000000e+000 -1.433052e+000
      vertex  6.006182e+000  1.500000e+001  1.106695e+001
      vertex  6.006182e+000  0.000000e+000  1.106695e+001
    endloop
  endfacet
  facet normal  1.000000e+000  0.000000e+000  0.000000e+000
    outer loop
      vertex  6.006182e+000  1.000000e+000 -1.433052e+000
      vertex  6.006182e+000  0.000000e+000  1.106695e+001
      vertex  6.006182e+000 -1.000000e+000  9.066948e+000
    endloop
  endfacet
  facet normal  1.000000e+000  0.000000e+000  0.000000e+000
    outer loop
      vertex  6.006182e+000  1.000000e+000 -1.433052e+000
      vertex  6.006182e+000 -1.000000e+000  9.066948e+000
      vertex  6.006182e+000 -1.076120e+000  8.684264e+000
    endloop
  endfacet
  facet normal  9.999999e-001  0.000000e+000  0.000000e+000
    outer loop
      vertex  6.006182e+000  1.000000e+000 -1.433052e+000
      vertex  6.006182e+000 -1.076120e+000  8.684264e+000
      vertex  6.006182e+000 -1.292893e+000  8.359841e+000
    endloop
  endfacet
  facet normal  1.000000e+000  0.000000e+000  0.000000e+000
    outer loop
      vertex  6.006182e+000  1.000000e+000 -1.433052e+000
      vertex  6.006182e+000 -1.292893e+000  8.359841e+000
      vertex  6.006182e+000 -1.617317e+000  8.143068e+000
    endloop
  endfacet
  facet normal  1.000000e+000  0.000000e+000  0.000000e+000
    outer loop
      vertex  6.006182e+000  1.000000e+000 -1.433052e+000
      vertex  6.006182e+000 -1.617317e+000  8.143068e+000
      vertex  6.006182e+000 -2.000000e+000  8.066948e+000
    endloop
  endfacet
  facet normal  1.000000e+000  0.000000e+000  0.000000e+000
    outer loop
      vertex  6.006182e+000  1.000000e+000 -1.433052e+000
      vertex  6.006182e+000 -2.000000e+000  8.066948e+000
      vertex  6.006182e+000 -2.000000e+000 -4.433052e+000
    endloop
  endfacet
  facet normal  1.000000e+000  -0.000000e+000  0.000000e+000
    outer loop
      vertex  6.006182e+000  1.000000e+000 -1.433052e+000
      vertex  6.006182e+000 -2.000000e+000 -4.433052e+000
      vertex  6.006182e+000 -1.617317e+000 -4.509172e+000
    endloop
  endfacet
  facet normal  1.000000e+000  -0.000000e+000  0.000000e+000
    outer loop
      vertex  6.006182e+000  1.000000e+000 -1.433052e+000
      vertex  6.006182e+000 -1.617317e+000 -4.509172e+000
      vertex  6.006182e+000 -1.292893e+000 -4.725945e+000
    endloop
  endfacet
  facet normal  1.000000e+000  -0.000000e+000  0.000000e+000
    outer loop
      vertex  6.006182e+000  1.000000e+000 -1.433052e+000
      vertex  6.006182e+000 -1.292893e+000 -4.725945e+000
      vertex  6.006182e+000  1.000000e+000 -6.433052e+000
    endloop
  endfacet
  facet normal  1.000000e+000  0.000000e+000  0.000000e+000
    outer loop
      vertex  6.006182e+000  1.000000e+000 -6.433052e+000
      vertex  6.006182e+000 -1.292893e+000 -4.725945e+000
      vertex  6.006182e+000 -1.076120e+000 -5.050369e+000
    endloop
  endfacet
  facet normal  9.999999e-001  0.000000e+000  0.000000e+000
    outer loop
      vertex  6.006182e+000  1.000000e+000 -6.433052e+000
      vertex  6.006182e+000 -1.076120e+000 -5.050369e+000
      vertex  6.006182e+000 -1.000000e+000 -5.433052e+000
    endloop
  endfacet
  facet normal  9.999999e-001  0.000000e+000  0.000000e+000
    outer loop
      vertex  6.006182e+000  1.000000e+000 -6.433052e+000
      vertex  6.006182e+000 -1.000000e+000 -5.433052e+000
      vertex  6.006182e+000 -1.076120e+000 -5.815735e+000
    endloop
  endfacet
  facet normal  9.999999e-001  0.000000e+000  0.000000e+000
    outer loop
      vertex  6.006182e+000  1.000000e+000 -6.433052e+000
      vertex  6.006182e+000 -1.076120e+000 -5.815735e+000
      vertex  6.006182e+000 -1.292893e+000 -6.140159e+000
    endloop
  endfacet
  facet normal  1.000000e+000  0.000000e+000  0.000000e+000
    outer loop
      vertex  6.006182e+000  1.000000e+000 -6.433052e+000
      vertex  6.006182e+000 -1.292893e+000 -6.140159e+000
      vertex  6.006182e+000 -1.617317e+000 -6.356932e+000
    endloop
  endfacet
  facet normal  9.999999e-001  0.000000e+000  0.000000e+000
    outer loop
      vertex  6.006182e+000  1.000000e+000 -6.433052e+000
      vertex  6.006182e+000 -1.617317e+000 -6.356932e+000
      vertex  6.006182e+000 -2.000000e+000 -6.433052e+000
    endloop
  endfacet
  facet normal  1.000000e+000  -0.000000e+000  0.000000e+000
    outer loop
      vertex  6.006182e+000  1.000000e+000 -6.433052e+000
      vertex  6.006182e+000 -2.000000e+000 -6.433052e+000
      vertex  6.006182e+000 -2.000000e+000 -7.433052e+000
    endloop
  endfacet
  facet normal  1.000000e+000  0.000000e+000  0.000000e+000
    outer loop
      vertex  6.006182e+000  1.000000e+000 -6.433052e+000
      vertex  6.006182e+000 -2.000000e+000 -7.433052e+000
      vertex  6.006182e+000  1.700000e+001 -7.433052e+000
    endloop
  endfacet
  facet normal  1.000000e+000  0.000000e+000  0.000000e+000
    outer loop
      vertex  6.006182e+000  1.000000e+000 -6.433052e+000
      vertex  6.006182e+000  1.700000e+001 -7.433052e+000
      vertex  6.006182e+000  1.400000e+001 -6.433052e+000
    endloop
  endfacet
  facet normal  1.000000e+000  0.000000e+000  -0.000000e+000
    outer loop
      vertex  6.006182e+000  1.400000e+001 -6.433052e+000
      vertex  6.006182e+000  1.700000e+001 -7.433052e+000
      vertex  6.006182e+000  1.700000e+001 -6.433052e+000
    endloop
  endfacet
  facet normal  9.999999e-001  0.000000e+000  0.000000e+000
    outer loop
      vertex  6.006182e+000  1.400000e+001 -6.433052e+000
      vertex  6.006182e+000  1.700000e+001 -6.433052e+000
      vertex  6.006182e+000  1.661732e+001 -6.356932e+000
    endloop
  endfacet
  facet normal  1.000000e+000  0.000000e+000  0.000000e+000
    outer loop
      vertex  6.006182e+000  1.400000e+001 -6.433052e+000
      vertex  6.006182e+000  1.661732e+001 -6.356932e+000
      vertex  6.006182e+000  1.629289e+001 -6.140159e+000
    endloop
  endfacet
  facet normal  1.000000e+000  0.000000e+000  0.000000e+000
    outer loop
      vertex  6.006182e+000  1.400000e+001 -6.433052e+000
      vertex  6.006182e+000  1.629289e+001 -6.140159e+000
      vertex  6.006182e+000  1.607612e+001 -5.815735e+000
    endloop
  endfacet
  facet normal  1.000000e+000  0.000000e+000  0.000000e+000
    outer loop
      vertex  6.006182e+000  1.400000e+001 -6.433052e+000
      vertex  6.006182e+000  1.607612e+001 -5.815735e+000
      vertex  6.006182e+000  1.600000e+001 -5.433052e+000
    endloop
  endfacet
  facet normal  1.000000e+000  0.000000e+000  -0.000000e+000
    outer loop
      vertex  6.006182e+000  1.400000e+001 -6.433052e+000
      vertex  6.006182e+000  1.600000e+001 -5.433052e+000
      vertex  6.006182e+000  1.607612e+001 -5.050369e+000
    endloop
  endfacet
  facet normal  1.000000e+000  0.000000e+000  -0.000000e+000
    outer loop
      vertex  6.006182e+000  1.400000e+001 -6.433052e+000
      vertex  6.006182e+000  1.607612e+001 -5.050369e+000
      vertex  6.006182e+000  1.629289e+001 -4.725945e+000
    endloop
  endfacet
  facet normal  1.000000e+000  -0.000000e+000  0.000000e+000
    outer loop
      vertex  6.006182e+000  1.700000e+001  1.106695e+001
      vertex  6.006182e+000  1.500000e+001  1.106695e+001
      vertex  6.006182e+000  1.607612e+001  9.449632e+000
    endloop
  endfacet
  facet normal  1.000000e+000  0.000000e+000  0.000000e+000
    outer loop
      vertex  6.006182e+000  1.700000e+001  1.106695e+001
      vertex  6.006182e+000  1.607612e+001  9.449632e+000
      vertex  6.006182e+000  1.629289e+001  9.774055e+000
    endloop
  endfacet
  facet normal  1.000000e+000  0.000000e+000  0.000000e+000
    outer loop
      vertex  6.006182e+000  1.700000e+001  1.106695e+001
      vertex  6.006182e+000  1.629289e+001  9.774055e+000
      vertex  6.006182e+000  1.661732e+001  9.990828e+000
    endloop
  endfacet
  facet normal  1.000000e+000  0.000000e+000  0.000000e+000
    outer loop
      vertex  6.006182e+000  1.700000e+001  1.106695e+001
      vertex  6.006182e+000  1.661732e+001  9.990828e+000
      vertex  6.006182e+000  1.700000e+001  1.006695e+001
    endloop
  endfacet
  facet normal  1.000000e+000  0.000000e+000  -0.000000e+000
    outer loop
      vertex  6.006182e+000 -4.000000e+000 -5.433052e+000
      vertex  6.006182e+000 -3.931852e+000 -5.950690e+000
      vertex  6.006182e+000 -2.923880e+000 -5.815735e+000
    endloop
  endfacet
  facet normal  1.000000e+000  0.000000e+000  0.000000e+000
    outer loop
      vertex  6.006182e+000 -4.000000e+000 -5.433052e+000
      vertex  6.006182e+000 -2.923880e+000 -5.815735e+000
      vertex  6.006182e+000 -3.000000e+000 -5.433052e+000
    endloop
  endfacet
  facet normal  1.000000e+000  0.000000e+000  -0.000000e+000
    outer loop
      vertex  6.006182e+000 -4.000000e+000 -5.433052e+000
      vertex  6.006182e+000 -3.000000e+000 -5.433052e+000
      vertex  6.006182e+000 -2.923880e+000 -5.050369e+000
    endloop
  endfacet
  facet normal  1.000000e+000  0.000000e+000  -0.000000e+000
    outer loop
      vertex  6.006182e+000 -4.000000e+000 -5.433052e+000
      vertex  6.006182e+000 -2.923880e+000 -5.050369e+000
      vertex  6.006182e+000 -2.707107e+000 -4.725945e+000
    endloop
  endfacet
  facet normal  1.000000e+000  0.000000e+000  -0.000000e+000
    outer loop
      vertex  6.006182e+000 -4.000000e+000 -5.433052e+000
      vertex  6.006182e+000 -2.707107e+000 -4.725945e+000
      vertex  6.006182e+000 -2.382684e+000 -4.509172e+000
    endloop
  endfacet
  facet normal  1.000000e+000  0.000000e+000  -0.000000e+000
    outer loop
      vertex  6.006182e+000 -4.000000e+000 -5.433052e+000
      vertex  6.006182e+000 -2.382684e+000 -4.509172e+000
      vertex  6.006182e+000 -2.000000e+000  8.066948e+000
    endloop
  endfacet
  facet normal  1.000000e+000  0.000000e+000  0.000000e+000
    outer loop
      vertex  6.006182e+000 -4.000000e+000 -5.433052e+000
      vertex  6.006182e+000 -2.000000e+000  8.066948e+000
      vertex  6.006182e+000 -2.382684e+000  8.143068e+000
    endloop
  endfacet
  facet normal  1.000000e+000  0.000000e+000  0.000000e+000
    outer loop
      vertex  6.006182e+000 -4.000000e+000 -5.433052e+000
      vertex  6.006182e+000 -2.382684e+000  8.143068e+000
      vertex  6.006182e+000 -2.707107e+000  8.359841e+000
    endloop
  endfacet
  facet normal  9.999999e-001  0.000000e+000  0.000000e+000
    outer loop
      vertex  6.006182e+000 -4.000000e+000 -5.433052e+000
      vertex  6.006182e+000 -2.707107e+000  8.359841e+000
      vertex  6.006182e+000 -2.923880e+000  8.684264e+000
    endloop
  endfacet
  facet normal  1.000000e+000  0.000000e+000  0.000000e+000
    outer loop
      vertex  6.006182e+000 -4.000000e+000 -5.433052e+000
      vertex  6.006182e+000 -2.923880e+000  8.684264e+000
      vertex  6.006182e+000 -3.000000e+000  9.066948e+000
    endloop
  endfacet
  facet normal  1.000000e+000  0.000000e+000  0.000000e+000
    outer loop
      vertex  6.006182e+000 -4.000000e+000 -5.433052e+000
      vertex  6.006182e+000 -3.000000e+000  9.066948e+000
      vertex  6.006182e+000 -4.000000e+000  9.066948e+000
    endloop
  endfacet
  facet normal  1.000000e+000  -0.000000e+000  0.000000e+000
    outer loop
      vertex  6.006182e+000  0.000000e+000  1.106695e+001
      vertex  6.006182e+000 -2.000000e+000  1.106695e+001
      vertex  6.006182e+000 -2.000000e+000  1.006695e+001
    endloop
  endfacet
  facet normal  1.000000e+000  -0.000000e+000  0.000000e+000
    outer loop
      vertex  6.006182e+000  0.000000e+000  1.106695e+001
      vertex  6.006182e+000 -2.000000e+000  1.006695e+001
      vertex  6.006182e+000 -1.617317e+000  9.990828e+000
    endloop
  endfacet
  facet normal  1.000000e+000  -0.000000e+000  0.000000e+000
    outer loop
      vertex  6.006182e+000  0.000000e+000  1.106695e+001
      vertex  6.006182e+000 -1.617317e+000  9.990828e+000
      vertex  6.006182e+000 -1.292893e+000  9.774055e+000
    endloop
  endfacet
  facet normal  1.000000e+000  -0.000000e+000  0.000000e+000
    outer loop
      vertex  6.006182e+000  0.000000e+000  1.106695e+001
      vertex  6.006182e+000 -1.292893e+000  9.774055e+000
      vertex  6.006182e+000 -1.076120e+000  9.449632e+000
    endloop
  endfacet
  facet normal  1.000000e+000  -0.000000e+000  0.000000e+000
    outer loop
      vertex  6.006182e+000  0.000000e+000  1.106695e+001
      vertex  6.006182e+000 -1.076120e+000  9.449632e+000
      vertex  6.006182e+000 -1.000000e+000  9.066948e+000
    endloop
  endfacet
  facet normal  1.000000e+000  0.000000e+000  0.000000e+000
    outer loop
      vertex  6.006182e+000  1.400000e+001 -1.433052e+000
      vertex  6.006182e+000  1.400000e+001 -6.433052e+000
      vertex  6.006182e+000  1.629289e+001 -4.725945e+000
    endloop
  endfacet
  facet normal  1.000000e+000  0.000000e+000  -0.000000e+000
    outer loop
      vertex  6.006182e+000  1.400000e+001 -1.433052e+000
      vertex  6.006182e+000  1.629289e+001 -4.725945e+000
      vertex  6.006182e+000  1.661732e+001 -4.509172e+000
    endloop
  endfacet
  facet normal  9.999999e-001  0.000000e+000  -0.000000e+000
    outer loop
      vertex  6.006182e+000  1.400000e+001 -1.433052e+000
      vertex  6.006182e+000  1.661732e+001 -4.509172e+000
      vertex  6.006182e+000  1.700000e+001 -4.433052e+000
    endloop
  endfacet
  facet normal  1.000000e+000  0.000000e+000  -0.000000e+000
    outer loop
      vertex  6.006182e+000  1.400000e+001 -1.433052e+000
      vertex  6.006182e+000  1.700000e+001 -4.433052e+000
      vertex  6.006182e+000  1.700000e+001  8.066948e+000
    endloop
  endfacet
  facet normal  9.999999e-001  0.000000e+000  0.000000e+000
    outer loop
      vertex  6.006182e+000  1.400000e+001 -1.433052e+000
      vertex  6.006182e+000  1.700000e+001  8.066948e+000
      vertex  6.006182e+000  1.661732e+001  8.143068e+000
    endloop
  endfacet
  facet normal  1.000000e+000  0.000000e+000  0.000000e+000
    outer loop
      vertex  6.006182e+000  1.400000e+001 -1.433052e+000
      vertex  6.006182e+000  1.661732e+001  8.143068e+000
      vertex  6.006182e+000  1.629289e+001  8.359841e+000
    endloop
  endfacet
  facet normal  1.000000e+000  0.000000e+000  0.000000e+000
    outer loop
      vertex  6.006182e+000  1.400000e+001 -1.433052e+000
      vertex  6.006182e+000  1.629289e+001  8.359841e+000
      vertex  6.006182e+000  1.607612e+001  8.684264e+000
    endloop
  endfacet
  facet normal  9.999999e-001  0.000000e+000  0.000000e+000
    outer loop
      vertex  6.006182e+000  1.400000e+001 -1.433052e+000
      vertex  6.006182e+000  1.607612e+001  8.684264e+000
      vertex  6.006182e+000  1.500000e+001  1.106695e+001
    endloop
  endfacet
  facet normal  1.000000e+000  0.000000e+000  -0.000000e+000
    outer loop
      vertex  6.006182e+000  1.700000e+001  1.006695e+001
      vertex  6.006182e+000  1.738268e+001  9.990828e+000
      vertex  6.006182e+000  1.873205e+001  1.006695e+001
    endloop
  endfacet
  facet normal  1.000000e+000  0.000000e+000  0.000000e+000
    outer loop
      vertex  6.006182e+000  1.700000e+001  1.006695e+001
      vertex  6.006182e+000  1.873205e+001  1.006695e+001
      vertex  6.006182e+000  1.841421e+001  1.048116e+001
    endloop
  endfacet
  facet normal  1.000000e+000  0.000000e+000  0.000000e+000
    outer loop
      vertex  6.006182e+000  1.700000e+001  1.006695e+001
      vertex  6.006182e+000  1.841421e+001  1.048116e+001
      vertex  6.006182e+000  1.800000e+001  1.079900e+001
    endloop
  endfacet
  facet normal  1.000000e+000  0.000000e+000  0.000000e+000
    outer loop
      vertex  6.006182e+000  1.700000e+001  1.006695e+001
      vertex  6.006182e+000  1.800000e+001  1.079900e+001
      vertex  6.006182e+000  1.751764e+001  1.099880e+001
    endloop
  endfacet
  facet normal  1.000000e+000  0.000000e+000  0.000000e+000
    outer loop
      vertex  6.006182e+000  1.700000e+001  1.006695e+001
      vertex  6.006182e+000  1.751764e+001  1.099880e+001
      vertex  6.006182e+000  1.700000e+001  1.106695e+001
    endloop
  endfacet
  facet normal  1.000000e+000  0.000000e+000  0.000000e+000
    outer loop
      vertex  6.006182e+000  1.900000e+001 -5.433052e+000
      vertex  6.006182e+000  1.900000e+001  9.066948e+000
      vertex  6.006182e+000  1.800000e+001  9.066948e+000
    endloop
  endfacet
  facet normal  1.000000e+000  0.000000e+000  0.000000e+000
    outer loop
      vertex  6.006182e+000  1.900000e+001 -5.433052e+000
      vertex  6.006182e+000  1.800000e+001  9.066948e+000
      vertex  6.006182e+000  1.792388e+001  8.684264e+000
    endloop
  endfacet
  facet normal  1.000000e+000  0.000000e+000  0.000000e+000
    outer loop
      vertex  6.006182e+000  1.900000e+001 -5.433052e+000
      vertex  6.006182e+000  1.792388e+001  8.684264e+000
      vertex  6.006182e+000  1.770711e+001  8.359841e+000
    endloop
  endfacet
  facet normal  1.000000e+000  0.000000e+000  0.000000e+000
    outer loop
      vertex  6.006182e+000  1.900000e+001 -5.433052e+000
      vertex  6.006182e+000  1.770711e+001  8.359841e+000
      vertex  6.006182e+000  1.738268e+001  8.143068e+000
    endloop
  endfacet
  facet normal  1.000000e+000  0.000000e+000  0.000000e+000
    outer loop
      vertex  6.006182e+000  1.900000e+001 -5.433052e+000
      vertex  6.006182e+000  1.738268e+001  8.143068e+000
      vertex  6.006182e+000  1.700000e+001  8.066948e+000
    endloop
  endfacet
  facet normal  1.000000e+000  0.000000e+000  0.000000e+000
    outer loop
      vertex  6.006182e+000  1.900000e+001 -5.433052e+000
      vertex  6.006182e+000  1.700000e+001  8.066948e+000
      vertex  6.006182e+000  1.738268e+001 -4.509172e+000
    endloop
  endfacet
  facet normal  1.000000e+000  0.000000e+000  0.000000e+000
    outer loop
      vertex  6.006182e+000  1.900000e+001 -5.433052e+000
      vertex  6.006182e+000  1.738268e+001 -4.509172e+000
      vertex  6.006182e+000  1.770711e+001 -4.725945e+000
    endloop
  endfacet
  facet normal  1.000000e+000  0.000000e+000  0.000000e+000
    outer loop
      vertex  6.006182e+000  1.900000e+001 -5.433052e+000
      vertex  6.006182e+000  1.770711e+001 -4.725945e+000
      vertex  6.006182e+000  1.792388e+001 -5.050369e+000
    endloop
  endfacet
  facet normal  1.000000e+000  0.000000e+000  0.000000e+000
    outer loop
      vertex  6.006182e+000  1.900000e+001 -5.433052e+000
      vertex  6.006182e+000  1.792388e+001 -5.050369e+000
      vertex  6.006182e+000  1.800000e+001 -5.433052e+000
    endloop
  endfacet
  facet normal  1.000000e+000  -0.000000e+000  0.000000e+000
    outer loop
      vertex  6.006182e+000  1.900000e+001 -5.433052e+000
      vertex  6.006182e+000  1.800000e+001 -5.433052e+000
      vertex  6.006182e+000  1.792388e+001 -5.815735e+000
    endloop
  endfacet
  facet normal  1.000000e+000  -0.000000e+000  0.000000e+000
    outer loop
      vertex  6.006182e+000  1.900000e+001 -5.433052e+000
      vertex  6.006182e+000  1.792388e+001 -5.815735e+000
      vertex  6.006182e+000  1.893185e+001 -5.950690e+000
    endloop
  endfacet
  facet normal  1.000000e+000  0.000000e+000  -0.000000e+000
    outer loop
      vertex  6.006182e+000  1.700000e+001 -7.433052e+000
      vertex  6.006182e+000  1.751764e+001 -7.364904e+000
      vertex  6.006182e+000  1.800000e+001 -7.165103e+000
    endloop
  endfacet
  facet normal  1.000000e+000  0.000000e+000  -0.000000e+000
    outer loop
      vertex  6.006182e+000  1.700000e+001 -7.433052e+000
      vertex  6.006182e+000  1.800000e+001 -7.165103e+000
      vertex  6.006182e+000  1.841421e+001 -6.847266e+000
    endloop
  endfacet
  facet normal  1.000000e+000  0.000000e+000  -0.000000e+000
    outer loop
      vertex  6.006182e+000  1.700000e+001 -7.433052e+000
      vertex  6.006182e+000  1.841421e+001 -6.847266e+000
      vertex  6.006182e+000  1.873205e+001 -6.433052e+000
    endloop
  endfacet
  facet normal  1.000000e+000  0.000000e+000  0.000000e+000
    outer loop
      vertex  6.006182e+000  1.700000e+001 -7.433052e+000
      vertex  6.006182e+000  1.873205e+001 -6.433052e+000
      vertex  6.006182e+000  1.700000e+001 -6.433052e+000
    endloop
  endfacet
  facet normal  1.000000e+000  0.000000e+000  0.000000e+000
    outer loop
      vertex  6.006182e+000 -2.000000e+000  1.006695e+001
      vertex  6.006182e+000 -2.000000e+000  1.106695e+001
      vertex  6.006182e+000 -2.517638e+000  1.099880e+001
    endloop
  endfacet
  facet normal  1.000000e+000  0.000000e+000  0.000000e+000
    outer loop
      vertex  6.006182e+000 -2.000000e+000  1.006695e+001
      vertex  6.006182e+000 -2.517638e+000  1.099880e+001
      vertex  6.006182e+000 -3.000000e+000  1.079900e+001
    endloop
  endfacet
  facet normal  1.000000e+000  0.000000e+000  0.000000e+000
    outer loop
      vertex  6.006182e+000 -2.000000e+000  1.006695e+001
      vertex  6.006182e+000 -3.000000e+000  1.079900e+001
      vertex  6.006182e+000 -3.414214e+000  1.048116e+001
    endloop
  endfacet
  facet normal  1.000000e+000  0.000000e+000  0.000000e+000
    outer loop
      vertex  6.006182e+000 -2.000000e+000  1.006695e+001
      vertex  6.006182e+000 -3.414214e+000  1.048116e+001
      vertex  6.006182e+000 -3.732051e+000  1.006695e+001
    endloop
  endfacet
  facet normal  1.000000e+000  -0.000000e+000  0.000000e+000
    outer loop
      vertex  6.006182e+000 -2.000000e+000  1.006695e+001
      vertex  6.006182e+000 -3.732051e+000  1.006695e+001
      vertex  6.006182e+000 -2.382684e+000  9.990828e+000
    endloop
  endfacet
  facet normal  1.000000e+000  -0.000000e+000  0.000000e+000
    outer loop
      vertex  6.006182e+000  1.873205e+001  1.006695e+001
      vertex  6.006182e+000  1.738268e+001  9.990828e+000
      vertex  6.006182e+000  1.893185e+001  9.584586e+000
    endloop
  endfacet
  facet normal  1.000000e+000  0.000000e+000  0.000000e+000
    outer loop
      vertex  6.006182e+000  1.893185e+001  9.584586e+000
      vertex  6.006182e+000  1.738268e+001  9.990828e+000
      vertex  6.006182e+000  1.770711e+001  9.774055e+000
    endloop
  endfacet
  facet normal  1.000000e+000  0.000000e+000  0.000000e+000
    outer loop
      vertex  6.006182e+000  1.893185e+001  9.584586e+000
      vertex  6.006182e+000  1.770711e+001  9.774055e+000
      vertex  6.006182e+000  1.792388e+001  9.449632e+000
    endloop
  endfacet
  facet normal  9.999999e-001  0.000000e+000  -0.000000e+000
    outer loop
      vertex  6.006182e+000  1.792388e+001  9.449632e+000
      vertex  6.006182e+000  1.800000e+001  9.066948e+000
      vertex  6.006182e+000  1.893185e+001  9.584586e+000
    endloop
  endfacet
  facet normal  1.000000e+000  0.000000e+000  0.000000e+000
    outer loop
      vertex  6.006182e+000  1.893185e+001  9.584586e+000
      vertex  6.006182e+000  1.800000e+001  9.066948e+000
      vertex  6.006182e+000  1.900000e+001  9.066948e+000
    endloop
  endfacet
  facet normal  1.000000e+000  0.000000e+000  0.000000e+000
    outer loop
      vertex  6.006182e+000  1.893185e+001 -5.950690e+000
      vertex  6.006182e+000  1.792388e+001 -5.815735e+000
      vertex  6.006182e+000  1.873205e+001 -6.433052e+000
    endloop
  endfacet
  facet normal  1.000000e+000  0.000000e+000  0.000000e+000
    outer loop
      vertex  6.006182e+000  1.873205e+001 -6.433052e+000
      vertex  6.006182e+000  1.792388e+001 -5.815735e+000
      vertex  6.006182e+000  1.770711e+001 -6.140159e+000
    endloop
  endfacet
  facet normal  1.000000e+000  0.000000e+000  0.000000e+000
    outer loop
      vertex  6.006182e+000  1.873205e+001 -6.433052e+000
      vertex  6.006182e+000  1.770711e+001 -6.140159e+000
      vertex  6.006182e+000  1.738268e+001 -6.356932e+000
    endloop
  endfacet
  facet normal  1.000000e+000  0.000000e+000  0.000000e+000
    outer loop
      vertex  6.006182e+000 -2.382684e+000  9.990828e+000
      vertex  6.006182e+000 -3.732051e+000  1.006695e+001
      vertex  6.006182e+000 -2.707107e+000  9.774055e+000
    endloop
  endfacet
  facet normal  1.000000e+000  0.000000e+000  0.000000e+000
    outer loop
      vertex  6.006182e+000 -2.707107e+000  9.774055e+000
      vertex  6.006182e+000 -3.732051e+000  1.006695e+001
      vertex  6.006182e+000 -3.931852e+000  9.584586e+000
    endloop
  endfacet
  facet normal  1.000000e+000  -0.000000e+000  0.000000e+000
    outer loop
      vertex  6.006182e+000 -2.707107e+000  9.774055e+000
      vertex  6.006182e+000 -3.931852e+000  9.584586e+000
      vertex  6.006182e+000 -2.923880e+000  9.449632e+000
    endloop
  endfacet
  facet normal  1.000000e+000  0.000000e+000  0.000000e+000
    outer loop
      vertex  6.006182e+000 -4.000000e+000  9.066948e+000
      vertex  6.006182e+000 -3.000000e+000  9.066948e+000
      vertex  6.006182e+000 -3.931852e+000  9.584586e+000
    endloop
  endfacet
  facet normal  1.000000e+000  0.000000e+000  0.000000e+000
    outer loop
      vertex  6.006182e+000 -3.931852e+000  9.584586e+000
      vertex  6.006182e+000 -3.000000e+000  9.066948e+000
      vertex  6.006182e+000 -2.923880e+000  9.449632e+000
    endloop
  endfacet
  facet normal  1.000000e+000  -0.000000e+000  0.000000e+000
    outer loop
      vertex  6.006182e+000 -2.923880e+000 -5.815735e+000
      vertex  6.006182e+000 -3.931852e+000 -5.950690e+000
      vertex  6.006182e+000 -2.707107e+000 -6.140159e+000
    endloop
  endfacet
  facet normal  1.000000e+000  0.000000e+000  0.000000e+000
    outer loop
      vertex  6.006182e+000 -2.707107e+000 -6.140159e+000
      vertex  6.006182e+000 -3.931852e+000 -5.950690e+000
      vertex  6.006182e+000 -3.732051e+000 -6.433052e+000
    endloop
  endfacet
  facet normal  1.000000e+000  0.000000e+000  0.000000e+000
    outer loop
      vertex  6.006182e+000 -2.707107e+000 -6.140159e+000
      vertex  6.006182e+000 -3.732051e+000 -6.433052e+000
      vertex  6.006182e+000 -2.382684e+000 -6.356932e+000
    endloop
  endfacet
  facet normal  9.999999e-001  0.000000e+000  0.000000e+000
    outer loop
      vertex  6.006182e+000 -3.000000e+000 -7.165103e+000
      vertex  6.006182e+000 -2.517638e+000 -7.364904e+000
      vertex  6.006182e+000 -3.414214e+000 -6.847266e+000
    endloop
  endfacet
  facet normal  9.999999e-001  0.000000e+000  0.000000e+000
    outer loop
      vertex  6.006182e+000 -3.414214e+000 -6.847266e+000
      vertex  6.006182e+000 -2.517638e+000 -7.364904e+000
      vertex  6.006182e+000 -2.000000e+000 -7.433052e+000
    endloop
  endfacet
  facet normal  9.999999e-001  0.000000e+000  0.000000e+000
    outer loop
      vertex  6.006182e+000 -3.414214e+000 -6.847266e+000
      vertex  6.006182e+000 -2.000000e+000 -7.433052e+000
      vertex  6.006182e+000 -3.732051e+000 -6.433052e+000
    endloop
  endfacet
  facet normal  1.000000e+000  -0.000000e+000  0.000000e+000
    outer loop
      vertex  6.006182e+000 -3.732051e+000 -6.433052e+000
      vertex  6.006182e+000 -2.000000e+000 -7.433052e+000
      vertex  6.006182e+000 -2.000000e+000 -6.433052e+000
    endloop
  endfacet
  facet normal  1.000000e+000  0.000000e+000  0.000000e+000
    outer loop
      vertex  6.006182e+000 -3.732051e+000 -6.433052e+000
      vertex  6.006182e+000 -2.000000e+000 -6.433052e+000
      vertex  6.006182e+000 -2.382684e+000 -6.356932e+000
    endloop
  endfacet
  facet normal  0.000000e+000  -0.000000e+000 -9.999999e-001
    outer loop
      vertex -1.265151e+001  2.000000e+000  1.756695e+001
      vertex -1.166138e+001  2.075216e+000  1.756695e+001
      vertex -1.099382e+001  2.000000e+000  1.756695e+001
    endloop
  endfacet
  facet normal  -0.000000e+000  0.000000e+000 -1.000000e+000
    outer loop
      vertex -1.699382e+001  1.200000e+001  1.756695e+001
      vertex -1.369672e+001  1.130165e+001  1.756695e+001
      vertex -1.391860e+001  1.066756e+001  1.756695e+001
    endloop
  endfacet
  facet normal  0.000000e+000  0.000000e+000 -1.000000e+000
    outer loop
      vertex -1.399382e+001  1.000000e+001  1.756695e+001
      vertex -1.699382e+001  1.200000e+001  1.756695e+001
      vertex -1.391860e+001  1.066756e+001  1.756695e+001
    endloop
  endfacet
  facet normal  0.000000e+000  -0.000000e+000 -9.999999e-001
    outer loop
      vertex -1.699382e+001  3.000000e+000  1.756695e+001
      vertex -1.391860e+001  4.332437e+000  1.756695e+001
      vertex -1.369672e+001  3.698349e+000  1.756695e+001
    endloop
  endfacet
  facet normal  0.000000e+000  -0.000000e+000 -1.000000e+000
    outer loop
      vertex -1.699382e+001  3.000000e+000  1.756695e+001
      vertex -1.369672e+001  3.698349e+000  1.756695e+001
      vertex -1.333931e+001  3.129531e+000  1.756695e+001
    endloop
  endfacet
  facet normal  0.000000e+000  0.000000e+000 -1.000000e+000
    outer loop
      vertex -1.791770e+001  2.382684e+000  1.756695e+001
      vertex -1.699382e+001  1.200000e+001  1.756695e+001
      vertex -1.770093e+001  2.707107e+000  1.756695e+001
    endloop
  endfacet
  facet normal  0.000000e+000  0.000000e+000 -1.000000e+000
    outer loop
      vertex -1.770093e+001  2.707107e+000  1.756695e+001
      vertex -1.699382e+001  1.200000e+001  1.756695e+001
      vertex -1.737650e+001  2.923880e+000  1.756695e+001
    endloop
  endfacet
  facet normal  0.000000e+000  -0.000000e+000 -1.000000e+000
    outer loop
      vertex -1.737650e+001  2.923880e+000  1.756695e+001
      vertex -1.699382e+001  1.200000e+001  1.756695e+001
      vertex -1.699382e+001  3.000000e+000  1.756695e+001
    endloop
  endfacet
  facet normal  -0.000000e+000  0.000000e+000 -1.000000e+000
    outer loop
      vertex -1.265151e+001  1.300000e+001  1.756695e+001
      vertex -1.099382e+001  1.300000e+001  1.756695e+001
      vertex -1.166138e+001  1.292478e+001  1.756695e+001
    endloop
  endfacet
  facet normal  -0.000000e+000  0.000000e+000 -1.000000e+000
    outer loop
      vertex -1.265151e+001  1.300000e+001  1.756695e+001
      vertex -1.166138e+001  1.292478e+001  1.756695e+001
      vertex -1.606994e+001  1.261732e+001  1.756695e+001
    endloop
  endfacet
  facet normal  0.000000e+000  0.000000e+000 -1.000000e+000
    outer loop
      vertex -1.265151e+001  1.300000e+001  1.756695e+001
      vertex -1.606994e+001  1.261732e+001  1.756695e+001
      vertex -1.599382e+001  1.300000e+001  1.756695e+001
    endloop
  endfacet
  facet normal  0.000000e+000  0.000000e+000 -1.000000e+000
    outer loop
      vertex -1.265151e+001  1.300000e+001  1.756695e+001
      vertex -1.599382e+001  1.300000e+001  1.756695e+001
      vertex -1.606994e+001  1.338268e+001  1.756695e+001
    endloop
  endfacet
  facet normal  0.000000e+000  0.000000e+000 -1.000000e+000
    outer loop
      vertex -1.265151e+001  1.300000e+001  1.756695e+001
      vertex -1.606994e+001  1.338268e+001  1.756695e+001
      vertex -1.628671e+001  1.370711e+001  1.756695e+001
    endloop
  endfacet
  facet normal  0.000000e+000  0.000000e+000 -1.000000e+000
    outer loop
      vertex -1.265151e+001  1.300000e+001  1.756695e+001
      vertex -1.628671e+001  1.370711e+001  1.756695e+001
      vertex -1.661114e+001  1.392388e+001  1.756695e+001
    endloop
  endfacet
  facet normal  0.000000e+000  0.000000e+000 -9.999999e-001
    outer loop
      vertex -1.265151e+001  1.300000e+001  1.756695e+001
      vertex -1.661114e+001  1.392388e+001  1.756695e+001
      vertex -1.265151e+001  1.500000e+001  1.756695e+001
    endloop
  endfacet
  facet normal  0.000000e+000  0.000000e+000 -1.000000e+000
    outer loop
      vertex -1.333931e+001  1.187047e+001  1.756695e+001
      vertex -1.369672e+001  1.130165e+001  1.756695e+001
      vertex -1.699382e+001  1.200000e+001  1.756695e+001
    endloop
  endfacet
  facet normal  0.000000e+000  0.000000e+000 -9.999999e-001
    outer loop
      vertex -1.333931e+001  1.187047e+001  1.756695e+001
      vertex -1.699382e+001  1.200000e+001  1.756695e+001
      vertex -1.661114e+001  1.207612e+001  1.756695e+001
    endloop
  endfacet
  facet normal  0.000000e+000  0.000000e+000 -9.999999e-001
    outer loop
      vertex -1.333931e+001  1.187047e+001  1.756695e+001
      vertex -1.661114e+001  1.207612e+001  1.756695e+001
      vertex -1.628671e+001  1.229289e+001  1.756695e+001
    endloop
  endfacet
  facet normal  0.000000e+000  0.000000e+000 -1.000000e+000
    outer loop
      vertex -1.333931e+001  1.187047e+001  1.756695e+001
      vertex -1.628671e+001  1.229289e+001  1.756695e+001
      vertex -1.286429e+001  1.234549e+001  1.756695e+001
    endloop
  endfacet
  facet normal  0.000000e+000  0.000000e+000 -1.000000e+000
    outer loop
      vertex -1.286429e+001  2.654505e+000  1.756695e+001
      vertex -1.229547e+001  2.297093e+000  1.756695e+001
      vertex -1.606994e+001  2.382684e+000  1.756695e+001
    endloop
  endfacet
  facet normal  0.000000e+000  0.000000e+000 -1.000000e+000
    outer loop
      vertex -1.286429e+001  2.654505e+000  1.756695e+001
      vertex -1.606994e+001  2.382684e+000  1.756695e+001
      vertex -1.628671e+001  2.707107e+000  1.756695e+001
    endloop
  endfacet
  facet normal  0.000000e+000  0.000000e+000 -9.999999e-001
    outer loop
      vertex -1.286429e+001  2.654505e+000  1.756695e+001
      vertex -1.628671e+001  2.707107e+000  1.756695e+001
      vertex -1.661114e+001  2.923880e+000  1.756695e+001
    endloop
  endfacet
  facet normal  0.000000e+000  0.000000e+000 -1.000000e+000
    outer loop
      vertex -1.286429e+001  2.654505e+000  1.756695e+001
      vertex -1.661114e+001  2.923880e+000  1.756695e+001
      vertex -1.699382e+001  3.000000e+000  1.756695e+001
    endloop
  endfacet
  facet normal  0.000000e+000  0.000000e+000 -1.000000e+000
    outer loop
      vertex -1.286429e+001  2.654505e+000  1.756695e+001
      vertex -1.699382e+001  3.000000e+000  1.756695e+001
      vertex -1.333931e+001  3.129531e+000  1.756695e+001
    endloop
  endfacet
  facet normal  0.000000e+000  0.000000e+000 -1.000000e+000
    outer loop
      vertex -1.265151e+001  0.000000e+000  1.756695e+001
      vertex -1.899382e+001  0.000000e+000  1.756695e+001
      vertex -1.699382e+001  1.000000e+000  1.756695e+001
    endloop
  endfacet
  facet normal  0.000000e+000  0.000000e+000 -1.000000e+000
    outer loop
      vertex -1.265151e+001  0.000000e+000  1.756695e+001
      vertex -1.699382e+001  1.000000e+000  1.756695e+001
      vertex -1.661114e+001  1.076120e+000  1.756695e+001
    endloop
  endfacet
  facet normal  0.000000e+000  0.000000e+000 -1.000000e+000
    outer loop
      vertex -1.265151e+001  0.000000e+000  1.756695e+001
      vertex -1.661114e+001  1.076120e+000  1.756695e+001
      vertex -1.628671e+001  1.292893e+000  1.756695e+001
    endloop
  endfacet
  facet normal  0.000000e+000  0.000000e+000 -1.000000e+000
    outer loop
      vertex -1.265151e+001  0.000000e+000  1.756695e+001
      vertex -1.628671e+001  1.292893e+000  1.756695e+001
      vertex -1.606994e+001  1.617317e+000  1.756695e+001
    endloop
  endfacet
  facet normal  0.000000e+000  0.000000e+000 -1.000000e+000
    outer loop
      vertex -1.265151e+001  0.000000e+000  1.756695e+001
      vertex -1.606994e+001  1.617317e+000  1.756695e+001
      vertex -1.599382e+001  2.000000e+000  1.756695e+001
    endloop
  endfacet
  facet normal  0.000000e+000  0.000000e+000 -1.000000e+000
    outer loop
      vertex -1.265151e+001  0.000000e+000  1.756695e+001
      vertex -1.599382e+001  2.000000e+000  1.756695e+001
      vertex -1.265151e+001  2.000000e+000  1.756695e+001
    endloop
  endfacet
  facet normal  0.000000e+000  -0.000000e+000 -1.000000e+000
    outer loop
      vertex -1.899382e+001  0.000000e+000  1.756695e+001
      vertex -1.799382e+001  1.300000e+001  1.756695e+001
      vertex -1.791770e+001  1.261732e+001  1.756695e+001
    endloop
  endfacet
  facet normal  0.000000e+000  -0.000000e+000 -1.000000e+000
    outer loop
      vertex -1.899382e+001  0.000000e+000  1.756695e+001
      vertex -1.791770e+001  1.261732e+001  1.756695e+001
      vertex -1.770093e+001  1.229289e+001  1.756695e+001
    endloop
  endfacet
  facet normal  0.000000e+000  -0.000000e+000 -1.000000e+000
    outer loop
      vertex -1.899382e+001  0.000000e+000  1.756695e+001
      vertex -1.770093e+001  1.229289e+001  1.756695e+001
      vertex -1.737650e+001  1.207612e+001  1.756695e+001
    endloop
  endfacet
  facet normal  0.000000e+000  -0.000000e+000 -1.000000e+000
    outer loop
      vertex -1.899382e+001  0.000000e+000  1.756695e+001
      vertex -1.737650e+001  1.207612e+001  1.756695e+001
      vertex -1.699382e+001  1.200000e+001  1.756695e+001
    endloop
  endfacet
  facet normal  0.000000e+000  0.000000e+000 -1.000000e+000
    outer loop
      vertex -1.899382e+001  0.000000e+000  1.756695e+001
      vertex -1.699382e+001  1.200000e+001  1.756695e+001
      vertex -1.791770e+001  2.382684e+000  1.756695e+001
    endloop
  endfacet
  facet normal  0.000000e+000  0.000000e+000 -1.000000e+000
    outer loop
      vertex -1.899382e+001  0.000000e+000  1.756695e+001
      vertex -1.791770e+001  2.382684e+000  1.756695e+001
      vertex -1.799382e+001  2.000000e+000  1.756695e+001
    endloop
  endfacet
  facet normal  0.000000e+000  -0.000000e+000 -1.000000e+000
    outer loop
      vertex -1.899382e+001  0.000000e+000  1.756695e+001
      vertex -1.799382e+001  2.000000e+000  1.756695e+001
      vertex -1.791770e+001  1.617317e+000  1.756695e+001
    endloop
  endfacet
  facet normal  0.000000e+000  -0.000000e+000 -1.000000e+000
    outer loop
      vertex -1.899382e+001  0.000000e+000  1.756695e+001
      vertex -1.791770e+001  1.617317e+000  1.756695e+001
      vertex -1.770093e+001  1.292893e+000  1.756695e+001
    endloop
  endfacet
  facet normal  0.000000e+000  -0.000000e+000 -1.000000e+000
    outer loop
      vertex -1.899382e+001  0.000000e+000  1.756695e+001
      vertex -1.770093e+001  1.292893e+000  1.756695e+001
      vertex -1.737650e+001  1.076120e+000  1.756695e+001
    endloop
  endfacet
  facet normal  0.000000e+000  -0.000000e+000 -1.000000e+000
    outer loop
      vertex -1.899382e+001  0.000000e+000  1.756695e+001
      vertex -1.737650e+001  1.076120e+000  1.756695e+001
      vertex -1.699382e+001  1.000000e+000  1.756695e+001
    endloop
  endfacet
  facet normal  -0.000000e+000  0.000000e+000 -1.000000e+000
    outer loop
      vertex -1.899382e+001  1.500000e+001  1.756695e+001
      vertex -1.265151e+001  1.500000e+001  1.756695e+001
      vertex -1.661114e+001  1.392388e+001  1.756695e+001
    endloop
  endfacet
  facet normal  0.000000e+000  0.000000e+000 -9.999999e-001
    outer loop
      vertex -1.899382e+001  1.500000e+001  1.756695e+001
      vertex -1.661114e+001  1.392388e+001  1.756695e+001
      vertex -1.699382e+001  1.400000e+001  1.756695e+001
    endloop
  endfacet
  facet normal  -0.000000e+000  0.000000e+000 -1.000000e+000
    outer loop
      vertex -1.899382e+001  1.500000e+001  1.756695e+001
      vertex -1.699382e+001  1.400000e+001  1.756695e+001
      vertex -1.737650e+001  1.392388e+001  1.756695e+001
    endloop
  endfacet
  facet normal  -0.000000e+000  0.000000e+000 -1.000000e+000
    outer loop
      vertex -1.899382e+001  1.500000e+001  1.756695e+001
      vertex -1.737650e+001  1.392388e+001  1.756695e+001
      vertex -1.770093e+001  1.370711e+001  1.756695e+001
    endloop
  endfacet
  facet normal  -0.000000e+000  0.000000e+000 -1.000000e+000
    outer loop
      vertex -1.899382e+001  1.500000e+001  1.756695e+001
      vertex -1.770093e+001  1.370711e+001  1.756695e+001
      vertex -1.791770e+001  1.338268e+001  1.756695e+001
    endloop
  endfacet
  facet normal  -0.000000e+000  0.000000e+000 -1.000000e+000
    outer loop
      vertex -1.899382e+001  1.500000e+001  1.756695e+001
      vertex -1.791770e+001  1.338268e+001  1.756695e+001
      vertex -1.799382e+001  1.300000e+001  1.756695e+001
    endloop
  endfacet
  facet normal  -0.000000e+000  0.000000e+000 -1.000000e+000
    outer loop
      vertex -1.899382e+001  1.500000e+001  1.756695e+001
      vertex -1.799382e+001  1.300000e+001  1.756695e+001
      vertex -1.899382e+001  0.000000e+000  1.756695e+001
    endloop
  endfacet
  facet normal  0.000000e+000  0.000000e+000 -1.000000e+000
    outer loop
      vertex -1.286429e+001  1.234549e+001  1.756695e+001
      vertex -1.628671e+001  1.229289e+001  1.756695e+001
      vertex -1.229547e+001  1.270291e+001  1.756695e+001
    endloop
  endfacet
  facet normal  0.000000e+000  0.000000e+000 -1.000000e+000
    outer loop
      vertex -1.229547e+001  1.270291e+001  1.756695e+001
      vertex -1.628671e+001  1.229289e+001  1.756695e+001
      vertex -1.606994e+001  1.261732e+001  1.756695e+001
    endloop
  endfacet
  facet normal  0.000000e+000  0.000000e+000 -1.000000e+000
    outer loop
      vertex -1.229547e+001  1.270291e+001  1.756695e+001
      vertex -1.606994e+001  1.261732e+001  1.756695e+001
      vertex -1.166138e+001  1.292478e+001  1.756695e+001
    endloop
  endfacet
  facet normal  -0.000000e+000  0.000000e+000 -1.000000e+000
    outer loop
      vertex -1.699382e+001  1.200000e+001  1.756695e+001
      vertex -1.399382e+001  1.000000e+001  1.756695e+001
      vertex -1.699382e+001  3.000000e+000  1.756695e+001
    endloop
  endfacet
  facet normal  0.000000e+000  0.000000e+000 -1.000000e+000
    outer loop
      vertex -1.699382e+001  3.000000e+000  1.756695e+001
      vertex -1.399382e+001  1.000000e+001  1.756695e+001
      vertex -1.399382e+001  5.000000e+000  1.756695e+001
    endloop
  endfacet
  facet normal  0.000000e+000  -0.000000e+000 -1.000000e+000
    outer loop
      vertex -1.699382e+001  3.000000e+000  1.756695e+001
      vertex -1.399382e+001  5.000000e+000  1.756695e+001
      vertex -1.391860e+001  4.332437e+000  1.756695e+001
    endloop
  endfacet
  facet normal  -0.000000e+000  0.000000e+000 -1.000000e+000
    outer loop
      vertex -1.606994e+001  2.382684e+000  1.756695e+001
      vertex -1.229547e+001  2.297093e+000  1.756695e+001
      vertex -1.599382e+001  2.000000e+000  1.756695e+001
    endloop
  endfacet
  facet normal  0.000000e+000  0.000000e+000 -1.000000e+000
    outer loop
      vertex -1.599382e+001  2.000000e+000  1.756695e+001
      vertex -1.229547e+001  2.297093e+000  1.756695e+001
      vertex -1.166138e+001  2.075216e+000  1.756695e+001
    endloop
  endfacet
  facet normal  0.000000e+000  0.000000e+000 -1.000000e+000
    outer loop
      vertex -1.599382e+001  2.000000e+000  1.756695e+001
      vertex -1.166138e+001  2.075216e+000  1.756695e+001
      vertex -1.265151e+001  2.000000e+000  1.756695e+001
    endloop
  endfacet
  facet normal  1.119646e-001  9.937122e-001  -0.000000e+000
    outer loop
      vertex -1.099382e+001  2.000000e+000  2.391095e+001
      vertex -1.166138e+001  2.075216e+000  1.756695e+001
      vertex -1.166138e+001  2.075216e+000  2.391095e+001
    endloop
  endfacet
  facet normal  3.302790e-001  9.438834e-001  0.000000e+000
    outer loop
      vertex -1.166138e+001  2.075216e+000  2.391095e+001
      vertex -1.166138e+001  2.075216e+000  1.756695e+001
      vertex -1.229547e+001  2.297093e+000  1.756695e+001
    endloop
  endfacet
  facet normal  3.302790e-001  9.438834e-001  -0.000000e+000
    outer loop
      vertex -1.166138e+001  2.075216e+000  2.391095e+001
      vertex -1.229547e+001  2.297093e+000  1.756695e+001
      vertex -1.229547e+001  2.297093e+000  2.391095e+001
    endloop
  endfacet
  facet normal  5.320321e-001  8.467243e-001  0.000000e+000
    outer loop
      vertex -1.229547e+001  2.297093e+000  2.391095e+001
      vertex -1.229547e+001  2.297093e+000  1.756695e+001
      vertex -1.286429e+001  2.654505e+000  1.756695e+001
    endloop
  endfacet
  facet normal  5.320321e-001  8.467243e-001  -0.000000e+000
    outer loop
      vertex -1.229547e+001  2.297093e+000  2.391095e+001
      vertex -1.286429e+001  2.654505e+000  1.756695e+001
      vertex -1.286429e+001  2.654505e+000  2.391095e+001
    endloop
  endfacet
  facet normal  7.071068e-001  7.071068e-001  0.000000e+000
    outer loop
      vertex -1.286429e+001  2.654505e+000  2.391095e+001
      vertex -1.286429e+001  2.654505e+000  1.756695e+001
      vertex -1.333931e+001  3.129531e+000  1.756695e+001
    endloop
  endfacet
  facet normal  7.071068e-001  7.071068e-001  -0.000000e+000
    outer loop
      vertex -1.286429e+001  2.654505e+000  2.391095e+001
      vertex -1.333931e+001  3.129531e+000  1.756695e+001
      vertex -1.333931e+001  3.129531e+000  2.391095e+001
    endloop
  endfacet
  facet normal  8.467241e-001  5.320324e-001  0.000000e+000
    outer loop
      vertex -1.333931e+001  3.129531e+000  2.391095e+001
      vertex -1.333931e+001  3.129531e+000  1.756695e+001
      vertex -1.369672e+001  3.698349e+000  1.756695e+001
    endloop
  endfacet
  facet normal  8.467241e-001  5.320324e-001  -0.000000e+000
    outer loop
      vertex -1.333931e+001  3.129531e+000  2.391095e+001
      vertex -1.369672e+001  3.698349e+000  1.756695e+001
      vertex -1.369672e+001  3.698349e+000  2.391095e+001
    endloop
  endfacet
  facet normal  9.438834e-001  3.302791e-001  0.000000e+000
    outer loop
      vertex -1.369672e+001  3.698349e+000  2.391095e+001
      vertex -1.369672e+001  3.698349e+000  1.756695e+001
      vertex -1.391860e+001  4.332437e+000  1.756695e+001
    endloop
  endfacet
  facet normal  9.438834e-001  3.302791e-001  -0.000000e+000
    outer loop
      vertex -1.369672e+001  3.698349e+000  2.391095e+001
      vertex -1.391860e+001  4.332437e+000  1.756695e+001
      vertex -1.391860e+001  4.332437e+000  2.391095e+001
    endloop
  endfacet
  facet normal  9.937121e-001  1.119645e-001  0.000000e+000
    outer loop
      vertex -1.391860e+001  4.332437e+000  2.391095e+001
      vertex -1.391860e+001  4.332437e+000  1.756695e+001
      vertex -1.399382e+001  5.000000e+000  1.756695e+001
    endloop
  endfacet
  facet normal  9.937121e-001  1.119645e-001  -0.000000e+000
    outer loop
      vertex -1.391860e+001  4.332437e+000  2.391095e+001
      vertex -1.399382e+001  5.000000e+000  1.756695e+001
      vertex -1.399382e+001  5.000000e+000  2.391095e+001
    endloop
  endfacet
  facet normal  1.119646e-001  9.937122e-001  0.000000e+000
    outer loop
      vertex -1.166138e+001  2.075216e+000  1.756695e+001
      vertex -1.099382e+001  2.000000e+000  2.391095e+001
      vertex -1.099382e+001  2.000000e+000  1.756695e+001
    endloop
  endfacet
  facet normal -1.119646e-001  9.937122e-001  0.000000e+000
    outer loop
      vertex -1.099382e+001  2.000000e+000  1.756695e+001
      vertex -1.099382e+001  2.000000e+000  2.391095e+001
      vertex -1.032626e+001  2.075216e+000  2.391095e+001
    endloop
  endfacet
  facet normal -1.119646e-001  9.937122e-001  0.000000e+000
    outer loop
      vertex -1.099382e+001  2.000000e+000  1.756695e+001
      vertex -1.032626e+001  2.075216e+000  2.391095e+001
      vertex -1.032626e+001  2.075216e+000  1.756695e+001
    endloop
  endfacet
  facet normal -3.302790e-001  9.438834e-001  0.000000e+000
    outer loop
      vertex -1.032626e+001  2.075216e+000  1.756695e+001
      vertex -1.032626e+001  2.075216e+000  2.391095e+001
      vertex -9.692167e+000  2.297093e+000  2.391095e+001
    endloop
  endfacet
  facet normal -3.302790e-001  9.438834e-001  0.000000e+000
    outer loop
      vertex -1.032626e+001  2.075216e+000  1.756695e+001
      vertex -9.692167e+000  2.297093e+000  2.391095e+001
      vertex -9.692167e+000  2.297093e+000  1.756695e+001
    endloop
  endfacet
  facet normal -5.320321e-001  8.467243e-001  0.000000e+000
    outer loop
      vertex -9.692167e+000  2.297093e+000  1.756695e+001
      vertex -9.692167e+000  2.297093e+000  2.391095e+001
      vertex -9.123349e+000  2.654505e+000  2.391095e+001
    endloop
  endfacet
  facet normal -5.320321e-001  8.467243e-001  0.000000e+000
    outer loop
      vertex -9.692167e+000  2.297093e+000  1.756695e+001
      vertex -9.123349e+000  2.654505e+000  2.391095e+001
      vertex -9.123349e+000  2.654505e+000  1.756695e+001
    endloop
  endfacet
  facet normal -7.071068e-001  7.071068e-001  0.000000e+000
    outer loop
      vertex -9.123349e+000  2.654505e+000  1.756695e+001
      vertex -9.123349e+000  2.654505e+000  2.391095e+001
      vertex -8.648324e+000  3.129531e+000  2.391095e+001
    endloop
  endfacet
  facet normal -7.071068e-001  7.071068e-001  0.000000e+000
    outer loop
      vertex -9.123349e+000  2.654505e+000  1.756695e+001
      vertex -8.648324e+000  3.129531e+000  2.391095e+001
      vertex -8.648324e+000  3.129531e+000  1.756695e+001
    endloop
  endfacet
  facet normal -8.467241e-001  5.320324e-001  0.000000e+000
    outer loop
      vertex -8.648324e+000  3.129531e+000  1.756695e+001
      vertex -8.648324e+000  3.129531e+000  2.391095e+001
      vertex -8.290912e+000  3.698349e+000  2.391095e+001
    endloop
  endfacet
  facet normal -8.467241e-001  5.320324e-001  0.000000e+000
    outer loop
      vertex -8.648324e+000  3.129531e+000  1.756695e+001
      vertex -8.290912e+000  3.698349e+000  2.391095e+001
      vertex -8.290912e+000  3.698349e+000  1.756695e+001
    endloop
  endfacet
  facet normal -9.438834e-001  3.302791e-001  0.000000e+000
    outer loop
      vertex -8.290912e+000  3.698349e+000  1.756695e+001
      vertex -8.290912e+000  3.698349e+000  2.391095e+001
      vertex -8.069035e+000  4.332437e+000  2.391095e+001
    endloop
  endfacet
  facet normal -9.438834e-001  3.302791e-001  0.000000e+000
    outer loop
      vertex -8.290912e+000  3.698349e+000  1.756695e+001
      vertex -8.069035e+000  4.332437e+000  2.391095e+001
      vertex -8.069035e+000  4.332437e+000  1.756695e+001
    endloop
  endfacet
  facet normal -9.937121e-001  1.119645e-001  0.000000e+000
    outer loop
      vertex -8.069035e+000  4.332437e+000  1.756695e+001
      vertex -8.069035e+000  4.332437e+000  2.391095e+001
      vertex -7.993818e+000  5.000000e+000  2.391095e+001
    endloop
  endfacet
  facet normal -9.937121e-001  1.119645e-001  0.000000e+000
    outer loop
      vertex -8.069035e+000  4.332437e+000  1.756695e+001
      vertex -7.993818e+000  5.000000e+000  2.391095e+001
      vertex -7.993818e+000  5.000000e+000  1.756695e+001
    endloop
  endfacet
  facet normal  1.119646e-001 -9.937122e-001  0.000000e+000
    outer loop
      vertex -1.099382e+001  1.300000e+001  1.756695e+001
      vertex -1.166138e+001  1.292478e+001  2.391095e+001
      vertex -1.166138e+001  1.292478e+001  1.756695e+001
    endloop
  endfacet
  facet normal  3.302790e-001 -9.438834e-001  0.000000e+000
    outer loop
      vertex -1.166138e+001  1.292478e+001  1.756695e+001
      vertex -1.166138e+001  1.292478e+001  2.391095e+001
      vertex -1.229547e+001  1.270291e+001  2.391095e+001
    endloop
  endfacet
  facet normal  3.302790e-001 -9.438834e-001  0.000000e+000
    outer loop
      vertex -1.166138e+001  1.292478e+001  1.756695e+001
      vertex -1.229547e+001  1.270291e+001  2.391095e+001
      vertex -1.229547e+001  1.270291e+001  1.756695e+001
    endloop
  endfacet
  facet normal  5.320324e-001 -8.467241e-001  0.000000e+000
    outer loop
      vertex -1.229547e+001  1.270291e+001  1.756695e+001
      vertex -1.229547e+001  1.270291e+001  2.391095e+001
      vertex -1.286429e+001  1.234549e+001  2.391095e+001
    endloop
  endfacet
  facet normal  5.320324e-001 -8.467241e-001  0.000000e+000
    outer loop
      vertex -1.229547e+001  1.270291e+001  1.756695e+001
      vertex -1.286429e+001  1.234549e+001  2.391095e+001
      vertex -1.286429e+001  1.234549e+001  1.756695e+001
    endloop
  endfacet
  facet normal  7.071068e-001 -7.071068e-001  0.000000e+000
    outer loop
      vertex -1.286429e+001  1.234549e+001  1.756695e+001
      vertex -1.286429e+001  1.234549e+001  2.391095e+001
      vertex -1.333931e+001  1.187047e+001  2.391095e+001
    endloop
  endfacet
  facet normal  7.071068e-001 -7.071068e-001  0.000000e+000
    outer loop
      vertex -1.286429e+001  1.234549e+001  1.756695e+001
      vertex -1.333931e+001  1.187047e+001  2.391095e+001
      vertex -1.333931e+001  1.187047e+001  1.756695e+001
    endloop
  endfacet
  facet normal  8.467241e-001 -5.320324e-001  0.000000e+000
    outer loop
      vertex -1.333931e+001  1.187047e+001  1.756695e+001
      vertex -1.333931e+001  1.187047e+001  2.391095e+001
      vertex -1.369672e+001  1.130165e+001  2.391095e+001
    endloop
  endfacet
  facet normal  8.467241e-001 -5.320324e-001  0.000000e+000
    outer loop
      vertex -1.333931e+001  1.187047e+001  1.756695e+001
      vertex -1.369672e+001  1.130165e+001  2.391095e+001
      vertex -1.369672e+001  1.130165e+001  1.756695e+001
    endloop
  endfacet
  facet normal  9.438834e-001 -3.302790e-001  0.000000e+000
    outer loop
      vertex -1.369672e+001  1.130165e+001  1.756695e+001
      vertex -1.369672e+001  1.130165e+001  2.391095e+001
      vertex -1.391860e+001  1.066756e+001  2.391095e+001
    endloop
  endfacet
  facet normal  9.438834e-001 -3.302790e-001  0.000000e+000
    outer loop
      vertex -1.369672e+001  1.130165e+001  1.756695e+001
      vertex -1.391860e+001  1.066756e+001  2.391095e+001
      vertex -1.391860e+001  1.066756e+001  1.756695e+001
    endloop
  endfacet
  facet normal  9.937122e-001 -1.119646e-001  0.000000e+000
    outer loop
      vertex -1.391860e+001  1.066756e+001  1.756695e+001
      vertex -1.391860e+001  1.066756e+001  2.391095e+001
      vertex -1.399382e+001  1.000000e+001  2.391095e+001
    endloop
  endfacet
  facet normal  9.937122e-001 -1.119646e-001  0.000000e+000
    outer loop
      vertex -1.391860e+001  1.066756e+001  1.756695e+001
      vertex -1.399382e+001  1.000000e+001  2.391095e+001
      vertex -1.399382e+001  1.000000e+001  1.756695e+001
    endloop
  endfacet
  facet normal  1.119646e-001 -9.937122e-001  0.000000e+000
    outer loop
      vertex -1.166138e+001  1.292478e+001  2.391095e+001
      vertex -1.099382e+001  1.300000e+001  1.756695e+001
      vertex -1.099382e+001  1.300000e+001  2.391095e+001
    endloop
  endfacet
  facet normal -1.119646e-001 -9.937122e-001  -0.000000e+000
    outer loop
      vertex -1.099382e+001  1.300000e+001  2.391095e+001
      vertex -1.099382e+001  1.300000e+001  1.756695e+001
      vertex -1.032626e+001  1.292478e+001  1.756695e+001
    endloop
  endfacet
  facet normal -1.119646e-001 -9.937122e-001  0.000000e+000
    outer loop
      vertex -1.099382e+001  1.300000e+001  2.391095e+001
      vertex -1.032626e+001  1.292478e+001  1.756695e+001
      vertex -1.032626e+001  1.292478e+001  2.391095e+001
    endloop
  endfacet
  facet normal -3.302790e-001 -9.438834e-001  -0.000000e+000
    outer loop
      vertex -1.032626e+001  1.292478e+001  2.391095e+001
      vertex -1.032626e+001  1.292478e+001  1.756695e+001
      vertex -9.692167e+000  1.270291e+001  1.756695e+001
    endloop
  endfacet
  facet normal -3.302790e-001 -9.438834e-001  0.000000e+000
    outer loop
      vertex -1.032626e+001  1.292478e+001  2.391095e+001
      vertex -9.692167e+000  1.270291e+001  1.756695e+001
      vertex -9.692167e+000  1.270291e+001  2.391095e+001
    endloop
  endfacet
  facet normal -5.320324e-001 -8.467241e-001  -0.000000e+000
    outer loop
      vertex -9.692167e+000  1.270291e+001  2.391095e+001
      vertex -9.692167e+000  1.270291e+001  1.756695e+001
      vertex -9.123349e+000  1.234549e+001  1.756695e+001
    endloop
  endfacet
  facet normal -5.320324e-001 -8.467241e-001  0.000000e+000
    outer loop
      vertex -9.692167e+000  1.270291e+001  2.391095e+001
      vertex -9.123349e+000  1.234549e+001  1.756695e+001
      vertex -9.123349e+000  1.234549e+001  2.391095e+001
    endloop
  endfacet
  facet normal -7.071068e-001 -7.071068e-001  -0.000000e+000
    outer loop
      vertex -9.123349e+000  1.234549e+001  2.391095e+001
      vertex -9.123349e+000  1.234549e+001  1.756695e+001
      vertex -8.648324e+000  1.187047e+001  1.756695e+001
    endloop
  endfacet
  facet normal -7.071068e-001 -7.071068e-001  0.000000e+000
    outer loop
      vertex -9.123349e+000  1.234549e+001  2.391095e+001
      vertex -8.648324e+000  1.187047e+001  1.756695e+001
      vertex -8.648324e+000  1.187047e+001  2.391095e+001
    endloop
  endfacet
  facet normal -8.467241e-001 -5.320324e-001  -0.000000e+000
    outer loop
      vertex -8.648324e+000  1.187047e+001  2.391095e+001
      vertex -8.648324e+000  1.187047e+001  1.756695e+001
      vertex -8.290912e+000  1.130165e+001  1.756695e+001
    endloop
  endfacet
  facet normal -8.467241e-001 -5.320324e-001  0.000000e+000
    outer loop
      vertex -8.648324e+000  1.187047e+001  2.391095e+001
      vertex -8.290912e+000  1.130165e+001  1.756695e+001
      vertex -8.290912e+000  1.130165e+001  2.391095e+001
    endloop
  endfacet
  facet normal -9.438834e-001 -3.302790e-001  -0.000000e+000
    outer loop
      vertex -8.290912e+000  1.130165e+001  2.391095e+001
      vertex -8.290912e+000  1.130165e+001  1.756695e+001
      vertex -8.069035e+000  1.066756e+001  1.756695e+001
    endloop
  endfacet
  facet normal -9.438834e-001 -3.302790e-001  0.000000e+000
    outer loop
      vertex -8.290912e+000  1.130165e+001  2.391095e+001
      vertex -8.069035e+000  1.066756e+001  1.756695e+001
      vertex -8.069035e+000  1.066756e+001  2.391095e+001
    endloop
  endfacet
  facet normal -9.937122e-001 -1.119646e-001  -0.000000e+000
    outer loop
      vertex -8.069035e+000  1.066756e+001  2.391095e+001
      vertex -8.069035e+000  1.066756e+001  1.756695e+001
      vertex -7.993818e+000  1.000000e+001  1.756695e+001
    endloop
  endfacet
  facet normal -9.937122e-001 -1.119646e-001  0.000000e+000
    outer loop
      vertex -8.069035e+000  1.066756e+001  2.391095e+001
      vertex -7.993818e+000  1.000000e+001  1.756695e+001
      vertex -7.993818e+000  1.000000e+001  2.391095e+001
    endloop
  endfacet
  facet normal -9.999999e-001  0.000000e+000  0.000000e+000
    outer loop
      vertex -7.993818e+000  5.000000e+000  1.756695e+001
      vertex -7.993818e+000  5.000000e+000  2.391095e+001
      vertex -7.993818e+000  1.000000e+001  1.756695e+001
    endloop
  endfacet
  facet normal -9.999999e-001  0.000000e+000  0.000000e+000
    outer loop
      vertex -7.993818e+000  1.000000e+001  1.756695e+001
      vertex -7.993818e+000  5.000000e+000  2.391095e+001
      vertex -7.993818e+000  1.000000e+001  2.391095e+001
    endloop
  endfacet
  facet normal  9.999999e-001  0.000000e+000  0.000000e+000
    outer loop
      vertex -1.399382e+001  1.000000e+001  1.756695e+001
      vertex -1.399382e+001  1.000000e+001  2.391095e+001
      vertex -1.399382e+001  5.000000e+000  1.756695e+001
    endloop
  endfacet
  facet normal  9.999999e-001  0.000000e+000  0.000000e+000
    outer loop
      vertex -1.399382e+001  5.000000e+000  1.756695e+001
      vertex -1.399382e+001  1.000000e+001  2.391095e+001
      vertex -1.399382e+001  5.000000e+000  2.391095e+001
    endloop
  endfacet
  facet normal  1.950904e-001 -9.807854e-001  0.000000e+000
    outer loop
      vertex -1.699382e+001  1.400000e+001  1.756695e+001
      vertex -1.737650e+001  1.392388e+001  2.391095e+001
      vertex -1.737650e+001  1.392388e+001  1.756695e+001
    endloop
  endfacet
  facet normal  5.555691e-001 -8.314703e-001  0.000000e+000
    outer loop
      vertex -1.737650e+001  1.392388e+001  1.756695e+001
      vertex -1.737650e+001  1.392388e+001  2.391095e+001
      vertex -1.770093e+001  1.370711e+001  2.391095e+001
    endloop
  endfacet
  facet normal  5.555691e-001 -8.314703e-001  0.000000e+000
    outer loop
      vertex -1.737650e+001  1.392388e+001  1.756695e+001
      vertex -1.770093e+001  1.370711e+001  2.391095e+001
      vertex -1.770093e+001  1.370711e+001  1.756695e+001
    endloop
  endfacet
  facet normal  8.314700e-001 -5.555697e-001  0.000000e+000
    outer loop
      vertex -1.770093e+001  1.370711e+001  1.756695e+001
      vertex -1.770093e+001  1.370711e+001  2.391095e+001
      vertex -1.791770e+001  1.338268e+001  2.391095e+001
    endloop
  endfacet
  facet normal  8.314700e-001 -5.555697e-001  0.000000e+000
    outer loop
      vertex -1.770093e+001  1.370711e+001  1.756695e+001
      vertex -1.791770e+001  1.338268e+001  2.391095e+001
      vertex -1.791770e+001  1.338268e+001  1.756695e+001
    endloop
  endfacet
  facet normal  9.807854e-001 -1.950900e-001  0.000000e+000
    outer loop
      vertex -1.791770e+001  1.338268e+001  1.756695e+001
      vertex -1.791770e+001  1.338268e+001  2.391095e+001
      vertex -1.799382e+001  1.300000e+001  2.391095e+001
    endloop
  endfacet
  facet normal  9.807854e-001 -1.950900e-001  0.000000e+000
    outer loop
      vertex -1.791770e+001  1.338268e+001  1.756695e+001
      vertex -1.799382e+001  1.300000e+001  2.391095e+001
      vertex -1.799382e+001  1.300000e+001  1.756695e+001
    endloop
  endfacet
  facet normal  1.950904e-001 -9.807854e-001  0.000000e+000
    outer loop
      vertex -1.737650e+001  1.392388e+001  2.391095e+001
      vertex -1.699382e+001  1.400000e+001  1.756695e+001
      vertex -1.699382e+001  1.400000e+001  2.391095e+001
    endloop
  endfacet
  facet normal -1.950904e-001 -9.807854e-001  -0.000000e+000
    outer loop
      vertex -1.699382e+001  1.400000e+001  2.391095e+001
      vertex -1.699382e+001  1.400000e+001  1.756695e+001
      vertex -1.661114e+001  1.392388e+001  1.756695e+001
    endloop
  endfacet
  facet normal -1.950904e-001 -9.807854e-001  0.000000e+000
    outer loop
      vertex -1.699382e+001  1.400000e+001  2.391095e+001
      vertex -1.661114e+001  1.392388e+001  1.756695e+001
      vertex -1.661114e+001  1.392388e+001  2.391095e+001
    endloop
  endfacet
  facet normal -5.555691e-001 -8.314703e-001  -0.000000e+000
    outer loop
      vertex -1.661114e+001  1.392388e+001  2.391095e+001
      vertex -1.661114e+001  1.392388e+001  1.756695e+001
      vertex -1.628671e+001  1.370711e+001  1.756695e+001
    endloop
  endfacet
  facet normal -5.555691e-001 -8.314703e-001  0.000000e+000
    outer loop
      vertex -1.661114e+001  1.392388e+001  2.391095e+001
      vertex -1.628671e+001  1.370711e+001  1.756695e+001
      vertex -1.628671e+001  1.370711e+001  2.391095e+001
    endloop
  endfacet
  facet normal -8.314700e-001 -5.555697e-001  -0.000000e+000
    outer loop
      vertex -1.628671e+001  1.370711e+001  2.391095e+001
      vertex -1.628671e+001  1.370711e+001  1.756695e+001
      vertex -1.606994e+001  1.338268e+001  1.756695e+001
    endloop
  endfacet
  facet normal -8.314700e-001 -5.555697e-001  0.000000e+000
    outer loop
      vertex -1.628671e+001  1.370711e+001  2.391095e+001
      vertex -1.606994e+001  1.338268e+001  1.756695e+001
      vertex -1.606994e+001  1.338268e+001  2.391095e+001
    endloop
  endfacet
  facet normal -9.807854e-001 -1.950900e-001  -0.000000e+000
    outer loop
      vertex -1.606994e+001  1.338268e+001  2.391095e+001
      vertex -1.606994e+001  1.338268e+001  1.756695e+001
      vertex -1.599382e+001  1.300000e+001  1.756695e+001
    endloop
  endfacet
  facet normal -9.807854e-001 -1.950900e-001  0.000000e+000
    outer loop
      vertex -1.606994e+001  1.338268e+001  2.391095e+001
      vertex -1.599382e+001  1.300000e+001  1.756695e+001
      vertex -1.599382e+001  1.300000e+001  2.391095e+001
    endloop
  endfacet
  facet normal -1.950904e-001  9.807854e-001  0.000000e+000
    outer loop
      vertex -1.699382e+001  1.200000e+001  1.756695e+001
      vertex -1.661114e+001  1.207612e+001  2.391095e+001
      vertex -1.661114e+001  1.207612e+001  1.756695e+001
    endloop
  endfacet
  facet normal -5.555691e-001  8.314703e-001  0.000000e+000
    outer loop
      vertex -1.661114e+001  1.207612e+001  1.756695e+001
      vertex -1.661114e+001  1.207612e+001  2.391095e+001
      vertex -1.628671e+001  1.229289e+001  2.391095e+001
    endloop
  endfacet
  facet normal -5.555691e-001  8.314703e-001  0.000000e+000
    outer loop
      vertex -1.661114e+001  1.207612e+001  1.756695e+001
      vertex -1.628671e+001  1.229289e+001  2.391095e+001
      vertex -1.628671e+001  1.229289e+001  1.756695e+001
    endloop
  endfacet
  facet normal -8.314700e-001  5.555697e-001  0.000000e+000
    outer loop
      vertex -1.628671e+001  1.229289e+001  1.756695e+001
      vertex -1.628671e+001  1.229289e+001  2.391095e+001
      vertex -1.606994e+001  1.261732e+001  2.391095e+001
    endloop
  endfacet
  facet normal -8.314700e-001  5.555697e-001  0.000000e+000
    outer loop
      vertex -1.628671e+001  1.229289e+001  1.756695e+001
      vertex -1.606994e+001  1.261732e+001  2.391095e+001
      vertex -1.606994e+001  1.261732e+001  1.756695e+001
    endloop
  endfacet
  facet normal -9.807854e-001  1.950900e-001  0.000000e+000
    outer loop
      vertex -1.606994e+001  1.261732e+001  1.756695e+001
      vertex -1.606994e+001  1.261732e+001  2.391095e+001
      vertex -1.599382e+001  1.300000e+001  2.391095e+001
    endloop
  endfacet
  facet normal -9.807854e-001  1.950900e-001  0.000000e+000
    outer loop
      vertex -1.606994e+001  1.261732e+001  1.756695e+001
      vertex -1.599382e+001  1.300000e+001  2.391095e+001
      vertex -1.599382e+001  1.300000e+001  1.756695e+001
    endloop
  endfacet
  facet normal -1.950904e-001  9.807854e-001  0.000000e+000
    outer loop
      vertex -1.661114e+001  1.207612e+001  2.391095e+001
      vertex -1.699382e+001  1.200000e+001  1.756695e+001
      vertex -1.699382e+001  1.200000e+001  2.391095e+001
    endloop
  endfacet
  facet normal  1.950904e-001  9.807854e-001  0.000000e+000
    outer loop
      vertex -1.699382e+001  1.200000e+001  2.391095e+001
      vertex -1.699382e+001  1.200000e+001  1.756695e+001
      vertex -1.737650e+001  1.207612e+001  1.756695e+001
    endloop
  endfacet
  facet normal  1.950904e-001  9.807854e-001  -0.000000e+000
    outer loop
      vertex -1.699382e+001  1.200000e+001  2.391095e+001
      vertex -1.737650e+001  1.207612e+001  1.756695e+001
      vertex -1.737650e+001  1.207612e+001  2.391095e+001
    endloop
  endfacet
  facet normal  5.555691e-001  8.314703e-001  0.000000e+000
    outer loop
      vertex -1.737650e+001  1.207612e+001  2.391095e+001
      vertex -1.737650e+001  1.207612e+001  1.756695e+001
      vertex -1.770093e+001  1.229289e+001  1.756695e+001
    endloop
  endfacet
  facet normal  5.555691e-001  8.314703e-001  -0.000000e+000
    outer loop
      vertex -1.737650e+001  1.207612e+001  2.391095e+001
      vertex -1.770093e+001  1.229289e+001  1.756695e+001
      vertex -1.770093e+001  1.229289e+001  2.391095e+001
    endloop
  endfacet
  facet normal  8.314700e-001  5.555697e-001  0.000000e+000
    outer loop
      vertex -1.770093e+001  1.229289e+001  2.391095e+001
      vertex -1.770093e+001  1.229289e+001  1.756695e+001
      vertex -1.791770e+001  1.261732e+001  1.756695e+001
    endloop
  endfacet
  facet normal  8.314700e-001  5.555697e-001  -0.000000e+000
    outer loop
      vertex -1.770093e+001  1.229289e+001  2.391095e+001
      vertex -1.791770e+001  1.261732e+001  1.756695e+001
      vertex -1.791770e+001  1.261732e+001  2.391095e+001
    endloop
  endfacet
  facet normal  9.807854e-001  1.950900e-001  0.000000e+000
    outer loop
      vertex -1.791770e+001  1.261732e+001  2.391095e+001
      vertex -1.791770e+001  1.261732e+001  1.756695e+001
      vertex -1.799382e+001  1.300000e+001  1.756695e+001
    endloop
  endfacet
  facet normal  9.807854e-001  1.950900e-001  -0.000000e+000
    outer loop
      vertex -1.791770e+001  1.261732e+001  2.391095e+001
      vertex -1.799382e+001  1.300000e+001  1.756695e+001
      vertex -1.799382e+001  1.300000e+001  2.391095e+001
    endloop
  endfacet
  facet normal  1.950904e-001 -9.807854e-001  0.000000e+000
    outer loop
      vertex -1.699382e+001  3.000000e+000  1.756695e+001
      vertex -1.737650e+001  2.923880e+000  2.391095e+001
      vertex -1.737650e+001  2.923880e+000  1.756695e+001
    endloop
  endfacet
  facet normal  5.555687e-001 -8.314707e-001  0.000000e+000
    outer loop
      vertex -1.737650e+001  2.923880e+000  1.756695e+001
      vertex -1.737650e+001  2.923880e+000  2.391095e+001
      vertex -1.770093e+001  2.707107e+000  2.391095e+001
    endloop
  endfacet
  facet normal  5.555687e-001 -8.314707e-001  0.000000e+000
    outer loop
      vertex -1.737650e+001  2.923880e+000  1.756695e+001
      vertex -1.770093e+001  2.707107e+000  2.391095e+001
      vertex -1.770093e+001  2.707107e+000  1.756695e+001
    endloop
  endfacet
  facet normal  8.314704e-001 -5.555691e-001  0.000000e+000
    outer loop
      vertex -1.770093e+001  2.707107e+000  1.756695e+001
      vertex -1.770093e+001  2.707107e+000  2.391095e+001
      vertex -1.791770e+001  2.382684e+000  2.391095e+001
    endloop
  endfacet
  facet normal  8.314704e-001 -5.555691e-001  0.000000e+000
    outer loop
      vertex -1.770093e+001  2.707107e+000  1.756695e+001
      vertex -1.791770e+001  2.382684e+000  2.391095e+001
      vertex -1.791770e+001  2.382684e+000  1.756695e+001
    endloop
  endfacet
  facet normal  9.807854e-001 -1.950901e-001  0.000000e+000
    outer loop
      vertex -1.791770e+001  2.382684e+000  1.756695e+001
      vertex -1.791770e+001  2.382684e+000  2.391095e+001
      vertex -1.799382e+001  2.000000e+000  2.391095e+001
    endloop
  endfacet
  facet normal  9.807854e-001 -1.950901e-001  0.000000e+000
    outer loop
      vertex -1.791770e+001  2.382684e+000  1.756695e+001
      vertex -1.799382e+001  2.000000e+000  2.391095e+001
      vertex -1.799382e+001  2.000000e+000  1.756695e+001
    endloop
  endfacet
  facet normal  1.950904e-001 -9.807854e-001  0.000000e+000
    outer loop
      vertex -1.737650e+001  2.923880e+000  2.391095e+001
      vertex -1.699382e+001  3.000000e+000  1.756695e+001
      vertex -1.699382e+001  3.000000e+000  2.391095e+001
    endloop
  endfacet
  facet normal -1.950904e-001 -9.807854e-001  -0.000000e+000
    outer loop
      vertex -1.699382e+001  3.000000e+000  2.391095e+001
      vertex -1.699382e+001  3.000000e+000  1.756695e+001
      vertex -1.661114e+001  2.923880e+000  1.756695e+001
    endloop
  endfacet
  facet normal -1.950904e-001 -9.807854e-001  0.000000e+000
    outer loop
      vertex -1.699382e+001  3.000000e+000  2.391095e+001
      vertex -1.661114e+001  2.923880e+000  1.756695e+001
      vertex -1.661114e+001  2.923880e+000  2.391095e+001
    endloop
  endfacet
  facet normal -5.555687e-001 -8.314707e-001  -0.000000e+000
    outer loop
      vertex -1.661114e+001  2.923880e+000  2.391095e+001
      vertex -1.661114e+001  2.923880e+000  1.756695e+001
      vertex -1.628671e+001  2.707107e+000  1.756695e+001
    endloop
  endfacet
  facet normal -5.555687e-001 -8.314707e-001  0.000000e+000
    outer loop
      vertex -1.661114e+001  2.923880e+000  2.391095e+001
      vertex -1.628671e+001  2.707107e+000  1.756695e+001
      vertex -1.628671e+001  2.707107e+000  2.391095e+001
    endloop
  endfacet
  facet normal -8.314704e-001 -5.555691e-001  -0.000000e+000
    outer loop
      vertex -1.628671e+001  2.707107e+000  2.391095e+001
      vertex -1.628671e+001  2.707107e+000  1.756695e+001
      vertex -1.606994e+001  2.382684e+000  1.756695e+001
    endloop
  endfacet
  facet normal -8.314704e-001 -5.555691e-001  0.000000e+000
    outer loop
      vertex -1.628671e+001  2.707107e+000  2.391095e+001
      vertex -1.606994e+001  2.382684e+000  1.756695e+001
      vertex -1.606994e+001  2.382684e+000  2.391095e+001
    endloop
  endfacet
  facet normal -9.807854e-001 -1.950901e-001  -0.000000e+000
    outer loop
      vertex -1.606994e+001  2.382684e+000  2.391095e+001
      vertex -1.606994e+001  2.382684e+000  1.756695e+001
      vertex -1.599382e+001  2.000000e+000  1.756695e+001
    endloop
  endfacet
  facet normal -9.807854e-001 -1.950901e-001  0.000000e+000
    outer loop
      vertex -1.606994e+001  2.382684e+000  2.391095e+001
      vertex -1.599382e+001  2.000000e+000  1.756695e+001
      vertex -1.599382e+001  2.000000e+000  2.391095e+001
    endloop
  endfacet
  facet normal -1.950907e-001  9.807852e-001  0.000000e+000
    outer loop
      vertex -1.699382e+001  1.000000e+000  1.756695e+001
      vertex -1.661114e+001  1.076120e+000  2.391095e+001
      vertex -1.661114e+001  1.076120e+000  1.756695e+001
    endloop
  endfacet
  facet normal -5.555685e-001  8.314708e-001  0.000000e+000
    outer loop
      vertex -1.661114e+001  1.076120e+000  1.756695e+001
      vertex -1.661114e+001  1.076120e+000  2.391095e+001
      vertex -1.628671e+001  1.292893e+000  2.391095e+001
    endloop
  endfacet
  facet normal -5.555685e-001  8.314708e-001  0.000000e+000
    outer loop
      vertex -1.661114e+001  1.076120e+000  1.756695e+001
      vertex -1.628671e+001  1.292893e+000  2.391095e+001
      vertex -1.628671e+001  1.292893e+000  1.756695e+001
    endloop
  endfacet
  facet normal -8.314705e-001  5.555690e-001  0.000000e+000
    outer loop
      vertex -1.628671e+001  1.292893e+000  1.756695e+001
      vertex -1.628671e+001  1.292893e+000  2.391095e+001
      vertex -1.606994e+001  1.617317e+000  2.391095e+001
    endloop
  endfacet
  facet normal -8.314705e-001  5.555690e-001  0.000000e+000
    outer loop
      vertex -1.628671e+001  1.292893e+000  1.756695e+001
      vertex -1.606994e+001  1.617317e+000  2.391095e+001
      vertex -1.606994e+001  1.617317e+000  1.756695e+001
    endloop
  endfacet
  facet normal -9.807854e-001  1.950901e-001  0.000000e+000
    outer loop
      vertex -1.606994e+001  1.617317e+000  1.756695e+001
      vertex -1.606994e+001  1.617317e+000  2.391095e+001
      vertex -1.599382e+001  2.000000e+000  2.391095e+001
    endloop
  endfacet
  facet normal -9.807854e-001  1.950901e-001  0.000000e+000
    outer loop
      vertex -1.606994e+001  1.617317e+000  1.756695e+001
      vertex -1.599382e+001  2.000000e+000  2.391095e+001
      vertex -1.599382e+001  2.000000e+000  1.756695e+001
    endloop
  endfacet
  facet normal -1.950907e-001  9.807852e-001  0.000000e+000
    outer loop
      vertex -1.661114e+001  1.076120e+000  2.391095e+001
      vertex -1.699382e+001  1.000000e+000  1.756695e+001
      vertex -1.699382e+001  1.000000e+000  2.391095e+001
    endloop
  endfacet
  facet normal  1.950907e-001  9.807852e-001  0.000000e+000
    outer loop
      vertex -1.699382e+001  1.000000e+000  2.391095e+001
      vertex -1.699382e+001  1.000000e+000  1.756695e+001
      vertex -1.737650e+001  1.076120e+000  1.756695e+001
    endloop
  endfacet
  facet normal  1.950907e-001  9.807852e-001  -0.000000e+000
    outer loop
      vertex -1.699382e+001  1.000000e+000  2.391095e+001
      vertex -1.737650e+001  1.076120e+000  1.756695e+001
      vertex -1.737650e+001  1.076120e+000  2.391095e+001
    endloop
  endfacet
  facet normal  5.555685e-001  8.314708e-001  0.000000e+000
    outer loop
      vertex -1.737650e+001  1.076120e+000  2.391095e+001
      vertex -1.737650e+001  1.076120e+000  1.756695e+001
      vertex -1.770093e+001  1.292893e+000  1.756695e+001
    endloop
  endfacet
  facet normal  5.555685e-001  8.314708e-001  -0.000000e+000
    outer loop
      vertex -1.737650e+001  1.076120e+000  2.391095e+001
      vertex -1.770093e+001  1.292893e+000  1.756695e+001
      vertex -1.770093e+001  1.292893e+000  2.391095e+001
    endloop
  endfacet
  facet normal  8.314705e-001  5.555690e-001  0.000000e+000
    outer loop
      vertex -1.770093e+001  1.292893e+000  2.391095e+001
      vertex -1.770093e+001  1.292893e+000  1.756695e+001
      vertex -1.791770e+001  1.617317e+000  1.756695e+001
    endloop
  endfacet
  facet normal  8.314705e-001  5.555690e-001  -0.000000e+000
    outer loop
      vertex -1.770093e+001  1.292893e+000  2.391095e+001
      vertex -1.791770e+001  1.617317e+000  1.756695e+001
      vertex -1.791770e+001  1.617317e+000  2.391095e+001
    endloop
  endfacet
  facet normal  9.807854e-001  1.950901e-001  0.000000e+000
    outer loop
      vertex -1.791770e+001  1.617317e+000  2.391095e+001
      vertex -1.791770e+001  1.617317e+000  1.756695e+001
      vertex -1.799382e+001  2.000000e+000  1.756695e+001
    endloop
  endfacet
  facet normal  9.807854e-001  1.950901e-001  -0.000000e+000
    outer loop
      vertex -1.791770e+001  1.617317e+000  2.391095e+001
      vertex -1.799382e+001  2.000000e+000  1.756695e+001
      vertex -1.799382e+001  2.000000e+000  2.391095e+001
    endloop
  endfacet
  facet normal  0.000000e+000 -1.000000e+000  0.000000e+000
    outer loop
      vertex  3.006182e+000  1.400000e+001 -1.433052e+000
      vertex  3.006182e+000  1.400000e+001 -6.433052e+000
      vertex  6.006182e+000  1.400000e+001 -1.433052e+000
    endloop
  endfacet
  facet normal  0.000000e+000 -1.000000e+000  -0.000000e+000
    outer loop
      vertex  6.006182e+000  1.400000e+001 -1.433052e+000
      vertex  3.006182e+000  1.400000e+001 -6.433052e+000
      vertex  6.006182e+000  1.400000e+001 -6.433052e+000
    endloop
  endfacet
  facet normal  0.000000e+000  0.000000e+000  1.000000e+000
    outer loop
      vertex  6.006182e+000  1.000000e+000 -6.433052e+000
      vertex  6.006182e+000  1.400000e+001 -6.433052e+000
      vertex  3.006182e+000  1.000000e+000 -6.433052e+000
    endloop
  endfacet
  facet normal  0.000000e+000  0.000000e+000  1.000000e+000
    outer loop
      vertex  3.006182e+000  1.000000e+000 -6.433052e+000
      vertex  6.006182e+000  1.400000e+001 -6.433052e+000
      vertex  3.006182e+000  1.400000e+001 -6.433052e+000
    endloop
  endfacet
  facet normal  0.000000e+000  1.000000e+000  0.000000e+000
    outer loop
      vertex  3.006182e+000  1.000000e+000 -6.433052e+000
      vertex  3.006182e+000  1.000000e+000 -1.433052e+000
      vertex  6.006182e+000  1.000000e+000 -6.433052e+000
    endloop
  endfacet
  facet normal  0.000000e+000  1.000000e+000  -0.000000e+000
    outer loop
      vertex  6.006182e+000  1.000000e+000 -6.433052e+000
      vertex  3.006182e+000  1.000000e+000 -1.433052e+000
      vertex  6.006182e+000  1.000000e+000 -1.433052e+000
    endloop
  endfacet
  facet normal  0.000000e+000  0.000000e+000 -1.000000e+000
    outer loop
      vertex  6.006182e+000  1.400000e+001 -1.433052e+000
      vertex  6.006182e+000  1.000000e+000 -1.433052e+000
      vertex  3.006182e+000  1.400000e+001 -1.433052e+000
    endloop
  endfacet
  facet normal  0.000000e+000  0.000000e+000 -1.000000e+000
    outer loop
      vertex  3.006182e+000  1.400000e+001 -1.433052e+000
      vertex  6.006182e+000  1.000000e+000 -1.433052e+000
      vertex  3.006182e+000  1.000000e+000 -1.433052e+000
    endloop
  endfacet
  facet normal  0.000000e+000  1.000000e+000  0.000000e+000
    outer loop
      vertex  3.006182e+000  1.900000e+001  9.066948e+000
      vertex  6.006182e+000  1.900000e+001  9.066948e+000
      vertex  3.006182e+000  1.900000e+001 -5.433052e+000
    endloop
  endfacet
  facet normal  0.000000e+000  1.000000e+000  0.000000e+000
    outer loop
      vertex  3.006182e+000  1.900000e+001 -5.433052e+000
      vertex  6.006182e+000  1.900000e+001  9.066948e+000
      vertex  6.006182e+000  1.900000e+001 -5.433052e+000
    endloop
  endfacet
  facet normal  -0.000000e+000  9.914451e-001  1.305249e-001
    outer loop
      vertex  6.006182e+000  1.900000e+001  9.066948e+000
      vertex  3.006182e+000  1.900000e+001  9.066948e+000
      vertex  6.006182e+000  1.893185e+001  9.584586e+000
    endloop
  endfacet
  facet normal  0.000000e+000  9.914451e-001  1.305249e-001
    outer loop
      vertex  6.006182e+000  1.893185e+001  9.584586e+000
      vertex  3.006182e+000  1.900000e+001  9.066948e+000
      vertex  3.006182e+000  1.893185e+001  9.584586e+000
    endloop
  endfacet
  facet normal  -0.000000e+000  9.238784e-001  3.826860e-001
    outer loop
      vertex  6.006182e+000  1.893185e+001  9.584586e+000
      vertex  3.006182e+000  1.893185e+001  9.584586e+000
      vertex  6.006182e+000  1.873205e+001  1.006695e+001
    endloop
  endfacet
  facet normal  0.000000e+000  9.238784e-001  3.826860e-001
    outer loop
      vertex  6.006182e+000  1.873205e+001  1.006695e+001
      vertex  3.006182e+000  1.893185e+001  9.584586e+000
      vertex  3.006182e+000  1.873205e+001  1.006695e+001
    endloop
  endfacet
  facet normal  -0.000000e+000  7.933536e-001  6.087612e-001
    outer loop
      vertex  6.006182e+000  1.873205e+001  1.006695e+001
      vertex  3.006182e+000  1.873205e+001  1.006695e+001
      vertex  6.006182e+000  1.841421e+001  1.048116e+001
    endloop
  endfacet
  facet normal  0.000000e+000  7.933536e-001  6.087612e-001
    outer loop
      vertex  6.006182e+000  1.841421e+001  1.048116e+001
      vertex  3.006182e+000  1.873205e+001  1.006695e+001
      vertex  3.006182e+000  1.841421e+001  1.048116e+001
    endloop
  endfacet
  facet normal  -0.000000e+000  6.087624e-001  7.933527e-001
    outer loop
      vertex  6.006182e+000  1.841421e+001  1.048116e+001
      vertex  3.006182e+000  1.841421e+001  1.048116e+001
      vertex  6.006182e+000  1.800000e+001  1.079900e+001
    endloop
  endfacet
  facet normal  0.000000e+000  6.087624e-001  7.933527e-001
    outer loop
      vertex  6.006182e+000  1.800000e+001  1.079900e+001
      vertex  3.006182e+000  1.841421e+001  1.048116e+001
      vertex  3.006182e+000  1.800000e+001  1.079900e+001
    endloop
  endfacet
  facet normal  -0.000000e+000  3.826823e-001  9.238800e-001
    outer loop
      vertex  6.006182e+000  1.800000e+001  1.079900e+001
      vertex  3.006182e+000  1.800000e+001  1.079900e+001
      vertex  6.006182e+000  1.751764e+001  1.099880e+001
    endloop
  endfacet
  facet normal  0.000000e+000  3.826823e-001  9.238800e-001
    outer loop
      vertex  6.006182e+000  1.751764e+001  1.099880e+001
      vertex  3.006182e+000  1.800000e+001  1.079900e+001
      vertex  3.006182e+000  1.751764e+001  1.099880e+001
    endloop
  endfacet
  facet normal  -0.000000e+000  1.305269e-001  9.914447e-001
    outer loop
      vertex  6.006182e+000  1.751764e+001  1.099880e+001
      vertex  3.006182e+000  1.751764e+001  1.099880e+001
      vertex  6.006182e+000  1.700000e+001  1.106695e+001
    endloop
  endfacet
  facet normal  0.000000e+000  1.305269e-001  9.914447e-001
    outer loop
      vertex  6.006182e+000  1.700000e+001  1.106695e+001
      vertex  3.006182e+000  1.751764e+001  1.099880e+001
      vertex  3.006182e+000  1.700000e+001  1.106695e+001
    endloop
  endfacet
  facet normal  0.000000e+000  0.000000e+000 -1.000000e+000
    outer loop
      vertex  3.006182e+000 -2.000000e+000 -7.433052e+000
      vertex  3.006182e+000  1.700000e+001 -7.433052e+000
      vertex  6.006182e+000 -2.000000e+000 -7.433052e+000
    endloop
  endfacet
  facet normal  0.000000e+000  0.000000e+000 -1.000000e+000
    outer loop
      vertex  6.006182e+000 -2.000000e+000 -7.433052e+000
      vertex  3.006182e+000  1.700000e+001 -7.433052e+000
      vertex  6.006182e+000  1.700000e+001 -7.433052e+000
    endloop
  endfacet
  facet normal  0.000000e+000  1.305260e-001 -9.914449e-001
    outer loop
      vertex  6.006182e+000  1.700000e+001 -7.433052e+000
      vertex  3.006182e+000  1.700000e+001 -7.433052e+000
      vertex  6.006182e+000  1.751764e+001 -7.364904e+000
    endloop
  endfacet
  facet normal  0.000000e+000  1.305260e-001 -9.914449e-001
    outer loop
      vertex  6.006182e+000  1.751764e+001 -7.364904e+000
      vertex  3.006182e+000  1.700000e+001 -7.433052e+000
      vertex  3.006182e+000  1.751764e+001 -7.364904e+000
    endloop
  endfacet
  facet normal  0.000000e+000  3.826830e-001 -9.238796e-001
    outer loop
      vertex  6.006182e+000  1.751764e+001 -7.364904e+000
      vertex  3.006182e+000  1.751764e+001 -7.364904e+000
      vertex  6.006182e+000  1.800000e+001 -7.165103e+000
    endloop
  endfacet
  facet normal  0.000000e+000  3.826830e-001 -9.238796e-001
    outer loop
      vertex  6.006182e+000  1.800000e+001 -7.165103e+000
      vertex  3.006182e+000  1.751764e+001 -7.364904e+000
      vertex  3.006182e+000  1.800000e+001 -7.165103e+000
    endloop
  endfacet
  facet normal  0.000000e+000  6.087618e-001 -7.933531e-001
    outer loop
      vertex  6.006182e+000  1.800000e+001 -7.165103e+000
      vertex  3.006182e+000  1.800000e+001 -7.165103e+000
      vertex  6.006182e+000  1.841421e+001 -6.847266e+000
    endloop
  endfacet
  facet normal  0.000000e+000  6.087618e-001 -7.933531e-001
    outer loop
      vertex  6.006182e+000  1.841421e+001 -6.847266e+000
      vertex  3.006182e+000  1.800000e+001 -7.165103e+000
      vertex  3.006182e+000  1.841421e+001 -6.847266e+000
    endloop
  endfacet
  facet normal  0.000000e+000  7.933539e-001 -6.087608e-001
    outer loop
      vertex  6.006182e+000  1.841421e+001 -6.847266e+000
      vertex  3.006182e+000  1.841421e+001 -6.847266e+000
      vertex  6.006182e+000  1.873205e+001 -6.433052e+000
    endloop
  endfacet
  facet normal  0.000000e+000  7.933539e-001 -6.087608e-001
    outer loop
      vertex  6.006182e+000  1.873205e+001 -6.433052e+000
      vertex  3.006182e+000  1.841421e+001 -6.847266e+000
      vertex  3.006182e+000  1.873205e+001 -6.433052e+000
    endloop
  endfacet
  facet normal  0.000000e+000  9.238784e-001 -3.826860e-001
    outer loop
      vertex  6.006182e+000  1.873205e+001 -6.433052e+000
      vertex  3.006182e+000  1.873205e+001 -6.433052e+000
      vertex  6.006182e+000  1.893185e+001 -5.950690e+000
    endloop
  endfacet
  facet normal  0.000000e+000  9.238784e-001 -3.826860e-001
    outer loop
      vertex  6.006182e+000  1.893185e+001 -5.950690e+000
      vertex  3.006182e+000  1.873205e+001 -6.433052e+000
      vertex  3.006182e+000  1.893185e+001 -5.950690e+000
    endloop
  endfacet
  facet normal  0.000000e+000  9.914451e-001 -1.305249e-001
    outer loop
      vertex  6.006182e+000  1.893185e+001 -5.950690e+000
      vertex  3.006182e+000  1.893185e+001 -5.950690e+000
      vertex  6.006182e+000  1.900000e+001 -5.433052e+000
    endloop
  endfacet
  facet normal  0.000000e+000  9.914451e-001 -1.305249e-001
    outer loop
      vertex  6.006182e+000  1.900000e+001 -5.433052e+000
      vertex  3.006182e+000  1.893185e+001 -5.950690e+000
      vertex  3.006182e+000  1.900000e+001 -5.433052e+000
    endloop
  endfacet
  facet normal  0.000000e+000 -1.000000e+000  0.000000e+000
    outer loop
      vertex  3.006182e+000 -4.000000e+000 -5.433052e+000
      vertex  6.006182e+000 -4.000000e+000 -5.433052e+000
      vertex  3.006182e+000 -4.000000e+000  9.066948e+000
    endloop
  endfacet
  facet normal  0.000000e+000 -1.000000e+000  0.000000e+000
    outer loop
      vertex  3.006182e+000 -4.000000e+000  9.066948e+000
      vertex  6.006182e+000 -4.000000e+000 -5.433052e+000
      vertex  6.006182e+000 -4.000000e+000  9.066948e+000
    endloop
  endfacet
  facet normal  0.000000e+000 -9.914449e-001 -1.305262e-001
    outer loop
      vertex  6.006182e+000 -4.000000e+000 -5.433052e+000
      vertex  3.006182e+000 -4.000000e+000 -5.433052e+000
      vertex  6.006182e+000 -3.931852e+000 -5.950690e+000
    endloop
  endfacet
  facet normal  -0.000000e+000 -9.914449e-001 -1.305262e-001
    outer loop
      vertex  6.006182e+000 -3.931852e+000 -5.950690e+000
      vertex  3.006182e+000 -4.000000e+000 -5.433052e+000
      vertex  3.006182e+000 -3.931852e+000 -5.950690e+000
    endloop
  endfacet
  facet normal  0.000000e+000 -9.238796e-001 -3.826833e-001
    outer loop
      vertex  6.006182e+000 -3.931852e+000 -5.950690e+000
      vertex  3.006182e+000 -3.931852e+000 -5.950690e+000
      vertex  6.006182e+000 -3.732051e+000 -6.433052e+000
    endloop
  endfacet
  facet normal  -0.000000e+000 -9.238796e-001 -3.826833e-001
    outer loop
      vertex  6.006182e+000 -3.732051e+000 -6.433052e+000
      vertex  3.006182e+000 -3.931852e+000 -5.950690e+000
      vertex  3.006182e+000 -3.732051e+000 -6.433052e+000
    endloop
  endfacet
  facet normal  0.000000e+000 -7.933534e-001 -6.087613e-001
    outer loop
      vertex  6.006182e+000 -3.732051e+000 -6.433052e+000
      vertex  3.006182e+000 -3.732051e+000 -6.433052e+000
      vertex  6.006182e+000 -3.414214e+000 -6.847266e+000
    endloop
  endfacet
  facet normal  -0.000000e+000 -7.933534e-001 -6.087613e-001
    outer loop
      vertex  6.006182e+000 -3.414214e+000 -6.847266e+000
      vertex  3.006182e+000 -3.732051e+000 -6.433052e+000
      vertex  3.006182e+000 -3.414214e+000 -6.847266e+000
    endloop
  endfacet
  facet normal  0.000000e+000 -6.087613e-001 -7.933534e-001
    outer loop
      vertex  6.006182e+000 -3.414214e+000 -6.847266e+000
      vertex  3.006182e+000 -3.414214e+000 -6.847266e+000
      vertex  6.006182e+000 -3.000000e+000 -7.165103e+000
    endloop
  endfacet
  facet normal  -0.000000e+000 -6.087613e-001 -7.933534e-001
    outer loop
      vertex  6.006182e+000 -3.000000e+000 -7.165103e+000
      vertex  3.006182e+000 -3.414214e+000 -6.847266e+000
      vertex  3.006182e+000 -3.000000e+000 -7.165103e+000
    endloop
  endfacet
  facet normal  0.000000e+000 -3.826837e-001 -9.238794e-001
    outer loop
      vertex  6.006182e+000 -3.000000e+000 -7.165103e+000
      vertex  3.006182e+000 -3.000000e+000 -7.165103e+000
      vertex  6.006182e+000 -2.517638e+000 -7.364904e+000
    endloop
  endfacet
  facet normal  -0.000000e+000 -3.826837e-001 -9.238794e-001
    outer loop
      vertex  6.006182e+000 -2.517638e+000 -7.364904e+000
      vertex  3.006182e+000 -3.000000e+000 -7.165103e+000
      vertex  3.006182e+000 -2.517638e+000 -7.364904e+000
    endloop
  endfacet
  facet normal  0.000000e+000 -1.305258e-001 -9.914449e-001
    outer loop
      vertex  6.006182e+000 -2.517638e+000 -7.364904e+000
      vertex  3.006182e+000 -2.517638e+000 -7.364904e+000
      vertex  6.006182e+000 -2.000000e+000 -7.433052e+000
    endloop
  endfacet
  facet normal  -0.000000e+000 -1.305258e-001 -9.914449e-001
    outer loop
      vertex  6.006182e+000 -2.000000e+000 -7.433052e+000
      vertex  3.006182e+000 -2.517638e+000 -7.364904e+000
      vertex  3.006182e+000 -2.000000e+000 -7.433052e+000
    endloop
  endfacet
  facet normal  0.000000e+000 -1.305267e-001  9.914448e-001
    outer loop
      vertex  6.006182e+000 -2.000000e+000  1.106695e+001
      vertex  3.006182e+000 -2.000000e+000  1.106695e+001
      vertex  6.006182e+000 -2.517638e+000  1.099880e+001
    endloop
  endfacet
  facet normal  0.000000e+000 -1.305267e-001  9.914448e-001
    outer loop
      vertex  6.006182e+000 -2.517638e+000  1.099880e+001
      vertex  3.006182e+000 -2.000000e+000  1.106695e+001
      vertex  3.006182e+000 -2.517638e+000  1.099880e+001
    endloop
  endfacet
  facet normal  0.000000e+000 -3.826829e-001  9.238798e-001
    outer loop
      vertex  6.006182e+000 -2.517638e+000  1.099880e+001
      vertex  3.006182e+000 -2.517638e+000  1.099880e+001
      vertex  6.006182e+000 -3.000000e+000  1.079900e+001
    endloop
  endfacet
  facet normal  0.000000e+000 -3.826829e-001  9.238798e-001
    outer loop
      vertex  6.006182e+000 -3.000000e+000  1.079900e+001
      vertex  3.006182e+000 -2.517638e+000  1.099880e+001
      vertex  3.006182e+000 -3.000000e+000  1.079900e+001
    endloop
  endfacet
  facet normal  0.000000e+000 -6.087619e-001  7.933530e-001
    outer loop
      vertex  6.006182e+000 -3.000000e+000  1.079900e+001
      vertex  3.006182e+000 -3.000000e+000  1.079900e+001
      vertex  6.006182e+000 -3.414214e+000  1.048116e+001
    endloop
  endfacet
  facet normal  0.000000e+000 -6.087619e-001  7.933530e-001
    outer loop
      vertex  6.006182e+000 -3.414214e+000  1.048116e+001
      vertex  3.006182e+000 -3.000000e+000  1.079900e+001
      vertex  3.006182e+000 -3.414214e+000  1.048116e+001
    endloop
  endfacet
  facet normal  0.000000e+000 -7.933531e-001  6.087618e-001
    outer loop
      vertex  6.006182e+000 -3.414214e+000  1.048116e+001
      vertex  3.006182e+000 -3.414214e+000  1.048116e+001
      vertex  6.006182e+000 -3.732051e+000  1.006695e+001
    endloop
  endfacet
  facet normal  0.000000e+000 -7.933531e-001  6.087618e-001
    outer loop
      vertex  6.006182e+000 -3.732051e+000  1.006695e+001
      vertex  3.006182e+000 -3.414214e+000  1.048116e+001
      vertex  3.006182e+000 -3.732051e+000  1.006695e+001
    endloop
  endfacet
  facet normal  0.000000e+000 -9.238796e-001  3.826833e-001
    outer loop
      vertex  6.006182e+000 -3.732051e+000  1.006695e+001
      vertex  3.006182e+000 -3.732051e+000  1.006695e+001
      vertex  6.006182e+000 -3.931852e+000  9.584586e+000
    endloop
  endfacet
  facet normal  0.000000e+000 -9.238796e-001  3.826833e-001
    outer loop
      vertex  6.006182e+000 -3.931852e+000  9.584586e+000
      vertex  3.006182e+000 -3.732051e+000  1.006695e+001
      vertex  3.006182e+000 -3.931852e+000  9.584586e+000
    endloop
  endfacet
  facet normal  0.000000e+000 -9.914449e-001  1.305262e-001
    outer loop
      vertex  6.006182e+000 -3.931852e+000  9.584586e+000
      vertex  3.006182e+000 -3.931852e+000  9.584586e+000
      vertex  6.006182e+000 -4.000000e+000  9.066948e+000
    endloop
  endfacet
  facet normal  0.000000e+000 -9.914449e-001  1.305262e-001
    outer loop
      vertex  6.006182e+000 -4.000000e+000  9.066948e+000
      vertex  3.006182e+000 -3.931852e+000  9.584586e+000
      vertex  3.006182e+000 -4.000000e+000  9.066948e+000
    endloop
  endfacet
  facet normal  0.000000e+000 -1.950904e-001 -9.807853e-001
    outer loop
      vertex  6.006182e+000  1.700000e+001 -4.433052e+000
      vertex  3.006182e+000  1.738268e+001 -4.509172e+000
      vertex  6.006182e+000  1.738268e+001 -4.509172e+000
    endloop
  endfacet
  facet normal  -0.000000e+000 -5.555691e-001 -8.314704e-001
    outer loop
      vertex  6.006182e+000  1.738268e+001 -4.509172e+000
      vertex  3.006182e+000  1.738268e+001 -4.509172e+000
      vertex  3.006182e+000  1.770711e+001 -4.725945e+000
    endloop
  endfacet
  facet normal  0.000000e+000 -5.555691e-001 -8.314704e-001
    outer loop
      vertex  6.006182e+000  1.738268e+001 -4.509172e+000
      vertex  3.006182e+000  1.770711e+001 -4.725945e+000
      vertex  6.006182e+000  1.770711e+001 -4.725945e+000
    endloop
  endfacet
  facet normal  -0.000000e+000 -8.314704e-001 -5.555691e-001
    outer loop
      vertex  6.006182e+000  1.770711e+001 -4.725945e+000
      vertex  3.006182e+000  1.770711e+001 -4.725945e+000
      vertex  3.006182e+000  1.792388e+001 -5.050369e+000
    endloop
  endfacet
  facet normal  0.000000e+000 -8.314704e-001 -5.555691e-001
    outer loop
      vertex  6.006182e+000  1.770711e+001 -4.725945e+000
      vertex  3.006182e+000  1.792388e+001 -5.050369e+000
      vertex  6.006182e+000  1.792388e+001 -5.050369e+000
    endloop
  endfacet
  facet normal  -0.000000e+000 -9.807853e-001 -1.950902e-001
    outer loop
      vertex  6.006182e+000  1.792388e+001 -5.050369e+000
      vertex  3.006182e+000  1.792388e+001 -5.050369e+000
      vertex  3.006182e+000  1.800000e+001 -5.433052e+000
    endloop
  endfacet
  facet normal  0.000000e+000 -9.807853e-001 -1.950902e-001
    outer loop
      vertex  6.006182e+000  1.792388e+001 -5.050369e+000
      vertex  3.006182e+000  1.800000e+001 -5.433052e+000
      vertex  6.006182e+000  1.800000e+001 -5.433052e+000
    endloop
  endfacet
  facet normal  -0.000000e+000 -1.950904e-001 -9.807853e-001
    outer loop
      vertex  3.006182e+000  1.738268e+001 -4.509172e+000
      vertex  6.006182e+000  1.700000e+001 -4.433052e+000
      vertex  3.006182e+000  1.700000e+001 -4.433052e+000
    endloop
  endfacet
  facet normal  0.000000e+000  1.950904e-001 -9.807853e-001
    outer loop
      vertex  3.006182e+000  1.700000e+001 -4.433052e+000
      vertex  6.006182e+000  1.700000e+001 -4.433052e+000
      vertex  6.006182e+000  1.661732e+001 -4.509172e+000
    endloop
  endfacet
  facet normal  0.000000e+000  1.950904e-001 -9.807853e-001
    outer loop
      vertex  3.006182e+000  1.700000e+001 -4.433052e+000
      vertex  6.006182e+000  1.661732e+001 -4.509172e+000
      vertex  3.006182e+000  1.661732e+001 -4.509172e+000
    endloop
  endfacet
  facet normal  0.000000e+000  5.555691e-001 -8.314704e-001
    outer loop
      vertex  3.006182e+000  1.661732e+001 -4.509172e+000
      vertex  6.006182e+000  1.661732e+001 -4.509172e+000
      vertex  6.006182e+000  1.629289e+001 -4.725945e+000
    endloop
  endfacet
  facet normal  0.000000e+000  5.555691e-001 -8.314704e-001
    outer loop
      vertex  3.006182e+000  1.661732e+001 -4.509172e+000
      vertex  6.006182e+000  1.629289e+001 -4.725945e+000
      vertex  3.006182e+000  1.629289e+001 -4.725945e+000
    endloop
  endfacet
  facet normal  0.000000e+000  8.314704e-001 -5.555691e-001
    outer loop
      vertex  3.006182e+000  1.629289e+001 -4.725945e+000
      vertex  6.006182e+000  1.629289e+001 -4.725945e+000
      vertex  6.006182e+000  1.607612e+001 -5.050369e+000
    endloop
  endfacet
  facet normal  0.000000e+000  8.314704e-001 -5.555691e-001
    outer loop
      vertex  3.006182e+000  1.629289e+001 -4.725945e+000
      vertex  6.006182e+000  1.607612e+001 -5.050369e+000
      vertex  3.006182e+000  1.607612e+001 -5.050369e+000
    endloop
  endfacet
  facet normal  0.000000e+000  9.807853e-001 -1.950902e-001
    outer loop
      vertex  3.006182e+000  1.607612e+001 -5.050369e+000
      vertex  6.006182e+000  1.607612e+001 -5.050369e+000
      vertex  6.006182e+000  1.600000e+001 -5.433052e+000
    endloop
  endfacet
  facet normal  0.000000e+000  9.807853e-001 -1.950902e-001
    outer loop
      vertex  3.006182e+000  1.607612e+001 -5.050369e+000
      vertex  6.006182e+000  1.600000e+001 -5.433052e+000
      vertex  3.006182e+000  1.600000e+001 -5.433052e+000
    endloop
  endfacet
  facet normal  -0.000000e+000  1.950904e-001  9.807853e-001
    outer loop
      vertex  6.006182e+000  1.700000e+001 -6.433052e+000
      vertex  3.006182e+000  1.661732e+001 -6.356932e+000
      vertex  6.006182e+000  1.661732e+001 -6.356932e+000
    endloop
  endfacet
  facet normal  0.000000e+000  5.555691e-001  8.314704e-001
    outer loop
      vertex  6.006182e+000  1.661732e+001 -6.356932e+000
      vertex  3.006182e+000  1.661732e+001 -6.356932e+000
      vertex  3.006182e+000  1.629289e+001 -6.140159e+000
    endloop
  endfacet
  facet normal  -0.000000e+000  5.555691e-001  8.314704e-001
    outer loop
      vertex  6.006182e+000  1.661732e+001 -6.356932e+000
      vertex  3.006182e+000  1.629289e+001 -6.140159e+000
      vertex  6.006182e+000  1.629289e+001 -6.140159e+000
    endloop
  endfacet
  facet normal  0.000000e+000  8.314704e-001  5.555691e-001
    outer loop
      vertex  6.006182e+000  1.629289e+001 -6.140159e+000
      vertex  3.006182e+000  1.629289e+001 -6.140159e+000
      vertex  3.006182e+000  1.607612e+001 -5.815735e+000
    endloop
  endfacet
  facet normal  -0.000000e+000  8.314704e-001  5.555691e-001
    outer loop
      vertex  6.006182e+000  1.629289e+001 -6.140159e+000
      vertex  3.006182e+000  1.607612e+001 -5.815735e+000
      vertex  6.006182e+000  1.607612e+001 -5.815735e+000
    endloop
  endfacet
  facet normal  0.000000e+000  9.807853e-001  1.950902e-001
    outer loop
      vertex  6.006182e+000  1.607612e+001 -5.815735e+000
      vertex  3.006182e+000  1.607612e+001 -5.815735e+000
      vertex  3.006182e+000  1.600000e+001 -5.433052e+000
    endloop
  endfacet
  facet normal  -0.000000e+000  9.807853e-001  1.950902e-001
    outer loop
      vertex  6.006182e+000  1.607612e+001 -5.815735e+000
      vertex  3.006182e+000  1.600000e+001 -5.433052e+000
      vertex  6.006182e+000  1.600000e+001 -5.433052e+000
    endloop
  endfacet
  facet normal  0.000000e+000  1.950904e-001  9.807853e-001
    outer loop
      vertex  3.006182e+000  1.661732e+001 -6.356932e+000
      vertex  6.006182e+000  1.700000e+001 -6.433052e+000
      vertex  3.006182e+000  1.700000e+001 -6.433052e+000
    endloop
  endfacet
  facet normal  0.000000e+000 -1.950904e-001  9.807853e-001
    outer loop
      vertex  3.006182e+000  1.700000e+001 -6.433052e+000
      vertex  6.006182e+000  1.700000e+001 -6.433052e+000
      vertex  6.006182e+000  1.738268e+001 -6.356932e+000
    endloop
  endfacet
  facet normal  0.000000e+000 -1.950904e-001  9.807853e-001
    outer loop
      vertex  3.006182e+000  1.700000e+001 -6.433052e+000
      vertex  6.006182e+000  1.738268e+001 -6.356932e+000
      vertex  3.006182e+000  1.738268e+001 -6.356932e+000
    endloop
  endfacet
  facet normal  0.000000e+000 -5.555691e-001  8.314704e-001
    outer loop
      vertex  3.006182e+000  1.738268e+001 -6.356932e+000
      vertex  6.006182e+000  1.738268e+001 -6.356932e+000
      vertex  6.006182e+000  1.770711e+001 -6.140159e+000
    endloop
  endfacet
  facet normal  0.000000e+000 -5.555691e-001  8.314704e-001
    outer loop
      vertex  3.006182e+000  1.738268e+001 -6.356932e+000
      vertex  6.006182e+000  1.770711e+001 -6.140159e+000
      vertex  3.006182e+000  1.770711e+001 -6.140159e+000
    endloop
  endfacet
  facet normal  0.000000e+000 -8.314704e-001  5.555691e-001
    outer loop
      vertex  3.006182e+000  1.770711e+001 -6.140159e+000
      vertex  6.006182e+000  1.770711e+001 -6.140159e+000
      vertex  6.006182e+000  1.792388e+001 -5.815735e+000
    endloop
  endfacet
  facet normal  0.000000e+000 -8.314704e-001  5.555691e-001
    outer loop
      vertex  3.006182e+000  1.770711e+001 -6.140159e+000
      vertex  6.006182e+000  1.792388e+001 -5.815735e+000
      vertex  3.006182e+000  1.792388e+001 -5.815735e+000
    endloop
  endfacet
  facet normal  0.000000e+000 -9.807853e-001  1.950902e-001
    outer loop
      vertex  3.006182e+000  1.792388e+001 -5.815735e+000
      vertex  6.006182e+000  1.792388e+001 -5.815735e+000
      vertex  6.006182e+000  1.800000e+001 -5.433052e+000
    endloop
  endfacet
  facet normal  0.000000e+000 -9.807853e-001  1.950902e-001
    outer loop
      vertex  3.006182e+000  1.792388e+001 -5.815735e+000
      vertex  6.006182e+000  1.800000e+001 -5.433052e+000
      vertex  3.006182e+000  1.800000e+001 -5.433052e+000
    endloop
  endfacet
  facet normal  0.000000e+000 -1.950901e-001 -9.807853e-001
    outer loop
      vertex  6.006182e+000 -2.000000e+000 -4.433052e+000
      vertex  3.006182e+000 -1.617317e+000 -4.509172e+000
      vertex  6.006182e+000 -1.617317e+000 -4.509172e+000
    endloop
  endfacet
  facet normal  -0.000000e+000 -5.555707e-001 -8.314694e-001
    outer loop
      vertex  6.006182e+000 -1.617317e+000 -4.509172e+000
      vertex  3.006182e+000 -1.617317e+000 -4.509172e+000
      vertex  3.006182e+000 -1.292893e+000 -4.725945e+000
    endloop
  endfacet
  facet normal  0.000000e+000 -5.555707e-001 -8.314694e-001
    outer loop
      vertex  6.006182e+000 -1.617317e+000 -4.509172e+000
      vertex  3.006182e+000 -1.292893e+000 -4.725945e+000
      vertex  6.006182e+000 -1.292893e+000 -4.725945e+000
    endloop
  endfacet
  facet normal  -0.000000e+000 -8.314698e-001 -5.555702e-001
    outer loop
      vertex  6.006182e+000 -1.292893e+000 -4.725945e+000
      vertex  3.006182e+000 -1.292893e+000 -4.725945e+000
      vertex  3.006182e+000 -1.076120e+000 -5.050369e+000
    endloop
  endfacet
  facet normal  0.000000e+000 -8.314698e-001 -5.555702e-001
    outer loop
      vertex  6.006182e+000 -1.292893e+000 -4.725945e+000
      vertex  3.006182e+000 -1.076120e+000 -5.050369e+000
      vertex  6.006182e+000 -1.076120e+000 -5.050369e+000
    endloop
  endfacet
  facet normal  -0.000000e+000 -9.807853e-001 -1.950905e-001
    outer loop
      vertex  6.006182e+000 -1.076120e+000 -5.050369e+000
      vertex  3.006182e+000 -1.076120e+000 -5.050369e+000
      vertex  3.006182e+000 -1.000000e+000 -5.433052e+000
    endloop
  endfacet
  facet normal  0.000000e+000 -9.807853e-001 -1.950905e-001
    outer loop
      vertex  6.006182e+000 -1.076120e+000 -5.050369e+000
      vertex  3.006182e+000 -1.000000e+000 -5.433052e+000
      vertex  6.006182e+000 -1.000000e+000 -5.433052e+000
    endloop
  endfacet
  facet normal  -0.000000e+000 -1.950901e-001 -9.807853e-001
    outer loop
      vertex  3.006182e+000 -1.617317e+000 -4.509172e+000
      vertex  6.006182e+000 -2.000000e+000 -4.433052e+000
      vertex  3.006182e+000 -2.000000e+000 -4.433052e+000
    endloop
  endfacet
  facet normal  0.000000e+000  1.950901e-001 -9.807854e-001
    outer loop
      vertex  3.006182e+000 -2.000000e+000 -4.433052e+000
      vertex  6.006182e+000 -2.000000e+000 -4.433052e+000
      vertex  6.006182e+000 -2.382684e+000 -4.509172e+000
    endloop
  endfacet
  facet normal  0.000000e+000  1.950901e-001 -9.807854e-001
    outer loop
      vertex  3.006182e+000 -2.000000e+000 -4.433052e+000
      vertex  6.006182e+000 -2.382684e+000 -4.509172e+000
      vertex  3.006182e+000 -2.382684e+000 -4.509172e+000
    endloop
  endfacet
  facet normal  0.000000e+000  5.555708e-001 -8.314692e-001
    outer loop
      vertex  3.006182e+000 -2.382684e+000 -4.509172e+000
      vertex  6.006182e+000 -2.382684e+000 -4.509172e+000
      vertex  6.006182e+000 -2.707107e+000 -4.725945e+000
    endloop
  endfacet
  facet normal  0.000000e+000  5.555708e-001 -8.314692e-001
    outer loop
      vertex  3.006182e+000 -2.382684e+000 -4.509172e+000
      vertex  6.006182e+000 -2.707107e+000 -4.725945e+000
      vertex  3.006182e+000 -2.707107e+000 -4.725945e+000
    endloop
  endfacet
  facet normal  0.000000e+000  8.314696e-001 -5.555704e-001
    outer loop
      vertex  3.006182e+000 -2.707107e+000 -4.725945e+000
      vertex  6.006182e+000 -2.707107e+000 -4.725945e+000
      vertex  6.006182e+000 -2.923880e+000 -5.050369e+000
    endloop
  endfacet
  facet normal  0.000000e+000  8.314696e-001 -5.555704e-001
    outer loop
      vertex  3.006182e+000 -2.707107e+000 -4.725945e+000
      vertex  6.006182e+000 -2.923880e+000 -5.050369e+000
      vertex  3.006182e+000 -2.923880e+000 -5.050369e+000
    endloop
  endfacet
  facet normal  0.000000e+000  9.807853e-001 -1.950902e-001
    outer loop
      vertex  3.006182e+000 -2.923880e+000 -5.050369e+000
      vertex  6.006182e+000 -2.923880e+000 -5.050369e+000
      vertex  6.006182e+000 -3.000000e+000 -5.433052e+000
    endloop
  endfacet
  facet normal  0.000000e+000  9.807853e-001 -1.950902e-001
    outer loop
      vertex  3.006182e+000 -2.923880e+000 -5.050369e+000
      vertex  6.006182e+000 -3.000000e+000 -5.433052e+000
      vertex  3.006182e+000 -3.000000e+000 -5.433052e+000
    endloop
  endfacet
  facet normal  -0.000000e+000  1.950901e-001  9.807854e-001
    outer loop
      vertex  6.006182e+000 -2.000000e+000 -6.433052e+000
      vertex  3.006182e+000 -2.382684e+000 -6.356932e+000
      vertex  6.006182e+000 -2.382684e+000 -6.356932e+000
    endloop
  endfacet
  facet normal  0.000000e+000  5.555708e-001  8.314692e-001
    outer loop
      vertex  6.006182e+000 -2.382684e+000 -6.356932e+000
      vertex  3.006182e+000 -2.382684e+000 -6.356932e+000
      vertex  3.006182e+000 -2.707107e+000 -6.140159e+000
    endloop
  endfacet
  facet normal  -0.000000e+000  5.555708e-001  8.314692e-001
    outer loop
      vertex  6.006182e+000 -2.382684e+000 -6.356932e+000
      vertex  3.006182e+000 -2.707107e+000 -6.140159e+000
      vertex  6.006182e+000 -2.707107e+000 -6.140159e+000
    endloop
  endfacet
  facet normal  0.000000e+000  8.314696e-001  5.555704e-001
    outer loop
      vertex  6.006182e+000 -2.707107e+000 -6.140159e+000
      vertex  3.006182e+000 -2.707107e+000 -6.140159e+000
      vertex  3.006182e+000 -2.923880e+000 -5.815735e+000
    endloop
  endfacet
  facet normal  -0.000000e+000  8.314696e-001  5.555704e-001
    outer loop
      vertex  6.006182e+000 -2.707107e+000 -6.140159e+000
      vertex  3.006182e+000 -2.923880e+000 -5.815735e+000
      vertex  6.006182e+000 -2.923880e+000 -5.815735e+000
    endloop
  endfacet
  facet normal  0.000000e+000  9.807853e-001  1.950902e-001
    outer loop
      vertex  6.006182e+000 -2.923880e+000 -5.815735e+000
      vertex  3.006182e+000 -2.923880e+000 -5.815735e+000
      vertex  3.006182e+000 -3.000000e+000 -5.433052e+000
    endloop
  endfacet
  facet normal  -0.000000e+000  9.807853e-001  1.950902e-001
    outer loop
      vertex  6.006182e+000 -2.923880e+000 -5.815735e+000
      vertex  3.006182e+000 -3.000000e+000 -5.433052e+000
      vertex  6.006182e+000 -3.000000e+000 -5.433052e+000
    endloop
  endfacet
  facet normal  0.000000e+000  1.950901e-001  9.807854e-001
    outer loop
      vertex  3.006182e+000 -2.382684e+000 -6.356932e+000
      vertex  6.006182e+000 -2.000000e+000 -6.433052e+000
      vertex  3.006182e+000 -2.000000e+000 -6.433052e+000
    endloop
  endfacet
  facet normal  0.000000e+000 -1.950901e-001  9.807853e-001
    outer loop
      vertex  3.006182e+000 -2.000000e+000 -6.433052e+000
      vertex  6.006182e+000 -2.000000e+000 -6.433052e+000
      vertex  6.006182e+000 -1.617317e+000 -6.356932e+000
    endloop
  endfacet
  facet normal  0.000000e+000 -1.950901e-001  9.807853e-001
    outer loop
      vertex  3.006182e+000 -2.000000e+000 -6.433052e+000
      vertex  6.006182e+000 -1.617317e+000 -6.356932e+000
      vertex  3.006182e+000 -1.617317e+000 -6.356932e+000
    endloop
  endfacet
  facet normal  0.000000e+000 -5.555707e-001  8.314694e-001
    outer loop
      vertex  3.006182e+000 -1.617317e+000 -6.356932e+000
      vertex  6.006182e+000 -1.617317e+000 -6.356932e+000
      vertex  6.006182e+000 -1.292893e+000 -6.140159e+000
    endloop
  endfacet
  facet normal  0.000000e+000 -5.555707e-001  8.314694e-001
    outer loop
      vertex  3.006182e+000 -1.617317e+000 -6.356932e+000
      vertex  6.006182e+000 -1.292893e+000 -6.140159e+000
      vertex  3.006182e+000 -1.292893e+000 -6.140159e+000
    endloop
  endfacet
  facet normal  0.000000e+000 -8.314698e-001  5.555702e-001
    outer loop
      vertex  3.006182e+000 -1.292893e+000 -6.140159e+000
      vertex  6.006182e+000 -1.292893e+000 -6.140159e+000
      vertex  6.006182e+000 -1.076120e+000 -5.815735e+000
    endloop
  endfacet
  facet normal  0.000000e+000 -8.314698e-001  5.555702e-001
    outer loop
      vertex  3.006182e+000 -1.292893e+000 -6.140159e+000
      vertex  6.006182e+000 -1.076120e+000 -5.815735e+000
      vertex  3.006182e+000 -1.076120e+000 -5.815735e+000
    endloop
  endfacet
  facet normal  0.000000e+000 -9.807853e-001  1.950905e-001
    outer loop
      vertex  3.006182e+000 -1.076120e+000 -5.815735e+000
      vertex  6.006182e+000 -1.076120e+000 -5.815735e+000
      vertex  6.006182e+000 -1.000000e+000 -5.433052e+000
    endloop
  endfacet
  facet normal  0.000000e+000 -9.807853e-001  1.950905e-001
    outer loop
      vertex  3.006182e+000 -1.076120e+000 -5.815735e+000
      vertex  6.006182e+000 -1.000000e+000 -5.433052e+000
      vertex  3.006182e+000 -1.000000e+000 -5.433052e+000
    endloop
  endfacet
  facet normal  0.000000e+000 -1.950904e-001 -9.807853e-001
    outer loop
      vertex  6.006182e+000  1.700000e+001  1.006695e+001
      vertex  3.006182e+000  1.738268e+001  9.990828e+000
      vertex  6.006182e+000  1.738268e+001  9.990828e+000
    endloop
  endfacet
  facet normal  -0.000000e+000 -5.555691e-001 -8.314704e-001
    outer loop
      vertex  6.006182e+000  1.738268e+001  9.990828e+000
      vertex  3.006182e+000  1.738268e+001  9.990828e+000
      vertex  3.006182e+000  1.770711e+001  9.774055e+000
    endloop
  endfacet
  facet normal  0.000000e+000 -5.555691e-001 -8.314704e-001
    outer loop
      vertex  6.006182e+000  1.738268e+001  9.990828e+000
      vertex  3.006182e+000  1.770711e+001  9.774055e+000
      vertex  6.006182e+000  1.770711e+001  9.774055e+000
    endloop
  endfacet
  facet normal  -0.000000e+000 -8.314700e-001 -5.555696e-001
    outer loop
      vertex  6.006182e+000  1.770711e+001  9.774055e+000
      vertex  3.006182e+000  1.770711e+001  9.774055e+000
      vertex  3.006182e+000  1.792388e+001  9.449632e+000
    endloop
  endfacet
  facet normal  0.000000e+000 -8.314700e-001 -5.555696e-001
    outer loop
      vertex  6.006182e+000  1.770711e+001  9.774055e+000
      vertex  3.006182e+000  1.792388e+001  9.449632e+000
      vertex  6.006182e+000  1.792388e+001  9.449632e+000
    endloop
  endfacet
  facet normal  -0.000000e+000 -9.807854e-001 -1.950899e-001
    outer loop
      vertex  6.006182e+000  1.792388e+001  9.449632e+000
      vertex  3.006182e+000  1.792388e+001  9.449632e+000
      vertex  3.006182e+000  1.800000e+001  9.066948e+000
    endloop
  endfacet
  facet normal  0.000000e+000 -9.807854e-001 -1.950899e-001
    outer loop
      vertex  6.006182e+000  1.792388e+001  9.449632e+000
      vertex  3.006182e+000  1.800000e+001  9.066948e+000
      vertex  6.006182e+000  1.800000e+001  9.066948e+000
    endloop
  endfacet
  facet normal  -0.000000e+000 -1.950904e-001 -9.807853e-001
    outer loop
      vertex  3.006182e+000  1.738268e+001  9.990828e+000
      vertex  6.006182e+000  1.700000e+001  1.006695e+001
      vertex  3.006182e+000  1.700000e+001  1.006695e+001
    endloop
  endfacet
  facet normal  0.000000e+000  1.950904e-001 -9.807853e-001
    outer loop
      vertex  3.006182e+000  1.700000e+001  1.006695e+001
      vertex  6.006182e+000  1.700000e+001  1.006695e+001
      vertex  6.006182e+000  1.661732e+001  9.990828e+000
    endloop
  endfacet
  facet normal  0.000000e+000  1.950904e-001 -9.807853e-001
    outer loop
      vertex  3.006182e+000  1.700000e+001  1.006695e+001
      vertex  6.006182e+000  1.661732e+001  9.990828e+000
      vertex  3.006182e+000  1.661732e+001  9.990828e+000
    endloop
  endfacet
  facet normal  0.000000e+000  5.555691e-001 -8.314704e-001
    outer loop
      vertex  3.006182e+000  1.661732e+001  9.990828e+000
      vertex  6.006182e+000  1.661732e+001  9.990828e+000
      vertex  6.006182e+000  1.629289e+001  9.774055e+000
    endloop
  endfacet
  facet normal  0.000000e+000  5.555691e-001 -8.314704e-001
    outer loop
      vertex  3.006182e+000  1.661732e+001  9.990828e+000
      vertex  6.006182e+000  1.629289e+001  9.774055e+000
      vertex  3.006182e+000  1.629289e+001  9.774055e+000
    endloop
  endfacet
  facet normal  0.000000e+000  8.314700e-001 -5.555696e-001
    outer loop
      vertex  3.006182e+000  1.629289e+001  9.774055e+000
      vertex  6.006182e+000  1.629289e+001  9.774055e+000
      vertex  6.006182e+000  1.607612e+001  9.449632e+000
    endloop
  endfacet
  facet normal  0.000000e+000  8.314700e-001 -5.555696e-001
    outer loop
      vertex  3.006182e+000  1.629289e+001  9.774055e+000
      vertex  6.006182e+000  1.607612e+001  9.449632e+000
      vertex  3.006182e+000  1.607612e+001  9.449632e+000
    endloop
  endfacet
  facet normal  0.000000e+000  9.807854e-001 -1.950899e-001
    outer loop
      vertex  3.006182e+000  1.607612e+001  9.449632e+000
      vertex  6.006182e+000  1.607612e+001  9.449632e+000
      vertex  6.006182e+000  1.600000e+001  9.066948e+000
    endloop
  endfacet
  facet normal  0.000000e+000  9.807854e-001 -1.950899e-001
    outer loop
      vertex  3.006182e+000  1.607612e+001  9.449632e+000
      vertex  6.006182e+000  1.600000e+001  9.066948e+000
      vertex  3.006182e+000  1.600000e+001  9.066948e+000
    endloop
  endfacet
  facet normal  -0.000000e+000  1.950904e-001  9.807853e-001
    outer loop
      vertex  6.006182e+000  1.700000e+001  8.066948e+000
      vertex  3.006182e+000  1.661732e+001  8.143068e+000
      vertex  6.006182e+000  1.661732e+001  8.143068e+000
    endloop
  endfacet
  facet normal  0.000000e+000  5.555691e-001  8.314704e-001
    outer loop
      vertex  6.006182e+000  1.661732e+001  8.143068e+000
      vertex  3.006182e+000  1.661732e+001  8.143068e+000
      vertex  3.006182e+000  1.629289e+001  8.359841e+000
    endloop
  endfacet
  facet normal  -0.000000e+000  5.555691e-001  8.314704e-001
    outer loop
      vertex  6.006182e+000  1.661732e+001  8.143068e+000
      vertex  3.006182e+000  1.629289e+001  8.359841e+000
      vertex  6.006182e+000  1.629289e+001  8.359841e+000
    endloop
  endfacet
  facet normal  0.000000e+000  8.314700e-001  5.555696e-001
    outer loop
      vertex  6.006182e+000  1.629289e+001  8.359841e+000
      vertex  3.006182e+000  1.629289e+001  8.359841e+000
      vertex  3.006182e+000  1.607612e+001  8.684264e+000
    endloop
  endfacet
  facet normal  -0.000000e+000  8.314700e-001  5.555696e-001
    outer loop
      vertex  6.006182e+000  1.629289e+001  8.359841e+000
      vertex  3.006182e+000  1.607612e+001  8.684264e+000
      vertex  6.006182e+000  1.607612e+001  8.684264e+000
    endloop
  endfacet
  facet normal  0.000000e+000  9.807854e-001  1.950899e-001
    outer loop
      vertex  6.006182e+000  1.607612e+001  8.684264e+000
      vertex  3.006182e+000  1.607612e+001  8.684264e+000
      vertex  3.006182e+000  1.600000e+001  9.066948e+000
    endloop
  endfacet
  facet normal  -0.000000e+000  9.807854e-001  1.950899e-001
    outer loop
      vertex  6.006182e+000  1.607612e+001  8.684264e+000
      vertex  3.006182e+000  1.600000e+001  9.066948e+000
      vertex  6.006182e+000  1.600000e+001  9.066948e+000
    endloop
  endfacet
  facet normal  0.000000e+000  1.950904e-001  9.807853e-001
    outer loop
      vertex  3.006182e+000  1.661732e+001  8.143068e+000
      vertex  6.006182e+000  1.700000e+001  8.066948e+000
      vertex  3.006182e+000  1.700000e+001  8.066948e+000
    endloop
  endfacet
  facet normal  0.000000e+000 -1.950904e-001  9.807853e-001
    outer loop
      vertex  3.006182e+000  1.700000e+001  8.066948e+000
      vertex  6.006182e+000  1.700000e+001  8.066948e+000
      vertex  6.006182e+000  1.738268e+001  8.143068e+000
    endloop
  endfacet
  facet normal  0.000000e+000 -1.950904e-001  9.807853e-001
    outer loop
      vertex  3.006182e+000  1.700000e+001  8.066948e+000
      vertex  6.006182e+000  1.738268e+001  8.143068e+000
      vertex  3.006182e+000  1.738268e+001  8.143068e+000
    endloop
  endfacet
  facet normal  0.000000e+000 -5.555691e-001  8.314704e-001
    outer loop
      vertex  3.006182e+000  1.738268e+001  8.143068e+000
      vertex  6.006182e+000  1.738268e+001  8.143068e+000
      vertex  6.006182e+000  1.770711e+001  8.359841e+000
    endloop
  endfacet
  facet normal  0.000000e+000 -5.555691e-001  8.314704e-001
    outer loop
      vertex  3.006182e+000  1.738268e+001  8.143068e+000
      vertex  6.006182e+000  1.770711e+001  8.359841e+000
      vertex  3.006182e+000  1.770711e+001  8.359841e+000
    endloop
  endfacet
  facet normal  0.000000e+000 -8.314700e-001  5.555696e-001
    outer loop
      vertex  3.006182e+000  1.770711e+001  8.359841e+000
      vertex  6.006182e+000  1.770711e+001  8.359841e+000
      vertex  6.006182e+000  1.792388e+001  8.684264e+000
    endloop
  endfacet
  facet normal  0.000000e+000 -8.314700e-001  5.555696e-001
    outer loop
      vertex  3.006182e+000  1.770711e+001  8.359841e+000
      vertex  6.006182e+000  1.792388e+001  8.684264e+000
      vertex  3.006182e+000  1.792388e+001  8.684264e+000
    endloop
  endfacet
  facet normal  0.000000e+000 -9.807854e-001  1.950899e-001
    outer loop
      vertex  3.006182e+000  1.792388e+001  8.684264e+000
      vertex  6.006182e+000  1.792388e+001  8.684264e+000
      vertex  6.006182e+000  1.800000e+001  9.066948e+000
    endloop
  endfacet
  facet normal  0.000000e+000 -9.807854e-001  1.950899e-001
    outer loop
      vertex  3.006182e+000  1.792388e+001  8.684264e+000
      vertex  6.006182e+000  1.800000e+001  9.066948e+000
      vertex  3.006182e+000  1.800000e+001  9.066948e+000
    endloop
  endfacet
  facet normal  0.000000e+000 -1.950901e-001 -9.807853e-001
    outer loop
      vertex  6.006182e+000 -2.000000e+000  1.006695e+001
      vertex  3.006182e+000 -1.617317e+000  9.990828e+000
      vertex  6.006182e+000 -1.617317e+000  9.990828e+000
    endloop
  endfacet
  facet normal  -0.000000e+000 -5.555707e-001 -8.314694e-001
    outer loop
      vertex  6.006182e+000 -1.617317e+000  9.990828e+000
      vertex  3.006182e+000 -1.617317e+000  9.990828e+000
      vertex  3.006182e+000 -1.292893e+000  9.774055e+000
    endloop
  endfacet
  facet normal  0.000000e+000 -5.555707e-001 -8.314694e-001
    outer loop
      vertex  6.006182e+000 -1.617317e+000  9.990828e+000
      vertex  3.006182e+000 -1.292893e+000  9.774055e+000
      vertex  6.006182e+000 -1.292893e+000  9.774055e+000
    endloop
  endfacet
  facet normal  -0.000000e+000 -8.314693e-001 -5.555707e-001
    outer loop
      vertex  6.006182e+000 -1.292893e+000  9.774055e+000
      vertex  3.006182e+000 -1.292893e+000  9.774055e+000
      vertex  3.006182e+000 -1.076120e+000  9.449632e+000
    endloop
  endfacet
  facet normal  0.000000e+000 -8.314693e-001 -5.555707e-001
    outer loop
      vertex  6.006182e+000 -1.292893e+000  9.774055e+000
      vertex  3.006182e+000 -1.076120e+000  9.449632e+000
      vertex  6.006182e+000 -1.076120e+000  9.449632e+000
    endloop
  endfacet
  facet normal  -0.000000e+000 -9.807854e-001 -1.950902e-001
    outer loop
      vertex  6.006182e+000 -1.076120e+000  9.449632e+000
      vertex  3.006182e+000 -1.076120e+000  9.449632e+000
      vertex  3.006182e+000 -1.000000e+000  9.066948e+000
    endloop
  endfacet
  facet normal  0.000000e+000 -9.807854e-001 -1.950902e-001
    outer loop
      vertex  6.006182e+000 -1.076120e+000  9.449632e+000
      vertex  3.006182e+000 -1.000000e+000  9.066948e+000
      vertex  6.006182e+000 -1.000000e+000  9.066948e+000
    endloop
  endfacet
  facet normal  -0.000000e+000 -1.950901e-001 -9.807853e-001
    outer loop
      vertex  3.006182e+000 -1.617317e+000  9.990828e+000
      vertex  6.006182e+000 -2.000000e+000  1.006695e+001
      vertex  3.006182e+000 -2.000000e+000  1.006695e+001
    endloop
  endfacet
  facet normal  0.000000e+000  1.950901e-001 -9.807854e-001
    outer loop
      vertex  3.006182e+000 -2.000000e+000  1.006695e+001
      vertex  6.006182e+000 -2.000000e+000  1.006695e+001
      vertex  6.006182e+000 -2.382684e+000  9.990828e+000
    endloop
  endfacet
  facet normal  0.000000e+000  1.950901e-001 -9.807854e-001
    outer loop
      vertex  3.006182e+000 -2.000000e+000  1.006695e+001
      vertex  6.006182e+000 -2.382684e+000  9.990828e+000
      vertex  3.006182e+000 -2.382684e+000  9.990828e+000
    endloop
  endfacet
  facet normal  0.000000e+000  5.555708e-001 -8.314692e-001
    outer loop
      vertex  3.006182e+000 -2.382684e+000  9.990828e+000
      vertex  6.006182e+000 -2.382684e+000  9.990828e+000
      vertex  6.006182e+000 -2.707107e+000  9.774055e+000
    endloop
  endfacet
  facet normal  0.000000e+000  5.555708e-001 -8.314692e-001
    outer loop
      vertex  3.006182e+000 -2.382684e+000  9.990828e+000
      vertex  6.006182e+000 -2.707107e+000  9.774055e+000
      vertex  3.006182e+000 -2.707107e+000  9.774055e+000
    endloop
  endfacet
  facet normal  0.000000e+000  8.314692e-001 -5.555709e-001
    outer loop
      vertex  3.006182e+000 -2.707107e+000  9.774055e+000
      vertex  6.006182e+000 -2.707107e+000  9.774055e+000
      vertex  6.006182e+000 -2.923880e+000  9.449632e+000
    endloop
  endfacet
  facet normal  0.000000e+000  8.314692e-001 -5.555709e-001
    outer loop
      vertex  3.006182e+000 -2.707107e+000  9.774055e+000
      vertex  6.006182e+000 -2.923880e+000  9.449632e+000
      vertex  3.006182e+000 -2.923880e+000  9.449632e+000
    endloop
  endfacet
  facet normal  0.000000e+000  9.807854e-001 -1.950899e-001
    outer loop
      vertex  3.006182e+000 -2.923880e+000  9.449632e+000
      vertex  6.006182e+000 -2.923880e+000  9.449632e+000
      vertex  6.006182e+000 -3.000000e+000  9.066948e+000
    endloop
  endfacet
  facet normal  0.000000e+000  9.807854e-001 -1.950899e-001
    outer loop
      vertex  3.006182e+000 -2.923880e+000  9.449632e+000
      vertex  6.006182e+000 -3.000000e+000  9.066948e+000
      vertex  3.006182e+000 -3.000000e+000  9.066948e+000
    endloop
  endfacet
  facet normal  -0.000000e+000  1.950901e-001  9.807854e-001
    outer loop
      vertex  6.006182e+000 -2.000000e+000  8.066948e+000
      vertex  3.006182e+000 -2.382684e+000  8.143068e+000
      vertex  6.006182e+000 -2.382684e+000  8.143068e+000
    endloop
  endfacet
  facet normal  0.000000e+000  5.555708e-001  8.314692e-001
    outer loop
      vertex  6.006182e+000 -2.382684e+000  8.143068e+000
      vertex  3.006182e+000 -2.382684e+000  8.143068e+000
      vertex  3.006182e+000 -2.707107e+000  8.359841e+000
    endloop
  endfacet
  facet normal  -0.000000e+000  5.555708e-001  8.314692e-001
    outer loop
      vertex  6.006182e+000 -2.382684e+000  8.143068e+000
      vertex  3.006182e+000 -2.707107e+000  8.359841e+000
      vertex  6.006182e+000 -2.707107e+000  8.359841e+000
    endloop
  endfacet
  facet normal  0.000000e+000  8.314692e-001  5.555709e-001
    outer loop
      vertex  6.006182e+000 -2.707107e+000  8.359841e+000
      vertex  3.006182e+000 -2.707107e+000  8.359841e+000
      vertex  3.006182e+000 -2.923880e+000  8.684264e+000
    endloop
  endfacet
  facet normal  -0.000000e+000  8.314692e-001  5.555709e-001
    outer loop
      vertex  6.006182e+000 -2.707107e+000  8.359841e+000
      vertex  3.006182e+000 -2.923880e+000  8.684264e+000
      vertex  6.006182e+000 -2.923880e+000  8.684264e+000
    endloop
  endfacet
  facet normal  0.000000e+000  9.807854e-001  1.950899e-001
    outer loop
      vertex  6.006182e+000 -2.923880e+000  8.684264e+000
      vertex  3.006182e+000 -2.923880e+000  8.684264e+000
      vertex  3.006182e+000 -3.000000e+000  9.066948e+000
    endloop
  endfacet
  facet normal  -0.000000e+000  9.807854e-001  1.950899e-001
    outer loop
      vertex  6.006182e+000 -2.923880e+000  8.684264e+000
      vertex  3.006182e+000 -3.000000e+000  9.066948e+000
      vertex  6.006182e+000 -3.000000e+000  9.066948e+000
    endloop
  endfacet
  facet normal  0.000000e+000  1.950901e-001  9.807854e-001
    outer loop
      vertex  3.006182e+000 -2.382684e+000  8.143068e+000
      vertex  6.006182e+000 -2.000000e+000  8.066948e+000
      vertex  3.006182e+000 -2.000000e+000  8.066948e+000
    endloop
  endfacet
  facet normal  0.000000e+000 -1.950901e-001  9.807853e-001
    outer loop
      vertex  3.006182e+000 -2.000000e+000  8.066948e+000
      vertex  6.006182e+000 -2.000000e+000  8.066948e+000
      vertex  6.006182e+000 -1.617317e+000  8.143068e+000
    endloop
  endfacet
  facet normal  0.000000e+000 -1.950901e-001  9.807853e-001
    outer loop
      vertex  3.006182e+000 -2.000000e+000  8.066948e+000
      vertex  6.006182e+000 -1.617317e+000  8.143068e+000
      vertex  3.006182e+000 -1.617317e+000  8.143068e+000
    endloop
  endfacet
  facet normal  0.000000e+000 -5.555707e-001  8.314694e-001
    outer loop
      vertex  3.006182e+000 -1.617317e+000  8.143068e+000
      vertex  6.006182e+000 -1.617317e+000  8.143068e+000
      vertex  6.006182e+000 -1.292893e+000  8.359841e+000
    endloop
  endfacet
  facet normal  0.000000e+000 -5.555707e-001  8.314694e-001
    outer loop
      vertex  3.006182e+000 -1.617317e+000  8.143068e+000
      vertex  6.006182e+000 -1.292893e+000  8.359841e+000
      vertex  3.006182e+000 -1.292893e+000  8.359841e+000
    endloop
  endfacet
  facet normal  0.000000e+000 -8.314693e-001  5.555707e-001
    outer loop
      vertex  3.006182e+000 -1.292893e+000  8.359841e+000
      vertex  6.006182e+000 -1.292893e+000  8.359841e+000
      vertex  6.006182e+000 -1.076120e+000  8.684264e+000
    endloop
  endfacet
  facet normal  0.000000e+000 -8.314693e-001  5.555707e-001
    outer loop
      vertex  3.006182e+000 -1.292893e+000  8.359841e+000
      vertex  6.006182e+000 -1.076120e+000  8.684264e+000
      vertex  3.006182e+000 -1.076120e+000  8.684264e+000
    endloop
  endfacet
  facet normal  0.000000e+000 -9.807854e-001  1.950902e-001
    outer loop
      vertex  3.006182e+000 -1.076120e+000  8.684264e+000
      vertex  6.006182e+000 -1.076120e+000  8.684264e+000
      vertex  6.006182e+000 -1.000000e+000  9.066948e+000
    endloop
  endfacet
  facet normal  0.000000e+000 -9.807854e-001  1.950902e-001
    outer loop
      vertex  3.006182e+000 -1.076120e+000  8.684264e+000
      vertex  6.006182e+000 -1.000000e+000  9.066948e+000
      vertex  3.006182e+000 -1.000000e+000  9.066948e+000
    endloop
  endfacet
endsolid CATIA STL
