solid CATIA STL
  facet normal  0.000000e+000  0.000000e+000 -1.000000e+000
    outer loop
      vertex -1.860629e-015  8.250000e+000  2.820000e+001
      vertex  5.823429e-001  8.173333e+000  2.820000e+001
      vertex -5.823429e-001  8.173333e+000  2.820000e+001
    endloop
  endfacet
  facet normal  0.000000e+000  0.000000e+000 -1.000000e+000
    outer loop
      vertex  3.583485e-015  3.750000e+000  2.820000e+001
      vertex -5.823429e-001  3.826667e+000  2.820000e+001
      vertex  5.823429e-001  3.826667e+000  2.820000e+001
    endloop
  endfacet
  facet normal  0.000000e+000  0.000000e+000 -1.000000e+000
    outer loop
      vertex  5.823429e-001  3.826667e+000  2.820000e+001
      vertex -5.823429e-001  3.826667e+000  2.820000e+001
      vertex -1.125000e+000  4.051443e+000  2.820000e+001
    endloop
  endfacet
  facet normal  0.000000e+000  0.000000e+000 -1.000000e+000
    outer loop
      vertex  5.823429e-001  3.826667e+000  2.820000e+001
      vertex -1.125000e+000  4.051443e+000  2.820000e+001
      vertex  1.125000e+000  4.051443e+000  2.820000e+001
    endloop
  endfacet
  facet normal  0.000000e+000  0.000000e+000 -1.000000e+000
    outer loop
      vertex  1.125000e+000  4.051443e+000  2.820000e+001
      vertex -1.125000e+000  4.051443e+000  2.820000e+001
      vertex -1.590990e+000  4.409010e+000  2.820000e+001
    endloop
  endfacet
  facet normal  0.000000e+000  0.000000e+000 -1.000000e+000
    outer loop
      vertex  1.125000e+000  4.051443e+000  2.820000e+001
      vertex -1.590990e+000  4.409010e+000  2.820000e+001
      vertex  1.590990e+000  4.409010e+000  2.820000e+001
    endloop
  endfacet
  facet normal  0.000000e+000  0.000000e+000 -1.000000e+000
    outer loop
      vertex  1.590990e+000  4.409010e+000  2.820000e+001
      vertex -1.590990e+000  4.409010e+000  2.820000e+001
      vertex -1.948557e+000  4.875000e+000  2.820000e+001
    endloop
  endfacet
  facet normal  0.000000e+000  0.000000e+000 -1.000000e+000
    outer loop
      vertex  1.590990e+000  4.409010e+000  2.820000e+001
      vertex -1.948557e+000  4.875000e+000  2.820000e+001
      vertex  1.948557e+000  4.875000e+000  2.820000e+001
    endloop
  endfacet
  facet normal  0.000000e+000  0.000000e+000 -1.000000e+000
    outer loop
      vertex  1.948557e+000  4.875000e+000  2.820000e+001
      vertex -1.948557e+000  4.875000e+000  2.820000e+001
      vertex -2.173333e+000  5.417657e+000  2.820000e+001
    endloop
  endfacet
  facet normal  0.000000e+000  0.000000e+000 -1.000000e+000
    outer loop
      vertex  1.948557e+000  4.875000e+000  2.820000e+001
      vertex -2.173333e+000  5.417657e+000  2.820000e+001
      vertex  2.173333e+000  5.417657e+000  2.820000e+001
    endloop
  endfacet
  facet normal  0.000000e+000  0.000000e+000 -1.000000e+000
    outer loop
      vertex  2.173333e+000  5.417657e+000  2.820000e+001
      vertex -2.173333e+000  5.417657e+000  2.820000e+001
      vertex -2.250000e+000  6.000000e+000  2.820000e+001
    endloop
  endfacet
  facet normal  0.000000e+000  0.000000e+000 -1.000000e+000
    outer loop
      vertex  2.173333e+000  5.417657e+000  2.820000e+001
      vertex -2.250000e+000  6.000000e+000  2.820000e+001
      vertex  2.250000e+000  6.000000e+000  2.820000e+001
    endloop
  endfacet
  facet normal  0.000000e+000  0.000000e+000 -1.000000e+000
    outer loop
      vertex  2.250000e+000  6.000000e+000  2.820000e+001
      vertex -2.250000e+000  6.000000e+000  2.820000e+001
      vertex -2.173333e+000  6.582343e+000  2.820000e+001
    endloop
  endfacet
  facet normal  0.000000e+000  0.000000e+000 -1.000000e+000
    outer loop
      vertex  2.250000e+000  6.000000e+000  2.820000e+001
      vertex -2.173333e+000  6.582343e+000  2.820000e+001
      vertex  2.173333e+000  6.582343e+000  2.820000e+001
    endloop
  endfacet
  facet normal  0.000000e+000  0.000000e+000 -1.000000e+000
    outer loop
      vertex  2.173333e+000  6.582343e+000  2.820000e+001
      vertex -2.173333e+000  6.582343e+000  2.820000e+001
      vertex -1.948557e+000  7.125000e+000  2.820000e+001
    endloop
  endfacet
  facet normal  0.000000e+000  0.000000e+000 -1.000000e+000
    outer loop
      vertex  2.173333e+000  6.582343e+000  2.820000e+001
      vertex -1.948557e+000  7.125000e+000  2.820000e+001
      vertex  1.948557e+000  7.125000e+000  2.820000e+001
    endloop
  endfacet
  facet normal  0.000000e+000  0.000000e+000 -1.000000e+000
    outer loop
      vertex  1.948557e+000  7.125000e+000  2.820000e+001
      vertex -1.948557e+000  7.125000e+000  2.820000e+001
      vertex -1.590990e+000  7.590990e+000  2.820000e+001
    endloop
  endfacet
  facet normal  0.000000e+000  0.000000e+000 -1.000000e+000
    outer loop
      vertex  1.948557e+000  7.125000e+000  2.820000e+001
      vertex -1.590990e+000  7.590990e+000  2.820000e+001
      vertex  1.590990e+000  7.590990e+000  2.820000e+001
    endloop
  endfacet
  facet normal  0.000000e+000  0.000000e+000 -1.000000e+000
    outer loop
      vertex  1.590990e+000  7.590990e+000  2.820000e+001
      vertex -1.590990e+000  7.590990e+000  2.820000e+001
      vertex -1.125000e+000  7.948557e+000  2.820000e+001
    endloop
  endfacet
  facet normal  0.000000e+000  0.000000e+000 -1.000000e+000
    outer loop
      vertex  1.590990e+000  7.590990e+000  2.820000e+001
      vertex -1.125000e+000  7.948557e+000  2.820000e+001
      vertex  1.125000e+000  7.948557e+000  2.820000e+001
    endloop
  endfacet
  facet normal  0.000000e+000  0.000000e+000 -1.000000e+000
    outer loop
      vertex  1.125000e+000  7.948557e+000  2.820000e+001
      vertex -1.125000e+000  7.948557e+000  2.820000e+001
      vertex -5.823429e-001  8.173333e+000  2.820000e+001
    endloop
  endfacet
  facet normal  0.000000e+000  0.000000e+000 -1.000000e+000
    outer loop
      vertex  1.125000e+000  7.948557e+000  2.820000e+001
      vertex -5.823429e-001  8.173333e+000  2.820000e+001
      vertex  5.823429e-001  8.173333e+000  2.820000e+001
    endloop
  endfacet
  facet normal  9.914449e-001 -1.305261e-001  0.000000e+000
    outer loop
      vertex  2.250000e+000  6.000000e+000  2.820000e+001
      vertex  2.250000e+000  6.000000e+000  3.120000e+001
      vertex  2.173333e+000  5.417657e+000  2.820000e+001
    endloop
  endfacet
  facet normal  9.914449e-001 -1.305261e-001  0.000000e+000
    outer loop
      vertex  2.173333e+000  5.417657e+000  2.820000e+001
      vertex  2.250000e+000  6.000000e+000  3.120000e+001
      vertex  2.173333e+000  5.417657e+000  3.120000e+001
    endloop
  endfacet
  facet normal  9.238795e-001 -3.826834e-001  0.000000e+000
    outer loop
      vertex  2.173333e+000  5.417657e+000  2.820000e+001
      vertex  2.173333e+000  5.417657e+000  3.120000e+001
      vertex  1.948557e+000  4.875000e+000  2.820000e+001
    endloop
  endfacet
  facet normal  9.238795e-001 -3.826834e-001  0.000000e+000
    outer loop
      vertex  1.948557e+000  4.875000e+000  2.820000e+001
      vertex  2.173333e+000  5.417657e+000  3.120000e+001
      vertex  1.948557e+000  4.875000e+000  3.120000e+001
    endloop
  endfacet
  facet normal  7.933533e-001 -6.087615e-001  0.000000e+000
    outer loop
      vertex  1.948557e+000  4.875000e+000  2.820000e+001
      vertex  1.948557e+000  4.875000e+000  3.120000e+001
      vertex  1.590990e+000  4.409010e+000  2.820000e+001
    endloop
  endfacet
  facet normal  7.933533e-001 -6.087615e-001  0.000000e+000
    outer loop
      vertex  1.590990e+000  4.409010e+000  2.820000e+001
      vertex  1.948557e+000  4.875000e+000  3.120000e+001
      vertex  1.590990e+000  4.409010e+000  3.120000e+001
    endloop
  endfacet
  facet normal  6.087618e-001 -7.933530e-001  0.000000e+000
    outer loop
      vertex  1.590990e+000  4.409010e+000  2.820000e+001
      vertex  1.590990e+000  4.409010e+000  3.120000e+001
      vertex  1.125000e+000  4.051443e+000  2.820000e+001
    endloop
  endfacet
  facet normal  6.087618e-001 -7.933530e-001  0.000000e+000
    outer loop
      vertex  1.125000e+000  4.051443e+000  2.820000e+001
      vertex  1.590990e+000  4.409010e+000  3.120000e+001
      vertex  1.125000e+000  4.051443e+000  3.120000e+001
    endloop
  endfacet
  facet normal  3.826832e-001 -9.238796e-001  0.000000e+000
    outer loop
      vertex  1.125000e+000  4.051443e+000  2.820000e+001
      vertex  1.125000e+000  4.051443e+000  3.120000e+001
      vertex  5.823429e-001  3.826667e+000  2.820000e+001
    endloop
  endfacet
  facet normal  3.826832e-001 -9.238796e-001  0.000000e+000
    outer loop
      vertex  5.823429e-001  3.826667e+000  2.820000e+001
      vertex  1.125000e+000  4.051443e+000  3.120000e+001
      vertex  5.823429e-001  3.826667e+000  3.120000e+001
    endloop
  endfacet
  facet normal  1.305261e-001 -9.914449e-001  0.000000e+000
    outer loop
      vertex  5.823429e-001  3.826667e+000  2.820000e+001
      vertex  5.823429e-001  3.826667e+000  3.120000e+001
      vertex  3.583485e-015  3.750000e+000  2.820000e+001
    endloop
  endfacet
  facet normal  1.305261e-001 -9.914449e-001  0.000000e+000
    outer loop
      vertex  3.583485e-015  3.750000e+000  2.820000e+001
      vertex  5.823429e-001  3.826667e+000  3.120000e+001
      vertex  3.583485e-015  3.750000e+000  3.120000e+001
    endloop
  endfacet
  facet normal -1.305261e-001 -9.914449e-001  -0.000000e+000
    outer loop
      vertex  3.583485e-015  3.750000e+000  2.820000e+001
      vertex  3.583485e-015  3.750000e+000  3.120000e+001
      vertex -5.823429e-001  3.826667e+000  2.820000e+001
    endloop
  endfacet
  facet normal -1.305261e-001 -9.914449e-001  0.000000e+000
    outer loop
      vertex -5.823429e-001  3.826667e+000  2.820000e+001
      vertex  3.583485e-015  3.750000e+000  3.120000e+001
      vertex -5.823429e-001  3.826667e+000  3.120000e+001
    endloop
  endfacet
  facet normal -3.826832e-001 -9.238796e-001  -0.000000e+000
    outer loop
      vertex -5.823429e-001  3.826667e+000  2.820000e+001
      vertex -5.823429e-001  3.826667e+000  3.120000e+001
      vertex -1.125000e+000  4.051443e+000  2.820000e+001
    endloop
  endfacet
  facet normal -3.826832e-001 -9.238796e-001  0.000000e+000
    outer loop
      vertex -1.125000e+000  4.051443e+000  2.820000e+001
      vertex -5.823429e-001  3.826667e+000  3.120000e+001
      vertex -1.125000e+000  4.051443e+000  3.120000e+001
    endloop
  endfacet
  facet normal -6.087618e-001 -7.933530e-001  -0.000000e+000
    outer loop
      vertex -1.125000e+000  4.051443e+000  2.820000e+001
      vertex -1.125000e+000  4.051443e+000  3.120000e+001
      vertex -1.590990e+000  4.409010e+000  2.820000e+001
    endloop
  endfacet
  facet normal -6.087618e-001 -7.933530e-001  0.000000e+000
    outer loop
      vertex -1.590990e+000  4.409010e+000  2.820000e+001
      vertex -1.125000e+000  4.051443e+000  3.120000e+001
      vertex -1.590990e+000  4.409010e+000  3.120000e+001
    endloop
  endfacet
  facet normal -7.933533e-001 -6.087615e-001  -0.000000e+000
    outer loop
      vertex -1.590990e+000  4.409010e+000  2.820000e+001
      vertex -1.590990e+000  4.409010e+000  3.120000e+001
      vertex -1.948557e+000  4.875000e+000  2.820000e+001
    endloop
  endfacet
  facet normal -7.933533e-001 -6.087615e-001  0.000000e+000
    outer loop
      vertex -1.948557e+000  4.875000e+000  2.820000e+001
      vertex -1.590990e+000  4.409010e+000  3.120000e+001
      vertex -1.948557e+000  4.875000e+000  3.120000e+001
    endloop
  endfacet
  facet normal -9.238795e-001 -3.826834e-001  -0.000000e+000
    outer loop
      vertex -1.948557e+000  4.875000e+000  2.820000e+001
      vertex -1.948557e+000  4.875000e+000  3.120000e+001
      vertex -2.173333e+000  5.417657e+000  2.820000e+001
    endloop
  endfacet
  facet normal -9.238795e-001 -3.826834e-001  0.000000e+000
    outer loop
      vertex -2.173333e+000  5.417657e+000  2.820000e+001
      vertex -1.948557e+000  4.875000e+000  3.120000e+001
      vertex -2.173333e+000  5.417657e+000  3.120000e+001
    endloop
  endfacet
  facet normal -9.914449e-001 -1.305261e-001  -0.000000e+000
    outer loop
      vertex -2.173333e+000  5.417657e+000  2.820000e+001
      vertex -2.173333e+000  5.417657e+000  3.120000e+001
      vertex -2.250000e+000  6.000000e+000  2.820000e+001
    endloop
  endfacet
  facet normal -9.914449e-001 -1.305261e-001  0.000000e+000
    outer loop
      vertex -2.250000e+000  6.000000e+000  2.820000e+001
      vertex -2.173333e+000  5.417657e+000  3.120000e+001
      vertex -2.250000e+000  6.000000e+000  3.120000e+001
    endloop
  endfacet
  facet normal -9.914449e-001  1.305261e-001  0.000000e+000
    outer loop
      vertex -2.250000e+000  6.000000e+000  2.820000e+001
      vertex -2.250000e+000  6.000000e+000  3.120000e+001
      vertex -2.173333e+000  6.582343e+000  2.820000e+001
    endloop
  endfacet
  facet normal -9.914449e-001  1.305261e-001  0.000000e+000
    outer loop
      vertex -2.173333e+000  6.582343e+000  2.820000e+001
      vertex -2.250000e+000  6.000000e+000  3.120000e+001
      vertex -2.173333e+000  6.582343e+000  3.120000e+001
    endloop
  endfacet
  facet normal -9.238795e-001  3.826834e-001  0.000000e+000
    outer loop
      vertex -2.173333e+000  6.582343e+000  2.820000e+001
      vertex -2.173333e+000  6.582343e+000  3.120000e+001
      vertex -1.948557e+000  7.125000e+000  2.820000e+001
    endloop
  endfacet
  facet normal -9.238795e-001  3.826834e-001  0.000000e+000
    outer loop
      vertex -1.948557e+000  7.125000e+000  2.820000e+001
      vertex -2.173333e+000  6.582343e+000  3.120000e+001
      vertex -1.948557e+000  7.125000e+000  3.120000e+001
    endloop
  endfacet
  facet normal -7.933533e-001  6.087615e-001  0.000000e+000
    outer loop
      vertex -1.948557e+000  7.125000e+000  2.820000e+001
      vertex -1.948557e+000  7.125000e+000  3.120000e+001
      vertex -1.590990e+000  7.590990e+000  2.820000e+001
    endloop
  endfacet
  facet normal -7.933533e-001  6.087615e-001  0.000000e+000
    outer loop
      vertex -1.590990e+000  7.590990e+000  2.820000e+001
      vertex -1.948557e+000  7.125000e+000  3.120000e+001
      vertex -1.590990e+000  7.590990e+000  3.120000e+001
    endloop
  endfacet
  facet normal -6.087618e-001  7.933530e-001  0.000000e+000
    outer loop
      vertex -1.590990e+000  7.590990e+000  2.820000e+001
      vertex -1.590990e+000  7.590990e+000  3.120000e+001
      vertex -1.125000e+000  7.948557e+000  2.820000e+001
    endloop
  endfacet
  facet normal -6.087618e-001  7.933530e-001  0.000000e+000
    outer loop
      vertex -1.125000e+000  7.948557e+000  2.820000e+001
      vertex -1.590990e+000  7.590990e+000  3.120000e+001
      vertex -1.125000e+000  7.948557e+000  3.120000e+001
    endloop
  endfacet
  facet normal -3.826832e-001  9.238796e-001  0.000000e+000
    outer loop
      vertex -1.125000e+000  7.948557e+000  2.820000e+001
      vertex -1.125000e+000  7.948557e+000  3.120000e+001
      vertex -5.823429e-001  8.173333e+000  2.820000e+001
    endloop
  endfacet
  facet normal -3.826832e-001  9.238796e-001  0.000000e+000
    outer loop
      vertex -5.823429e-001  8.173333e+000  2.820000e+001
      vertex -1.125000e+000  7.948557e+000  3.120000e+001
      vertex -5.823429e-001  8.173333e+000  3.120000e+001
    endloop
  endfacet
  facet normal -1.305261e-001  9.914449e-001  0.000000e+000
    outer loop
      vertex -5.823429e-001  8.173333e+000  2.820000e+001
      vertex -5.823429e-001  8.173333e+000  3.120000e+001
      vertex -1.860629e-015  8.250000e+000  2.820000e+001
    endloop
  endfacet
  facet normal -1.305261e-001  9.914449e-001  0.000000e+000
    outer loop
      vertex -1.860629e-015  8.250000e+000  2.820000e+001
      vertex -5.823429e-001  8.173333e+000  3.120000e+001
      vertex -1.860629e-015  8.250000e+000  3.120000e+001
    endloop
  endfacet
  facet normal  1.305261e-001  9.914449e-001  0.000000e+000
    outer loop
      vertex -1.860629e-015  8.250000e+000  2.820000e+001
      vertex -1.860629e-015  8.250000e+000  3.120000e+001
      vertex  5.823429e-001  8.173333e+000  2.820000e+001
    endloop
  endfacet
  facet normal  1.305261e-001  9.914449e-001  -0.000000e+000
    outer loop
      vertex  5.823429e-001  8.173333e+000  2.820000e+001
      vertex -1.860629e-015  8.250000e+000  3.120000e+001
      vertex  5.823429e-001  8.173333e+000  3.120000e+001
    endloop
  endfacet
  facet normal  3.826832e-001  9.238796e-001  0.000000e+000
    outer loop
      vertex  5.823429e-001  8.173333e+000  2.820000e+001
      vertex  5.823429e-001  8.173333e+000  3.120000e+001
      vertex  1.125000e+000  7.948557e+000  2.820000e+001
    endloop
  endfacet
  facet normal  3.826832e-001  9.238796e-001  -0.000000e+000
    outer loop
      vertex  1.125000e+000  7.948557e+000  2.820000e+001
      vertex  5.823429e-001  8.173333e+000  3.120000e+001
      vertex  1.125000e+000  7.948557e+000  3.120000e+001
    endloop
  endfacet
  facet normal  6.087618e-001  7.933530e-001  0.000000e+000
    outer loop
      vertex  1.125000e+000  7.948557e+000  2.820000e+001
      vertex  1.125000e+000  7.948557e+000  3.120000e+001
      vertex  1.590990e+000  7.590990e+000  2.820000e+001
    endloop
  endfacet
  facet normal  6.087618e-001  7.933530e-001  -0.000000e+000
    outer loop
      vertex  1.590990e+000  7.590990e+000  2.820000e+001
      vertex  1.125000e+000  7.948557e+000  3.120000e+001
      vertex  1.590990e+000  7.590990e+000  3.120000e+001
    endloop
  endfacet
  facet normal  7.933533e-001  6.087615e-001  0.000000e+000
    outer loop
      vertex  1.590990e+000  7.590990e+000  2.820000e+001
      vertex  1.590990e+000  7.590990e+000  3.120000e+001
      vertex  1.948557e+000  7.125000e+000  2.820000e+001
    endloop
  endfacet
  facet normal  7.933533e-001  6.087615e-001  -0.000000e+000
    outer loop
      vertex  1.948557e+000  7.125000e+000  2.820000e+001
      vertex  1.590990e+000  7.590990e+000  3.120000e+001
      vertex  1.948557e+000  7.125000e+000  3.120000e+001
    endloop
  endfacet
  facet normal  9.238795e-001  3.826834e-001  0.000000e+000
    outer loop
      vertex  1.948557e+000  7.125000e+000  2.820000e+001
      vertex  1.948557e+000  7.125000e+000  3.120000e+001
      vertex  2.173333e+000  6.582343e+000  2.820000e+001
    endloop
  endfacet
  facet normal  9.238795e-001  3.826834e-001  -0.000000e+000
    outer loop
      vertex  2.173333e+000  6.582343e+000  2.820000e+001
      vertex  1.948557e+000  7.125000e+000  3.120000e+001
      vertex  2.173333e+000  6.582343e+000  3.120000e+001
    endloop
  endfacet
  facet normal  9.914449e-001  1.305261e-001  0.000000e+000
    outer loop
      vertex  2.173333e+000  6.582343e+000  2.820000e+001
      vertex  2.173333e+000  6.582343e+000  3.120000e+001
      vertex  2.250000e+000  6.000000e+000  2.820000e+001
    endloop
  endfacet
  facet normal  9.914449e-001  1.305261e-001  -0.000000e+000
    outer loop
      vertex  2.250000e+000  6.000000e+000  2.820000e+001
      vertex  2.173333e+000  6.582343e+000  3.120000e+001
      vertex  2.250000e+000  6.000000e+000  3.120000e+001
    endloop
  endfacet
  facet normal  1.305261e-001 -9.914449e-001  0.000000e+000
    outer loop
      vertex  1.377728e-016  8.250000e+000  2.300000e+001
      vertex -5.823429e-001  8.173333e+000  2.820000e+001
      vertex -5.823429e-001  8.173333e+000  2.300000e+001
    endloop
  endfacet
  facet normal  3.826832e-001 -9.238796e-001  0.000000e+000
    outer loop
      vertex -5.823429e-001  8.173333e+000  2.300000e+001
      vertex -5.823429e-001  8.173333e+000  2.820000e+001
      vertex -1.125000e+000  7.948557e+000  2.820000e+001
    endloop
  endfacet
  facet normal  3.826832e-001 -9.238796e-001  0.000000e+000
    outer loop
      vertex -5.823429e-001  8.173333e+000  2.300000e+001
      vertex -1.125000e+000  7.948557e+000  2.820000e+001
      vertex -1.125000e+000  7.948557e+000  2.300000e+001
    endloop
  endfacet
  facet normal  6.087619e-001 -7.933530e-001  0.000000e+000
    outer loop
      vertex -1.125000e+000  7.948557e+000  2.300000e+001
      vertex -1.125000e+000  7.948557e+000  2.820000e+001
      vertex -1.590990e+000  7.590990e+000  2.820000e+001
    endloop
  endfacet
  facet normal  6.087619e-001 -7.933530e-001  0.000000e+000
    outer loop
      vertex -1.125000e+000  7.948557e+000  2.300000e+001
      vertex -1.590990e+000  7.590990e+000  2.820000e+001
      vertex -1.590990e+000  7.590990e+000  2.300000e+001
    endloop
  endfacet
  facet normal  7.933533e-001 -6.087615e-001  0.000000e+000
    outer loop
      vertex -1.590990e+000  7.590990e+000  2.300000e+001
      vertex -1.590990e+000  7.590990e+000  2.820000e+001
      vertex -1.948557e+000  7.125000e+000  2.820000e+001
    endloop
  endfacet
  facet normal  7.933533e-001 -6.087615e-001  0.000000e+000
    outer loop
      vertex -1.590990e+000  7.590990e+000  2.300000e+001
      vertex -1.948557e+000  7.125000e+000  2.820000e+001
      vertex -1.948557e+000  7.125000e+000  2.300000e+001
    endloop
  endfacet
  facet normal  9.238796e-001 -3.826834e-001  0.000000e+000
    outer loop
      vertex -1.948557e+000  7.125000e+000  2.300000e+001
      vertex -1.948557e+000  7.125000e+000  2.820000e+001
      vertex -2.173333e+000  6.582343e+000  2.820000e+001
    endloop
  endfacet
  facet normal  9.238796e-001 -3.826834e-001  0.000000e+000
    outer loop
      vertex -1.948557e+000  7.125000e+000  2.300000e+001
      vertex -2.173333e+000  6.582343e+000  2.820000e+001
      vertex -2.173333e+000  6.582343e+000  2.300000e+001
    endloop
  endfacet
  facet normal  9.914449e-001 -1.305262e-001  0.000000e+000
    outer loop
      vertex -2.173333e+000  6.582343e+000  2.300000e+001
      vertex -2.173333e+000  6.582343e+000  2.820000e+001
      vertex -2.250000e+000  6.000000e+000  2.820000e+001
    endloop
  endfacet
  facet normal  9.914449e-001 -1.305262e-001  0.000000e+000
    outer loop
      vertex -2.173333e+000  6.582343e+000  2.300000e+001
      vertex -2.250000e+000  6.000000e+000  2.820000e+001
      vertex -2.250000e+000  6.000000e+000  2.300000e+001
    endloop
  endfacet
  facet normal  1.305261e-001 -9.914449e-001  5.016221e-017
    outer loop
      vertex -5.823429e-001  8.173333e+000  2.820000e+001
      vertex  1.377728e-016  8.250000e+000  2.300000e+001
      vertex -1.860629e-015  8.250000e+000  2.820000e+001
    endloop
  endfacet
  facet normal -1.305261e-001 -9.914449e-001 -5.016221e-017
    outer loop
      vertex -1.860629e-015  8.250000e+000  2.820000e+001
      vertex  1.377728e-016  8.250000e+000  2.300000e+001
      vertex  5.823429e-001  8.173333e+000  2.300000e+001
    endloop
  endfacet
  facet normal -1.305261e-001 -9.914449e-001  0.000000e+000
    outer loop
      vertex -1.860629e-015  8.250000e+000  2.820000e+001
      vertex  5.823429e-001  8.173333e+000  2.300000e+001
      vertex  5.823429e-001  8.173333e+000  2.820000e+001
    endloop
  endfacet
  facet normal -3.826832e-001 -9.238796e-001  -0.000000e+000
    outer loop
      vertex  5.823429e-001  8.173333e+000  2.820000e+001
      vertex  5.823429e-001  8.173333e+000  2.300000e+001
      vertex  1.125000e+000  7.948557e+000  2.300000e+001
    endloop
  endfacet
  facet normal -3.826832e-001 -9.238796e-001  0.000000e+000
    outer loop
      vertex  5.823429e-001  8.173333e+000  2.820000e+001
      vertex  1.125000e+000  7.948557e+000  2.300000e+001
      vertex  1.125000e+000  7.948557e+000  2.820000e+001
    endloop
  endfacet
  facet normal -6.087619e-001 -7.933530e-001  -0.000000e+000
    outer loop
      vertex  1.125000e+000  7.948557e+000  2.820000e+001
      vertex  1.125000e+000  7.948557e+000  2.300000e+001
      vertex  1.590990e+000  7.590990e+000  2.300000e+001
    endloop
  endfacet
  facet normal -6.087619e-001 -7.933530e-001  0.000000e+000
    outer loop
      vertex  1.125000e+000  7.948557e+000  2.820000e+001
      vertex  1.590990e+000  7.590990e+000  2.300000e+001
      vertex  1.590990e+000  7.590990e+000  2.820000e+001
    endloop
  endfacet
  facet normal -7.933533e-001 -6.087615e-001  -0.000000e+000
    outer loop
      vertex  1.590990e+000  7.590990e+000  2.820000e+001
      vertex  1.590990e+000  7.590990e+000  2.300000e+001
      vertex  1.948557e+000  7.125000e+000  2.300000e+001
    endloop
  endfacet
  facet normal -7.933533e-001 -6.087615e-001  0.000000e+000
    outer loop
      vertex  1.590990e+000  7.590990e+000  2.820000e+001
      vertex  1.948557e+000  7.125000e+000  2.300000e+001
      vertex  1.948557e+000  7.125000e+000  2.820000e+001
    endloop
  endfacet
  facet normal -9.238796e-001 -3.826834e-001  -0.000000e+000
    outer loop
      vertex  1.948557e+000  7.125000e+000  2.820000e+001
      vertex  1.948557e+000  7.125000e+000  2.300000e+001
      vertex  2.173333e+000  6.582343e+000  2.300000e+001
    endloop
  endfacet
  facet normal -9.238796e-001 -3.826834e-001  0.000000e+000
    outer loop
      vertex  1.948557e+000  7.125000e+000  2.820000e+001
      vertex  2.173333e+000  6.582343e+000  2.300000e+001
      vertex  2.173333e+000  6.582343e+000  2.820000e+001
    endloop
  endfacet
  facet normal -9.914449e-001 -1.305262e-001  -0.000000e+000
    outer loop
      vertex  2.173333e+000  6.582343e+000  2.820000e+001
      vertex  2.173333e+000  6.582343e+000  2.300000e+001
      vertex  2.250000e+000  6.000000e+000  2.300000e+001
    endloop
  endfacet
  facet normal -9.914449e-001 -1.305262e-001  0.000000e+000
    outer loop
      vertex  2.173333e+000  6.582343e+000  2.820000e+001
      vertex  2.250000e+000  6.000000e+000  2.300000e+001
      vertex  2.250000e+000  6.000000e+000  2.820000e+001
    endloop
  endfacet
  facet normal -1.305261e-001  9.914449e-001  0.000000e+000
    outer loop
      vertex -2.411720e-015  3.750000e+000  2.300000e+001
      vertex  5.823429e-001  3.826667e+000  2.820000e+001
      vertex  5.823429e-001  3.826667e+000  2.300000e+001
    endloop
  endfacet
  facet normal -3.826832e-001  9.238796e-001  0.000000e+000
    outer loop
      vertex  5.823429e-001  3.826667e+000  2.300000e+001
      vertex  5.823429e-001  3.826667e+000  2.820000e+001
      vertex  1.125000e+000  4.051443e+000  2.820000e+001
    endloop
  endfacet
  facet normal -3.826832e-001  9.238796e-001  0.000000e+000
    outer loop
      vertex  5.823429e-001  3.826667e+000  2.300000e+001
      vertex  1.125000e+000  4.051443e+000  2.820000e+001
      vertex  1.125000e+000  4.051443e+000  2.300000e+001
    endloop
  endfacet
  facet normal -6.087619e-001  7.933530e-001  0.000000e+000
    outer loop
      vertex  1.125000e+000  4.051443e+000  2.300000e+001
      vertex  1.125000e+000  4.051443e+000  2.820000e+001
      vertex  1.590990e+000  4.409010e+000  2.820000e+001
    endloop
  endfacet
  facet normal -6.087619e-001  7.933530e-001  0.000000e+000
    outer loop
      vertex  1.125000e+000  4.051443e+000  2.300000e+001
      vertex  1.590990e+000  4.409010e+000  2.820000e+001
      vertex  1.590990e+000  4.409010e+000  2.300000e+001
    endloop
  endfacet
  facet normal -7.933533e-001  6.087615e-001  0.000000e+000
    outer loop
      vertex  1.590990e+000  4.409010e+000  2.300000e+001
      vertex  1.590990e+000  4.409010e+000  2.820000e+001
      vertex  1.948557e+000  4.875000e+000  2.820000e+001
    endloop
  endfacet
  facet normal -7.933533e-001  6.087615e-001  0.000000e+000
    outer loop
      vertex  1.590990e+000  4.409010e+000  2.300000e+001
      vertex  1.948557e+000  4.875000e+000  2.820000e+001
      vertex  1.948557e+000  4.875000e+000  2.300000e+001
    endloop
  endfacet
  facet normal -9.238796e-001  3.826834e-001  0.000000e+000
    outer loop
      vertex  1.948557e+000  4.875000e+000  2.300000e+001
      vertex  1.948557e+000  4.875000e+000  2.820000e+001
      vertex  2.173333e+000  5.417657e+000  2.820000e+001
    endloop
  endfacet
  facet normal -9.238796e-001  3.826834e-001  0.000000e+000
    outer loop
      vertex  1.948557e+000  4.875000e+000  2.300000e+001
      vertex  2.173333e+000  5.417657e+000  2.820000e+001
      vertex  2.173333e+000  5.417657e+000  2.300000e+001
    endloop
  endfacet
  facet normal -9.914449e-001  1.305262e-001  0.000000e+000
    outer loop
      vertex  2.173333e+000  5.417657e+000  2.300000e+001
      vertex  2.173333e+000  5.417657e+000  2.820000e+001
      vertex  2.250000e+000  6.000000e+000  2.820000e+001
    endloop
  endfacet
  facet normal -9.914449e-001  1.305262e-001  0.000000e+000
    outer loop
      vertex  2.173333e+000  5.417657e+000  2.300000e+001
      vertex  2.250000e+000  6.000000e+000  2.820000e+001
      vertex  2.250000e+000  6.000000e+000  2.300000e+001
    endloop
  endfacet
  facet normal -1.305261e-001  9.914449e-001  1.504866e-016
    outer loop
      vertex  5.823429e-001  3.826667e+000  2.820000e+001
      vertex -2.411720e-015  3.750000e+000  2.300000e+001
      vertex  3.583485e-015  3.750000e+000  2.820000e+001
    endloop
  endfacet
  facet normal  1.305261e-001  9.914449e-001 -1.504866e-016
    outer loop
      vertex  3.583485e-015  3.750000e+000  2.820000e+001
      vertex -2.411720e-015  3.750000e+000  2.300000e+001
      vertex -5.823429e-001  3.826667e+000  2.300000e+001
    endloop
  endfacet
  facet normal  1.305261e-001  9.914449e-001  -0.000000e+000
    outer loop
      vertex  3.583485e-015  3.750000e+000  2.820000e+001
      vertex -5.823429e-001  3.826667e+000  2.300000e+001
      vertex -5.823429e-001  3.826667e+000  2.820000e+001
    endloop
  endfacet
  facet normal  3.826832e-001  9.238796e-001  0.000000e+000
    outer loop
      vertex -5.823429e-001  3.826667e+000  2.820000e+001
      vertex -5.823429e-001  3.826667e+000  2.300000e+001
      vertex -1.125000e+000  4.051443e+000  2.300000e+001
    endloop
  endfacet
  facet normal  3.826832e-001  9.238796e-001  -0.000000e+000
    outer loop
      vertex -5.823429e-001  3.826667e+000  2.820000e+001
      vertex -1.125000e+000  4.051443e+000  2.300000e+001
      vertex -1.125000e+000  4.051443e+000  2.820000e+001
    endloop
  endfacet
  facet normal  6.087619e-001  7.933530e-001  0.000000e+000
    outer loop
      vertex -1.125000e+000  4.051443e+000  2.820000e+001
      vertex -1.125000e+000  4.051443e+000  2.300000e+001
      vertex -1.590990e+000  4.409010e+000  2.300000e+001
    endloop
  endfacet
  facet normal  6.087619e-001  7.933530e-001  -0.000000e+000
    outer loop
      vertex -1.125000e+000  4.051443e+000  2.820000e+001
      vertex -1.590990e+000  4.409010e+000  2.300000e+001
      vertex -1.590990e+000  4.409010e+000  2.820000e+001
    endloop
  endfacet
  facet normal  7.933533e-001  6.087615e-001  0.000000e+000
    outer loop
      vertex -1.590990e+000  4.409010e+000  2.820000e+001
      vertex -1.590990e+000  4.409010e+000  2.300000e+001
      vertex -1.948557e+000  4.875000e+000  2.300000e+001
    endloop
  endfacet
  facet normal  7.933533e-001  6.087615e-001  -0.000000e+000
    outer loop
      vertex -1.590990e+000  4.409010e+000  2.820000e+001
      vertex -1.948557e+000  4.875000e+000  2.300000e+001
      vertex -1.948557e+000  4.875000e+000  2.820000e+001
    endloop
  endfacet
  facet normal  9.238796e-001  3.826834e-001  0.000000e+000
    outer loop
      vertex -1.948557e+000  4.875000e+000  2.820000e+001
      vertex -1.948557e+000  4.875000e+000  2.300000e+001
      vertex -2.173333e+000  5.417657e+000  2.300000e+001
    endloop
  endfacet
  facet normal  9.238796e-001  3.826834e-001  -0.000000e+000
    outer loop
      vertex -1.948557e+000  4.875000e+000  2.820000e+001
      vertex -2.173333e+000  5.417657e+000  2.300000e+001
      vertex -2.173333e+000  5.417657e+000  2.820000e+001
    endloop
  endfacet
  facet normal  9.914449e-001  1.305262e-001  0.000000e+000
    outer loop
      vertex -2.173333e+000  5.417657e+000  2.820000e+001
      vertex -2.173333e+000  5.417657e+000  2.300000e+001
      vertex -2.250000e+000  6.000000e+000  2.300000e+001
    endloop
  endfacet
  facet normal  9.914449e-001  1.305262e-001  -0.000000e+000
    outer loop
      vertex -2.173333e+000  5.417657e+000  2.820000e+001
      vertex -2.250000e+000  6.000000e+000  2.300000e+001
      vertex -2.250000e+000  6.000000e+000  2.820000e+001
    endloop
  endfacet
  facet normal  0.000000e+000  -0.000000e+000  1.000000e+000
    outer loop
      vertex -5.926130e+000  6.938607e+000  2.820000e+001
      vertex -1.948557e+000  7.125000e+000  2.820000e+001
      vertex -1.590990e+000  7.590990e+000  2.820000e+001
    endloop
  endfacet
  facet normal  -0.000000e+000  -0.000000e+000  1.000000e+000
    outer loop
      vertex -2.499403e+000  5.453704e-001  2.820000e+001
      vertex -2.415877e+000 -4.306975e-002  2.820000e+001
      vertex -2.195810e+000 -5.951648e-001  2.820000e+001
    endloop
  endfacet
  facet normal  -0.000000e+000  -0.000000e+000  1.000000e+000
    outer loop
      vertex -2.499403e+000  5.453704e-001  2.820000e+001
      vertex -2.195810e+000 -5.951648e-001  2.820000e+001
      vertex -1.851640e+000 -1.079711e+000  2.820000e+001
    endloop
  endfacet
  facet normal  -0.000000e+000  -0.000000e+000  9.999999e-001
    outer loop
      vertex -2.499403e+000  5.453704e-001  2.820000e+001
      vertex -1.851640e+000 -1.079711e+000  2.820000e+001
      vertex -1.402818e+000 -1.469324e+000  2.820000e+001
    endloop
  endfacet
  facet normal  -0.000000e+000  -0.000000e+000  9.999999e-001
    outer loop
      vertex -2.499403e+000  5.453704e-001  2.820000e+001
      vertex -1.402818e+000 -1.469324e+000  2.820000e+001
      vertex -8.747125e-001 -1.741982e+000  2.820000e+001
    endloop
  endfacet
  facet normal  -0.000000e+000  -0.000000e+000  1.000000e+000
    outer loop
      vertex -2.499403e+000  5.453704e-001  2.820000e+001
      vertex -8.747125e-001 -1.741982e+000  2.820000e+001
      vertex -2.971693e-001 -1.882275e+000  2.820000e+001
    endloop
  endfacet
  facet normal  0.000000e+000  -0.000000e+000  1.000000e+000
    outer loop
      vertex -2.499403e+000  5.453704e-001  2.820000e+001
      vertex -2.971693e-001 -1.882275e+000  2.820000e+001
      vertex  2.971693e-001 -1.882275e+000  2.820000e+001
    endloop
  endfacet
  facet normal  0.000000e+000  0.000000e+000  1.000000e+000
    outer loop
      vertex -2.499403e+000  5.453704e-001  2.820000e+001
      vertex  2.971693e-001 -1.882275e+000  2.820000e+001
      vertex  3.583485e-015  3.750000e+000  2.820000e+001
    endloop
  endfacet
  facet normal  0.000000e+000  0.000000e+000  1.000000e+000
    outer loop
      vertex -2.499403e+000  5.453704e-001  2.820000e+001
      vertex  3.583485e-015  3.750000e+000  2.820000e+001
      vertex -5.296661e+000  3.181244e+000  2.820000e+001
    endloop
  endfacet
  facet normal  0.000000e+000  0.000000e+000  1.000000e+000
    outer loop
      vertex -2.499403e+000  5.453704e-001  2.820000e+001
      vertex -5.296661e+000  3.181244e+000  2.820000e+001
      vertex -4.768960e+000  2.358981e+000  2.820000e+001
    endloop
  endfacet
  facet normal  0.000000e+000  0.000000e+000  1.000000e+000
    outer loop
      vertex -2.499403e+000  5.453704e-001  2.820000e+001
      vertex -4.768960e+000  2.358981e+000  2.820000e+001
      vertex -4.114804e+000  1.633263e+000  2.820000e+001
    endloop
  endfacet
  facet normal  0.000000e+000  0.000000e+000  1.000000e+000
    outer loop
      vertex -2.499403e+000  5.453704e-001  2.820000e+001
      vertex -4.114804e+000  1.633263e+000  2.820000e+001
      vertex -3.351539e+000  1.023336e+000  2.820000e+001
    endloop
  endfacet
  facet normal  0.000000e+000  -0.000000e+000  1.000000e+000
    outer loop
      vertex  3.583485e-015  3.750000e+000  2.820000e+001
      vertex  2.971693e-001 -1.882275e+000  2.820000e+001
      vertex  8.747125e-001 -1.741982e+000  2.820000e+001
    endloop
  endfacet
  facet normal  0.000000e+000  -0.000000e+000  1.000000e+000
    outer loop
      vertex  3.583485e-015  3.750000e+000  2.820000e+001
      vertex  8.747125e-001 -1.741982e+000  2.820000e+001
      vertex  1.402818e+000 -1.469324e+000  2.820000e+001
    endloop
  endfacet
  facet normal  0.000000e+000  -0.000000e+000  1.000000e+000
    outer loop
      vertex  3.583485e-015  3.750000e+000  2.820000e+001
      vertex  1.402818e+000 -1.469324e+000  2.820000e+001
      vertex  1.851640e+000 -1.079711e+000  2.820000e+001
    endloop
  endfacet
  facet normal  0.000000e+000  -0.000000e+000  9.999999e-001
    outer loop
      vertex  3.583485e-015  3.750000e+000  2.820000e+001
      vertex  1.851640e+000 -1.079711e+000  2.820000e+001
      vertex  2.195810e+000 -5.951648e-001  2.820000e+001
    endloop
  endfacet
  facet normal  0.000000e+000  -0.000000e+000  1.000000e+000
    outer loop
      vertex  3.583485e-015  3.750000e+000  2.820000e+001
      vertex  2.195810e+000 -5.951648e-001  2.820000e+001
      vertex  2.415877e+000 -4.306975e-002  2.820000e+001
    endloop
  endfacet
  facet normal  0.000000e+000  -0.000000e+000  1.000000e+000
    outer loop
      vertex  3.583485e-015  3.750000e+000  2.820000e+001
      vertex  2.415877e+000 -4.306975e-002  2.820000e+001
      vertex  2.499403e+000  5.453704e-001  2.820000e+001
    endloop
  endfacet
  facet normal  0.000000e+000  -0.000000e+000  9.999999e-001
    outer loop
      vertex  3.583485e-015  3.750000e+000  2.820000e+001
      vertex  2.499403e+000  5.453704e-001  2.820000e+001
      vertex  5.296661e+000  3.181244e+000  2.820000e+001
    endloop
  endfacet
  facet normal  0.000000e+000  0.000000e+000  1.000000e+000
    outer loop
      vertex  3.583485e-015  3.750000e+000  2.820000e+001
      vertex  5.296661e+000  3.181244e+000  2.820000e+001
      vertex  5.823429e-001  3.826667e+000  2.820000e+001
    endloop
  endfacet
  facet normal  -0.000000e+000  -0.000000e+000  1.000000e+000
    outer loop
      vertex -1.860629e-015  8.250000e+000  2.820000e+001
      vertex  5.823429e-001  8.173333e+000  2.820000e+001
      vertex  5.706339e+000  7.854102e+000  2.820000e+001
    endloop
  endfacet
  facet normal  0.000000e+000  0.000000e+000  1.000000e+000
    outer loop
      vertex -1.860629e-015  8.250000e+000  2.820000e+001
      vertex  5.706339e+000  7.854102e+000  2.820000e+001
      vertex  5.346039e+000  8.723943e+000  2.820000e+001
    endloop
  endfacet
  facet normal  0.000000e+000  0.000000e+000  1.000000e+000
    outer loop
      vertex -1.860629e-015  8.250000e+000  2.820000e+001
      vertex  5.346039e+000  8.723943e+000  2.820000e+001
      vertex  4.854102e+000  9.526711e+000  2.820000e+001
    endloop
  endfacet
  facet normal  0.000000e+000  0.000000e+000  1.000000e+000
    outer loop
      vertex -1.860629e-015  8.250000e+000  2.820000e+001
      vertex  4.854102e+000  9.526711e+000  2.820000e+001
      vertex  4.242640e+000  1.024264e+001  2.820000e+001
    endloop
  endfacet
  facet normal  0.000000e+000  0.000000e+000  1.000000e+000
    outer loop
      vertex -1.860629e-015  8.250000e+000  2.820000e+001
      vertex  4.242640e+000  1.024264e+001  2.820000e+001
      vertex  3.526711e+000  1.085410e+001  2.820000e+001
    endloop
  endfacet
  facet normal  0.000000e+000  0.000000e+000  1.000000e+000
    outer loop
      vertex -1.860629e-015  8.250000e+000  2.820000e+001
      vertex  3.526711e+000  1.085410e+001  2.820000e+001
      vertex  2.723943e+000  1.134604e+001  2.820000e+001
    endloop
  endfacet
  facet normal  0.000000e+000  0.000000e+000  1.000000e+000
    outer loop
      vertex -1.860629e-015  8.250000e+000  2.820000e+001
      vertex  2.723943e+000  1.134604e+001  2.820000e+001
      vertex  1.854102e+000  1.170634e+001  2.820000e+001
    endloop
  endfacet
  facet normal  0.000000e+000  0.000000e+000  1.000000e+000
    outer loop
      vertex -1.860629e-015  8.250000e+000  2.820000e+001
      vertex  1.854102e+000  1.170634e+001  2.820000e+001
      vertex  9.386068e-001  1.192613e+001  2.820000e+001
    endloop
  endfacet
  facet normal  0.000000e+000  0.000000e+000  9.999999e-001
    outer loop
      vertex -1.860629e-015  8.250000e+000  2.820000e+001
      vertex  9.386068e-001  1.192613e+001  2.820000e+001
      vertex  3.673940e-016  1.200000e+001  2.820000e+001
    endloop
  endfacet
  facet normal  0.000000e+000  0.000000e+000  9.999999e-001
    outer loop
      vertex -1.860629e-015  8.250000e+000  2.820000e+001
      vertex  3.673940e-016  1.200000e+001  2.820000e+001
      vertex -9.386068e-001  1.192613e+001  2.820000e+001
    endloop
  endfacet
  facet normal  0.000000e+000  0.000000e+000  1.000000e+000
    outer loop
      vertex -1.860629e-015  8.250000e+000  2.820000e+001
      vertex -9.386068e-001  1.192613e+001  2.820000e+001
      vertex -1.854102e+000  1.170634e+001  2.820000e+001
    endloop
  endfacet
  facet normal  0.000000e+000  0.000000e+000  1.000000e+000
    outer loop
      vertex -1.860629e-015  8.250000e+000  2.820000e+001
      vertex -1.854102e+000  1.170634e+001  2.820000e+001
      vertex -2.723943e+000  1.134604e+001  2.820000e+001
    endloop
  endfacet
  facet normal  0.000000e+000  0.000000e+000  1.000000e+000
    outer loop
      vertex -1.860629e-015  8.250000e+000  2.820000e+001
      vertex -2.723943e+000  1.134604e+001  2.820000e+001
      vertex -3.526711e+000  1.085410e+001  2.820000e+001
    endloop
  endfacet
  facet normal  0.000000e+000  0.000000e+000  1.000000e+000
    outer loop
      vertex -1.860629e-015  8.250000e+000  2.820000e+001
      vertex -3.526711e+000  1.085410e+001  2.820000e+001
      vertex -4.242640e+000  1.024264e+001  2.820000e+001
    endloop
  endfacet
  facet normal  0.000000e+000  0.000000e+000  1.000000e+000
    outer loop
      vertex -1.860629e-015  8.250000e+000  2.820000e+001
      vertex -4.242640e+000  1.024264e+001  2.820000e+001
      vertex -4.854102e+000  9.526711e+000  2.820000e+001
    endloop
  endfacet
  facet normal  0.000000e+000  0.000000e+000  1.000000e+000
    outer loop
      vertex -1.860629e-015  8.250000e+000  2.820000e+001
      vertex -4.854102e+000  9.526711e+000  2.820000e+001
      vertex -5.346039e+000  8.723943e+000  2.820000e+001
    endloop
  endfacet
  facet normal  0.000000e+000  0.000000e+000  1.000000e+000
    outer loop
      vertex -5.706339e+000  7.854102e+000  2.820000e+001
      vertex -5.926130e+000  6.938607e+000  2.820000e+001
      vertex -1.590990e+000  7.590990e+000  2.820000e+001
    endloop
  endfacet
  facet normal  0.000000e+000  -0.000000e+000  1.000000e+000
    outer loop
      vertex -5.706339e+000  7.854102e+000  2.820000e+001
      vertex -1.590990e+000  7.590990e+000  2.820000e+001
      vertex -1.125000e+000  7.948557e+000  2.820000e+001
    endloop
  endfacet
  facet normal  0.000000e+000  -0.000000e+000  1.000000e+000
    outer loop
      vertex -5.706339e+000  7.854102e+000  2.820000e+001
      vertex -1.125000e+000  7.948557e+000  2.820000e+001
      vertex -5.823429e-001  8.173333e+000  2.820000e+001
    endloop
  endfacet
  facet normal  0.000000e+000  -0.000000e+000  1.000000e+000
    outer loop
      vertex -5.706339e+000  7.854102e+000  2.820000e+001
      vertex -5.823429e-001  8.173333e+000  2.820000e+001
      vertex -1.860629e-015  8.250000e+000  2.820000e+001
    endloop
  endfacet
  facet normal  0.000000e+000  0.000000e+000  1.000000e+000
    outer loop
      vertex -5.706339e+000  7.854102e+000  2.820000e+001
      vertex -1.860629e-015  8.250000e+000  2.820000e+001
      vertex -5.346039e+000  8.723943e+000  2.820000e+001
    endloop
  endfacet
  facet normal  0.000000e+000  0.000000e+000  1.000000e+000
    outer loop
      vertex -5.296661e+000  3.181244e+000  2.820000e+001
      vertex  3.583485e-015  3.750000e+000  2.820000e+001
      vertex -5.823429e-001  3.826667e+000  2.820000e+001
    endloop
  endfacet
  facet normal  0.000000e+000  0.000000e+000  1.000000e+000
    outer loop
      vertex -5.296661e+000  3.181244e+000  2.820000e+001
      vertex -5.823429e-001  3.826667e+000  2.820000e+001
      vertex -1.125000e+000  4.051443e+000  2.820000e+001
    endloop
  endfacet
  facet normal  0.000000e+000  0.000000e+000  1.000000e+000
    outer loop
      vertex -5.296661e+000  3.181244e+000  2.820000e+001
      vertex -1.125000e+000  4.051443e+000  2.820000e+001
      vertex -5.683914e+000  4.078251e+000  2.820000e+001
    endloop
  endfacet
  facet normal  0.000000e+000  -0.000000e+000  1.000000e+000
    outer loop
      vertex  2.499403e+000  5.453704e-001  2.820000e+001
      vertex  3.351539e+000  1.023336e+000  2.820000e+001
      vertex  4.114804e+000  1.633263e+000  2.820000e+001
    endloop
  endfacet
  facet normal  0.000000e+000  -0.000000e+000  1.000000e+000
    outer loop
      vertex  2.499403e+000  5.453704e-001  2.820000e+001
      vertex  4.114804e+000  1.633263e+000  2.820000e+001
      vertex  4.768960e+000  2.358981e+000  2.820000e+001
    endloop
  endfacet
  facet normal  0.000000e+000  -0.000000e+000  1.000000e+000
    outer loop
      vertex  2.499403e+000  5.453704e-001  2.820000e+001
      vertex  4.768960e+000  2.358981e+000  2.820000e+001
      vertex  5.296661e+000  3.181244e+000  2.820000e+001
    endloop
  endfacet
  facet normal  -0.000000e+000  0.000000e+000  1.000000e+000
    outer loop
      vertex -1.948557e+000  7.125000e+000  2.820000e+001
      vertex -5.926130e+000  6.938607e+000  2.820000e+001
      vertex -2.173333e+000  6.582343e+000  2.820000e+001
    endloop
  endfacet
  facet normal  0.000000e+000  0.000000e+000  1.000000e+000
    outer loop
      vertex -2.173333e+000  6.582343e+000  2.820000e+001
      vertex -5.926130e+000  6.938607e+000  2.820000e+001
      vertex -6.000000e+000  6.000000e+000  2.820000e+001
    endloop
  endfacet
  facet normal  0.000000e+000  0.000000e+000  1.000000e+000
    outer loop
      vertex -2.173333e+000  6.582343e+000  2.820000e+001
      vertex -6.000000e+000  6.000000e+000  2.820000e+001
      vertex -2.250000e+000  6.000000e+000  2.820000e+001
    endloop
  endfacet
  facet normal  -0.000000e+000  0.000000e+000  1.000000e+000
    outer loop
      vertex -2.250000e+000  6.000000e+000  2.820000e+001
      vertex -6.000000e+000  6.000000e+000  2.820000e+001
      vertex -2.173333e+000  5.417657e+000  2.820000e+001
    endloop
  endfacet
  facet normal  0.000000e+000  0.000000e+000  1.000000e+000
    outer loop
      vertex -2.173333e+000  5.417657e+000  2.820000e+001
      vertex -6.000000e+000  6.000000e+000  2.820000e+001
      vertex -5.920451e+000  5.026215e+000  2.820000e+001
    endloop
  endfacet
  facet normal  -0.000000e+000  0.000000e+000  1.000000e+000
    outer loop
      vertex -2.173333e+000  5.417657e+000  2.820000e+001
      vertex -5.920451e+000  5.026215e+000  2.820000e+001
      vertex -1.948557e+000  4.875000e+000  2.820000e+001
    endloop
  endfacet
  facet normal  0.000000e+000  0.000000e+000  9.999999e-001
    outer loop
      vertex -1.948557e+000  4.875000e+000  2.820000e+001
      vertex -5.920451e+000  5.026215e+000  2.820000e+001
      vertex -1.590990e+000  4.409010e+000  2.820000e+001
    endloop
  endfacet
  facet normal  0.000000e+000  0.000000e+000  1.000000e+000
    outer loop
      vertex -1.590990e+000  4.409010e+000  2.820000e+001
      vertex -5.920451e+000  5.026215e+000  2.820000e+001
      vertex -5.683914e+000  4.078251e+000  2.820000e+001
    endloop
  endfacet
  facet normal  -0.000000e+000  0.000000e+000  1.000000e+000
    outer loop
      vertex -1.590990e+000  4.409010e+000  2.820000e+001
      vertex -5.683914e+000  4.078251e+000  2.820000e+001
      vertex -1.125000e+000  4.051443e+000  2.820000e+001
    endloop
  endfacet
  facet normal  0.000000e+000  0.000000e+000  1.000000e+000
    outer loop
      vertex  1.590990e+000  7.590990e+000  2.820000e+001
      vertex  5.926130e+000  6.938607e+000  2.820000e+001
      vertex  1.125000e+000  7.948557e+000  2.820000e+001
    endloop
  endfacet
  facet normal  0.000000e+000  0.000000e+000  1.000000e+000
    outer loop
      vertex  1.125000e+000  7.948557e+000  2.820000e+001
      vertex  5.926130e+000  6.938607e+000  2.820000e+001
      vertex  5.706339e+000  7.854102e+000  2.820000e+001
    endloop
  endfacet
  facet normal  0.000000e+000  0.000000e+000  9.999999e-001
    outer loop
      vertex  1.125000e+000  7.948557e+000  2.820000e+001
      vertex  5.706339e+000  7.854102e+000  2.820000e+001
      vertex  5.823429e-001  8.173333e+000  2.820000e+001
    endloop
  endfacet
  facet normal  0.000000e+000  0.000000e+000  1.000000e+000
    outer loop
      vertex  2.173333e+000  6.582343e+000  2.820000e+001
      vertex  6.000000e+000  6.000000e+000  2.820000e+001
      vertex  1.948557e+000  7.125000e+000  2.820000e+001
    endloop
  endfacet
  facet normal  0.000000e+000  0.000000e+000  1.000000e+000
    outer loop
      vertex  1.948557e+000  7.125000e+000  2.820000e+001
      vertex  6.000000e+000  6.000000e+000  2.820000e+001
      vertex  5.926130e+000  6.938607e+000  2.820000e+001
    endloop
  endfacet
  facet normal  0.000000e+000  0.000000e+000  1.000000e+000
    outer loop
      vertex  1.948557e+000  7.125000e+000  2.820000e+001
      vertex  5.926130e+000  6.938607e+000  2.820000e+001
      vertex  1.590990e+000  7.590990e+000  2.820000e+001
    endloop
  endfacet
  facet normal  0.000000e+000  0.000000e+000  1.000000e+000
    outer loop
      vertex  2.173333e+000  5.417657e+000  2.820000e+001
      vertex  5.920451e+000  5.026215e+000  2.820000e+001
      vertex  2.250000e+000  6.000000e+000  2.820000e+001
    endloop
  endfacet
  facet normal  -0.000000e+000  0.000000e+000  9.999999e-001
    outer loop
      vertex  2.250000e+000  6.000000e+000  2.820000e+001
      vertex  5.920451e+000  5.026215e+000  2.820000e+001
      vertex  6.000000e+000  6.000000e+000  2.820000e+001
    endloop
  endfacet
  facet normal  0.000000e+000  0.000000e+000  1.000000e+000
    outer loop
      vertex  2.250000e+000  6.000000e+000  2.820000e+001
      vertex  6.000000e+000  6.000000e+000  2.820000e+001
      vertex  2.173333e+000  6.582343e+000  2.820000e+001
    endloop
  endfacet
  facet normal  0.000000e+000  0.000000e+000  1.000000e+000
    outer loop
      vertex  1.590990e+000  4.409010e+000  2.820000e+001
      vertex  5.683914e+000  4.078251e+000  2.820000e+001
      vertex  1.948557e+000  4.875000e+000  2.820000e+001
    endloop
  endfacet
  facet normal  -0.000000e+000  0.000000e+000  9.999999e-001
    outer loop
      vertex  1.948557e+000  4.875000e+000  2.820000e+001
      vertex  5.683914e+000  4.078251e+000  2.820000e+001
      vertex  5.920451e+000  5.026215e+000  2.820000e+001
    endloop
  endfacet
  facet normal  0.000000e+000  0.000000e+000  1.000000e+000
    outer loop
      vertex  1.948557e+000  4.875000e+000  2.820000e+001
      vertex  5.920451e+000  5.026215e+000  2.820000e+001
      vertex  2.173333e+000  5.417657e+000  2.820000e+001
    endloop
  endfacet
  facet normal  0.000000e+000  0.000000e+000  1.000000e+000
    outer loop
      vertex  5.823429e-001  3.826667e+000  2.820000e+001
      vertex  5.296661e+000  3.181244e+000  2.820000e+001
      vertex  1.125000e+000  4.051443e+000  2.820000e+001
    endloop
  endfacet
  facet normal  -0.000000e+000  0.000000e+000  1.000000e+000
    outer loop
      vertex  1.125000e+000  4.051443e+000  2.820000e+001
      vertex  5.296661e+000  3.181244e+000  2.820000e+001
      vertex  5.683914e+000  4.078251e+000  2.820000e+001
    endloop
  endfacet
  facet normal  0.000000e+000  0.000000e+000  1.000000e+000
    outer loop
      vertex  1.125000e+000  4.051443e+000  2.820000e+001
      vertex  5.683914e+000  4.078251e+000  2.820000e+001
      vertex  1.590990e+000  4.409010e+000  2.820000e+001
    endloop
  endfacet
  facet normal  0.000000e+000  0.000000e+000  1.000000e+000
    outer loop
      vertex -5.823429e-001  8.173333e+000  3.120000e+001
      vertex  5.823429e-001  8.173333e+000  3.120000e+001
      vertex -1.860629e-015  8.250000e+000  3.120000e+001
    endloop
  endfacet
  facet normal  -0.000000e+000  0.000000e+000  1.000000e+000
    outer loop
      vertex  5.823429e-001  8.173333e+000  3.120000e+001
      vertex -5.823429e-001  8.173333e+000  3.120000e+001
      vertex  1.125000e+000  7.948557e+000  3.120000e+001
    endloop
  endfacet
  facet normal  0.000000e+000  0.000000e+000  1.000000e+000
    outer loop
      vertex  1.125000e+000  7.948557e+000  3.120000e+001
      vertex -5.823429e-001  8.173333e+000  3.120000e+001
      vertex -1.125000e+000  7.948557e+000  3.120000e+001
    endloop
  endfacet
  facet normal  -0.000000e+000  0.000000e+000  1.000000e+000
    outer loop
      vertex  1.125000e+000  7.948557e+000  3.120000e+001
      vertex -1.125000e+000  7.948557e+000  3.120000e+001
      vertex  1.590990e+000  7.590990e+000  3.120000e+001
    endloop
  endfacet
  facet normal  0.000000e+000  0.000000e+000  1.000000e+000
    outer loop
      vertex  1.590990e+000  7.590990e+000  3.120000e+001
      vertex -1.125000e+000  7.948557e+000  3.120000e+001
      vertex -1.590990e+000  7.590990e+000  3.120000e+001
    endloop
  endfacet
  facet normal  -0.000000e+000  0.000000e+000  1.000000e+000
    outer loop
      vertex  1.590990e+000  7.590990e+000  3.120000e+001
      vertex -1.590990e+000  7.590990e+000  3.120000e+001
      vertex  1.948557e+000  7.125000e+000  3.120000e+001
    endloop
  endfacet
  facet normal  0.000000e+000  0.000000e+000  1.000000e+000
    outer loop
      vertex  1.948557e+000  7.125000e+000  3.120000e+001
      vertex -1.590990e+000  7.590990e+000  3.120000e+001
      vertex -1.948557e+000  7.125000e+000  3.120000e+001
    endloop
  endfacet
  facet normal  -0.000000e+000  0.000000e+000  1.000000e+000
    outer loop
      vertex  1.948557e+000  7.125000e+000  3.120000e+001
      vertex -1.948557e+000  7.125000e+000  3.120000e+001
      vertex  2.173333e+000  6.582343e+000  3.120000e+001
    endloop
  endfacet
  facet normal  0.000000e+000  0.000000e+000  1.000000e+000
    outer loop
      vertex  2.173333e+000  6.582343e+000  3.120000e+001
      vertex -1.948557e+000  7.125000e+000  3.120000e+001
      vertex -2.173333e+000  6.582343e+000  3.120000e+001
    endloop
  endfacet
  facet normal  -0.000000e+000  0.000000e+000  1.000000e+000
    outer loop
      vertex  2.173333e+000  6.582343e+000  3.120000e+001
      vertex -2.173333e+000  6.582343e+000  3.120000e+001
      vertex  2.250000e+000  6.000000e+000  3.120000e+001
    endloop
  endfacet
  facet normal  0.000000e+000  0.000000e+000  1.000000e+000
    outer loop
      vertex  2.250000e+000  6.000000e+000  3.120000e+001
      vertex -2.173333e+000  6.582343e+000  3.120000e+001
      vertex -2.250000e+000  6.000000e+000  3.120000e+001
    endloop
  endfacet
  facet normal  -0.000000e+000  0.000000e+000  1.000000e+000
    outer loop
      vertex  2.250000e+000  6.000000e+000  3.120000e+001
      vertex -2.250000e+000  6.000000e+000  3.120000e+001
      vertex  2.173333e+000  5.417657e+000  3.120000e+001
    endloop
  endfacet
  facet normal  0.000000e+000  0.000000e+000  1.000000e+000
    outer loop
      vertex  2.173333e+000  5.417657e+000  3.120000e+001
      vertex -2.250000e+000  6.000000e+000  3.120000e+001
      vertex -2.173333e+000  5.417657e+000  3.120000e+001
    endloop
  endfacet
  facet normal  -0.000000e+000  0.000000e+000  1.000000e+000
    outer loop
      vertex  2.173333e+000  5.417657e+000  3.120000e+001
      vertex -2.173333e+000  5.417657e+000  3.120000e+001
      vertex  1.948557e+000  4.875000e+000  3.120000e+001
    endloop
  endfacet
  facet normal  0.000000e+000  0.000000e+000  1.000000e+000
    outer loop
      vertex  1.948557e+000  4.875000e+000  3.120000e+001
      vertex -2.173333e+000  5.417657e+000  3.120000e+001
      vertex -1.948557e+000  4.875000e+000  3.120000e+001
    endloop
  endfacet
  facet normal  -0.000000e+000  0.000000e+000  1.000000e+000
    outer loop
      vertex  1.948557e+000  4.875000e+000  3.120000e+001
      vertex -1.948557e+000  4.875000e+000  3.120000e+001
      vertex  1.590990e+000  4.409010e+000  3.120000e+001
    endloop
  endfacet
  facet normal  0.000000e+000  0.000000e+000  1.000000e+000
    outer loop
      vertex  1.590990e+000  4.409010e+000  3.120000e+001
      vertex -1.948557e+000  4.875000e+000  3.120000e+001
      vertex -1.590990e+000  4.409010e+000  3.120000e+001
    endloop
  endfacet
  facet normal  -0.000000e+000  0.000000e+000  1.000000e+000
    outer loop
      vertex  1.590990e+000  4.409010e+000  3.120000e+001
      vertex -1.590990e+000  4.409010e+000  3.120000e+001
      vertex  1.125000e+000  4.051443e+000  3.120000e+001
    endloop
  endfacet
  facet normal  0.000000e+000  0.000000e+000  1.000000e+000
    outer loop
      vertex  1.125000e+000  4.051443e+000  3.120000e+001
      vertex -1.590990e+000  4.409010e+000  3.120000e+001
      vertex -1.125000e+000  4.051443e+000  3.120000e+001
    endloop
  endfacet
  facet normal  -0.000000e+000  0.000000e+000  1.000000e+000
    outer loop
      vertex  1.125000e+000  4.051443e+000  3.120000e+001
      vertex -1.125000e+000  4.051443e+000  3.120000e+001
      vertex  5.823429e-001  3.826667e+000  3.120000e+001
    endloop
  endfacet
  facet normal  0.000000e+000  0.000000e+000  1.000000e+000
    outer loop
      vertex  5.823429e-001  3.826667e+000  3.120000e+001
      vertex -1.125000e+000  4.051443e+000  3.120000e+001
      vertex -5.823429e-001  3.826667e+000  3.120000e+001
    endloop
  endfacet
  facet normal  -0.000000e+000  0.000000e+000  1.000000e+000
    outer loop
      vertex  5.823429e-001  3.826667e+000  3.120000e+001
      vertex -5.823429e-001  3.826667e+000  3.120000e+001
      vertex  3.583485e-015  3.750000e+000  3.120000e+001
    endloop
  endfacet
  facet normal  -0.000000e+000  0.000000e+000 -1.000000e+000
    outer loop
      vertex -5.000000e+000  1.050000e+001  2.300000e+001
      vertex  5.000000e+000  1.050000e+001  2.300000e+001
      vertex  1.377728e-016  8.250000e+000  2.300000e+001
    endloop
  endfacet
  facet normal  -0.000000e+000  0.000000e+000 -1.000000e+000
    outer loop
      vertex -5.000000e+000  1.050000e+001  2.300000e+001
      vertex  1.377728e-016  8.250000e+000  2.300000e+001
      vertex -5.823429e-001  8.173333e+000  2.300000e+001
    endloop
  endfacet
  facet normal  -0.000000e+000  0.000000e+000 -1.000000e+000
    outer loop
      vertex -5.000000e+000  1.050000e+001  2.300000e+001
      vertex -5.823429e-001  8.173333e+000  2.300000e+001
      vertex -1.125000e+000  7.948557e+000  2.300000e+001
    endloop
  endfacet
  facet normal  -0.000000e+000  0.000000e+000 -9.999999e-001
    outer loop
      vertex -5.000000e+000  1.050000e+001  2.300000e+001
      vertex -1.125000e+000  7.948557e+000  2.300000e+001
      vertex -1.590990e+000  7.590990e+000  2.300000e+001
    endloop
  endfacet
  facet normal  -0.000000e+000  0.000000e+000 -1.000000e+000
    outer loop
      vertex -5.000000e+000  1.050000e+001  2.300000e+001
      vertex -1.590990e+000  7.590990e+000  2.300000e+001
      vertex -1.948557e+000  7.125000e+000  2.300000e+001
    endloop
  endfacet
  facet normal  -0.000000e+000  0.000000e+000 -1.000000e+000
    outer loop
      vertex -5.000000e+000  1.050000e+001  2.300000e+001
      vertex -1.948557e+000  7.125000e+000  2.300000e+001
      vertex -2.173333e+000  6.582343e+000  2.300000e+001
    endloop
  endfacet
  facet normal  -0.000000e+000  0.000000e+000 -1.000000e+000
    outer loop
      vertex -5.000000e+000  1.050000e+001  2.300000e+001
      vertex -2.173333e+000  6.582343e+000  2.300000e+001
      vertex -5.000000e+000 -1.050000e+001  2.300000e+001
    endloop
  endfacet
  facet normal  0.000000e+000  0.000000e+000 -1.000000e+000
    outer loop
      vertex -5.000000e+000 -1.050000e+001  2.300000e+001
      vertex -2.173333e+000  6.582343e+000  2.300000e+001
      vertex -2.250000e+000  6.000000e+000  2.300000e+001
    endloop
  endfacet
  facet normal  0.000000e+000  -0.000000e+000 -1.000000e+000
    outer loop
      vertex -5.000000e+000 -1.050000e+001  2.300000e+001
      vertex -2.250000e+000  6.000000e+000  2.300000e+001
      vertex -2.173333e+000  5.417657e+000  2.300000e+001
    endloop
  endfacet
  facet normal  0.000000e+000  -0.000000e+000 -1.000000e+000
    outer loop
      vertex -5.000000e+000 -1.050000e+001  2.300000e+001
      vertex -2.173333e+000  5.417657e+000  2.300000e+001
      vertex -1.948557e+000  4.875000e+000  2.300000e+001
    endloop
  endfacet
  facet normal  0.000000e+000  -0.000000e+000 -1.000000e+000
    outer loop
      vertex -5.000000e+000 -1.050000e+001  2.300000e+001
      vertex -1.948557e+000  4.875000e+000  2.300000e+001
      vertex -1.590990e+000  4.409010e+000  2.300000e+001
    endloop
  endfacet
  facet normal  0.000000e+000  -0.000000e+000 -1.000000e+000
    outer loop
      vertex -5.000000e+000 -1.050000e+001  2.300000e+001
      vertex -1.590990e+000  4.409010e+000  2.300000e+001
      vertex -1.125000e+000  4.051443e+000  2.300000e+001
    endloop
  endfacet
  facet normal  0.000000e+000  -0.000000e+000 -1.000000e+000
    outer loop
      vertex -5.000000e+000 -1.050000e+001  2.300000e+001
      vertex -1.125000e+000  4.051443e+000  2.300000e+001
      vertex -5.823429e-001  3.826667e+000  2.300000e+001
    endloop
  endfacet
  facet normal  0.000000e+000  -0.000000e+000 -1.000000e+000
    outer loop
      vertex -5.000000e+000 -1.050000e+001  2.300000e+001
      vertex -5.823429e-001  3.826667e+000  2.300000e+001
      vertex -2.411720e-015  3.750000e+000  2.300000e+001
    endloop
  endfacet
  facet normal  0.000000e+000  -0.000000e+000 -1.000000e+000
    outer loop
      vertex -5.000000e+000 -1.050000e+001  2.300000e+001
      vertex -2.411720e-015  3.750000e+000  2.300000e+001
      vertex  5.000000e+000 -1.050000e+001  2.300000e+001
    endloop
  endfacet
  facet normal  0.000000e+000  0.000000e+000 -1.000000e+000
    outer loop
      vertex  5.000000e+000 -1.050000e+001  2.300000e+001
      vertex -2.411720e-015  3.750000e+000  2.300000e+001
      vertex  5.823429e-001  3.826667e+000  2.300000e+001
    endloop
  endfacet
  facet normal  0.000000e+000  0.000000e+000 -1.000000e+000
    outer loop
      vertex  5.000000e+000 -1.050000e+001  2.300000e+001
      vertex  5.823429e-001  3.826667e+000  2.300000e+001
      vertex  1.125000e+000  4.051443e+000  2.300000e+001
    endloop
  endfacet
  facet normal  0.000000e+000  0.000000e+000 -1.000000e+000
    outer loop
      vertex  5.000000e+000 -1.050000e+001  2.300000e+001
      vertex  1.125000e+000  4.051443e+000  2.300000e+001
      vertex  1.590990e+000  4.409010e+000  2.300000e+001
    endloop
  endfacet
  facet normal  0.000000e+000  0.000000e+000 -1.000000e+000
    outer loop
      vertex  5.000000e+000 -1.050000e+001  2.300000e+001
      vertex  1.590990e+000  4.409010e+000  2.300000e+001
      vertex  1.948557e+000  4.875000e+000  2.300000e+001
    endloop
  endfacet
  facet normal  0.000000e+000  0.000000e+000 -1.000000e+000
    outer loop
      vertex  5.000000e+000 -1.050000e+001  2.300000e+001
      vertex  1.948557e+000  4.875000e+000  2.300000e+001
      vertex  2.173333e+000  5.417657e+000  2.300000e+001
    endloop
  endfacet
  facet normal  0.000000e+000  0.000000e+000 -1.000000e+000
    outer loop
      vertex  5.000000e+000 -1.050000e+001  2.300000e+001
      vertex  2.173333e+000  5.417657e+000  2.300000e+001
      vertex  2.250000e+000  6.000000e+000  2.300000e+001
    endloop
  endfacet
  facet normal  0.000000e+000  0.000000e+000 -1.000000e+000
    outer loop
      vertex  5.000000e+000 -1.050000e+001  2.300000e+001
      vertex  2.250000e+000  6.000000e+000  2.300000e+001
      vertex  2.173333e+000  6.582343e+000  2.300000e+001
    endloop
  endfacet
  facet normal  0.000000e+000  0.000000e+000 -1.000000e+000
    outer loop
      vertex  5.000000e+000  1.050000e+001  2.300000e+001
      vertex  5.000000e+000 -1.050000e+001  2.300000e+001
      vertex  2.173333e+000  6.582343e+000  2.300000e+001
    endloop
  endfacet
  facet normal  0.000000e+000  0.000000e+000 -1.000000e+000
    outer loop
      vertex  5.000000e+000  1.050000e+001  2.300000e+001
      vertex  2.173333e+000  6.582343e+000  2.300000e+001
      vertex  1.948557e+000  7.125000e+000  2.300000e+001
    endloop
  endfacet
  facet normal  0.000000e+000  0.000000e+000 -1.000000e+000
    outer loop
      vertex  5.000000e+000  1.050000e+001  2.300000e+001
      vertex  1.948557e+000  7.125000e+000  2.300000e+001
      vertex  1.590990e+000  7.590990e+000  2.300000e+001
    endloop
  endfacet
  facet normal  0.000000e+000  0.000000e+000 -1.000000e+000
    outer loop
      vertex  5.000000e+000  1.050000e+001  2.300000e+001
      vertex  1.590990e+000  7.590990e+000  2.300000e+001
      vertex  1.125000e+000  7.948557e+000  2.300000e+001
    endloop
  endfacet
  facet normal  0.000000e+000  0.000000e+000 -1.000000e+000
    outer loop
      vertex  5.000000e+000  1.050000e+001  2.300000e+001
      vertex  1.125000e+000  7.948557e+000  2.300000e+001
      vertex  5.823429e-001  8.173333e+000  2.300000e+001
    endloop
  endfacet
  facet normal  0.000000e+000  0.000000e+000 -1.000000e+000
    outer loop
      vertex  5.000000e+000  1.050000e+001  2.300000e+001
      vertex  5.823429e-001  8.173333e+000  2.300000e+001
      vertex  1.377728e-016  8.250000e+000  2.300000e+001
    endloop
  endfacet
  facet normal  0.000000e+000  1.000000e+000  -0.000000e+000
    outer loop
      vertex  6.000000e+000  1.200000e+001  1.750000e+001
      vertex  6.000000e+000  1.200000e+001  1.000000e+000
      vertex -6.000000e+000  1.200000e+001  1.750000e+001
    endloop
  endfacet
  facet normal  0.000000e+000  1.000000e+000  0.000000e+000
    outer loop
      vertex -6.000000e+000  1.200000e+001  1.750000e+001
      vertex  6.000000e+000  1.200000e+001  1.000000e+000
      vertex -6.000000e+000  1.200000e+001  1.000000e+000
    endloop
  endfacet
  facet normal  0.000000e+000  1.000000e+000  -0.000000e+000
    outer loop
      vertex  6.000000e+000  1.200000e+001  1.000000e+000
      vertex  6.000000e+000  1.200000e+001  0.000000e+000
      vertex -6.000000e+000  1.200000e+001  1.000000e+000
    endloop
  endfacet
  facet normal  0.000000e+000  1.000000e+000  0.000000e+000
    outer loop
      vertex -6.000000e+000  1.200000e+001  1.000000e+000
      vertex  6.000000e+000  1.200000e+001  0.000000e+000
      vertex -6.000000e+000  1.200000e+001  0.000000e+000
    endloop
  endfacet
  facet normal  0.000000e+000 -1.000000e+000  0.000000e+000
    outer loop
      vertex -6.000000e+000 -1.200000e+001  1.750000e+001
      vertex -6.000000e+000 -1.200000e+001  1.000000e+000
      vertex  6.000000e+000 -1.200000e+001  1.750000e+001
    endloop
  endfacet
  facet normal  0.000000e+000 -1.000000e+000  -0.000000e+000
    outer loop
      vertex  6.000000e+000 -1.200000e+001  1.750000e+001
      vertex -6.000000e+000 -1.200000e+001  1.000000e+000
      vertex  6.000000e+000 -1.200000e+001  1.000000e+000
    endloop
  endfacet
  facet normal  0.000000e+000 -1.000000e+000  0.000000e+000
    outer loop
      vertex -6.000000e+000 -1.200000e+001  1.000000e+000
      vertex -6.000000e+000 -1.200000e+001  0.000000e+000
      vertex  6.000000e+000 -1.200000e+001  1.000000e+000
    endloop
  endfacet
  facet normal  0.000000e+000 -1.000000e+000  -0.000000e+000
    outer loop
      vertex  6.000000e+000 -1.200000e+001  1.000000e+000
      vertex -6.000000e+000 -1.200000e+001  0.000000e+000
      vertex  6.000000e+000 -1.200000e+001  0.000000e+000
    endloop
  endfacet
  facet normal  0.000000e+000  0.000000e+000  1.000000e+000
    outer loop
      vertex  6.000000e+000 -1.200000e+001  2.400000e+001
      vertex  6.000000e+000  6.000000e+000  2.400000e+001
      vertex  5.920451e+000  5.026215e+000  2.400000e+001
    endloop
  endfacet
  facet normal  0.000000e+000  0.000000e+000  1.000000e+000
    outer loop
      vertex  6.000000e+000 -1.200000e+001  2.400000e+001
      vertex  5.920451e+000  5.026215e+000  2.400000e+001
      vertex  5.683914e+000  4.078251e+000  2.400000e+001
    endloop
  endfacet
  facet normal  0.000000e+000  0.000000e+000  1.000000e+000
    outer loop
      vertex  6.000000e+000 -1.200000e+001  2.400000e+001
      vertex  5.683914e+000  4.078251e+000  2.400000e+001
      vertex  5.296661e+000  3.181244e+000  2.400000e+001
    endloop
  endfacet
  facet normal  0.000000e+000  0.000000e+000  1.000000e+000
    outer loop
      vertex  6.000000e+000 -1.200000e+001  2.400000e+001
      vertex  5.296661e+000  3.181244e+000  2.400000e+001
      vertex  4.768960e+000  2.358981e+000  2.400000e+001
    endloop
  endfacet
  facet normal  0.000000e+000  0.000000e+000  9.999999e-001
    outer loop
      vertex  6.000000e+000 -1.200000e+001  2.400000e+001
      vertex  4.768960e+000  2.358981e+000  2.400000e+001
      vertex  4.114804e+000  1.633263e+000  2.400000e+001
    endloop
  endfacet
  facet normal  0.000000e+000  0.000000e+000  1.000000e+000
    outer loop
      vertex  6.000000e+000 -1.200000e+001  2.400000e+001
      vertex  4.114804e+000  1.633263e+000  2.400000e+001
      vertex  3.351539e+000  1.023336e+000  2.400000e+001
    endloop
  endfacet
  facet normal  0.000000e+000  0.000000e+000  1.000000e+000
    outer loop
      vertex  6.000000e+000 -1.200000e+001  2.400000e+001
      vertex  3.351539e+000  1.023336e+000  2.400000e+001
      vertex  2.499403e+000  5.453704e-001  2.400000e+001
    endloop
  endfacet
  facet normal  0.000000e+000  0.000000e+000  1.000000e+000
    outer loop
      vertex  6.000000e+000 -1.200000e+001  2.400000e+001
      vertex  2.499403e+000  5.453704e-001  2.400000e+001
      vertex  2.415877e+000 -4.306975e-002  2.400000e+001
    endloop
  endfacet
  facet normal  0.000000e+000  0.000000e+000  1.000000e+000
    outer loop
      vertex  6.000000e+000 -1.200000e+001  2.400000e+001
      vertex  2.415877e+000 -4.306975e-002  2.400000e+001
      vertex  2.195810e+000 -5.951648e-001  2.400000e+001
    endloop
  endfacet
  facet normal  0.000000e+000  0.000000e+000  1.000000e+000
    outer loop
      vertex  6.000000e+000 -1.200000e+001  2.400000e+001
      vertex  2.195810e+000 -5.951648e-001  2.400000e+001
      vertex  1.851640e+000 -1.079711e+000  2.400000e+001
    endloop
  endfacet
  facet normal  0.000000e+000  0.000000e+000  1.000000e+000
    outer loop
      vertex  6.000000e+000 -1.200000e+001  2.400000e+001
      vertex  1.851640e+000 -1.079711e+000  2.400000e+001
      vertex  1.402818e+000 -1.469324e+000  2.400000e+001
    endloop
  endfacet
  facet normal  0.000000e+000  0.000000e+000  1.000000e+000
    outer loop
      vertex  6.000000e+000 -1.200000e+001  2.400000e+001
      vertex  1.402818e+000 -1.469324e+000  2.400000e+001
      vertex  8.747125e-001 -1.741982e+000  2.400000e+001
    endloop
  endfacet
  facet normal  0.000000e+000  0.000000e+000  9.999999e-001
    outer loop
      vertex  6.000000e+000 -1.200000e+001  2.400000e+001
      vertex  8.747125e-001 -1.741982e+000  2.400000e+001
      vertex  2.971693e-001 -1.882275e+000  2.400000e+001
    endloop
  endfacet
  facet normal  0.000000e+000  0.000000e+000  1.000000e+000
    outer loop
      vertex  6.000000e+000 -1.200000e+001  2.400000e+001
      vertex  2.971693e-001 -1.882275e+000  2.400000e+001
      vertex -2.971693e-001 -1.882275e+000  2.400000e+001
    endloop
  endfacet
  facet normal  0.000000e+000  0.000000e+000  9.999999e-001
    outer loop
      vertex  6.000000e+000 -1.200000e+001  2.400000e+001
      vertex -2.971693e-001 -1.882275e+000  2.400000e+001
      vertex -6.000000e+000 -1.200000e+001  2.400000e+001
    endloop
  endfacet
  facet normal  0.000000e+000  0.000000e+000  9.999999e-001
    outer loop
      vertex -6.000000e+000 -1.200000e+001  2.400000e+001
      vertex -2.971693e-001 -1.882275e+000  2.400000e+001
      vertex -8.747125e-001 -1.741982e+000  2.400000e+001
    endloop
  endfacet
  facet normal  0.000000e+000  0.000000e+000  9.999999e-001
    outer loop
      vertex -6.000000e+000 -1.200000e+001  2.400000e+001
      vertex -8.747125e-001 -1.741982e+000  2.400000e+001
      vertex -1.402818e+000 -1.469324e+000  2.400000e+001
    endloop
  endfacet
  facet normal  0.000000e+000  0.000000e+000  1.000000e+000
    outer loop
      vertex -6.000000e+000 -1.200000e+001  2.400000e+001
      vertex -1.402818e+000 -1.469324e+000  2.400000e+001
      vertex -1.851640e+000 -1.079711e+000  2.400000e+001
    endloop
  endfacet
  facet normal  0.000000e+000  0.000000e+000  1.000000e+000
    outer loop
      vertex -6.000000e+000 -1.200000e+001  2.400000e+001
      vertex -1.851640e+000 -1.079711e+000  2.400000e+001
      vertex -2.195810e+000 -5.951648e-001  2.400000e+001
    endloop
  endfacet
  facet normal  0.000000e+000  0.000000e+000  1.000000e+000
    outer loop
      vertex -6.000000e+000 -1.200000e+001  2.400000e+001
      vertex -2.195810e+000 -5.951648e-001  2.400000e+001
      vertex -2.415877e+000 -4.306975e-002  2.400000e+001
    endloop
  endfacet
  facet normal  0.000000e+000  0.000000e+000  1.000000e+000
    outer loop
      vertex -6.000000e+000 -1.200000e+001  2.400000e+001
      vertex -2.415877e+000 -4.306975e-002  2.400000e+001
      vertex -2.499403e+000  5.453704e-001  2.400000e+001
    endloop
  endfacet
  facet normal  0.000000e+000  0.000000e+000  1.000000e+000
    outer loop
      vertex -6.000000e+000 -1.200000e+001  2.400000e+001
      vertex -2.499403e+000  5.453704e-001  2.400000e+001
      vertex -3.351539e+000  1.023336e+000  2.400000e+001
    endloop
  endfacet
  facet normal  0.000000e+000  0.000000e+000  1.000000e+000
    outer loop
      vertex -6.000000e+000 -1.200000e+001  2.400000e+001
      vertex -3.351539e+000  1.023336e+000  2.400000e+001
      vertex -4.114804e+000  1.633263e+000  2.400000e+001
    endloop
  endfacet
  facet normal  0.000000e+000  0.000000e+000  1.000000e+000
    outer loop
      vertex -6.000000e+000 -1.200000e+001  2.400000e+001
      vertex -4.114804e+000  1.633263e+000  2.400000e+001
      vertex -4.768960e+000  2.358981e+000  2.400000e+001
    endloop
  endfacet
  facet normal  0.000000e+000  0.000000e+000  1.000000e+000
    outer loop
      vertex -6.000000e+000 -1.200000e+001  2.400000e+001
      vertex -4.768960e+000  2.358981e+000  2.400000e+001
      vertex -5.296661e+000  3.181244e+000  2.400000e+001
    endloop
  endfacet
  facet normal  0.000000e+000  0.000000e+000  9.999999e-001
    outer loop
      vertex -6.000000e+000 -1.200000e+001  2.400000e+001
      vertex -5.296661e+000  3.181244e+000  2.400000e+001
      vertex -5.683914e+000  4.078251e+000  2.400000e+001
    endloop
  endfacet
  facet normal  0.000000e+000  0.000000e+000  1.000000e+000
    outer loop
      vertex -6.000000e+000 -1.200000e+001  2.400000e+001
      vertex -5.683914e+000  4.078251e+000  2.400000e+001
      vertex -5.920451e+000  5.026215e+000  2.400000e+001
    endloop
  endfacet
  facet normal  0.000000e+000  0.000000e+000  1.000000e+000
    outer loop
      vertex -6.000000e+000 -1.200000e+001  2.400000e+001
      vertex -5.920451e+000  5.026215e+000  2.400000e+001
      vertex -6.000000e+000  6.000000e+000  2.400000e+001
    endloop
  endfacet
  facet normal -1.000000e+000  -0.000000e+000  -0.000000e+000
    outer loop
      vertex -6.000000e+000  6.000000e+000  2.400000e+001
      vertex -6.000000e+000  1.200000e+001  1.750000e+001
      vertex -6.000000e+000  1.200000e+001  1.000000e+000
    endloop
  endfacet
  facet normal -1.000000e+000  0.000000e+000  0.000000e+000
    outer loop
      vertex -6.000000e+000  1.200000e+001  2.300000e+001
      vertex -6.000000e+000  6.000000e+000  2.400000e+001
      vertex -6.000000e+000  1.200000e+001  2.400000e+001
    endloop
  endfacet
  facet normal -1.000000e+000  0.000000e+000  0.000000e+000
    outer loop
      vertex -6.000000e+000  1.200000e+001  0.000000e+000
      vertex -6.000000e+000 -1.200000e+001  0.000000e+000
      vertex -6.000000e+000 -1.200000e+001  1.000000e+000
    endloop
  endfacet
  facet normal -1.000000e+000  0.000000e+000  0.000000e+000
    outer loop
      vertex -6.000000e+000  1.200000e+001  0.000000e+000
      vertex -6.000000e+000 -1.200000e+001  1.000000e+000
      vertex -6.000000e+000 -1.200000e+001  1.750000e+001
    endloop
  endfacet
  facet normal -1.000000e+000  0.000000e+000  0.000000e+000
    outer loop
      vertex -6.000000e+000  1.200000e+001  0.000000e+000
      vertex -6.000000e+000 -1.200000e+001  1.750000e+001
      vertex -6.000000e+000 -1.200000e+001  1.950000e+001
    endloop
  endfacet
  facet normal -1.000000e+000  0.000000e+000  0.000000e+000
    outer loop
      vertex -6.000000e+000  1.200000e+001  0.000000e+000
      vertex -6.000000e+000 -1.200000e+001  1.950000e+001
      vertex -6.000000e+000 -1.200000e+001  2.300000e+001
    endloop
  endfacet
  facet normal -1.000000e+000  0.000000e+000  0.000000e+000
    outer loop
      vertex -6.000000e+000  1.200000e+001  0.000000e+000
      vertex -6.000000e+000 -1.200000e+001  2.300000e+001
      vertex -6.000000e+000 -1.200000e+001  2.400000e+001
    endloop
  endfacet
  facet normal -1.000000e+000  0.000000e+000  0.000000e+000
    outer loop
      vertex -6.000000e+000  1.200000e+001  0.000000e+000
      vertex -6.000000e+000 -1.200000e+001  2.400000e+001
      vertex -6.000000e+000  6.000000e+000  2.400000e+001
    endloop
  endfacet
  facet normal -1.000000e+000  0.000000e+000  0.000000e+000
    outer loop
      vertex -6.000000e+000  1.200000e+001  0.000000e+000
      vertex -6.000000e+000  6.000000e+000  2.400000e+001
      vertex -6.000000e+000  1.200000e+001  1.000000e+000
    endloop
  endfacet
  facet normal -1.000000e+000  -0.000000e+000  -0.000000e+000
    outer loop
      vertex -6.000000e+000  1.200000e+001  1.950000e+001
      vertex -6.000000e+000  1.700000e+001  1.950000e+001
      vertex -6.000000e+000  1.700000e+001  1.750000e+001
    endloop
  endfacet
  facet normal -1.000000e+000  0.000000e+000  0.000000e+000
    outer loop
      vertex -6.000000e+000  1.200000e+001  1.950000e+001
      vertex -6.000000e+000  1.700000e+001  1.750000e+001
      vertex -6.000000e+000  1.200000e+001  1.750000e+001
    endloop
  endfacet
  facet normal -1.000000e+000  0.000000e+000  0.000000e+000
    outer loop
      vertex -6.000000e+000  1.200000e+001  1.950000e+001
      vertex -6.000000e+000  1.200000e+001  1.750000e+001
      vertex -6.000000e+000  6.000000e+000  2.400000e+001
    endloop
  endfacet
  facet normal -1.000000e+000  0.000000e+000  0.000000e+000
    outer loop
      vertex -6.000000e+000  1.200000e+001  1.950000e+001
      vertex -6.000000e+000  6.000000e+000  2.400000e+001
      vertex -6.000000e+000  1.200000e+001  2.300000e+001
    endloop
  endfacet
  facet normal -1.000000e+000  0.000000e+000  0.000000e+000
    outer loop
      vertex -6.000000e+000 -1.200000e+001  1.950000e+001
      vertex -6.000000e+000 -1.200000e+001  1.750000e+001
      vertex -6.000000e+000 -1.700000e+001  1.950000e+001
    endloop
  endfacet
  facet normal -1.000000e+000  0.000000e+000  0.000000e+000
    outer loop
      vertex -6.000000e+000 -1.700000e+001  1.950000e+001
      vertex -6.000000e+000 -1.200000e+001  1.750000e+001
      vertex -6.000000e+000 -1.700000e+001  1.750000e+001
    endloop
  endfacet
  facet normal  0.000000e+000 -1.000000e+000  0.000000e+000
    outer loop
      vertex -6.000000e+000 -1.200000e+001  2.400000e+001
      vertex -6.000000e+000 -1.200000e+001  2.300000e+001
      vertex  6.000000e+000 -1.200000e+001  2.400000e+001
    endloop
  endfacet
  facet normal  0.000000e+000 -1.000000e+000  -0.000000e+000
    outer loop
      vertex  6.000000e+000 -1.200000e+001  2.400000e+001
      vertex -6.000000e+000 -1.200000e+001  2.300000e+001
      vertex  6.000000e+000 -1.200000e+001  2.300000e+001
    endloop
  endfacet
  facet normal  0.000000e+000 -1.000000e+000  0.000000e+000
    outer loop
      vertex -6.000000e+000 -1.200000e+001  2.300000e+001
      vertex -6.000000e+000 -1.200000e+001  1.950000e+001
      vertex  6.000000e+000 -1.200000e+001  2.300000e+001
    endloop
  endfacet
  facet normal  0.000000e+000 -1.000000e+000  -0.000000e+000
    outer loop
      vertex  6.000000e+000 -1.200000e+001  2.300000e+001
      vertex -6.000000e+000 -1.200000e+001  1.950000e+001
      vertex  6.000000e+000 -1.200000e+001  1.950000e+001
    endloop
  endfacet
  facet normal  1.000000e+000  -0.000000e+000  0.000000e+000
    outer loop
      vertex  6.000000e+000  6.000000e+000  2.400000e+001
      vertex  6.000000e+000 -1.200000e+001  1.750000e+001
      vertex  6.000000e+000 -1.200000e+001  1.000000e+000
    endloop
  endfacet
  facet normal  1.000000e+000  0.000000e+000  0.000000e+000
    outer loop
      vertex  6.000000e+000 -1.200000e+001  2.300000e+001
      vertex  6.000000e+000  6.000000e+000  2.400000e+001
      vertex  6.000000e+000 -1.200000e+001  2.400000e+001
    endloop
  endfacet
  facet normal  1.000000e+000  0.000000e+000  -0.000000e+000
    outer loop
      vertex  6.000000e+000 -1.200000e+001  0.000000e+000
      vertex  6.000000e+000  1.200000e+001  0.000000e+000
      vertex  6.000000e+000  1.200000e+001  1.000000e+000
    endloop
  endfacet
  facet normal  1.000000e+000  0.000000e+000  -0.000000e+000
    outer loop
      vertex  6.000000e+000 -1.200000e+001  0.000000e+000
      vertex  6.000000e+000  1.200000e+001  1.000000e+000
      vertex  6.000000e+000  1.200000e+001  1.750000e+001
    endloop
  endfacet
  facet normal  1.000000e+000  0.000000e+000  -0.000000e+000
    outer loop
      vertex  6.000000e+000 -1.200000e+001  0.000000e+000
      vertex  6.000000e+000  1.200000e+001  1.750000e+001
      vertex  6.000000e+000  1.200000e+001  1.950000e+001
    endloop
  endfacet
  facet normal  1.000000e+000  0.000000e+000  -0.000000e+000
    outer loop
      vertex  6.000000e+000 -1.200000e+001  0.000000e+000
      vertex  6.000000e+000  1.200000e+001  1.950000e+001
      vertex  6.000000e+000  1.200000e+001  2.300000e+001
    endloop
  endfacet
  facet normal  1.000000e+000  0.000000e+000  -0.000000e+000
    outer loop
      vertex  6.000000e+000 -1.200000e+001  0.000000e+000
      vertex  6.000000e+000  1.200000e+001  2.300000e+001
      vertex  6.000000e+000  1.200000e+001  2.400000e+001
    endloop
  endfacet
  facet normal  1.000000e+000  0.000000e+000  0.000000e+000
    outer loop
      vertex  6.000000e+000 -1.200000e+001  0.000000e+000
      vertex  6.000000e+000  1.200000e+001  2.400000e+001
      vertex  6.000000e+000  6.000000e+000  2.400000e+001
    endloop
  endfacet
  facet normal  1.000000e+000  0.000000e+000  0.000000e+000
    outer loop
      vertex  6.000000e+000 -1.200000e+001  0.000000e+000
      vertex  6.000000e+000  6.000000e+000  2.400000e+001
      vertex  6.000000e+000 -1.200000e+001  1.000000e+000
    endloop
  endfacet
  facet normal  1.000000e+000  -0.000000e+000  0.000000e+000
    outer loop
      vertex  6.000000e+000 -1.200000e+001  1.950000e+001
      vertex  6.000000e+000 -1.700000e+001  1.950000e+001
      vertex  6.000000e+000 -1.700000e+001  1.750000e+001
    endloop
  endfacet
  facet normal  1.000000e+000  0.000000e+000  0.000000e+000
    outer loop
      vertex  6.000000e+000 -1.200000e+001  1.950000e+001
      vertex  6.000000e+000 -1.700000e+001  1.750000e+001
      vertex  6.000000e+000 -1.200000e+001  1.750000e+001
    endloop
  endfacet
  facet normal  1.000000e+000  0.000000e+000  0.000000e+000
    outer loop
      vertex  6.000000e+000 -1.200000e+001  1.950000e+001
      vertex  6.000000e+000 -1.200000e+001  1.750000e+001
      vertex  6.000000e+000  6.000000e+000  2.400000e+001
    endloop
  endfacet
  facet normal  1.000000e+000  0.000000e+000  0.000000e+000
    outer loop
      vertex  6.000000e+000 -1.200000e+001  1.950000e+001
      vertex  6.000000e+000  6.000000e+000  2.400000e+001
      vertex  6.000000e+000 -1.200000e+001  2.300000e+001
    endloop
  endfacet
  facet normal  1.000000e+000  0.000000e+000  0.000000e+000
    outer loop
      vertex  6.000000e+000  1.200000e+001  1.950000e+001
      vertex  6.000000e+000  1.200000e+001  1.750000e+001
      vertex  6.000000e+000  1.700000e+001  1.950000e+001
    endloop
  endfacet
  facet normal  1.000000e+000  0.000000e+000  0.000000e+000
    outer loop
      vertex  6.000000e+000  1.700000e+001  1.950000e+001
      vertex  6.000000e+000  1.200000e+001  1.750000e+001
      vertex  6.000000e+000  1.700000e+001  1.750000e+001
    endloop
  endfacet
  facet normal  0.000000e+000  1.000000e+000  0.000000e+000
    outer loop
      vertex -6.000000e+000  1.200000e+001  2.400000e+001
      vertex  3.673940e-016  1.200000e+001  2.400000e+001
      vertex -6.000000e+000  1.200000e+001  2.300000e+001
    endloop
  endfacet
  facet normal  0.000000e+000  1.000000e+000  -0.000000e+000
    outer loop
      vertex  6.000000e+000  1.200000e+001  2.400000e+001
      vertex  6.000000e+000  1.200000e+001  2.300000e+001
      vertex  3.673940e-016  1.200000e+001  2.400000e+001
    endloop
  endfacet
  facet normal  0.000000e+000  1.000000e+000  0.000000e+000
    outer loop
      vertex  3.673940e-016  1.200000e+001  2.400000e+001
      vertex  6.000000e+000  1.200000e+001  2.300000e+001
      vertex -6.000000e+000  1.200000e+001  2.300000e+001
    endloop
  endfacet
  facet normal  0.000000e+000  1.000000e+000  -0.000000e+000
    outer loop
      vertex  6.000000e+000  1.200000e+001  2.300000e+001
      vertex  6.000000e+000  1.200000e+001  1.950000e+001
      vertex -6.000000e+000  1.200000e+001  2.300000e+001
    endloop
  endfacet
  facet normal  0.000000e+000  1.000000e+000  0.000000e+000
    outer loop
      vertex -6.000000e+000  1.200000e+001  2.300000e+001
      vertex  6.000000e+000  1.200000e+001  1.950000e+001
      vertex -6.000000e+000  1.200000e+001  1.950000e+001
    endloop
  endfacet
  facet normal  0.000000e+000  0.000000e+000  1.000000e+000
    outer loop
      vertex -6.000000e+000  1.200000e+001  2.400000e+001
      vertex -6.000000e+000  6.000000e+000  2.400000e+001
      vertex -5.926130e+000  6.938607e+000  2.400000e+001
    endloop
  endfacet
  facet normal  0.000000e+000  -0.000000e+000  1.000000e+000
    outer loop
      vertex -6.000000e+000  1.200000e+001  2.400000e+001
      vertex -5.926130e+000  6.938607e+000  2.400000e+001
      vertex -5.706339e+000  7.854102e+000  2.400000e+001
    endloop
  endfacet
  facet normal  0.000000e+000  -0.000000e+000  1.000000e+000
    outer loop
      vertex -6.000000e+000  1.200000e+001  2.400000e+001
      vertex -5.706339e+000  7.854102e+000  2.400000e+001
      vertex -5.346039e+000  8.723943e+000  2.400000e+001
    endloop
  endfacet
  facet normal  0.000000e+000  -0.000000e+000  1.000000e+000
    outer loop
      vertex -6.000000e+000  1.200000e+001  2.400000e+001
      vertex -5.346039e+000  8.723943e+000  2.400000e+001
      vertex -4.854102e+000  9.526711e+000  2.400000e+001
    endloop
  endfacet
  facet normal  0.000000e+000  -0.000000e+000  1.000000e+000
    outer loop
      vertex -6.000000e+000  1.200000e+001  2.400000e+001
      vertex -4.854102e+000  9.526711e+000  2.400000e+001
      vertex -4.242640e+000  1.024264e+001  2.400000e+001
    endloop
  endfacet
  facet normal  0.000000e+000  -0.000000e+000  1.000000e+000
    outer loop
      vertex -6.000000e+000  1.200000e+001  2.400000e+001
      vertex -4.242640e+000  1.024264e+001  2.400000e+001
      vertex -3.526711e+000  1.085410e+001  2.400000e+001
    endloop
  endfacet
  facet normal  0.000000e+000  -0.000000e+000  1.000000e+000
    outer loop
      vertex -6.000000e+000  1.200000e+001  2.400000e+001
      vertex -3.526711e+000  1.085410e+001  2.400000e+001
      vertex -2.723943e+000  1.134604e+001  2.400000e+001
    endloop
  endfacet
  facet normal  0.000000e+000  -0.000000e+000  1.000000e+000
    outer loop
      vertex -6.000000e+000  1.200000e+001  2.400000e+001
      vertex -2.723943e+000  1.134604e+001  2.400000e+001
      vertex -1.854102e+000  1.170634e+001  2.400000e+001
    endloop
  endfacet
  facet normal  0.000000e+000  -0.000000e+000  1.000000e+000
    outer loop
      vertex -6.000000e+000  1.200000e+001  2.400000e+001
      vertex -1.854102e+000  1.170634e+001  2.400000e+001
      vertex -9.386068e-001  1.192613e+001  2.400000e+001
    endloop
  endfacet
  facet normal  0.000000e+000  -0.000000e+000  1.000000e+000
    outer loop
      vertex -6.000000e+000  1.200000e+001  2.400000e+001
      vertex -9.386068e-001  1.192613e+001  2.400000e+001
      vertex  3.673940e-016  1.200000e+001  2.400000e+001
    endloop
  endfacet
  facet normal  -0.000000e+000  0.000000e+000  1.000000e+000
    outer loop
      vertex  6.000000e+000  1.200000e+001  2.400000e+001
      vertex  3.673940e-016  1.200000e+001  2.400000e+001
      vertex  9.386068e-001  1.192613e+001  2.400000e+001
    endloop
  endfacet
  facet normal  -0.000000e+000  0.000000e+000  1.000000e+000
    outer loop
      vertex  6.000000e+000  1.200000e+001  2.400000e+001
      vertex  9.386068e-001  1.192613e+001  2.400000e+001
      vertex  1.854102e+000  1.170634e+001  2.400000e+001
    endloop
  endfacet
  facet normal  -0.000000e+000  0.000000e+000  1.000000e+000
    outer loop
      vertex  6.000000e+000  1.200000e+001  2.400000e+001
      vertex  1.854102e+000  1.170634e+001  2.400000e+001
      vertex  2.723943e+000  1.134604e+001  2.400000e+001
    endloop
  endfacet
  facet normal  -0.000000e+000  0.000000e+000  1.000000e+000
    outer loop
      vertex  6.000000e+000  1.200000e+001  2.400000e+001
      vertex  2.723943e+000  1.134604e+001  2.400000e+001
      vertex  3.526711e+000  1.085410e+001  2.400000e+001
    endloop
  endfacet
  facet normal  -0.000000e+000  0.000000e+000  1.000000e+000
    outer loop
      vertex  6.000000e+000  1.200000e+001  2.400000e+001
      vertex  3.526711e+000  1.085410e+001  2.400000e+001
      vertex  4.242640e+000  1.024264e+001  2.400000e+001
    endloop
  endfacet
  facet normal  -0.000000e+000  0.000000e+000  1.000000e+000
    outer loop
      vertex  6.000000e+000  1.200000e+001  2.400000e+001
      vertex  4.242640e+000  1.024264e+001  2.400000e+001
      vertex  4.854102e+000  9.526711e+000  2.400000e+001
    endloop
  endfacet
  facet normal  -0.000000e+000  0.000000e+000  1.000000e+000
    outer loop
      vertex  6.000000e+000  1.200000e+001  2.400000e+001
      vertex  4.854102e+000  9.526711e+000  2.400000e+001
      vertex  5.346039e+000  8.723943e+000  2.400000e+001
    endloop
  endfacet
  facet normal  -0.000000e+000  0.000000e+000  1.000000e+000
    outer loop
      vertex  6.000000e+000  1.200000e+001  2.400000e+001
      vertex  5.346039e+000  8.723943e+000  2.400000e+001
      vertex  5.706339e+000  7.854102e+000  2.400000e+001
    endloop
  endfacet
  facet normal  -0.000000e+000  0.000000e+000  1.000000e+000
    outer loop
      vertex  6.000000e+000  1.200000e+001  2.400000e+001
      vertex  5.706339e+000  7.854102e+000  2.400000e+001
      vertex  5.926130e+000  6.938607e+000  2.400000e+001
    endloop
  endfacet
  facet normal  -0.000000e+000  0.000000e+000  1.000000e+000
    outer loop
      vertex  6.000000e+000  1.200000e+001  2.400000e+001
      vertex  5.926130e+000  6.938607e+000  2.400000e+001
      vertex  6.000000e+000  6.000000e+000  2.400000e+001
    endloop
  endfacet
  facet normal -1.000000e+000  0.000000e+000  0.000000e+000
    outer loop
      vertex  5.000000e+000 -1.050000e+001  1.000000e+000
      vertex  5.000000e+000 -1.050000e+001  2.300000e+001
      vertex  5.000000e+000  1.050000e+001  1.000000e+000
    endloop
  endfacet
  facet normal -1.000000e+000  0.000000e+000  0.000000e+000
    outer loop
      vertex  5.000000e+000  1.050000e+001  1.000000e+000
      vertex  5.000000e+000 -1.050000e+001  2.300000e+001
      vertex  5.000000e+000  1.050000e+001  2.300000e+001
    endloop
  endfacet
  facet normal  0.000000e+000  9.999999e-001  0.000000e+000
    outer loop
      vertex  5.000000e+000 -1.050000e+001  1.000000e+000
      vertex -5.000000e+000 -1.050000e+001  1.000000e+000
      vertex  5.000000e+000 -1.050000e+001  2.300000e+001
    endloop
  endfacet
  facet normal  0.000000e+000  9.999999e-001  0.000000e+000
    outer loop
      vertex  5.000000e+000 -1.050000e+001  2.300000e+001
      vertex -5.000000e+000 -1.050000e+001  1.000000e+000
      vertex -5.000000e+000 -1.050000e+001  2.300000e+001
    endloop
  endfacet
  facet normal  1.000000e+000  0.000000e+000  0.000000e+000
    outer loop
      vertex -5.000000e+000  1.050000e+001  1.000000e+000
      vertex -5.000000e+000  1.050000e+001  2.300000e+001
      vertex -5.000000e+000 -1.050000e+001  1.000000e+000
    endloop
  endfacet
  facet normal  1.000000e+000  0.000000e+000  0.000000e+000
    outer loop
      vertex -5.000000e+000 -1.050000e+001  1.000000e+000
      vertex -5.000000e+000  1.050000e+001  2.300000e+001
      vertex -5.000000e+000 -1.050000e+001  2.300000e+001
    endloop
  endfacet
  facet normal  0.000000e+000 -9.999999e-001  0.000000e+000
    outer loop
      vertex -5.000000e+000  1.050000e+001  1.000000e+000
      vertex  5.000000e+000  1.050000e+001  1.000000e+000
      vertex -5.000000e+000  1.050000e+001  2.300000e+001
    endloop
  endfacet
  facet normal  0.000000e+000 -9.999999e-001  0.000000e+000
    outer loop
      vertex -5.000000e+000  1.050000e+001  2.300000e+001
      vertex  5.000000e+000  1.050000e+001  1.000000e+000
      vertex  5.000000e+000  1.050000e+001  2.300000e+001
    endloop
  endfacet
  facet normal  9.900756e-001 -1.405363e-001  0.000000e+000
    outer loop
      vertex  2.499403e+000  5.453704e-001  2.400000e+001
      vertex  2.499403e+000  5.453704e-001  2.820000e+001
      vertex  2.415877e+000 -4.306975e-002  2.400000e+001
    endloop
  endfacet
  facet normal  9.900756e-001 -1.405363e-001  0.000000e+000
    outer loop
      vertex  2.415877e+000 -4.306975e-002  2.400000e+001
      vertex  2.499403e+000  5.453704e-001  2.820000e+001
      vertex  2.415877e+000 -4.306975e-002  2.820000e+001
    endloop
  endfacet
  facet normal  9.289233e-001 -3.702721e-001  0.000000e+000
    outer loop
      vertex  2.415877e+000 -4.306975e-002  2.400000e+001
      vertex  2.415877e+000 -4.306975e-002  2.820000e+001
      vertex  2.195810e+000 -5.951648e-001  2.400000e+001
    endloop
  endfacet
  facet normal  9.289233e-001 -3.702721e-001  0.000000e+000
    outer loop
      vertex  2.195810e+000 -5.951648e-001  2.400000e+001
      vertex  2.415877e+000 -4.306975e-002  2.820000e+001
      vertex  2.195810e+000 -5.951648e-001  2.820000e+001
    endloop
  endfacet
  facet normal  8.152702e-001 -5.790807e-001  0.000000e+000
    outer loop
      vertex  2.195810e+000 -5.951648e-001  2.400000e+001
      vertex  2.195810e+000 -5.951648e-001  2.820000e+001
      vertex  1.851640e+000 -1.079711e+000  2.400000e+001
    endloop
  endfacet
  facet normal  8.152702e-001 -5.790807e-001  0.000000e+000
    outer loop
      vertex  1.851640e+000 -1.079711e+000  2.400000e+001
      vertex  2.195810e+000 -5.951648e-001  2.820000e+001
      vertex  1.851640e+000 -1.079711e+000  2.820000e+001
    endloop
  endfacet
  facet normal  6.555393e-001 -7.551611e-001  0.000000e+000
    outer loop
      vertex  1.851640e+000 -1.079711e+000  2.400000e+001
      vertex  1.851640e+000 -1.079711e+000  2.820000e+001
      vertex  1.402818e+000 -1.469324e+000  2.400000e+001
    endloop
  endfacet
  facet normal  6.555393e-001 -7.551611e-001  0.000000e+000
    outer loop
      vertex  1.402818e+000 -1.469324e+000  2.400000e+001
      vertex  1.851640e+000 -1.079711e+000  2.820000e+001
      vertex  1.402818e+000 -1.469324e+000  2.820000e+001
    endloop
  endfacet
  facet normal  4.587587e-001 -8.885609e-001  0.000000e+000
    outer loop
      vertex  1.402818e+000 -1.469324e+000  2.400000e+001
      vertex  1.402818e+000 -1.469324e+000  2.820000e+001
      vertex  8.747125e-001 -1.741982e+000  2.400000e+001
    endloop
  endfacet
  facet normal  4.587587e-001 -8.885609e-001  0.000000e+000
    outer loop
      vertex  8.747125e-001 -1.741982e+000  2.400000e+001
      vertex  1.402818e+000 -1.469324e+000  2.820000e+001
      vertex  8.747125e-001 -1.741982e+000  2.820000e+001
    endloop
  endfacet
  facet normal  2.360500e-001 -9.717410e-001  0.000000e+000
    outer loop
      vertex  8.747125e-001 -1.741982e+000  2.400000e+001
      vertex  8.747125e-001 -1.741982e+000  2.820000e+001
      vertex  2.971693e-001 -1.882275e+000  2.400000e+001
    endloop
  endfacet
  facet normal  2.360500e-001 -9.717410e-001  0.000000e+000
    outer loop
      vertex  2.971693e-001 -1.882275e+000  2.400000e+001
      vertex  8.747125e-001 -1.741982e+000  2.820000e+001
      vertex  2.971693e-001 -1.882275e+000  2.820000e+001
    endloop
  endfacet
  facet normal  0.000000e+000 -1.000000e+000  -0.000000e+000
    outer loop
      vertex  2.971693e-001 -1.882275e+000  2.400000e+001
      vertex  2.971693e-001 -1.882275e+000  2.820000e+001
      vertex -2.971693e-001 -1.882275e+000  2.400000e+001
    endloop
  endfacet
  facet normal  0.000000e+000 -1.000000e+000  0.000000e+000
    outer loop
      vertex -2.971693e-001 -1.882275e+000  2.400000e+001
      vertex  2.971693e-001 -1.882275e+000  2.820000e+001
      vertex -2.971693e-001 -1.882275e+000  2.820000e+001
    endloop
  endfacet
  facet normal -2.360500e-001 -9.717410e-001  -0.000000e+000
    outer loop
      vertex -2.971693e-001 -1.882275e+000  2.400000e+001
      vertex -2.971693e-001 -1.882275e+000  2.820000e+001
      vertex -8.747125e-001 -1.741982e+000  2.400000e+001
    endloop
  endfacet
  facet normal -2.360500e-001 -9.717410e-001  0.000000e+000
    outer loop
      vertex -8.747125e-001 -1.741982e+000  2.400000e+001
      vertex -2.971693e-001 -1.882275e+000  2.820000e+001
      vertex -8.747125e-001 -1.741982e+000  2.820000e+001
    endloop
  endfacet
  facet normal -4.587587e-001 -8.885609e-001  -0.000000e+000
    outer loop
      vertex -8.747125e-001 -1.741982e+000  2.400000e+001
      vertex -8.747125e-001 -1.741982e+000  2.820000e+001
      vertex -1.402818e+000 -1.469324e+000  2.400000e+001
    endloop
  endfacet
  facet normal -4.587587e-001 -8.885609e-001  0.000000e+000
    outer loop
      vertex -1.402818e+000 -1.469324e+000  2.400000e+001
      vertex -8.747125e-001 -1.741982e+000  2.820000e+001
      vertex -1.402818e+000 -1.469324e+000  2.820000e+001
    endloop
  endfacet
  facet normal -6.555393e-001 -7.551611e-001  -0.000000e+000
    outer loop
      vertex -1.402818e+000 -1.469324e+000  2.400000e+001
      vertex -1.402818e+000 -1.469324e+000  2.820000e+001
      vertex -1.851640e+000 -1.079711e+000  2.400000e+001
    endloop
  endfacet
  facet normal -6.555393e-001 -7.551611e-001  0.000000e+000
    outer loop
      vertex -1.851640e+000 -1.079711e+000  2.400000e+001
      vertex -1.402818e+000 -1.469324e+000  2.820000e+001
      vertex -1.851640e+000 -1.079711e+000  2.820000e+001
    endloop
  endfacet
  facet normal -8.152702e-001 -5.790807e-001  -0.000000e+000
    outer loop
      vertex -1.851640e+000 -1.079711e+000  2.400000e+001
      vertex -1.851640e+000 -1.079711e+000  2.820000e+001
      vertex -2.195810e+000 -5.951648e-001  2.400000e+001
    endloop
  endfacet
  facet normal -8.152702e-001 -5.790807e-001  0.000000e+000
    outer loop
      vertex -2.195810e+000 -5.951648e-001  2.400000e+001
      vertex -1.851640e+000 -1.079711e+000  2.820000e+001
      vertex -2.195810e+000 -5.951648e-001  2.820000e+001
    endloop
  endfacet
  facet normal -9.289233e-001 -3.702721e-001  -0.000000e+000
    outer loop
      vertex -2.195810e+000 -5.951648e-001  2.400000e+001
      vertex -2.195810e+000 -5.951648e-001  2.820000e+001
      vertex -2.415877e+000 -4.306975e-002  2.400000e+001
    endloop
  endfacet
  facet normal -9.289233e-001 -3.702721e-001  0.000000e+000
    outer loop
      vertex -2.415877e+000 -4.306975e-002  2.400000e+001
      vertex -2.195810e+000 -5.951648e-001  2.820000e+001
      vertex -2.415877e+000 -4.306975e-002  2.820000e+001
    endloop
  endfacet
  facet normal -9.900756e-001 -1.405363e-001  -0.000000e+000
    outer loop
      vertex -2.415877e+000 -4.306975e-002  2.400000e+001
      vertex -2.415877e+000 -4.306975e-002  2.820000e+001
      vertex -2.499403e+000  5.453704e-001  2.400000e+001
    endloop
  endfacet
  facet normal -9.900756e-001 -1.405363e-001  0.000000e+000
    outer loop
      vertex -2.499403e+000  5.453704e-001  2.400000e+001
      vertex -2.415877e+000 -4.306975e-002  2.820000e+001
      vertex -2.499403e+000  5.453704e-001  2.820000e+001
    endloop
  endfacet
  facet normal -9.969173e-001  7.845934e-002  0.000000e+000
    outer loop
      vertex -6.000000e+000  6.000000e+000  2.400000e+001
      vertex -6.000000e+000  6.000000e+000  2.820000e+001
      vertex -5.926130e+000  6.938607e+000  2.400000e+001
    endloop
  endfacet
  facet normal -9.969173e-001  7.845934e-002  0.000000e+000
    outer loop
      vertex -5.926130e+000  6.938607e+000  2.400000e+001
      vertex -6.000000e+000  6.000000e+000  2.820000e+001
      vertex -5.926130e+000  6.938607e+000  2.820000e+001
    endloop
  endfacet
  facet normal -9.723700e-001  2.334453e-001  0.000000e+000
    outer loop
      vertex -5.926130e+000  6.938607e+000  2.400000e+001
      vertex -5.926130e+000  6.938607e+000  2.820000e+001
      vertex -5.706339e+000  7.854102e+000  2.400000e+001
    endloop
  endfacet
  facet normal -9.723700e-001  2.334453e-001  0.000000e+000
    outer loop
      vertex -5.706339e+000  7.854102e+000  2.400000e+001
      vertex -5.926130e+000  6.938607e+000  2.820000e+001
      vertex -5.706339e+000  7.854102e+000  2.820000e+001
    endloop
  endfacet
  facet normal -9.238796e-001  3.826832e-001  0.000000e+000
    outer loop
      vertex -5.706339e+000  7.854102e+000  2.400000e+001
      vertex -5.706339e+000  7.854102e+000  2.820000e+001
      vertex -5.346039e+000  8.723943e+000  2.400000e+001
    endloop
  endfacet
  facet normal -9.238796e-001  3.826832e-001  0.000000e+000
    outer loop
      vertex -5.346039e+000  8.723943e+000  2.400000e+001
      vertex -5.706339e+000  7.854102e+000  2.820000e+001
      vertex -5.346039e+000  8.723943e+000  2.820000e+001
    endloop
  endfacet
  facet normal -8.526402e-001  5.224984e-001  0.000000e+000
    outer loop
      vertex -5.346039e+000  8.723943e+000  2.400000e+001
      vertex -5.346039e+000  8.723943e+000  2.820000e+001
      vertex -4.854102e+000  9.526711e+000  2.400000e+001
    endloop
  endfacet
  facet normal -8.526402e-001  5.224984e-001  0.000000e+000
    outer loop
      vertex -4.854102e+000  9.526711e+000  2.400000e+001
      vertex -5.346039e+000  8.723943e+000  2.820000e+001
      vertex -4.854102e+000  9.526711e+000  2.820000e+001
    endloop
  endfacet
  facet normal -7.604058e-001  6.494484e-001  0.000000e+000
    outer loop
      vertex -4.854102e+000  9.526711e+000  2.400000e+001
      vertex -4.854102e+000  9.526711e+000  2.820000e+001
      vertex -4.242640e+000  1.024264e+001  2.400000e+001
    endloop
  endfacet
  facet normal -7.604058e-001  6.494484e-001  0.000000e+000
    outer loop
      vertex -4.242640e+000  1.024264e+001  2.400000e+001
      vertex -4.854102e+000  9.526711e+000  2.820000e+001
      vertex -4.242640e+000  1.024264e+001  2.820000e+001
    endloop
  endfacet
  facet normal -6.494484e-001  7.604058e-001  0.000000e+000
    outer loop
      vertex -4.242640e+000  1.024264e+001  2.400000e+001
      vertex -4.242640e+000  1.024264e+001  2.820000e+001
      vertex -3.526711e+000  1.085410e+001  2.400000e+001
    endloop
  endfacet
  facet normal -6.494484e-001  7.604058e-001  0.000000e+000
    outer loop
      vertex -3.526711e+000  1.085410e+001  2.400000e+001
      vertex -4.242640e+000  1.024264e+001  2.820000e+001
      vertex -3.526711e+000  1.085410e+001  2.820000e+001
    endloop
  endfacet
  facet normal -5.224982e-001  8.526404e-001  0.000000e+000
    outer loop
      vertex -3.526711e+000  1.085410e+001  2.400000e+001
      vertex -3.526711e+000  1.085410e+001  2.820000e+001
      vertex -2.723943e+000  1.134604e+001  2.400000e+001
    endloop
  endfacet
  facet normal -5.224982e-001  8.526404e-001  0.000000e+000
    outer loop
      vertex -2.723943e+000  1.134604e+001  2.400000e+001
      vertex -3.526711e+000  1.085410e+001  2.820000e+001
      vertex -2.723943e+000  1.134604e+001  2.820000e+001
    endloop
  endfacet
  facet normal -3.826836e-001  9.238795e-001  0.000000e+000
    outer loop
      vertex -2.723943e+000  1.134604e+001  2.400000e+001
      vertex -2.723943e+000  1.134604e+001  2.820000e+001
      vertex -1.854102e+000  1.170634e+001  2.400000e+001
    endloop
  endfacet
  facet normal -3.826836e-001  9.238795e-001  0.000000e+000
    outer loop
      vertex -1.854102e+000  1.170634e+001  2.400000e+001
      vertex -2.723943e+000  1.134604e+001  2.820000e+001
      vertex -1.854102e+000  1.170634e+001  2.820000e+001
    endloop
  endfacet
  facet normal -2.334458e-001  9.723698e-001  0.000000e+000
    outer loop
      vertex -1.854102e+000  1.170634e+001  2.400000e+001
      vertex -1.854102e+000  1.170634e+001  2.820000e+001
      vertex -9.386068e-001  1.192613e+001  2.400000e+001
    endloop
  endfacet
  facet normal -2.334458e-001  9.723698e-001  0.000000e+000
    outer loop
      vertex -9.386068e-001  1.192613e+001  2.400000e+001
      vertex -1.854102e+000  1.170634e+001  2.820000e+001
      vertex -9.386068e-001  1.192613e+001  2.820000e+001
    endloop
  endfacet
  facet normal -7.845883e-002  9.969174e-001  0.000000e+000
    outer loop
      vertex -9.386068e-001  1.192613e+001  2.400000e+001
      vertex -9.386068e-001  1.192613e+001  2.820000e+001
      vertex  3.673940e-016  1.200000e+001  2.400000e+001
    endloop
  endfacet
  facet normal -7.845883e-002  9.969174e-001  0.000000e+000
    outer loop
      vertex  3.673940e-016  1.200000e+001  2.400000e+001
      vertex -9.386068e-001  1.192613e+001  2.820000e+001
      vertex  3.673940e-016  1.200000e+001  2.820000e+001
    endloop
  endfacet
  facet normal  7.845883e-002  9.969174e-001  0.000000e+000
    outer loop
      vertex  3.673940e-016  1.200000e+001  2.400000e+001
      vertex  3.673940e-016  1.200000e+001  2.820000e+001
      vertex  9.386068e-001  1.192613e+001  2.400000e+001
    endloop
  endfacet
  facet normal  7.845883e-002  9.969174e-001  -0.000000e+000
    outer loop
      vertex  9.386068e-001  1.192613e+001  2.400000e+001
      vertex  3.673940e-016  1.200000e+001  2.820000e+001
      vertex  9.386068e-001  1.192613e+001  2.820000e+001
    endloop
  endfacet
  facet normal  2.334458e-001  9.723698e-001  0.000000e+000
    outer loop
      vertex  9.386068e-001  1.192613e+001  2.400000e+001
      vertex  9.386068e-001  1.192613e+001  2.820000e+001
      vertex  1.854102e+000  1.170634e+001  2.400000e+001
    endloop
  endfacet
  facet normal  2.334458e-001  9.723698e-001  -0.000000e+000
    outer loop
      vertex  1.854102e+000  1.170634e+001  2.400000e+001
      vertex  9.386068e-001  1.192613e+001  2.820000e+001
      vertex  1.854102e+000  1.170634e+001  2.820000e+001
    endloop
  endfacet
  facet normal  3.826836e-001  9.238795e-001  0.000000e+000
    outer loop
      vertex  1.854102e+000  1.170634e+001  2.400000e+001
      vertex  1.854102e+000  1.170634e+001  2.820000e+001
      vertex  2.723943e+000  1.134604e+001  2.400000e+001
    endloop
  endfacet
  facet normal  3.826836e-001  9.238795e-001  -0.000000e+000
    outer loop
      vertex  2.723943e+000  1.134604e+001  2.400000e+001
      vertex  1.854102e+000  1.170634e+001  2.820000e+001
      vertex  2.723943e+000  1.134604e+001  2.820000e+001
    endloop
  endfacet
  facet normal  5.224982e-001  8.526404e-001  0.000000e+000
    outer loop
      vertex  2.723943e+000  1.134604e+001  2.400000e+001
      vertex  2.723943e+000  1.134604e+001  2.820000e+001
      vertex  3.526711e+000  1.085410e+001  2.400000e+001
    endloop
  endfacet
  facet normal  5.224982e-001  8.526404e-001  -0.000000e+000
    outer loop
      vertex  3.526711e+000  1.085410e+001  2.400000e+001
      vertex  2.723943e+000  1.134604e+001  2.820000e+001
      vertex  3.526711e+000  1.085410e+001  2.820000e+001
    endloop
  endfacet
  facet normal  6.494484e-001  7.604058e-001  0.000000e+000
    outer loop
      vertex  3.526711e+000  1.085410e+001  2.400000e+001
      vertex  3.526711e+000  1.085410e+001  2.820000e+001
      vertex  4.242640e+000  1.024264e+001  2.400000e+001
    endloop
  endfacet
  facet normal  6.494484e-001  7.604058e-001  -0.000000e+000
    outer loop
      vertex  4.242640e+000  1.024264e+001  2.400000e+001
      vertex  3.526711e+000  1.085410e+001  2.820000e+001
      vertex  4.242640e+000  1.024264e+001  2.820000e+001
    endloop
  endfacet
  facet normal  7.604058e-001  6.494484e-001  0.000000e+000
    outer loop
      vertex  4.242640e+000  1.024264e+001  2.400000e+001
      vertex  4.242640e+000  1.024264e+001  2.820000e+001
      vertex  4.854102e+000  9.526711e+000  2.400000e+001
    endloop
  endfacet
  facet normal  7.604058e-001  6.494484e-001  -0.000000e+000
    outer loop
      vertex  4.854102e+000  9.526711e+000  2.400000e+001
      vertex  4.242640e+000  1.024264e+001  2.820000e+001
      vertex  4.854102e+000  9.526711e+000  2.820000e+001
    endloop
  endfacet
  facet normal  8.526402e-001  5.224984e-001  0.000000e+000
    outer loop
      vertex  4.854102e+000  9.526711e+000  2.400000e+001
      vertex  4.854102e+000  9.526711e+000  2.820000e+001
      vertex  5.346039e+000  8.723943e+000  2.400000e+001
    endloop
  endfacet
  facet normal  8.526402e-001  5.224984e-001  -0.000000e+000
    outer loop
      vertex  5.346039e+000  8.723943e+000  2.400000e+001
      vertex  4.854102e+000  9.526711e+000  2.820000e+001
      vertex  5.346039e+000  8.723943e+000  2.820000e+001
    endloop
  endfacet
  facet normal  9.238796e-001  3.826832e-001  0.000000e+000
    outer loop
      vertex  5.346039e+000  8.723943e+000  2.400000e+001
      vertex  5.346039e+000  8.723943e+000  2.820000e+001
      vertex  5.706339e+000  7.854102e+000  2.400000e+001
    endloop
  endfacet
  facet normal  9.238796e-001  3.826832e-001  -0.000000e+000
    outer loop
      vertex  5.706339e+000  7.854102e+000  2.400000e+001
      vertex  5.346039e+000  8.723943e+000  2.820000e+001
      vertex  5.706339e+000  7.854102e+000  2.820000e+001
    endloop
  endfacet
  facet normal  9.723700e-001  2.334453e-001  0.000000e+000
    outer loop
      vertex  5.706339e+000  7.854102e+000  2.400000e+001
      vertex  5.706339e+000  7.854102e+000  2.820000e+001
      vertex  5.926130e+000  6.938607e+000  2.400000e+001
    endloop
  endfacet
  facet normal  9.723700e-001  2.334453e-001  -0.000000e+000
    outer loop
      vertex  5.926130e+000  6.938607e+000  2.400000e+001
      vertex  5.706339e+000  7.854102e+000  2.820000e+001
      vertex  5.926130e+000  6.938607e+000  2.820000e+001
    endloop
  endfacet
  facet normal  9.969173e-001  7.845934e-002  0.000000e+000
    outer loop
      vertex  5.926130e+000  6.938607e+000  2.400000e+001
      vertex  5.926130e+000  6.938607e+000  2.820000e+001
      vertex  6.000000e+000  6.000000e+000  2.400000e+001
    endloop
  endfacet
  facet normal  9.969173e-001  7.845934e-002  -0.000000e+000
    outer loop
      vertex  6.000000e+000  6.000000e+000  2.400000e+001
      vertex  5.926130e+000  6.938607e+000  2.820000e+001
      vertex  6.000000e+000  6.000000e+000  2.820000e+001
    endloop
  endfacet
  facet normal -4.892026e-001 -8.721702e-001  -0.000000e+000
    outer loop
      vertex -2.499403e+000  5.453704e-001  2.400000e+001
      vertex -2.499403e+000  5.453704e-001  2.820000e+001
      vertex -3.351539e+000  1.023336e+000  2.400000e+001
    endloop
  endfacet
  facet normal -4.892026e-001 -8.721702e-001  0.000000e+000
    outer loop
      vertex -3.351539e+000  1.023336e+000  2.400000e+001
      vertex -2.499403e+000  5.453704e-001  2.820000e+001
      vertex -3.351539e+000  1.023336e+000  2.820000e+001
    endloop
  endfacet
  facet normal -6.242678e-001 -7.812104e-001  -0.000000e+000
    outer loop
      vertex -3.351539e+000  1.023336e+000  2.400000e+001
      vertex -3.351539e+000  1.023336e+000  2.820000e+001
      vertex -4.114804e+000  1.633263e+000  2.400000e+001
    endloop
  endfacet
  facet normal -6.242678e-001 -7.812104e-001  0.000000e+000
    outer loop
      vertex -4.114804e+000  1.633263e+000  2.400000e+001
      vertex -3.351539e+000  1.023336e+000  2.820000e+001
      vertex -4.114804e+000  1.633263e+000  2.820000e+001
    endloop
  endfacet
  facet normal -7.427796e-001 -6.695360e-001  -0.000000e+000
    outer loop
      vertex -4.114804e+000  1.633263e+000  2.400000e+001
      vertex -4.114804e+000  1.633263e+000  2.820000e+001
      vertex -4.768960e+000  2.358981e+000  2.400000e+001
    endloop
  endfacet
  facet normal -7.427796e-001 -6.695360e-001  0.000000e+000
    outer loop
      vertex -4.768960e+000  2.358981e+000  2.400000e+001
      vertex -4.114804e+000  1.633263e+000  2.820000e+001
      vertex -4.768960e+000  2.358981e+000  2.820000e+001
    endloop
  endfacet
  facet normal -8.415958e-001 -5.401077e-001  -0.000000e+000
    outer loop
      vertex -4.768960e+000  2.358981e+000  2.400000e+001
      vertex -4.768960e+000  2.358981e+000  2.820000e+001
      vertex -5.296661e+000  3.181244e+000  2.400000e+001
    endloop
  endfacet
  facet normal -8.415958e-001 -5.401077e-001  0.000000e+000
    outer loop
      vertex -5.296661e+000  3.181244e+000  2.400000e+001
      vertex -4.768960e+000  2.358981e+000  2.820000e+001
      vertex -5.296661e+000  3.181244e+000  2.820000e+001
    endloop
  endfacet
  facet normal -9.180961e-001 -3.963579e-001  -0.000000e+000
    outer loop
      vertex -5.296661e+000  3.181244e+000  2.400000e+001
      vertex -5.296661e+000  3.181244e+000  2.820000e+001
      vertex -5.683914e+000  4.078251e+000  2.400000e+001
    endloop
  endfacet
  facet normal -9.180961e-001 -3.963579e-001  0.000000e+000
    outer loop
      vertex -5.683914e+000  4.078251e+000  2.400000e+001
      vertex -5.296661e+000  3.181244e+000  2.820000e+001
      vertex -5.683914e+000  4.078251e+000  2.820000e+001
    endloop
  endfacet
  facet normal -9.702517e-001 -2.420983e-001  -0.000000e+000
    outer loop
      vertex -5.683914e+000  4.078251e+000  2.400000e+001
      vertex -5.683914e+000  4.078251e+000  2.820000e+001
      vertex -5.920451e+000  5.026215e+000  2.400000e+001
    endloop
  endfacet
  facet normal -9.702517e-001 -2.420983e-001  0.000000e+000
    outer loop
      vertex -5.920451e+000  5.026215e+000  2.400000e+001
      vertex -5.683914e+000  4.078251e+000  2.820000e+001
      vertex -5.920451e+000  5.026215e+000  2.820000e+001
    endloop
  endfacet
  facet normal -9.966800e-001 -8.141910e-002  -0.000000e+000
    outer loop
      vertex -5.920451e+000  5.026215e+000  2.400000e+001
      vertex -5.920451e+000  5.026215e+000  2.820000e+001
      vertex -6.000000e+000  6.000000e+000  2.400000e+001
    endloop
  endfacet
  facet normal -9.966800e-001 -8.141910e-002  0.000000e+000
    outer loop
      vertex -6.000000e+000  6.000000e+000  2.400000e+001
      vertex -5.920451e+000  5.026215e+000  2.820000e+001
      vertex -6.000000e+000  6.000000e+000  2.820000e+001
    endloop
  endfacet
  facet normal  9.966800e-001 -8.141910e-002  0.000000e+000
    outer loop
      vertex  6.000000e+000  6.000000e+000  2.400000e+001
      vertex  6.000000e+000  6.000000e+000  2.820000e+001
      vertex  5.920451e+000  5.026215e+000  2.400000e+001
    endloop
  endfacet
  facet normal  9.966800e-001 -8.141910e-002  0.000000e+000
    outer loop
      vertex  5.920451e+000  5.026215e+000  2.400000e+001
      vertex  6.000000e+000  6.000000e+000  2.820000e+001
      vertex  5.920451e+000  5.026215e+000  2.820000e+001
    endloop
  endfacet
  facet normal  9.702517e-001 -2.420983e-001  0.000000e+000
    outer loop
      vertex  5.920451e+000  5.026215e+000  2.400000e+001
      vertex  5.920451e+000  5.026215e+000  2.820000e+001
      vertex  5.683914e+000  4.078251e+000  2.400000e+001
    endloop
  endfacet
  facet normal  9.702517e-001 -2.420983e-001  0.000000e+000
    outer loop
      vertex  5.683914e+000  4.078251e+000  2.400000e+001
      vertex  5.920451e+000  5.026215e+000  2.820000e+001
      vertex  5.683914e+000  4.078251e+000  2.820000e+001
    endloop
  endfacet
  facet normal  9.180961e-001 -3.963579e-001  0.000000e+000
    outer loop
      vertex  5.683914e+000  4.078251e+000  2.400000e+001
      vertex  5.683914e+000  4.078251e+000  2.820000e+001
      vertex  5.296661e+000  3.181244e+000  2.400000e+001
    endloop
  endfacet
  facet normal  9.180961e-001 -3.963579e-001  0.000000e+000
    outer loop
      vertex  5.296661e+000  3.181244e+000  2.400000e+001
      vertex  5.683914e+000  4.078251e+000  2.820000e+001
      vertex  5.296661e+000  3.181244e+000  2.820000e+001
    endloop
  endfacet
  facet normal  8.415958e-001 -5.401077e-001  0.000000e+000
    outer loop
      vertex  5.296661e+000  3.181244e+000  2.400000e+001
      vertex  5.296661e+000  3.181244e+000  2.820000e+001
      vertex  4.768960e+000  2.358981e+000  2.400000e+001
    endloop
  endfacet
  facet normal  8.415958e-001 -5.401077e-001  0.000000e+000
    outer loop
      vertex  4.768960e+000  2.358981e+000  2.400000e+001
      vertex  5.296661e+000  3.181244e+000  2.820000e+001
      vertex  4.768960e+000  2.358981e+000  2.820000e+001
    endloop
  endfacet
  facet normal  7.427796e-001 -6.695360e-001  0.000000e+000
    outer loop
      vertex  4.768960e+000  2.358981e+000  2.400000e+001
      vertex  4.768960e+000  2.358981e+000  2.820000e+001
      vertex  4.114804e+000  1.633263e+000  2.400000e+001
    endloop
  endfacet
  facet normal  7.427796e-001 -6.695360e-001  0.000000e+000
    outer loop
      vertex  4.114804e+000  1.633263e+000  2.400000e+001
      vertex  4.768960e+000  2.358981e+000  2.820000e+001
      vertex  4.114804e+000  1.633263e+000  2.820000e+001
    endloop
  endfacet
  facet normal  6.242678e-001 -7.812104e-001  0.000000e+000
    outer loop
      vertex  4.114804e+000  1.633263e+000  2.400000e+001
      vertex  4.114804e+000  1.633263e+000  2.820000e+001
      vertex  3.351539e+000  1.023336e+000  2.400000e+001
    endloop
  endfacet
  facet normal  6.242678e-001 -7.812104e-001  0.000000e+000
    outer loop
      vertex  3.351539e+000  1.023336e+000  2.400000e+001
      vertex  4.114804e+000  1.633263e+000  2.820000e+001
      vertex  3.351539e+000  1.023336e+000  2.820000e+001
    endloop
  endfacet
  facet normal  4.892026e-001 -8.721702e-001  0.000000e+000
    outer loop
      vertex  3.351539e+000  1.023336e+000  2.400000e+001
      vertex  3.351539e+000  1.023336e+000  2.820000e+001
      vertex  2.499403e+000  5.453704e-001  2.400000e+001
    endloop
  endfacet
  facet normal  4.892026e-001 -8.721702e-001  0.000000e+000
    outer loop
      vertex  2.499403e+000  5.453704e-001  2.400000e+001
      vertex  3.351539e+000  1.023336e+000  2.820000e+001
      vertex  2.499403e+000  5.453704e-001  2.820000e+001
    endloop
  endfacet
  facet normal  0.000000e+000  0.000000e+000 -1.000000e+000
    outer loop
      vertex -6.000000e+000 -1.200000e+001  0.000000e+000
      vertex -6.000000e+000  1.200000e+001  0.000000e+000
      vertex  6.000000e+000 -1.200000e+001  0.000000e+000
    endloop
  endfacet
  facet normal  0.000000e+000  0.000000e+000 -1.000000e+000
    outer loop
      vertex  6.000000e+000 -1.200000e+001  0.000000e+000
      vertex -6.000000e+000  1.200000e+001  0.000000e+000
      vertex  6.000000e+000  1.200000e+001  0.000000e+000
    endloop
  endfacet
  facet normal  0.000000e+000  0.000000e+000  1.000000e+000
    outer loop
      vertex -5.000000e+000  1.050000e+001  1.000000e+000
      vertex -5.000000e+000 -1.050000e+001  1.000000e+000
      vertex  5.000000e+000  1.050000e+001  1.000000e+000
    endloop
  endfacet
  facet normal  0.000000e+000  0.000000e+000  1.000000e+000
    outer loop
      vertex  5.000000e+000  1.050000e+001  1.000000e+000
      vertex -5.000000e+000 -1.050000e+001  1.000000e+000
      vertex  5.000000e+000 -1.050000e+001  1.000000e+000
    endloop
  endfacet
  facet normal  0.000000e+000  1.000000e+000  0.000000e+000
    outer loop
      vertex  6.000000e+000  1.700000e+001  1.750000e+001
      vertex  7.500000e-001  1.700000e+001  1.750000e+001
      vertex  6.000000e+000  1.700000e+001  1.950000e+001
    endloop
  endfacet
  facet normal  0.000000e+000  1.000000e+000  0.000000e+000
    outer loop
      vertex  6.000000e+000  1.700000e+001  1.950000e+001
      vertex  7.500000e-001  1.700000e+001  1.750000e+001
      vertex  7.500000e-001  1.700000e+001  1.950000e+001
    endloop
  endfacet
  facet normal  0.000000e+000  1.000000e+000  0.000000e+000
    outer loop
      vertex -7.500000e-001  1.700000e+001  1.750000e+001
      vertex -6.000000e+000  1.700000e+001  1.750000e+001
      vertex -7.500000e-001  1.700000e+001  1.950000e+001
    endloop
  endfacet
  facet normal  0.000000e+000  1.000000e+000  0.000000e+000
    outer loop
      vertex -7.500000e-001  1.700000e+001  1.950000e+001
      vertex -6.000000e+000  1.700000e+001  1.750000e+001
      vertex -6.000000e+000  1.700000e+001  1.950000e+001
    endloop
  endfacet
  facet normal  0.000000e+000 -1.000000e+000  0.000000e+000
    outer loop
      vertex -6.000000e+000 -1.700000e+001  1.750000e+001
      vertex -7.500000e-001 -1.700000e+001  1.750000e+001
      vertex -6.000000e+000 -1.700000e+001  1.950000e+001
    endloop
  endfacet
  facet normal  0.000000e+000 -1.000000e+000  0.000000e+000
    outer loop
      vertex -6.000000e+000 -1.700000e+001  1.950000e+001
      vertex -7.500000e-001 -1.700000e+001  1.750000e+001
      vertex -7.500000e-001 -1.700000e+001  1.950000e+001
    endloop
  endfacet
  facet normal  0.000000e+000 -1.000000e+000  0.000000e+000
    outer loop
      vertex  7.500000e-001 -1.700000e+001  1.750000e+001
      vertex  6.000000e+000 -1.700000e+001  1.750000e+001
      vertex  7.500000e-001 -1.700000e+001  1.950000e+001
    endloop
  endfacet
  facet normal  0.000000e+000 -1.000000e+000  0.000000e+000
    outer loop
      vertex  7.500000e-001 -1.700000e+001  1.950000e+001
      vertex  6.000000e+000 -1.700000e+001  1.750000e+001
      vertex  6.000000e+000 -1.700000e+001  1.950000e+001
    endloop
  endfacet
  facet normal  -0.000000e+000  0.000000e+000 -1.000000e+000
    outer loop
      vertex -6.000000e+000 -1.200000e+001  1.750000e+001
      vertex  6.000000e+000 -1.200000e+001  1.750000e+001
      vertex  9.184851e-017 -1.250000e+001  1.750000e+001
    endloop
  endfacet
  facet normal  -0.000000e+000  0.000000e+000 -1.000000e+000
    outer loop
      vertex -6.000000e+000 -1.200000e+001  1.750000e+001
      vertex  9.184851e-017 -1.250000e+001  1.750000e+001
      vertex -4.635255e-001 -1.257341e+001  1.750000e+001
    endloop
  endfacet
  facet normal  -0.000000e+000  0.000000e+000 -1.000000e+000
    outer loop
      vertex -6.000000e+000 -1.200000e+001  1.750000e+001
      vertex -4.635255e-001 -1.257341e+001  1.750000e+001
      vertex -8.816779e-001 -1.278647e+001  1.750000e+001
    endloop
  endfacet
  facet normal  -0.000000e+000  0.000000e+000 -1.000000e+000
    outer loop
      vertex -6.000000e+000 -1.200000e+001  1.750000e+001
      vertex -8.816779e-001 -1.278647e+001  1.750000e+001
      vertex -1.213526e+000 -1.311832e+001  1.750000e+001
    endloop
  endfacet
  facet normal  -0.000000e+000  0.000000e+000 -1.000000e+000
    outer loop
      vertex -6.000000e+000 -1.200000e+001  1.750000e+001
      vertex -1.213526e+000 -1.311832e+001  1.750000e+001
      vertex -1.426585e+000 -1.353647e+001  1.750000e+001
    endloop
  endfacet
  facet normal  -0.000000e+000  0.000000e+000 -1.000000e+000
    outer loop
      vertex -6.000000e+000 -1.200000e+001  1.750000e+001
      vertex -1.426585e+000 -1.353647e+001  1.750000e+001
      vertex -1.500000e+000 -1.400000e+001  1.750000e+001
    endloop
  endfacet
  facet normal  -0.000000e+000  -0.000000e+000 -1.000000e+000
    outer loop
      vertex -6.000000e+000 -1.200000e+001  1.750000e+001
      vertex -1.500000e+000 -1.400000e+001  1.750000e+001
      vertex -1.448889e+000 -1.438823e+001  1.750000e+001
    endloop
  endfacet
  facet normal  -0.000000e+000  -0.000000e+000 -1.000000e+000
    outer loop
      vertex -6.000000e+000 -1.200000e+001  1.750000e+001
      vertex -1.448889e+000 -1.438823e+001  1.750000e+001
      vertex -1.299038e+000 -1.475000e+001  1.750000e+001
    endloop
  endfacet
  facet normal  -0.000000e+000  -0.000000e+000 -9.999999e-001
    outer loop
      vertex -6.000000e+000 -1.200000e+001  1.750000e+001
      vertex -1.299038e+000 -1.475000e+001  1.750000e+001
      vertex -1.060660e+000 -1.506066e+001  1.750000e+001
    endloop
  endfacet
  facet normal  -0.000000e+000  -0.000000e+000 -9.999999e-001
    outer loop
      vertex -6.000000e+000 -1.200000e+001  1.750000e+001
      vertex -1.060660e+000 -1.506066e+001  1.750000e+001
      vertex -7.500000e-001 -1.529904e+001  1.750000e+001
    endloop
  endfacet
  facet normal  -0.000000e+000  -0.000000e+000 -1.000000e+000
    outer loop
      vertex -6.000000e+000 -1.200000e+001  1.750000e+001
      vertex -7.500000e-001 -1.529904e+001  1.750000e+001
      vertex -7.500000e-001 -1.700000e+001  1.750000e+001
    endloop
  endfacet
  facet normal  0.000000e+000  0.000000e+000 -1.000000e+000
    outer loop
      vertex -6.000000e+000 -1.200000e+001  1.750000e+001
      vertex -7.500000e-001 -1.700000e+001  1.750000e+001
      vertex -6.000000e+000 -1.700000e+001  1.750000e+001
    endloop
  endfacet
  facet normal  0.000000e+000  0.000000e+000 -1.000000e+000
    outer loop
      vertex  6.000000e+000 -1.200000e+001  1.750000e+001
      vertex  6.000000e+000 -1.700000e+001  1.750000e+001
      vertex  7.500000e-001 -1.700000e+001  1.750000e+001
    endloop
  endfacet
  facet normal  0.000000e+000  0.000000e+000 -1.000000e+000
    outer loop
      vertex  6.000000e+000 -1.200000e+001  1.750000e+001
      vertex  7.500000e-001 -1.700000e+001  1.750000e+001
      vertex  7.500000e-001 -1.529904e+001  1.750000e+001
    endloop
  endfacet
  facet normal  0.000000e+000  0.000000e+000 -1.000000e+000
    outer loop
      vertex  6.000000e+000 -1.200000e+001  1.750000e+001
      vertex  7.500000e-001 -1.529904e+001  1.750000e+001
      vertex  1.060660e+000 -1.506066e+001  1.750000e+001
    endloop
  endfacet
  facet normal  0.000000e+000  0.000000e+000 -1.000000e+000
    outer loop
      vertex  6.000000e+000 -1.200000e+001  1.750000e+001
      vertex  1.060660e+000 -1.506066e+001  1.750000e+001
      vertex  1.299038e+000 -1.475000e+001  1.750000e+001
    endloop
  endfacet
  facet normal  0.000000e+000  0.000000e+000 -1.000000e+000
    outer loop
      vertex  6.000000e+000 -1.200000e+001  1.750000e+001
      vertex  1.299038e+000 -1.475000e+001  1.750000e+001
      vertex  1.448889e+000 -1.438823e+001  1.750000e+001
    endloop
  endfacet
  facet normal  0.000000e+000  0.000000e+000 -1.000000e+000
    outer loop
      vertex  6.000000e+000 -1.200000e+001  1.750000e+001
      vertex  1.448889e+000 -1.438823e+001  1.750000e+001
      vertex  1.500000e+000 -1.400000e+001  1.750000e+001
    endloop
  endfacet
  facet normal  0.000000e+000  0.000000e+000 -1.000000e+000
    outer loop
      vertex  6.000000e+000 -1.200000e+001  1.750000e+001
      vertex  1.500000e+000 -1.400000e+001  1.750000e+001
      vertex  1.426585e+000 -1.353647e+001  1.750000e+001
    endloop
  endfacet
  facet normal  0.000000e+000  0.000000e+000 -1.000000e+000
    outer loop
      vertex  6.000000e+000 -1.200000e+001  1.750000e+001
      vertex  1.426585e+000 -1.353647e+001  1.750000e+001
      vertex  1.213526e+000 -1.311832e+001  1.750000e+001
    endloop
  endfacet
  facet normal  0.000000e+000  0.000000e+000 -1.000000e+000
    outer loop
      vertex  6.000000e+000 -1.200000e+001  1.750000e+001
      vertex  1.213526e+000 -1.311832e+001  1.750000e+001
      vertex  8.816779e-001 -1.278647e+001  1.750000e+001
    endloop
  endfacet
  facet normal  0.000000e+000  0.000000e+000 -1.000000e+000
    outer loop
      vertex  6.000000e+000 -1.200000e+001  1.750000e+001
      vertex  8.816779e-001 -1.278647e+001  1.750000e+001
      vertex  4.635255e-001 -1.257341e+001  1.750000e+001
    endloop
  endfacet
  facet normal  0.000000e+000  0.000000e+000 -1.000000e+000
    outer loop
      vertex  6.000000e+000 -1.200000e+001  1.750000e+001
      vertex  4.635255e-001 -1.257341e+001  1.750000e+001
      vertex  9.184851e-017 -1.250000e+001  1.750000e+001
    endloop
  endfacet
  facet normal  -0.000000e+000  0.000000e+000  1.000000e+000
    outer loop
      vertex  6.000000e+000 -1.200000e+001  1.950000e+001
      vertex -6.000000e+000 -1.200000e+001  1.950000e+001
      vertex  9.184851e-017 -1.250000e+001  1.950000e+001
    endloop
  endfacet
  facet normal  -0.000000e+000  0.000000e+000  1.000000e+000
    outer loop
      vertex  6.000000e+000 -1.200000e+001  1.950000e+001
      vertex  9.184851e-017 -1.250000e+001  1.950000e+001
      vertex  4.635255e-001 -1.257341e+001  1.950000e+001
    endloop
  endfacet
  facet normal  -0.000000e+000  0.000000e+000  1.000000e+000
    outer loop
      vertex  6.000000e+000 -1.200000e+001  1.950000e+001
      vertex  4.635255e-001 -1.257341e+001  1.950000e+001
      vertex  8.816779e-001 -1.278647e+001  1.950000e+001
    endloop
  endfacet
  facet normal  -0.000000e+000  0.000000e+000  1.000000e+000
    outer loop
      vertex  6.000000e+000 -1.200000e+001  1.950000e+001
      vertex  8.816779e-001 -1.278647e+001  1.950000e+001
      vertex  1.213526e+000 -1.311832e+001  1.950000e+001
    endloop
  endfacet
  facet normal  -0.000000e+000  0.000000e+000  1.000000e+000
    outer loop
      vertex  6.000000e+000 -1.200000e+001  1.950000e+001
      vertex  1.213526e+000 -1.311832e+001  1.950000e+001
      vertex  1.426585e+000 -1.353647e+001  1.950000e+001
    endloop
  endfacet
  facet normal  -0.000000e+000  0.000000e+000  1.000000e+000
    outer loop
      vertex  6.000000e+000 -1.200000e+001  1.950000e+001
      vertex  1.426585e+000 -1.353647e+001  1.950000e+001
      vertex  1.500000e+000 -1.400000e+001  1.950000e+001
    endloop
  endfacet
  facet normal  -0.000000e+000  0.000000e+000  1.000000e+000
    outer loop
      vertex  6.000000e+000 -1.200000e+001  1.950000e+001
      vertex  1.500000e+000 -1.400000e+001  1.950000e+001
      vertex  1.448889e+000 -1.438823e+001  1.950000e+001
    endloop
  endfacet
  facet normal  -0.000000e+000  0.000000e+000  1.000000e+000
    outer loop
      vertex  6.000000e+000 -1.200000e+001  1.950000e+001
      vertex  1.448889e+000 -1.438823e+001  1.950000e+001
      vertex  1.299038e+000 -1.475000e+001  1.950000e+001
    endloop
  endfacet
  facet normal  -0.000000e+000  0.000000e+000  9.999999e-001
    outer loop
      vertex  6.000000e+000 -1.200000e+001  1.950000e+001
      vertex  1.299038e+000 -1.475000e+001  1.950000e+001
      vertex  1.060660e+000 -1.506066e+001  1.950000e+001
    endloop
  endfacet
  facet normal  -0.000000e+000  0.000000e+000  9.999999e-001
    outer loop
      vertex  6.000000e+000 -1.200000e+001  1.950000e+001
      vertex  1.060660e+000 -1.506066e+001  1.950000e+001
      vertex  7.500000e-001 -1.529904e+001  1.950000e+001
    endloop
  endfacet
  facet normal  -0.000000e+000  0.000000e+000  1.000000e+000
    outer loop
      vertex  6.000000e+000 -1.200000e+001  1.950000e+001
      vertex  7.500000e-001 -1.529904e+001  1.950000e+001
      vertex  7.500000e-001 -1.700000e+001  1.950000e+001
    endloop
  endfacet
  facet normal  0.000000e+000  0.000000e+000  1.000000e+000
    outer loop
      vertex  6.000000e+000 -1.200000e+001  1.950000e+001
      vertex  7.500000e-001 -1.700000e+001  1.950000e+001
      vertex  6.000000e+000 -1.700000e+001  1.950000e+001
    endloop
  endfacet
  facet normal  0.000000e+000  0.000000e+000  1.000000e+000
    outer loop
      vertex -6.000000e+000 -1.200000e+001  1.950000e+001
      vertex -6.000000e+000 -1.700000e+001  1.950000e+001
      vertex -7.500000e-001 -1.700000e+001  1.950000e+001
    endloop
  endfacet
  facet normal  0.000000e+000  -0.000000e+000  1.000000e+000
    outer loop
      vertex -6.000000e+000 -1.200000e+001  1.950000e+001
      vertex -7.500000e-001 -1.700000e+001  1.950000e+001
      vertex -7.500000e-001 -1.529904e+001  1.950000e+001
    endloop
  endfacet
  facet normal  0.000000e+000  0.000000e+000  1.000000e+000
    outer loop
      vertex -6.000000e+000 -1.200000e+001  1.950000e+001
      vertex -7.500000e-001 -1.529904e+001  1.950000e+001
      vertex -1.060660e+000 -1.506066e+001  1.950000e+001
    endloop
  endfacet
  facet normal  0.000000e+000  0.000000e+000  1.000000e+000
    outer loop
      vertex -6.000000e+000 -1.200000e+001  1.950000e+001
      vertex -1.060660e+000 -1.506066e+001  1.950000e+001
      vertex -1.299038e+000 -1.475000e+001  1.950000e+001
    endloop
  endfacet
  facet normal  0.000000e+000  0.000000e+000  1.000000e+000
    outer loop
      vertex -6.000000e+000 -1.200000e+001  1.950000e+001
      vertex -1.299038e+000 -1.475000e+001  1.950000e+001
      vertex -1.448889e+000 -1.438823e+001  1.950000e+001
    endloop
  endfacet
  facet normal  0.000000e+000  0.000000e+000  1.000000e+000
    outer loop
      vertex -6.000000e+000 -1.200000e+001  1.950000e+001
      vertex -1.448889e+000 -1.438823e+001  1.950000e+001
      vertex -1.500000e+000 -1.400000e+001  1.950000e+001
    endloop
  endfacet
  facet normal  0.000000e+000  -0.000000e+000  1.000000e+000
    outer loop
      vertex -6.000000e+000 -1.200000e+001  1.950000e+001
      vertex -1.500000e+000 -1.400000e+001  1.950000e+001
      vertex -1.426585e+000 -1.353647e+001  1.950000e+001
    endloop
  endfacet
  facet normal  0.000000e+000  -0.000000e+000  1.000000e+000
    outer loop
      vertex -6.000000e+000 -1.200000e+001  1.950000e+001
      vertex -1.426585e+000 -1.353647e+001  1.950000e+001
      vertex -1.213526e+000 -1.311832e+001  1.950000e+001
    endloop
  endfacet
  facet normal  0.000000e+000  -0.000000e+000  1.000000e+000
    outer loop
      vertex -6.000000e+000 -1.200000e+001  1.950000e+001
      vertex -1.213526e+000 -1.311832e+001  1.950000e+001
      vertex -8.816779e-001 -1.278647e+001  1.950000e+001
    endloop
  endfacet
  facet normal  0.000000e+000  -0.000000e+000  1.000000e+000
    outer loop
      vertex -6.000000e+000 -1.200000e+001  1.950000e+001
      vertex -8.816779e-001 -1.278647e+001  1.950000e+001
      vertex -4.635255e-001 -1.257341e+001  1.950000e+001
    endloop
  endfacet
  facet normal  0.000000e+000  -0.000000e+000  1.000000e+000
    outer loop
      vertex -6.000000e+000 -1.200000e+001  1.950000e+001
      vertex -4.635255e-001 -1.257341e+001  1.950000e+001
      vertex  9.184851e-017 -1.250000e+001  1.950000e+001
    endloop
  endfacet
  facet normal  0.000000e+000  0.000000e+000 -1.000000e+000
    outer loop
      vertex  6.000000e+000  1.200000e+001  1.750000e+001
      vertex -6.000000e+000  1.200000e+001  1.750000e+001
      vertex -2.755455e-016  1.250000e+001  1.750000e+001
    endloop
  endfacet
  facet normal  0.000000e+000  0.000000e+000 -1.000000e+000
    outer loop
      vertex  6.000000e+000  1.200000e+001  1.750000e+001
      vertex -2.755455e-016  1.250000e+001  1.750000e+001
      vertex  4.635255e-001  1.257341e+001  1.750000e+001
    endloop
  endfacet
  facet normal  0.000000e+000  0.000000e+000 -1.000000e+000
    outer loop
      vertex  6.000000e+000  1.200000e+001  1.750000e+001
      vertex  4.635255e-001  1.257341e+001  1.750000e+001
      vertex  8.816779e-001  1.278647e+001  1.750000e+001
    endloop
  endfacet
  facet normal  0.000000e+000  0.000000e+000 -1.000000e+000
    outer loop
      vertex  6.000000e+000  1.200000e+001  1.750000e+001
      vertex  8.816779e-001  1.278647e+001  1.750000e+001
      vertex  1.213526e+000  1.311832e+001  1.750000e+001
    endloop
  endfacet
  facet normal  0.000000e+000  0.000000e+000 -1.000000e+000
    outer loop
      vertex  6.000000e+000  1.200000e+001  1.750000e+001
      vertex  1.213526e+000  1.311832e+001  1.750000e+001
      vertex  1.426585e+000  1.353647e+001  1.750000e+001
    endloop
  endfacet
  facet normal  0.000000e+000  0.000000e+000 -1.000000e+000
    outer loop
      vertex  6.000000e+000  1.200000e+001  1.750000e+001
      vertex  1.426585e+000  1.353647e+001  1.750000e+001
      vertex  1.500000e+000  1.400000e+001  1.750000e+001
    endloop
  endfacet
  facet normal  0.000000e+000  0.000000e+000 -1.000000e+000
    outer loop
      vertex  6.000000e+000  1.200000e+001  1.750000e+001
      vertex  1.500000e+000  1.400000e+001  1.750000e+001
      vertex  1.448889e+000  1.438823e+001  1.750000e+001
    endloop
  endfacet
  facet normal  0.000000e+000  0.000000e+000 -1.000000e+000
    outer loop
      vertex  6.000000e+000  1.200000e+001  1.750000e+001
      vertex  1.448889e+000  1.438823e+001  1.750000e+001
      vertex  1.299038e+000  1.475000e+001  1.750000e+001
    endloop
  endfacet
  facet normal  0.000000e+000  0.000000e+000 -9.999999e-001
    outer loop
      vertex  6.000000e+000  1.200000e+001  1.750000e+001
      vertex  1.299038e+000  1.475000e+001  1.750000e+001
      vertex  1.060660e+000  1.506066e+001  1.750000e+001
    endloop
  endfacet
  facet normal  0.000000e+000  0.000000e+000 -9.999999e-001
    outer loop
      vertex  6.000000e+000  1.200000e+001  1.750000e+001
      vertex  1.060660e+000  1.506066e+001  1.750000e+001
      vertex  7.500000e-001  1.529904e+001  1.750000e+001
    endloop
  endfacet
  facet normal  0.000000e+000  0.000000e+000 -1.000000e+000
    outer loop
      vertex  6.000000e+000  1.200000e+001  1.750000e+001
      vertex  7.500000e-001  1.529904e+001  1.750000e+001
      vertex  7.500000e-001  1.700000e+001  1.750000e+001
    endloop
  endfacet
  facet normal  0.000000e+000  0.000000e+000 -1.000000e+000
    outer loop
      vertex  6.000000e+000  1.200000e+001  1.750000e+001
      vertex  7.500000e-001  1.700000e+001  1.750000e+001
      vertex  6.000000e+000  1.700000e+001  1.750000e+001
    endloop
  endfacet
  facet normal  0.000000e+000  0.000000e+000 -1.000000e+000
    outer loop
      vertex -6.000000e+000  1.200000e+001  1.750000e+001
      vertex -6.000000e+000  1.700000e+001  1.750000e+001
      vertex -7.500000e-001  1.700000e+001  1.750000e+001
    endloop
  endfacet
  facet normal  0.000000e+000  -0.000000e+000 -1.000000e+000
    outer loop
      vertex -6.000000e+000  1.200000e+001  1.750000e+001
      vertex -7.500000e-001  1.700000e+001  1.750000e+001
      vertex -7.500000e-001  1.529904e+001  1.750000e+001
    endloop
  endfacet
  facet normal  0.000000e+000  0.000000e+000 -1.000000e+000
    outer loop
      vertex -6.000000e+000  1.200000e+001  1.750000e+001
      vertex -7.500000e-001  1.529904e+001  1.750000e+001
      vertex -1.060660e+000  1.506066e+001  1.750000e+001
    endloop
  endfacet
  facet normal  0.000000e+000  0.000000e+000 -1.000000e+000
    outer loop
      vertex -6.000000e+000  1.200000e+001  1.750000e+001
      vertex -1.060660e+000  1.506066e+001  1.750000e+001
      vertex -1.299038e+000  1.475000e+001  1.750000e+001
    endloop
  endfacet
  facet normal  0.000000e+000  0.000000e+000 -1.000000e+000
    outer loop
      vertex -6.000000e+000  1.200000e+001  1.750000e+001
      vertex -1.299038e+000  1.475000e+001  1.750000e+001
      vertex -1.448889e+000  1.438823e+001  1.750000e+001
    endloop
  endfacet
  facet normal  0.000000e+000  0.000000e+000 -1.000000e+000
    outer loop
      vertex -6.000000e+000  1.200000e+001  1.750000e+001
      vertex -1.448889e+000  1.438823e+001  1.750000e+001
      vertex -1.500000e+000  1.400000e+001  1.750000e+001
    endloop
  endfacet
  facet normal  0.000000e+000  -0.000000e+000 -1.000000e+000
    outer loop
      vertex -6.000000e+000  1.200000e+001  1.750000e+001
      vertex -1.500000e+000  1.400000e+001  1.750000e+001
      vertex -1.426585e+000  1.353647e+001  1.750000e+001
    endloop
  endfacet
  facet normal  0.000000e+000  -0.000000e+000 -1.000000e+000
    outer loop
      vertex -6.000000e+000  1.200000e+001  1.750000e+001
      vertex -1.426585e+000  1.353647e+001  1.750000e+001
      vertex -1.213526e+000  1.311832e+001  1.750000e+001
    endloop
  endfacet
  facet normal  0.000000e+000  -0.000000e+000 -1.000000e+000
    outer loop
      vertex -6.000000e+000  1.200000e+001  1.750000e+001
      vertex -1.213526e+000  1.311832e+001  1.750000e+001
      vertex -8.816779e-001  1.278647e+001  1.750000e+001
    endloop
  endfacet
  facet normal  0.000000e+000  -0.000000e+000 -1.000000e+000
    outer loop
      vertex -6.000000e+000  1.200000e+001  1.750000e+001
      vertex -8.816779e-001  1.278647e+001  1.750000e+001
      vertex -4.635255e-001  1.257341e+001  1.750000e+001
    endloop
  endfacet
  facet normal  0.000000e+000  -0.000000e+000 -1.000000e+000
    outer loop
      vertex -6.000000e+000  1.200000e+001  1.750000e+001
      vertex -4.635255e-001  1.257341e+001  1.750000e+001
      vertex -2.755455e-016  1.250000e+001  1.750000e+001
    endloop
  endfacet
  facet normal  0.000000e+000  0.000000e+000  1.000000e+000
    outer loop
      vertex -6.000000e+000  1.200000e+001  1.950000e+001
      vertex  6.000000e+000  1.200000e+001  1.950000e+001
      vertex -2.755455e-016  1.250000e+001  1.950000e+001
    endloop
  endfacet
  facet normal  0.000000e+000  0.000000e+000  1.000000e+000
    outer loop
      vertex -6.000000e+000  1.200000e+001  1.950000e+001
      vertex -2.755455e-016  1.250000e+001  1.950000e+001
      vertex -4.635255e-001  1.257341e+001  1.950000e+001
    endloop
  endfacet
  facet normal  0.000000e+000  0.000000e+000  1.000000e+000
    outer loop
      vertex -6.000000e+000  1.200000e+001  1.950000e+001
      vertex -4.635255e-001  1.257341e+001  1.950000e+001
      vertex -8.816779e-001  1.278647e+001  1.950000e+001
    endloop
  endfacet
  facet normal  0.000000e+000  0.000000e+000  1.000000e+000
    outer loop
      vertex -6.000000e+000  1.200000e+001  1.950000e+001
      vertex -8.816779e-001  1.278647e+001  1.950000e+001
      vertex -1.213526e+000  1.311832e+001  1.950000e+001
    endloop
  endfacet
  facet normal  0.000000e+000  0.000000e+000  1.000000e+000
    outer loop
      vertex -6.000000e+000  1.200000e+001  1.950000e+001
      vertex -1.213526e+000  1.311832e+001  1.950000e+001
      vertex -1.426585e+000  1.353647e+001  1.950000e+001
    endloop
  endfacet
  facet normal  0.000000e+000  0.000000e+000  1.000000e+000
    outer loop
      vertex -6.000000e+000  1.200000e+001  1.950000e+001
      vertex -1.426585e+000  1.353647e+001  1.950000e+001
      vertex -1.500000e+000  1.400000e+001  1.950000e+001
    endloop
  endfacet
  facet normal  0.000000e+000  -0.000000e+000  1.000000e+000
    outer loop
      vertex -6.000000e+000  1.200000e+001  1.950000e+001
      vertex -1.500000e+000  1.400000e+001  1.950000e+001
      vertex -1.448889e+000  1.438823e+001  1.950000e+001
    endloop
  endfacet
  facet normal  0.000000e+000  -0.000000e+000  1.000000e+000
    outer loop
      vertex -6.000000e+000  1.200000e+001  1.950000e+001
      vertex -1.448889e+000  1.438823e+001  1.950000e+001
      vertex -1.299038e+000  1.475000e+001  1.950000e+001
    endloop
  endfacet
  facet normal  0.000000e+000  -0.000000e+000  9.999999e-001
    outer loop
      vertex -6.000000e+000  1.200000e+001  1.950000e+001
      vertex -1.299038e+000  1.475000e+001  1.950000e+001
      vertex -1.060660e+000  1.506066e+001  1.950000e+001
    endloop
  endfacet
  facet normal  0.000000e+000  -0.000000e+000  9.999999e-001
    outer loop
      vertex -6.000000e+000  1.200000e+001  1.950000e+001
      vertex -1.060660e+000  1.506066e+001  1.950000e+001
      vertex -7.500000e-001  1.529904e+001  1.950000e+001
    endloop
  endfacet
  facet normal  0.000000e+000  -0.000000e+000  1.000000e+000
    outer loop
      vertex -6.000000e+000  1.200000e+001  1.950000e+001
      vertex -7.500000e-001  1.529904e+001  1.950000e+001
      vertex -7.500000e-001  1.700000e+001  1.950000e+001
    endloop
  endfacet
  facet normal  0.000000e+000  0.000000e+000  1.000000e+000
    outer loop
      vertex -6.000000e+000  1.200000e+001  1.950000e+001
      vertex -7.500000e-001  1.700000e+001  1.950000e+001
      vertex -6.000000e+000  1.700000e+001  1.950000e+001
    endloop
  endfacet
  facet normal  0.000000e+000  0.000000e+000  1.000000e+000
    outer loop
      vertex  6.000000e+000  1.200000e+001  1.950000e+001
      vertex  6.000000e+000  1.700000e+001  1.950000e+001
      vertex  7.500000e-001  1.700000e+001  1.950000e+001
    endloop
  endfacet
  facet normal  0.000000e+000  0.000000e+000  1.000000e+000
    outer loop
      vertex  6.000000e+000  1.200000e+001  1.950000e+001
      vertex  7.500000e-001  1.700000e+001  1.950000e+001
      vertex  7.500000e-001  1.529904e+001  1.950000e+001
    endloop
  endfacet
  facet normal  0.000000e+000  0.000000e+000  1.000000e+000
    outer loop
      vertex  6.000000e+000  1.200000e+001  1.950000e+001
      vertex  7.500000e-001  1.529904e+001  1.950000e+001
      vertex  1.060660e+000  1.506066e+001  1.950000e+001
    endloop
  endfacet
  facet normal  0.000000e+000  0.000000e+000  1.000000e+000
    outer loop
      vertex  6.000000e+000  1.200000e+001  1.950000e+001
      vertex  1.060660e+000  1.506066e+001  1.950000e+001
      vertex  1.299038e+000  1.475000e+001  1.950000e+001
    endloop
  endfacet
  facet normal  0.000000e+000  0.000000e+000  1.000000e+000
    outer loop
      vertex  6.000000e+000  1.200000e+001  1.950000e+001
      vertex  1.299038e+000  1.475000e+001  1.950000e+001
      vertex  1.448889e+000  1.438823e+001  1.950000e+001
    endloop
  endfacet
  facet normal  0.000000e+000  0.000000e+000  1.000000e+000
    outer loop
      vertex  6.000000e+000  1.200000e+001  1.950000e+001
      vertex  1.448889e+000  1.438823e+001  1.950000e+001
      vertex  1.500000e+000  1.400000e+001  1.950000e+001
    endloop
  endfacet
  facet normal  0.000000e+000  0.000000e+000  1.000000e+000
    outer loop
      vertex  6.000000e+000  1.200000e+001  1.950000e+001
      vertex  1.500000e+000  1.400000e+001  1.950000e+001
      vertex  1.426585e+000  1.353647e+001  1.950000e+001
    endloop
  endfacet
  facet normal  0.000000e+000  0.000000e+000  1.000000e+000
    outer loop
      vertex  6.000000e+000  1.200000e+001  1.950000e+001
      vertex  1.426585e+000  1.353647e+001  1.950000e+001
      vertex  1.213526e+000  1.311832e+001  1.950000e+001
    endloop
  endfacet
  facet normal  0.000000e+000  0.000000e+000  1.000000e+000
    outer loop
      vertex  6.000000e+000  1.200000e+001  1.950000e+001
      vertex  1.213526e+000  1.311832e+001  1.950000e+001
      vertex  8.816779e-001  1.278647e+001  1.950000e+001
    endloop
  endfacet
  facet normal  0.000000e+000  0.000000e+000  1.000000e+000
    outer loop
      vertex  6.000000e+000  1.200000e+001  1.950000e+001
      vertex  8.816779e-001  1.278647e+001  1.950000e+001
      vertex  4.635255e-001  1.257341e+001  1.950000e+001
    endloop
  endfacet
  facet normal  0.000000e+000  0.000000e+000  1.000000e+000
    outer loop
      vertex  6.000000e+000  1.200000e+001  1.950000e+001
      vertex  4.635255e-001  1.257341e+001  1.950000e+001
      vertex -2.755455e-016  1.250000e+001  1.950000e+001
    endloop
  endfacet
  facet normal  7.933535e-001  6.087612e-001  0.000000e+000
    outer loop
      vertex -1.299038e+000 -1.475000e+001  1.750000e+001
      vertex -1.060660e+000 -1.506066e+001  1.950000e+001
      vertex -1.060660e+000 -1.506066e+001  1.750000e+001
    endloop
  endfacet
  facet normal  6.087609e-001  7.933537e-001  -0.000000e+000
    outer loop
      vertex -1.060660e+000 -1.506066e+001  1.750000e+001
      vertex -1.060660e+000 -1.506066e+001  1.950000e+001
      vertex -7.500000e-001 -1.529904e+001  1.950000e+001
    endloop
  endfacet
  facet normal  6.087609e-001  7.933537e-001  0.000000e+000
    outer loop
      vertex -1.060660e+000 -1.506066e+001  1.750000e+001
      vertex -7.500000e-001 -1.529904e+001  1.950000e+001
      vertex -7.500000e-001 -1.529904e+001  1.750000e+001
    endloop
  endfacet
  facet normal  7.933535e-001  6.087612e-001  -0.000000e+000
    outer loop
      vertex -1.060660e+000 -1.506066e+001  1.950000e+001
      vertex -1.299038e+000 -1.475000e+001  1.750000e+001
      vertex -1.299038e+000 -1.475000e+001  1.950000e+001
    endloop
  endfacet
  facet normal  9.238794e-001  3.826835e-001  0.000000e+000
    outer loop
      vertex -1.299038e+000 -1.475000e+001  1.950000e+001
      vertex -1.299038e+000 -1.475000e+001  1.750000e+001
      vertex -1.448889e+000 -1.438823e+001  1.750000e+001
    endloop
  endfacet
  facet normal  9.238794e-001  3.826835e-001  -0.000000e+000
    outer loop
      vertex -1.299038e+000 -1.475000e+001  1.950000e+001
      vertex -1.448889e+000 -1.438823e+001  1.750000e+001
      vertex -1.448889e+000 -1.438823e+001  1.950000e+001
    endloop
  endfacet
  facet normal  9.914449e-001  1.305262e-001  0.000000e+000
    outer loop
      vertex -1.448889e+000 -1.438823e+001  1.950000e+001
      vertex -1.448889e+000 -1.438823e+001  1.750000e+001
      vertex -1.500000e+000 -1.400000e+001  1.750000e+001
    endloop
  endfacet
  facet normal  9.914449e-001  1.305262e-001  -0.000000e+000
    outer loop
      vertex -1.448889e+000 -1.438823e+001  1.950000e+001
      vertex -1.500000e+000 -1.400000e+001  1.750000e+001
      vertex -1.500000e+000 -1.400000e+001  1.950000e+001
    endloop
  endfacet
  facet normal -9.238794e-001  3.826835e-001  0.000000e+000
    outer loop
      vertex  1.299038e+000 -1.475000e+001  1.750000e+001
      vertex  1.448889e+000 -1.438823e+001  1.950000e+001
      vertex  1.448889e+000 -1.438823e+001  1.750000e+001
    endloop
  endfacet
  facet normal -9.914449e-001  1.305262e-001  0.000000e+000
    outer loop
      vertex  1.448889e+000 -1.438823e+001  1.750000e+001
      vertex  1.448889e+000 -1.438823e+001  1.950000e+001
      vertex  1.500000e+000 -1.400000e+001  1.950000e+001
    endloop
  endfacet
  facet normal -9.914449e-001  1.305262e-001  0.000000e+000
    outer loop
      vertex  1.448889e+000 -1.438823e+001  1.750000e+001
      vertex  1.500000e+000 -1.400000e+001  1.950000e+001
      vertex  1.500000e+000 -1.400000e+001  1.750000e+001
    endloop
  endfacet
  facet normal -9.238794e-001  3.826835e-001  0.000000e+000
    outer loop
      vertex  1.448889e+000 -1.438823e+001  1.950000e+001
      vertex  1.299038e+000 -1.475000e+001  1.750000e+001
      vertex  1.299038e+000 -1.475000e+001  1.950000e+001
    endloop
  endfacet
  facet normal -7.933535e-001  6.087612e-001  0.000000e+000
    outer loop
      vertex  1.299038e+000 -1.475000e+001  1.950000e+001
      vertex  1.299038e+000 -1.475000e+001  1.750000e+001
      vertex  1.060660e+000 -1.506066e+001  1.750000e+001
    endloop
  endfacet
  facet normal -7.933535e-001  6.087612e-001  0.000000e+000
    outer loop
      vertex  1.299038e+000 -1.475000e+001  1.950000e+001
      vertex  1.060660e+000 -1.506066e+001  1.750000e+001
      vertex  1.060660e+000 -1.506066e+001  1.950000e+001
    endloop
  endfacet
  facet normal -6.087609e-001  7.933537e-001  0.000000e+000
    outer loop
      vertex  1.060660e+000 -1.506066e+001  1.950000e+001
      vertex  1.060660e+000 -1.506066e+001  1.750000e+001
      vertex  7.500000e-001 -1.529904e+001  1.750000e+001
    endloop
  endfacet
  facet normal -6.087609e-001  7.933537e-001  0.000000e+000
    outer loop
      vertex  1.060660e+000 -1.506066e+001  1.950000e+001
      vertex  7.500000e-001 -1.529904e+001  1.750000e+001
      vertex  7.500000e-001 -1.529904e+001  1.950000e+001
    endloop
  endfacet
  facet normal -7.933535e-001 -6.087612e-001  -0.000000e+000
    outer loop
      vertex  1.299038e+000  1.475000e+001  1.750000e+001
      vertex  1.060660e+000  1.506066e+001  1.950000e+001
      vertex  1.060660e+000  1.506066e+001  1.750000e+001
    endloop
  endfacet
  facet normal -6.087609e-001 -7.933537e-001  0.000000e+000
    outer loop
      vertex  1.060660e+000  1.506066e+001  1.750000e+001
      vertex  1.060660e+000  1.506066e+001  1.950000e+001
      vertex  7.500000e-001  1.529904e+001  1.950000e+001
    endloop
  endfacet
  facet normal -6.087609e-001 -7.933537e-001  -0.000000e+000
    outer loop
      vertex  1.060660e+000  1.506066e+001  1.750000e+001
      vertex  7.500000e-001  1.529904e+001  1.950000e+001
      vertex  7.500000e-001  1.529904e+001  1.750000e+001
    endloop
  endfacet
  facet normal -7.933535e-001 -6.087612e-001  0.000000e+000
    outer loop
      vertex  1.060660e+000  1.506066e+001  1.950000e+001
      vertex  1.299038e+000  1.475000e+001  1.750000e+001
      vertex  1.299038e+000  1.475000e+001  1.950000e+001
    endloop
  endfacet
  facet normal -9.238794e-001 -3.826835e-001  -0.000000e+000
    outer loop
      vertex  1.299038e+000  1.475000e+001  1.950000e+001
      vertex  1.299038e+000  1.475000e+001  1.750000e+001
      vertex  1.448889e+000  1.438823e+001  1.750000e+001
    endloop
  endfacet
  facet normal -9.238794e-001 -3.826835e-001  0.000000e+000
    outer loop
      vertex  1.299038e+000  1.475000e+001  1.950000e+001
      vertex  1.448889e+000  1.438823e+001  1.750000e+001
      vertex  1.448889e+000  1.438823e+001  1.950000e+001
    endloop
  endfacet
  facet normal -9.914449e-001 -1.305262e-001  -0.000000e+000
    outer loop
      vertex  1.448889e+000  1.438823e+001  1.950000e+001
      vertex  1.448889e+000  1.438823e+001  1.750000e+001
      vertex  1.500000e+000  1.400000e+001  1.750000e+001
    endloop
  endfacet
  facet normal -9.914449e-001 -1.305262e-001  0.000000e+000
    outer loop
      vertex  1.448889e+000  1.438823e+001  1.950000e+001
      vertex  1.500000e+000  1.400000e+001  1.750000e+001
      vertex  1.500000e+000  1.400000e+001  1.950000e+001
    endloop
  endfacet
  facet normal  9.238794e-001 -3.826835e-001  0.000000e+000
    outer loop
      vertex -1.299038e+000  1.475000e+001  1.750000e+001
      vertex -1.448889e+000  1.438823e+001  1.950000e+001
      vertex -1.448889e+000  1.438823e+001  1.750000e+001
    endloop
  endfacet
  facet normal  9.914449e-001 -1.305262e-001  0.000000e+000
    outer loop
      vertex -1.448889e+000  1.438823e+001  1.750000e+001
      vertex -1.448889e+000  1.438823e+001  1.950000e+001
      vertex -1.500000e+000  1.400000e+001  1.950000e+001
    endloop
  endfacet
  facet normal  9.914449e-001 -1.305262e-001  0.000000e+000
    outer loop
      vertex -1.448889e+000  1.438823e+001  1.750000e+001
      vertex -1.500000e+000  1.400000e+001  1.950000e+001
      vertex -1.500000e+000  1.400000e+001  1.750000e+001
    endloop
  endfacet
  facet normal  9.238794e-001 -3.826835e-001  0.000000e+000
    outer loop
      vertex -1.448889e+000  1.438823e+001  1.950000e+001
      vertex -1.299038e+000  1.475000e+001  1.750000e+001
      vertex -1.299038e+000  1.475000e+001  1.950000e+001
    endloop
  endfacet
  facet normal  7.933535e-001 -6.087612e-001  0.000000e+000
    outer loop
      vertex -1.299038e+000  1.475000e+001  1.950000e+001
      vertex -1.299038e+000  1.475000e+001  1.750000e+001
      vertex -1.060660e+000  1.506066e+001  1.750000e+001
    endloop
  endfacet
  facet normal  7.933535e-001 -6.087612e-001  0.000000e+000
    outer loop
      vertex -1.299038e+000  1.475000e+001  1.950000e+001
      vertex -1.060660e+000  1.506066e+001  1.750000e+001
      vertex -1.060660e+000  1.506066e+001  1.950000e+001
    endloop
  endfacet
  facet normal  6.087609e-001 -7.933537e-001  0.000000e+000
    outer loop
      vertex -1.060660e+000  1.506066e+001  1.950000e+001
      vertex -1.060660e+000  1.506066e+001  1.750000e+001
      vertex -7.500000e-001  1.529904e+001  1.750000e+001
    endloop
  endfacet
  facet normal  6.087609e-001 -7.933537e-001  0.000000e+000
    outer loop
      vertex -1.060660e+000  1.506066e+001  1.950000e+001
      vertex -7.500000e-001  1.529904e+001  1.750000e+001
      vertex -7.500000e-001  1.529904e+001  1.950000e+001
    endloop
  endfacet
  facet normal  1.000000e+000  0.000000e+000  0.000000e+000
    outer loop
      vertex -7.500000e-001  1.529904e+001  1.750000e+001
      vertex -7.500000e-001  1.700000e+001  1.750000e+001
      vertex -7.500000e-001  1.529904e+001  1.950000e+001
    endloop
  endfacet
  facet normal  1.000000e+000  -0.000000e+000  0.000000e+000
    outer loop
      vertex -7.500000e-001  1.529904e+001  1.950000e+001
      vertex -7.500000e-001  1.700000e+001  1.750000e+001
      vertex -7.500000e-001  1.700000e+001  1.950000e+001
    endloop
  endfacet
  facet normal -1.000000e+000  0.000000e+000  0.000000e+000
    outer loop
      vertex  7.500000e-001  1.700000e+001  1.750000e+001
      vertex  7.500000e-001  1.529904e+001  1.750000e+001
      vertex  7.500000e-001  1.700000e+001  1.950000e+001
    endloop
  endfacet
  facet normal -1.000000e+000  -0.000000e+000  0.000000e+000
    outer loop
      vertex  7.500000e-001  1.700000e+001  1.950000e+001
      vertex  7.500000e-001  1.529904e+001  1.750000e+001
      vertex  7.500000e-001  1.529904e+001  1.950000e+001
    endloop
  endfacet
  facet normal  1.000000e+000  0.000000e+000  0.000000e+000
    outer loop
      vertex -7.500000e-001 -1.700000e+001  1.750000e+001
      vertex -7.500000e-001 -1.529904e+001  1.750000e+001
      vertex -7.500000e-001 -1.700000e+001  1.950000e+001
    endloop
  endfacet
  facet normal  1.000000e+000  -0.000000e+000  0.000000e+000
    outer loop
      vertex -7.500000e-001 -1.700000e+001  1.950000e+001
      vertex -7.500000e-001 -1.529904e+001  1.750000e+001
      vertex -7.500000e-001 -1.529904e+001  1.950000e+001
    endloop
  endfacet
  facet normal -1.000000e+000  0.000000e+000  0.000000e+000
    outer loop
      vertex  7.500000e-001 -1.529904e+001  1.750000e+001
      vertex  7.500000e-001 -1.700000e+001  1.750000e+001
      vertex  7.500000e-001 -1.529904e+001  1.950000e+001
    endloop
  endfacet
  facet normal -1.000000e+000  -0.000000e+000  0.000000e+000
    outer loop
      vertex  7.500000e-001 -1.529904e+001  1.950000e+001
      vertex  7.500000e-001 -1.700000e+001  1.750000e+001
      vertex  7.500000e-001 -1.700000e+001  1.950000e+001
    endloop
  endfacet
  facet normal  1.564336e-001 -9.876884e-001  0.000000e+000
    outer loop
      vertex  9.184851e-017 -1.250000e+001  1.750000e+001
      vertex -4.635255e-001 -1.257341e+001  1.950000e+001
      vertex -4.635255e-001 -1.257341e+001  1.750000e+001
    endloop
  endfacet
  facet normal  4.539908e-001 -8.910064e-001  0.000000e+000
    outer loop
      vertex -4.635255e-001 -1.257341e+001  1.750000e+001
      vertex -4.635255e-001 -1.257341e+001  1.950000e+001
      vertex -8.816779e-001 -1.278647e+001  1.950000e+001
    endloop
  endfacet
  facet normal  4.539908e-001 -8.910064e-001  0.000000e+000
    outer loop
      vertex -4.635255e-001 -1.257341e+001  1.750000e+001
      vertex -8.816779e-001 -1.278647e+001  1.950000e+001
      vertex -8.816779e-001 -1.278647e+001  1.750000e+001
    endloop
  endfacet
  facet normal  7.071072e-001 -7.071062e-001  0.000000e+000
    outer loop
      vertex -8.816779e-001 -1.278647e+001  1.750000e+001
      vertex -8.816779e-001 -1.278647e+001  1.950000e+001
      vertex -1.213526e+000 -1.311832e+001  1.950000e+001
    endloop
  endfacet
  facet normal  7.071072e-001 -7.071062e-001  0.000000e+000
    outer loop
      vertex -8.816779e-001 -1.278647e+001  1.750000e+001
      vertex -1.213526e+000 -1.311832e+001  1.950000e+001
      vertex -1.213526e+000 -1.311832e+001  1.750000e+001
    endloop
  endfacet
  facet normal  8.910065e-001 -4.539908e-001  0.000000e+000
    outer loop
      vertex -1.213526e+000 -1.311832e+001  1.750000e+001
      vertex -1.213526e+000 -1.311832e+001  1.950000e+001
      vertex -1.426585e+000 -1.353647e+001  1.950000e+001
    endloop
  endfacet
  facet normal  8.910065e-001 -4.539908e-001  0.000000e+000
    outer loop
      vertex -1.213526e+000 -1.311832e+001  1.750000e+001
      vertex -1.426585e+000 -1.353647e+001  1.950000e+001
      vertex -1.426585e+000 -1.353647e+001  1.750000e+001
    endloop
  endfacet
  facet normal  9.876884e-001 -1.564345e-001  0.000000e+000
    outer loop
      vertex -1.426585e+000 -1.353647e+001  1.750000e+001
      vertex -1.426585e+000 -1.353647e+001  1.950000e+001
      vertex -1.500000e+000 -1.400000e+001  1.950000e+001
    endloop
  endfacet
  facet normal  9.876884e-001 -1.564345e-001  0.000000e+000
    outer loop
      vertex -1.426585e+000 -1.353647e+001  1.750000e+001
      vertex -1.500000e+000 -1.400000e+001  1.950000e+001
      vertex -1.500000e+000 -1.400000e+001  1.750000e+001
    endloop
  endfacet
  facet normal  1.564336e-001 -9.876884e-001  0.000000e+000
    outer loop
      vertex -4.635255e-001 -1.257341e+001  1.950000e+001
      vertex  9.184851e-017 -1.250000e+001  1.750000e+001
      vertex  9.184851e-017 -1.250000e+001  1.950000e+001
    endloop
  endfacet
  facet normal -1.564336e-001 -9.876884e-001  -0.000000e+000
    outer loop
      vertex  9.184851e-017 -1.250000e+001  1.950000e+001
      vertex  9.184851e-017 -1.250000e+001  1.750000e+001
      vertex  4.635255e-001 -1.257341e+001  1.750000e+001
    endloop
  endfacet
  facet normal -1.564336e-001 -9.876884e-001  0.000000e+000
    outer loop
      vertex  9.184851e-017 -1.250000e+001  1.950000e+001
      vertex  4.635255e-001 -1.257341e+001  1.750000e+001
      vertex  4.635255e-001 -1.257341e+001  1.950000e+001
    endloop
  endfacet
  facet normal -4.539908e-001 -8.910064e-001  -0.000000e+000
    outer loop
      vertex  4.635255e-001 -1.257341e+001  1.950000e+001
      vertex  4.635255e-001 -1.257341e+001  1.750000e+001
      vertex  8.816779e-001 -1.278647e+001  1.750000e+001
    endloop
  endfacet
  facet normal -4.539908e-001 -8.910064e-001  0.000000e+000
    outer loop
      vertex  4.635255e-001 -1.257341e+001  1.950000e+001
      vertex  8.816779e-001 -1.278647e+001  1.750000e+001
      vertex  8.816779e-001 -1.278647e+001  1.950000e+001
    endloop
  endfacet
  facet normal -7.071072e-001 -7.071062e-001  -0.000000e+000
    outer loop
      vertex  8.816779e-001 -1.278647e+001  1.950000e+001
      vertex  8.816779e-001 -1.278647e+001  1.750000e+001
      vertex  1.213526e+000 -1.311832e+001  1.750000e+001
    endloop
  endfacet
  facet normal -7.071072e-001 -7.071062e-001  0.000000e+000
    outer loop
      vertex  8.816779e-001 -1.278647e+001  1.950000e+001
      vertex  1.213526e+000 -1.311832e+001  1.750000e+001
      vertex  1.213526e+000 -1.311832e+001  1.950000e+001
    endloop
  endfacet
  facet normal -8.910065e-001 -4.539908e-001  -0.000000e+000
    outer loop
      vertex  1.213526e+000 -1.311832e+001  1.950000e+001
      vertex  1.213526e+000 -1.311832e+001  1.750000e+001
      vertex  1.426585e+000 -1.353647e+001  1.750000e+001
    endloop
  endfacet
  facet normal -8.910065e-001 -4.539908e-001  0.000000e+000
    outer loop
      vertex  1.213526e+000 -1.311832e+001  1.950000e+001
      vertex  1.426585e+000 -1.353647e+001  1.750000e+001
      vertex  1.426585e+000 -1.353647e+001  1.950000e+001
    endloop
  endfacet
  facet normal -9.876884e-001 -1.564345e-001  -0.000000e+000
    outer loop
      vertex  1.426585e+000 -1.353647e+001  1.950000e+001
      vertex  1.426585e+000 -1.353647e+001  1.750000e+001
      vertex  1.500000e+000 -1.400000e+001  1.750000e+001
    endloop
  endfacet
  facet normal -9.876884e-001 -1.564345e-001  0.000000e+000
    outer loop
      vertex  1.426585e+000 -1.353647e+001  1.950000e+001
      vertex  1.500000e+000 -1.400000e+001  1.750000e+001
      vertex  1.500000e+000 -1.400000e+001  1.950000e+001
    endloop
  endfacet
  facet normal -1.564336e-001  9.876884e-001  0.000000e+000
    outer loop
      vertex -2.755455e-016  1.250000e+001  1.750000e+001
      vertex  4.635255e-001  1.257341e+001  1.950000e+001
      vertex  4.635255e-001  1.257341e+001  1.750000e+001
    endloop
  endfacet
  facet normal -4.539908e-001  8.910064e-001  0.000000e+000
    outer loop
      vertex  4.635255e-001  1.257341e+001  1.750000e+001
      vertex  4.635255e-001  1.257341e+001  1.950000e+001
      vertex  8.816779e-001  1.278647e+001  1.950000e+001
    endloop
  endfacet
  facet normal -4.539908e-001  8.910064e-001  0.000000e+000
    outer loop
      vertex  4.635255e-001  1.257341e+001  1.750000e+001
      vertex  8.816779e-001  1.278647e+001  1.950000e+001
      vertex  8.816779e-001  1.278647e+001  1.750000e+001
    endloop
  endfacet
  facet normal -7.071072e-001  7.071062e-001  0.000000e+000
    outer loop
      vertex  8.816779e-001  1.278647e+001  1.750000e+001
      vertex  8.816779e-001  1.278647e+001  1.950000e+001
      vertex  1.213526e+000  1.311832e+001  1.950000e+001
    endloop
  endfacet
  facet normal -7.071072e-001  7.071062e-001  0.000000e+000
    outer loop
      vertex  8.816779e-001  1.278647e+001  1.750000e+001
      vertex  1.213526e+000  1.311832e+001  1.950000e+001
      vertex  1.213526e+000  1.311832e+001  1.750000e+001
    endloop
  endfacet
  facet normal -8.910065e-001  4.539908e-001  0.000000e+000
    outer loop
      vertex  1.213526e+000  1.311832e+001  1.750000e+001
      vertex  1.213526e+000  1.311832e+001  1.950000e+001
      vertex  1.426585e+000  1.353647e+001  1.950000e+001
    endloop
  endfacet
  facet normal -8.910065e-001  4.539908e-001  0.000000e+000
    outer loop
      vertex  1.213526e+000  1.311832e+001  1.750000e+001
      vertex  1.426585e+000  1.353647e+001  1.950000e+001
      vertex  1.426585e+000  1.353647e+001  1.750000e+001
    endloop
  endfacet
  facet normal -9.876884e-001  1.564345e-001  0.000000e+000
    outer loop
      vertex  1.426585e+000  1.353647e+001  1.750000e+001
      vertex  1.426585e+000  1.353647e+001  1.950000e+001
      vertex  1.500000e+000  1.400000e+001  1.950000e+001
    endloop
  endfacet
  facet normal -9.876884e-001  1.564345e-001  0.000000e+000
    outer loop
      vertex  1.426585e+000  1.353647e+001  1.750000e+001
      vertex  1.500000e+000  1.400000e+001  1.950000e+001
      vertex  1.500000e+000  1.400000e+001  1.750000e+001
    endloop
  endfacet
  facet normal -1.564336e-001  9.876884e-001  0.000000e+000
    outer loop
      vertex  4.635255e-001  1.257341e+001  1.950000e+001
      vertex -2.755455e-016  1.250000e+001  1.750000e+001
      vertex -2.755455e-016  1.250000e+001  1.950000e+001
    endloop
  endfacet
  facet normal  1.564336e-001  9.876884e-001  0.000000e+000
    outer loop
      vertex -2.755455e-016  1.250000e+001  1.950000e+001
      vertex -2.755455e-016  1.250000e+001  1.750000e+001
      vertex -4.635255e-001  1.257341e+001  1.750000e+001
    endloop
  endfacet
  facet normal  1.564336e-001  9.876884e-001  -0.000000e+000
    outer loop
      vertex -2.755455e-016  1.250000e+001  1.950000e+001
      vertex -4.635255e-001  1.257341e+001  1.750000e+001
      vertex -4.635255e-001  1.257341e+001  1.950000e+001
    endloop
  endfacet
  facet normal  4.539908e-001  8.910064e-001  0.000000e+000
    outer loop
      vertex -4.635255e-001  1.257341e+001  1.950000e+001
      vertex -4.635255e-001  1.257341e+001  1.750000e+001
      vertex -8.816779e-001  1.278647e+001  1.750000e+001
    endloop
  endfacet
  facet normal  4.539908e-001  8.910064e-001  -0.000000e+000
    outer loop
      vertex -4.635255e-001  1.257341e+001  1.950000e+001
      vertex -8.816779e-001  1.278647e+001  1.750000e+001
      vertex -8.816779e-001  1.278647e+001  1.950000e+001
    endloop
  endfacet
  facet normal  7.071072e-001  7.071062e-001  0.000000e+000
    outer loop
      vertex -8.816779e-001  1.278647e+001  1.950000e+001
      vertex -8.816779e-001  1.278647e+001  1.750000e+001
      vertex -1.213526e+000  1.311832e+001  1.750000e+001
    endloop
  endfacet
  facet normal  7.071072e-001  7.071062e-001  -0.000000e+000
    outer loop
      vertex -8.816779e-001  1.278647e+001  1.950000e+001
      vertex -1.213526e+000  1.311832e+001  1.750000e+001
      vertex -1.213526e+000  1.311832e+001  1.950000e+001
    endloop
  endfacet
  facet normal  8.910065e-001  4.539908e-001  0.000000e+000
    outer loop
      vertex -1.213526e+000  1.311832e+001  1.950000e+001
      vertex -1.213526e+000  1.311832e+001  1.750000e+001
      vertex -1.426585e+000  1.353647e+001  1.750000e+001
    endloop
  endfacet
  facet normal  8.910065e-001  4.539908e-001  -0.000000e+000
    outer loop
      vertex -1.213526e+000  1.311832e+001  1.950000e+001
      vertex -1.426585e+000  1.353647e+001  1.750000e+001
      vertex -1.426585e+000  1.353647e+001  1.950000e+001
    endloop
  endfacet
  facet normal  9.876884e-001  1.564345e-001  0.000000e+000
    outer loop
      vertex -1.426585e+000  1.353647e+001  1.950000e+001
      vertex -1.426585e+000  1.353647e+001  1.750000e+001
      vertex -1.500000e+000  1.400000e+001  1.750000e+001
    endloop
  endfacet
  facet normal  9.876884e-001  1.564345e-001  -0.000000e+000
    outer loop
      vertex -1.426585e+000  1.353647e+001  1.950000e+001
      vertex -1.500000e+000  1.400000e+001  1.750000e+001
      vertex -1.500000e+000  1.400000e+001  1.950000e+001
    endloop
  endfacet
endsolid CATIA STL
