solid CATIA STL
  facet normal  0.000000e+000  0.000000e+000 -1.000000e+000
    outer loop
      vertex  1.974288e-001 -1.436689e+001  5.000000e+000
      vertex -5.257117e-002 -1.429991e+001  5.000000e+000
      vertex -3.765232e-002 -1.109993e+001  5.000000e+000
    endloop
  endfacet
  facet normal  -0.000000e+000  0.000000e+000 -1.000000e+000
    outer loop
      vertex -3.765232e-002 -1.109993e+001  5.000000e+000
      vertex -3.025712e-001 -1.436689e+001  5.000000e+000
      vertex -4.855839e-001 -1.454991e+001  5.000000e+000
    endloop
  endfacet
  facet normal  -0.000000e+000  0.000000e+000 -1.000000e+000
    outer loop
      vertex -3.765232e-002 -1.109993e+001  5.000000e+000
      vertex -5.257117e-002 -1.429991e+001  5.000000e+000
      vertex -3.025712e-001 -1.436689e+001  5.000000e+000
    endloop
  endfacet
  facet normal  0.000000e+000  0.000000e+000 -1.000000e+000
    outer loop
      vertex  3.953604e-001 -1.034993e+001  5.000000e+000
      vertex -6.429396e-016 -3.500000e+000  5.000000e+000
      vertex  4.623477e-001 -1.059993e+001  5.000000e+000
    endloop
  endfacet
  facet normal  0.000000e+000  0.000000e+000 -1.000000e+000
    outer loop
      vertex  2.123477e-001 -1.016692e+001  5.000000e+000
      vertex -6.429396e-016 -3.500000e+000  5.000000e+000
      vertex  3.953604e-001 -1.034993e+001  5.000000e+000
    endloop
  endfacet
  facet normal  0.000000e+000  -0.000000e+000 -1.000000e+000
    outer loop
      vertex -3.765232e-002 -1.009993e+001  5.000000e+000
      vertex -6.429396e-016 -3.500000e+000  5.000000e+000
      vertex  2.123477e-001 -1.016692e+001  5.000000e+000
    endloop
  endfacet
  facet normal  0.000000e+000  0.000000e+000 -1.000000e+000
    outer loop
      vertex  1.974288e-001 -1.436689e+001  5.000000e+000
      vertex -3.765232e-002 -1.109993e+001  5.000000e+000
      vertex  3.804415e-001 -1.454991e+001  5.000000e+000
    endloop
  endfacet
  facet normal  0.000000e+000  0.000000e+000 -1.000000e+000
    outer loop
      vertex  2.178977e+000 -1.766297e+001  5.000000e+000
      vertex  2.071367e+000 -1.819566e+001  5.000000e+000
      vertex  2.500000e-001 -1.793301e+001  5.000000e+000
    endloop
  endfacet
  facet normal  0.000000e+000  0.000000e+000 -1.000000e+000
    outer loop
      vertex  2.178977e+000 -1.766297e+001  5.000000e+000
      vertex  2.500000e-001 -1.793301e+001  5.000000e+000
      vertex  4.330127e-001 -1.775000e+001  5.000000e+000
    endloop
  endfacet
  facet normal  0.000000e+000  0.000000e+000 -1.000000e+000
    outer loop
      vertex  2.178977e+000 -1.766297e+001  5.000000e+000
      vertex  4.330127e-001 -1.775000e+001  5.000000e+000
      vertex  5.000000e-001 -1.750000e+001  5.000000e+000
    endloop
  endfacet
  facet normal  0.000000e+000  0.000000e+000 -1.000000e+000
    outer loop
      vertex  2.178977e+000 -1.766297e+001  5.000000e+000
      vertex  5.000000e-001 -1.750000e+001  5.000000e+000
      vertex  4.330127e-001 -1.725000e+001  5.000000e+000
    endloop
  endfacet
  facet normal  0.000000e+000  0.000000e+000 -1.000000e+000
    outer loop
      vertex  2.178977e+000 -1.766297e+001  5.000000e+000
      vertex  4.330127e-001 -1.725000e+001  5.000000e+000
      vertex  2.500000e-001 -1.706699e+001  5.000000e+000
    endloop
  endfacet
  facet normal  0.000000e+000  0.000000e+000 -1.000000e+000
    outer loop
      vertex  2.178977e+000 -1.766297e+001  5.000000e+000
      vertex  2.500000e-001 -1.706699e+001  5.000000e+000
      vertex  1.974288e-001 -1.523292e+001  5.000000e+000
    endloop
  endfacet
  facet normal  0.000000e+000  0.000000e+000 -9.999999e-001
    outer loop
      vertex  2.178977e+000 -1.766297e+001  5.000000e+000
      vertex  1.974288e-001 -1.523292e+001  5.000000e+000
      vertex  3.804415e-001 -1.504991e+001  5.000000e+000
    endloop
  endfacet
  facet normal  0.000000e+000  0.000000e+000 -1.000000e+000
    outer loop
      vertex  2.178977e+000 -1.766297e+001  5.000000e+000
      vertex  3.804415e-001 -1.504991e+001  5.000000e+000
      vertex  4.474288e-001 -1.479991e+001  5.000000e+000
    endloop
  endfacet
  facet normal  0.000000e+000  0.000000e+000 -1.000000e+000
    outer loop
      vertex  2.178977e+000 -1.766297e+001  5.000000e+000
      vertex  4.474288e-001 -1.479991e+001  5.000000e+000
      vertex  3.804415e-001 -1.454991e+001  5.000000e+000
    endloop
  endfacet
  facet normal  0.000000e+000  0.000000e+000 -1.000000e+000
    outer loop
      vertex  2.178977e+000 -1.766297e+001  5.000000e+000
      vertex  3.804415e-001 -1.454991e+001  5.000000e+000
      vertex -3.765232e-002 -1.109993e+001  5.000000e+000
    endloop
  endfacet
  facet normal  0.000000e+000  0.000000e+000 -1.000000e+000
    outer loop
      vertex  2.178977e+000 -1.766297e+001  5.000000e+000
      vertex -3.765232e-002 -1.109993e+001  5.000000e+000
      vertex  2.123477e-001 -1.103295e+001  5.000000e+000
    endloop
  endfacet
  facet normal  0.000000e+000  0.000000e+000 -1.000000e+000
    outer loop
      vertex  2.178977e+000 -1.766297e+001  5.000000e+000
      vertex  2.123477e-001 -1.103295e+001  5.000000e+000
      vertex  3.953604e-001 -1.084993e+001  5.000000e+000
    endloop
  endfacet
  facet normal  0.000000e+000  0.000000e+000 -1.000000e+000
    outer loop
      vertex  2.178977e+000 -1.766297e+001  5.000000e+000
      vertex  3.953604e-001 -1.084993e+001  5.000000e+000
      vertex  4.623477e-001 -1.059993e+001  5.000000e+000
    endloop
  endfacet
  facet normal  0.000000e+000  0.000000e+000 -1.000000e+000
    outer loop
      vertex  2.178977e+000 -1.766297e+001  5.000000e+000
      vertex  4.623477e-001 -1.059993e+001  5.000000e+000
      vertex -6.429396e-016 -3.500000e+000  5.000000e+000
    endloop
  endfacet
  facet normal  0.000000e+000  0.000000e+000 -9.999999e-001
    outer loop
      vertex  2.178977e+000 -1.766297e+001  5.000000e+000
      vertex -6.429396e-016 -3.500000e+000  5.000000e+000
      vertex  7.058718e-001 -3.428082e+000  5.000000e+000
    endloop
  endfacet
  facet normal  0.000000e+000  0.000000e+000 -1.000000e+000
    outer loop
      vertex  2.178977e+000 -1.766297e+001  5.000000e+000
      vertex  7.058718e-001 -3.428082e+000  5.000000e+000
      vertex  1.382735e+000 -3.215283e+000  5.000000e+000
    endloop
  endfacet
  facet normal  0.000000e+000  0.000000e+000 -1.000000e+000
    outer loop
      vertex  2.178977e+000 -1.766297e+001  5.000000e+000
      vertex  1.382735e+000 -3.215283e+000  5.000000e+000
      vertex  2.002773e+000 -2.870348e+000  5.000000e+000
    endloop
  endfacet
  facet normal  0.000000e+000  0.000000e+000 -1.000000e+000
    outer loop
      vertex  2.178977e+000 -1.766297e+001  5.000000e+000
      vertex  2.002773e+000 -2.870348e+000  5.000000e+000
      vertex  2.540505e+000 -2.407454e+000  5.000000e+000
    endloop
  endfacet
  facet normal  0.000000e+000  -0.000000e+000 -1.000000e+000
    outer loop
      vertex  2.178977e+000 -1.766297e+001  5.000000e+000
      vertex  2.540505e+000 -2.407454e+000  5.000000e+000
      vertex  2.973832e+000 -1.845622e+000  5.000000e+000
    endloop
  endfacet
  facet normal  0.000000e+000  -0.000000e+000 -1.000000e+000
    outer loop
      vertex  2.178977e+000 -1.766297e+001  5.000000e+000
      vertex  2.973832e+000 -1.845622e+000  5.000000e+000
      vertex  3.284947e+000 -1.207943e+000  5.000000e+000
    endloop
  endfacet
  facet normal  0.000000e+000  -0.000000e+000 -1.000000e+000
    outer loop
      vertex  2.178977e+000 -1.766297e+001  5.000000e+000
      vertex  3.284947e+000 -1.207943e+000  5.000000e+000
      vertex  3.461062e+000 -5.206215e-001  5.000000e+000
    endloop
  endfacet
  facet normal  0.000000e+000  0.000000e+000 -1.000000e+000
    outer loop
      vertex -2.178977e+000 -1.766297e+001  5.000000e+000
      vertex -3.461062e+000 -5.206215e-001  5.000000e+000
      vertex -3.284947e+000 -1.207943e+000  5.000000e+000
    endloop
  endfacet
  facet normal  0.000000e+000  0.000000e+000 -1.000000e+000
    outer loop
      vertex -2.178977e+000 -1.766297e+001  5.000000e+000
      vertex -3.284947e+000 -1.207943e+000  5.000000e+000
      vertex -2.973832e+000 -1.845622e+000  5.000000e+000
    endloop
  endfacet
  facet normal  0.000000e+000  0.000000e+000 -1.000000e+000
    outer loop
      vertex -2.178977e+000 -1.766297e+001  5.000000e+000
      vertex -2.973832e+000 -1.845622e+000  5.000000e+000
      vertex -2.540505e+000 -2.407454e+000  5.000000e+000
    endloop
  endfacet
  facet normal  0.000000e+000  0.000000e+000 -1.000000e+000
    outer loop
      vertex -2.178977e+000 -1.766297e+001  5.000000e+000
      vertex -2.540505e+000 -2.407454e+000  5.000000e+000
      vertex -2.002773e+000 -2.870348e+000  5.000000e+000
    endloop
  endfacet
  facet normal  0.000000e+000  -0.000000e+000 -1.000000e+000
    outer loop
      vertex -2.178977e+000 -1.766297e+001  5.000000e+000
      vertex -2.002773e+000 -2.870348e+000  5.000000e+000
      vertex -1.382735e+000 -3.215283e+000  5.000000e+000
    endloop
  endfacet
  facet normal  0.000000e+000  -0.000000e+000 -1.000000e+000
    outer loop
      vertex -2.178977e+000 -1.766297e+001  5.000000e+000
      vertex -1.382735e+000 -3.215283e+000  5.000000e+000
      vertex -7.058718e-001 -3.428082e+000  5.000000e+000
    endloop
  endfacet
  facet normal  0.000000e+000  -0.000000e+000 -1.000000e+000
    outer loop
      vertex -2.178977e+000 -1.766297e+001  5.000000e+000
      vertex -7.058718e-001 -3.428082e+000  5.000000e+000
      vertex -5.376523e-001 -1.059993e+001  5.000000e+000
    endloop
  endfacet
  facet normal  0.000000e+000  -0.000000e+000 -9.999999e-001
    outer loop
      vertex -2.178977e+000 -1.766297e+001  5.000000e+000
      vertex -5.376523e-001 -1.059993e+001  5.000000e+000
      vertex -4.706650e-001 -1.084993e+001  5.000000e+000
    endloop
  endfacet
  facet normal  0.000000e+000  -0.000000e+000 -1.000000e+000
    outer loop
      vertex -2.178977e+000 -1.766297e+001  5.000000e+000
      vertex -4.706650e-001 -1.084993e+001  5.000000e+000
      vertex -2.876523e-001 -1.103295e+001  5.000000e+000
    endloop
  endfacet
  facet normal  0.000000e+000  -0.000000e+000 -9.999999e-001
    outer loop
      vertex -2.178977e+000 -1.766297e+001  5.000000e+000
      vertex -2.876523e-001 -1.103295e+001  5.000000e+000
      vertex -3.765232e-002 -1.109993e+001  5.000000e+000
    endloop
  endfacet
  facet normal  0.000000e+000  0.000000e+000 -1.000000e+000
    outer loop
      vertex -2.178977e+000 -1.766297e+001  5.000000e+000
      vertex -3.765232e-002 -1.109993e+001  5.000000e+000
      vertex -4.855839e-001 -1.454991e+001  5.000000e+000
    endloop
  endfacet
  facet normal  0.000000e+000  0.000000e+000 -1.000000e+000
    outer loop
      vertex -2.178977e+000 -1.766297e+001  5.000000e+000
      vertex -4.855839e-001 -1.454991e+001  5.000000e+000
      vertex -5.525712e-001 -1.479991e+001  5.000000e+000
    endloop
  endfacet
  facet normal  0.000000e+000  -0.000000e+000 -1.000000e+000
    outer loop
      vertex -2.178977e+000 -1.766297e+001  5.000000e+000
      vertex -5.525712e-001 -1.479991e+001  5.000000e+000
      vertex -4.855839e-001 -1.504991e+001  5.000000e+000
    endloop
  endfacet
  facet normal  0.000000e+000  -0.000000e+000 -9.999999e-001
    outer loop
      vertex -2.178977e+000 -1.766297e+001  5.000000e+000
      vertex -4.855839e-001 -1.504991e+001  5.000000e+000
      vertex -3.025712e-001 -1.523292e+001  5.000000e+000
    endloop
  endfacet
  facet normal  0.000000e+000  -0.000000e+000 -1.000000e+000
    outer loop
      vertex -2.178977e+000 -1.766297e+001  5.000000e+000
      vertex -3.025712e-001 -1.523292e+001  5.000000e+000
      vertex -5.257117e-002 -1.529991e+001  5.000000e+000
    endloop
  endfacet
  facet normal  0.000000e+000  0.000000e+000 -1.000000e+000
    outer loop
      vertex -2.178977e+000 -1.766297e+001  5.000000e+000
      vertex -5.257117e-002 -1.529991e+001  5.000000e+000
      vertex -2.500000e-001 -1.706699e+001  5.000000e+000
    endloop
  endfacet
  facet normal  0.000000e+000  0.000000e+000 -1.000000e+000
    outer loop
      vertex -2.178977e+000 -1.766297e+001  5.000000e+000
      vertex -2.500000e-001 -1.706699e+001  5.000000e+000
      vertex -4.330127e-001 -1.725000e+001  5.000000e+000
    endloop
  endfacet
  facet normal  0.000000e+000  0.000000e+000 -1.000000e+000
    outer loop
      vertex -2.178977e+000 -1.766297e+001  5.000000e+000
      vertex -4.330127e-001 -1.725000e+001  5.000000e+000
      vertex -5.000000e-001 -1.750000e+001  5.000000e+000
    endloop
  endfacet
  facet normal  0.000000e+000  -0.000000e+000 -1.000000e+000
    outer loop
      vertex -2.178977e+000 -1.766297e+001  5.000000e+000
      vertex -5.000000e-001 -1.750000e+001  5.000000e+000
      vertex -4.330127e-001 -1.775000e+001  5.000000e+000
    endloop
  endfacet
  facet normal  -0.000000e+000  -0.000000e+000 -1.000000e+000
    outer loop
      vertex -2.178977e+000 -1.766297e+001  5.000000e+000
      vertex -4.330127e-001 -1.775000e+001  5.000000e+000
      vertex -2.500000e-001 -1.793301e+001  5.000000e+000
    endloop
  endfacet
  facet normal  -0.000000e+000  0.000000e+000 -1.000000e+000
    outer loop
      vertex -2.178977e+000 -1.766297e+001  5.000000e+000
      vertex -2.500000e-001 -1.793301e+001  5.000000e+000
      vertex -2.071367e+000 -1.819566e+001  5.000000e+000
    endloop
  endfacet
  facet normal  0.000000e+000  0.000000e+000 -1.000000e+000
    outer loop
      vertex -2.071367e+000 -1.819566e+001  5.000000e+000
      vertex -2.500000e-001 -1.793301e+001  5.000000e+000
      vertex -5.392328e-001 -1.961748e+001  5.000000e+000
    endloop
  endfacet
  facet normal  0.000000e+000  0.000000e+000 -9.999999e-001
    outer loop
      vertex -2.071367e+000 -1.819566e+001  5.000000e+000
      vertex -5.392328e-001 -1.961748e+001  5.000000e+000
      vertex -1.045110e+000 -1.941892e+001  5.000000e+000
    endloop
  endfacet
  facet normal  0.000000e+000  0.000000e+000 -1.000000e+000
    outer loop
      vertex -2.071367e+000 -1.819566e+001  5.000000e+000
      vertex -1.045110e+000 -1.941892e+001  5.000000e+000
      vertex -1.486339e+000 -1.910165e+001  5.000000e+000
    endloop
  endfacet
  facet normal  0.000000e+000  0.000000e+000 -1.000000e+000
    outer loop
      vertex -2.071367e+000 -1.819566e+001  5.000000e+000
      vertex -1.486339e+000 -1.910165e+001  5.000000e+000
      vertex -1.835627e+000 -1.868532e+001  5.000000e+000
    endloop
  endfacet
  facet normal  0.000000e+000  -0.000000e+000 -1.000000e+000
    outer loop
      vertex  2.412184e-016 -1.800000e+001  5.000000e+000
      vertex  2.500000e-001 -1.793301e+001  5.000000e+000
      vertex  2.071367e+000 -1.819566e+001  5.000000e+000
    endloop
  endfacet
  facet normal  -0.000000e+000  0.000000e+000 -1.000000e+000
    outer loop
      vertex  2.412184e-016 -1.800000e+001  5.000000e+000
      vertex  2.071367e+000 -1.819566e+001  5.000000e+000
      vertex  1.835627e+000 -1.868532e+001  5.000000e+000
    endloop
  endfacet
  facet normal  -0.000000e+000  0.000000e+000 -1.000000e+000
    outer loop
      vertex  2.412184e-016 -1.800000e+001  5.000000e+000
      vertex  1.835627e+000 -1.868532e+001  5.000000e+000
      vertex  1.486339e+000 -1.910165e+001  5.000000e+000
    endloop
  endfacet
  facet normal  -0.000000e+000  0.000000e+000 -1.000000e+000
    outer loop
      vertex  2.412184e-016 -1.800000e+001  5.000000e+000
      vertex  1.486339e+000 -1.910165e+001  5.000000e+000
      vertex  1.045110e+000 -1.941892e+001  5.000000e+000
    endloop
  endfacet
  facet normal  -0.000000e+000  0.000000e+000 -1.000000e+000
    outer loop
      vertex  2.412184e-016 -1.800000e+001  5.000000e+000
      vertex  1.045110e+000 -1.941892e+001  5.000000e+000
      vertex  5.392328e-001 -1.961748e+001  5.000000e+000
    endloop
  endfacet
  facet normal  -0.000000e+000  0.000000e+000 -1.000000e+000
    outer loop
      vertex  2.412184e-016 -1.800000e+001  5.000000e+000
      vertex  5.392328e-001 -1.961748e+001  5.000000e+000
      vertex -6.832266e-017 -1.968506e+001  5.000000e+000
    endloop
  endfacet
  facet normal  0.000000e+000  0.000000e+000 -1.000000e+000
    outer loop
      vertex  2.412184e-016 -1.800000e+001  5.000000e+000
      vertex -6.832266e-017 -1.968506e+001  5.000000e+000
      vertex -5.392328e-001 -1.961748e+001  5.000000e+000
    endloop
  endfacet
  facet normal  0.000000e+000  0.000000e+000 -1.000000e+000
    outer loop
      vertex  2.412184e-016 -1.800000e+001  5.000000e+000
      vertex -5.392328e-001 -1.961748e+001  5.000000e+000
      vertex -2.500000e-001 -1.793301e+001  5.000000e+000
    endloop
  endfacet
  facet normal  -0.000000e+000  0.000000e+000 -1.000000e+000
    outer loop
      vertex -7.058718e-001 -3.428082e+000  5.000000e+000
      vertex -6.429396e-016 -3.500000e+000  5.000000e+000
      vertex -3.765232e-002 -1.009993e+001  5.000000e+000
    endloop
  endfacet
  facet normal  -0.000000e+000  0.000000e+000 -1.000000e+000
    outer loop
      vertex -7.058718e-001 -3.428082e+000  5.000000e+000
      vertex -3.765232e-002 -1.009993e+001  5.000000e+000
      vertex -2.876523e-001 -1.016692e+001  5.000000e+000
    endloop
  endfacet
  facet normal  -0.000000e+000  0.000000e+000 -1.000000e+000
    outer loop
      vertex -7.058718e-001 -3.428082e+000  5.000000e+000
      vertex -2.876523e-001 -1.016692e+001  5.000000e+000
      vertex -4.706650e-001 -1.034993e+001  5.000000e+000
    endloop
  endfacet
  facet normal  -0.000000e+000  0.000000e+000 -1.000000e+000
    outer loop
      vertex -7.058718e-001 -3.428082e+000  5.000000e+000
      vertex -4.706650e-001 -1.034993e+001  5.000000e+000
      vertex -5.376523e-001 -1.059993e+001  5.000000e+000
    endloop
  endfacet
  facet normal  0.000000e+000  -0.000000e+000 -1.000000e+000
    outer loop
      vertex -2.500000e-001 -1.706699e+001  5.000000e+000
      vertex -5.257117e-002 -1.529991e+001  5.000000e+000
      vertex  3.636831e-016 -1.700000e+001  5.000000e+000
    endloop
  endfacet
  facet normal  0.000000e+000  0.000000e+000 -1.000000e+000
    outer loop
      vertex  3.636831e-016 -1.700000e+001  5.000000e+000
      vertex -5.257117e-002 -1.529991e+001  5.000000e+000
      vertex  1.974288e-001 -1.523292e+001  5.000000e+000
    endloop
  endfacet
  facet normal  0.000000e+000  -0.000000e+000 -1.000000e+000
    outer loop
      vertex  3.636831e-016 -1.700000e+001  5.000000e+000
      vertex  1.974288e-001 -1.523292e+001  5.000000e+000
      vertex  2.500000e-001 -1.706699e+001  5.000000e+000
    endloop
  endfacet
  facet normal  0.000000e+000  0.000000e+000  1.000000e+000
    outer loop
      vertex  1.000000e+000 -4.500000e+000  7.000000e+000
      vertex  7.058718e-001 -3.428082e+000  7.000000e+000
      vertex -6.429396e-016 -3.500000e+000  7.000000e+000
    endloop
  endfacet
  facet normal  0.000000e+000  0.000000e+000  1.000000e+000
    outer loop
      vertex  1.000000e+000 -4.500000e+000  7.000000e+000
      vertex  1.382735e+000 -3.215283e+000  7.000000e+000
      vertex  7.058718e-001 -3.428082e+000  7.000000e+000
    endloop
  endfacet
  facet normal  0.000000e+000  0.000000e+000  1.000000e+000
    outer loop
      vertex  2.071367e+000 -1.819566e+001  7.000000e+000
      vertex  2.500000e-001 -1.793301e+001  7.000000e+000
      vertex  2.412184e-016 -1.800000e+001  7.000000e+000
    endloop
  endfacet
  facet normal  0.000000e+000  0.000000e+000  9.999999e-001
    outer loop
      vertex  2.178977e+000 -1.766297e+001  7.000000e+000
      vertex  3.804415e-001 -1.454991e+001  7.000000e+000
      vertex  4.474288e-001 -1.479991e+001  7.000000e+000
    endloop
  endfacet
  facet normal  0.000000e+000  0.000000e+000  1.000000e+000
    outer loop
      vertex  2.178977e+000 -1.766297e+001  7.000000e+000
      vertex  4.474288e-001 -1.479991e+001  7.000000e+000
      vertex  3.804415e-001 -1.504991e+001  7.000000e+000
    endloop
  endfacet
  facet normal  0.000000e+000  0.000000e+000  9.999999e-001
    outer loop
      vertex  2.178977e+000 -1.766297e+001  7.000000e+000
      vertex  3.804415e-001 -1.504991e+001  7.000000e+000
      vertex  1.974288e-001 -1.523292e+001  7.000000e+000
    endloop
  endfacet
  facet normal  0.000000e+000  0.000000e+000  1.000000e+000
    outer loop
      vertex  2.178977e+000 -1.766297e+001  7.000000e+000
      vertex  1.974288e-001 -1.523292e+001  7.000000e+000
      vertex  2.500000e-001 -1.706699e+001  7.000000e+000
    endloop
  endfacet
  facet normal  0.000000e+000  0.000000e+000  1.000000e+000
    outer loop
      vertex  2.178977e+000 -1.766297e+001  7.000000e+000
      vertex  2.500000e-001 -1.706699e+001  7.000000e+000
      vertex  4.330127e-001 -1.725000e+001  7.000000e+000
    endloop
  endfacet
  facet normal  0.000000e+000  0.000000e+000  1.000000e+000
    outer loop
      vertex  2.178977e+000 -1.766297e+001  7.000000e+000
      vertex  4.330127e-001 -1.725000e+001  7.000000e+000
      vertex  5.000000e-001 -1.750000e+001  7.000000e+000
    endloop
  endfacet
  facet normal  0.000000e+000  0.000000e+000  1.000000e+000
    outer loop
      vertex  2.178977e+000 -1.766297e+001  7.000000e+000
      vertex  5.000000e-001 -1.750000e+001  7.000000e+000
      vertex  4.330127e-001 -1.775000e+001  7.000000e+000
    endloop
  endfacet
  facet normal  -0.000000e+000  0.000000e+000  1.000000e+000
    outer loop
      vertex  2.178977e+000 -1.766297e+001  7.000000e+000
      vertex  4.330127e-001 -1.775000e+001  7.000000e+000
      vertex  2.500000e-001 -1.793301e+001  7.000000e+000
    endloop
  endfacet
  facet normal  -0.000000e+000  0.000000e+000  1.000000e+000
    outer loop
      vertex  2.178977e+000 -1.766297e+001  7.000000e+000
      vertex  2.500000e-001 -1.793301e+001  7.000000e+000
      vertex  2.071367e+000 -1.819566e+001  7.000000e+000
    endloop
  endfacet
  facet normal  0.000000e+000  0.000000e+000  1.000000e+000
    outer loop
      vertex -2.178977e+000 -1.766297e+001  7.000000e+000
      vertex -4.330127e-001 -1.775000e+001  7.000000e+000
      vertex -5.000000e-001 -1.750000e+001  7.000000e+000
    endloop
  endfacet
  facet normal  0.000000e+000  -0.000000e+000  1.000000e+000
    outer loop
      vertex -2.178977e+000 -1.766297e+001  7.000000e+000
      vertex -5.000000e-001 -1.750000e+001  7.000000e+000
      vertex -4.330127e-001 -1.725000e+001  7.000000e+000
    endloop
  endfacet
  facet normal  0.000000e+000  -0.000000e+000  1.000000e+000
    outer loop
      vertex -2.178977e+000 -1.766297e+001  7.000000e+000
      vertex -4.330127e-001 -1.725000e+001  7.000000e+000
      vertex -2.500000e-001 -1.706699e+001  7.000000e+000
    endloop
  endfacet
  facet normal  0.000000e+000  -0.000000e+000  9.999999e-001
    outer loop
      vertex -2.178977e+000 -1.766297e+001  7.000000e+000
      vertex -2.500000e-001 -1.706699e+001  7.000000e+000
      vertex -5.257117e-002 -1.529991e+001  7.000000e+000
    endloop
  endfacet
  facet normal  0.000000e+000  0.000000e+000  1.000000e+000
    outer loop
      vertex -2.178977e+000 -1.766297e+001  7.000000e+000
      vertex -5.257117e-002 -1.529991e+001  7.000000e+000
      vertex -3.025712e-001 -1.523292e+001  7.000000e+000
    endloop
  endfacet
  facet normal  0.000000e+000  0.000000e+000  9.999999e-001
    outer loop
      vertex -2.178977e+000 -1.766297e+001  7.000000e+000
      vertex -3.025712e-001 -1.523292e+001  7.000000e+000
      vertex -4.855839e-001 -1.504991e+001  7.000000e+000
    endloop
  endfacet
  facet normal  0.000000e+000  0.000000e+000  1.000000e+000
    outer loop
      vertex -2.178977e+000 -1.766297e+001  7.000000e+000
      vertex -4.855839e-001 -1.504991e+001  7.000000e+000
      vertex -5.525712e-001 -1.479991e+001  7.000000e+000
    endloop
  endfacet
  facet normal  0.000000e+000  -0.000000e+000  9.999999e-001
    outer loop
      vertex -2.178977e+000 -1.766297e+001  7.000000e+000
      vertex -5.525712e-001 -1.479991e+001  7.000000e+000
      vertex -4.855839e-001 -1.454991e+001  7.000000e+000
    endloop
  endfacet
  facet normal  0.000000e+000  0.000000e+000  1.000000e+000
    outer loop
      vertex -2.178977e+000 -1.766297e+001  7.000000e+000
      vertex -4.855839e-001 -1.454991e+001  7.000000e+000
      vertex -1.000000e+000 -1.350000e+001  7.000000e+000
    endloop
  endfacet
  facet normal  0.000000e+000  -0.000000e+000  1.000000e+000
    outer loop
      vertex -2.178977e+000 -1.766297e+001  7.000000e+000
      vertex -1.000000e+000 -1.350000e+001  7.000000e+000
      vertex -1.000000e+000 -4.500000e+000  7.000000e+000
    endloop
  endfacet
  facet normal  0.000000e+000  0.000000e+000  1.000000e+000
    outer loop
      vertex -2.178977e+000 -1.766297e+001  7.000000e+000
      vertex -1.000000e+000 -4.500000e+000  7.000000e+000
      vertex -1.382735e+000 -3.215283e+000  7.000000e+000
    endloop
  endfacet
  facet normal  0.000000e+000  0.000000e+000  1.000000e+000
    outer loop
      vertex -2.178977e+000 -1.766297e+001  7.000000e+000
      vertex -1.382735e+000 -3.215283e+000  7.000000e+000
      vertex -2.002773e+000 -2.870348e+000  7.000000e+000
    endloop
  endfacet
  facet normal  0.000000e+000  0.000000e+000  1.000000e+000
    outer loop
      vertex -2.178977e+000 -1.766297e+001  7.000000e+000
      vertex -2.002773e+000 -2.870348e+000  7.000000e+000
      vertex -2.540505e+000 -2.407454e+000  7.000000e+000
    endloop
  endfacet
  facet normal  0.000000e+000  0.000000e+000  1.000000e+000
    outer loop
      vertex -2.178977e+000 -1.766297e+001  7.000000e+000
      vertex -2.540505e+000 -2.407454e+000  7.000000e+000
      vertex -2.973832e+000 -1.845622e+000  7.000000e+000
    endloop
  endfacet
  facet normal  0.000000e+000  0.000000e+000  1.000000e+000
    outer loop
      vertex -2.178977e+000 -1.766297e+001  7.000000e+000
      vertex -2.973832e+000 -1.845622e+000  7.000000e+000
      vertex -3.284947e+000 -1.207943e+000  7.000000e+000
    endloop
  endfacet
  facet normal  0.000000e+000  0.000000e+000  1.000000e+000
    outer loop
      vertex -2.178977e+000 -1.766297e+001  7.000000e+000
      vertex -3.284947e+000 -1.207943e+000  7.000000e+000
      vertex -3.461062e+000 -5.206215e-001  7.000000e+000
    endloop
  endfacet
  facet normal  0.000000e+000  -0.000000e+000  1.000000e+000
    outer loop
      vertex -1.000000e+000 -1.350000e+001  7.000000e+000
      vertex -4.855839e-001 -1.454991e+001  7.000000e+000
      vertex -3.025712e-001 -1.436689e+001  7.000000e+000
    endloop
  endfacet
  facet normal  0.000000e+000  -0.000000e+000  1.000000e+000
    outer loop
      vertex -1.000000e+000 -1.350000e+001  7.000000e+000
      vertex -3.025712e-001 -1.436689e+001  7.000000e+000
      vertex -5.257117e-002 -1.429991e+001  7.000000e+000
    endloop
  endfacet
  facet normal  -0.000000e+000  -0.000000e+000  1.000000e+000
    outer loop
      vertex -1.000000e+000 -1.350000e+001  7.000000e+000
      vertex -5.257117e-002 -1.429991e+001  7.000000e+000
      vertex  1.974288e-001 -1.436689e+001  7.000000e+000
    endloop
  endfacet
  facet normal  -0.000000e+000  0.000000e+000  9.999999e-001
    outer loop
      vertex  1.000000e+000 -1.350000e+001  7.000000e+000
      vertex -1.000000e+000 -1.350000e+001  7.000000e+000
      vertex  1.974288e-001 -1.436689e+001  7.000000e+000
    endloop
  endfacet
  facet normal  -0.000000e+000  0.000000e+000  1.000000e+000
    outer loop
      vertex  1.000000e+000 -1.350000e+001  7.000000e+000
      vertex  1.974288e-001 -1.436689e+001  7.000000e+000
      vertex  3.804415e-001 -1.454991e+001  7.000000e+000
    endloop
  endfacet
  facet normal  -0.000000e+000  0.000000e+000  1.000000e+000
    outer loop
      vertex  1.000000e+000 -1.350000e+001  7.000000e+000
      vertex  3.804415e-001 -1.454991e+001  7.000000e+000
      vertex  2.178977e+000 -1.766297e+001  7.000000e+000
    endloop
  endfacet
  facet normal  0.000000e+000  0.000000e+000  1.000000e+000
    outer loop
      vertex -1.000000e+000 -4.500000e+000  7.000000e+000
      vertex  1.000000e+000 -4.500000e+000  7.000000e+000
      vertex -6.429396e-016 -3.500000e+000  7.000000e+000
    endloop
  endfacet
  facet normal  0.000000e+000  0.000000e+000  1.000000e+000
    outer loop
      vertex -1.000000e+000 -4.500000e+000  7.000000e+000
      vertex -6.429396e-016 -3.500000e+000  7.000000e+000
      vertex -7.058718e-001 -3.428082e+000  7.000000e+000
    endloop
  endfacet
  facet normal  0.000000e+000  0.000000e+000  1.000000e+000
    outer loop
      vertex -1.000000e+000 -4.500000e+000  7.000000e+000
      vertex -7.058718e-001 -3.428082e+000  7.000000e+000
      vertex -1.382735e+000 -3.215283e+000  7.000000e+000
    endloop
  endfacet
  facet normal  0.000000e+000  -0.000000e+000  9.999999e-001
    outer loop
      vertex -2.071367e+000 -1.819566e+001  7.000000e+000
      vertex -6.832266e-017 -1.968506e+001  7.000000e+000
      vertex  2.412184e-016 -1.800000e+001  7.000000e+000
    endloop
  endfacet
  facet normal  0.000000e+000  0.000000e+000  1.000000e+000
    outer loop
      vertex -2.071367e+000 -1.819566e+001  7.000000e+000
      vertex  2.412184e-016 -1.800000e+001  7.000000e+000
      vertex -2.500000e-001 -1.793301e+001  7.000000e+000
    endloop
  endfacet
  facet normal  0.000000e+000  0.000000e+000  1.000000e+000
    outer loop
      vertex -2.071367e+000 -1.819566e+001  7.000000e+000
      vertex -2.500000e-001 -1.793301e+001  7.000000e+000
      vertex -4.330127e-001 -1.775000e+001  7.000000e+000
    endloop
  endfacet
  facet normal  0.000000e+000  0.000000e+000  1.000000e+000
    outer loop
      vertex -2.071367e+000 -1.819566e+001  7.000000e+000
      vertex -4.330127e-001 -1.775000e+001  7.000000e+000
      vertex -2.178977e+000 -1.766297e+001  7.000000e+000
    endloop
  endfacet
  facet normal  0.000000e+000  0.000000e+000  1.000000e+000
    outer loop
      vertex -6.832266e-017 -1.968506e+001  7.000000e+000
      vertex -2.071367e+000 -1.819566e+001  7.000000e+000
      vertex -1.835627e+000 -1.868532e+001  7.000000e+000
    endloop
  endfacet
  facet normal  0.000000e+000  0.000000e+000  1.000000e+000
    outer loop
      vertex -6.832266e-017 -1.968506e+001  7.000000e+000
      vertex -1.835627e+000 -1.868532e+001  7.000000e+000
      vertex -1.486339e+000 -1.910165e+001  7.000000e+000
    endloop
  endfacet
  facet normal  0.000000e+000  0.000000e+000  1.000000e+000
    outer loop
      vertex -6.832266e-017 -1.968506e+001  7.000000e+000
      vertex -1.486339e+000 -1.910165e+001  7.000000e+000
      vertex -1.045110e+000 -1.941892e+001  7.000000e+000
    endloop
  endfacet
  facet normal  0.000000e+000  0.000000e+000  1.000000e+000
    outer loop
      vertex -6.832266e-017 -1.968506e+001  7.000000e+000
      vertex -1.045110e+000 -1.941892e+001  7.000000e+000
      vertex -5.392328e-001 -1.961748e+001  7.000000e+000
    endloop
  endfacet
  facet normal  0.000000e+000  0.000000e+000  1.000000e+000
    outer loop
      vertex  2.178977e+000 -1.766297e+001  7.000000e+000
      vertex  3.461062e+000 -5.206215e-001  7.000000e+000
      vertex  3.284947e+000 -1.207943e+000  7.000000e+000
    endloop
  endfacet
  facet normal  0.000000e+000  0.000000e+000  1.000000e+000
    outer loop
      vertex  2.178977e+000 -1.766297e+001  7.000000e+000
      vertex  3.284947e+000 -1.207943e+000  7.000000e+000
      vertex  2.973832e+000 -1.845622e+000  7.000000e+000
    endloop
  endfacet
  facet normal  0.000000e+000  0.000000e+000  1.000000e+000
    outer loop
      vertex  2.178977e+000 -1.766297e+001  7.000000e+000
      vertex  2.973832e+000 -1.845622e+000  7.000000e+000
      vertex  2.540505e+000 -2.407454e+000  7.000000e+000
    endloop
  endfacet
  facet normal  0.000000e+000  0.000000e+000  1.000000e+000
    outer loop
      vertex  2.178977e+000 -1.766297e+001  7.000000e+000
      vertex  2.540505e+000 -2.407454e+000  7.000000e+000
      vertex  2.002773e+000 -2.870348e+000  7.000000e+000
    endloop
  endfacet
  facet normal  0.000000e+000  0.000000e+000  1.000000e+000
    outer loop
      vertex  2.178977e+000 -1.766297e+001  7.000000e+000
      vertex  2.002773e+000 -2.870348e+000  7.000000e+000
      vertex  1.382735e+000 -3.215283e+000  7.000000e+000
    endloop
  endfacet
  facet normal  0.000000e+000  0.000000e+000  1.000000e+000
    outer loop
      vertex  2.178977e+000 -1.766297e+001  7.000000e+000
      vertex  1.382735e+000 -3.215283e+000  7.000000e+000
      vertex  1.000000e+000 -4.500000e+000  7.000000e+000
    endloop
  endfacet
  facet normal  0.000000e+000  0.000000e+000  1.000000e+000
    outer loop
      vertex  2.178977e+000 -1.766297e+001  7.000000e+000
      vertex  1.000000e+000 -4.500000e+000  7.000000e+000
      vertex  1.000000e+000 -1.350000e+001  7.000000e+000
    endloop
  endfacet
  facet normal  0.000000e+000  -0.000000e+000  1.000000e+000
    outer loop
      vertex -6.832266e-017 -1.968506e+001  7.000000e+000
      vertex  5.392328e-001 -1.961748e+001  7.000000e+000
      vertex  1.045110e+000 -1.941892e+001  7.000000e+000
    endloop
  endfacet
  facet normal  0.000000e+000  -0.000000e+000  1.000000e+000
    outer loop
      vertex -6.832266e-017 -1.968506e+001  7.000000e+000
      vertex  1.045110e+000 -1.941892e+001  7.000000e+000
      vertex  1.486339e+000 -1.910165e+001  7.000000e+000
    endloop
  endfacet
  facet normal  0.000000e+000  -0.000000e+000  9.999999e-001
    outer loop
      vertex -6.832266e-017 -1.968506e+001  7.000000e+000
      vertex  1.486339e+000 -1.910165e+001  7.000000e+000
      vertex  1.835627e+000 -1.868532e+001  7.000000e+000
    endloop
  endfacet
  facet normal  0.000000e+000  -0.000000e+000  1.000000e+000
    outer loop
      vertex -6.832266e-017 -1.968506e+001  7.000000e+000
      vertex  1.835627e+000 -1.868532e+001  7.000000e+000
      vertex  2.071367e+000 -1.819566e+001  7.000000e+000
    endloop
  endfacet
  facet normal  0.000000e+000  0.000000e+000  9.999999e-001
    outer loop
      vertex -6.832266e-017 -1.968506e+001  7.000000e+000
      vertex  2.071367e+000 -1.819566e+001  7.000000e+000
      vertex  2.412184e-016 -1.800000e+001  7.000000e+000
    endloop
  endfacet
  facet normal  0.000000e+000  0.000000e+000  1.000000e+000
    outer loop
      vertex  2.500000e-001 -1.706699e+001  7.000000e+000
      vertex  1.974288e-001 -1.523292e+001  7.000000e+000
      vertex  3.636831e-016 -1.700000e+001  7.000000e+000
    endloop
  endfacet
  facet normal  0.000000e+000  -0.000000e+000  1.000000e+000
    outer loop
      vertex  3.636831e-016 -1.700000e+001  7.000000e+000
      vertex  1.974288e-001 -1.523292e+001  7.000000e+000
      vertex -5.257117e-002 -1.529991e+001  7.000000e+000
    endloop
  endfacet
  facet normal  0.000000e+000  0.000000e+000  1.000000e+000
    outer loop
      vertex  3.636831e-016 -1.700000e+001  7.000000e+000
      vertex -5.257117e-002 -1.529991e+001  7.000000e+000
      vertex -2.500000e-001 -1.706699e+001  7.000000e+000
    endloop
  endfacet
  facet normal  0.000000e+000  0.000000e+000  1.000000e+000
    outer loop
      vertex -1.000000e+000 -4.500000e+000  5.500000e+000
      vertex -1.000000e+000 -1.350000e+001  5.500000e+000
      vertex -5.376523e-001 -1.059993e+001  5.500000e+000
    endloop
  endfacet
  facet normal  0.000000e+000  -0.000000e+000  1.000000e+000
    outer loop
      vertex -1.000000e+000 -4.500000e+000  5.500000e+000
      vertex -5.376523e-001 -1.059993e+001  5.500000e+000
      vertex -4.706650e-001 -1.034993e+001  5.500000e+000
    endloop
  endfacet
  facet normal  0.000000e+000  -0.000000e+000  1.000000e+000
    outer loop
      vertex -1.000000e+000 -4.500000e+000  5.500000e+000
      vertex -4.706650e-001 -1.034993e+001  5.500000e+000
      vertex -2.876523e-001 -1.016692e+001  5.500000e+000
    endloop
  endfacet
  facet normal  0.000000e+000  -0.000000e+000  1.000000e+000
    outer loop
      vertex -1.000000e+000 -4.500000e+000  5.500000e+000
      vertex -2.876523e-001 -1.016692e+001  5.500000e+000
      vertex -3.765232e-002 -1.009993e+001  5.500000e+000
    endloop
  endfacet
  facet normal  0.000000e+000  -0.000000e+000  1.000000e+000
    outer loop
      vertex -1.000000e+000 -4.500000e+000  5.500000e+000
      vertex -3.765232e-002 -1.009993e+001  5.500000e+000
      vertex  1.000000e+000 -4.500000e+000  5.500000e+000
    endloop
  endfacet
  facet normal  0.000000e+000  0.000000e+000  1.000000e+000
    outer loop
      vertex -1.000000e+000 -1.350000e+001  5.500000e+000
      vertex  1.000000e+000 -1.350000e+001  5.500000e+000
      vertex -3.765232e-002 -1.109993e+001  5.500000e+000
    endloop
  endfacet
  facet normal  0.000000e+000  0.000000e+000  1.000000e+000
    outer loop
      vertex -1.000000e+000 -1.350000e+001  5.500000e+000
      vertex -3.765232e-002 -1.109993e+001  5.500000e+000
      vertex -2.876523e-001 -1.103295e+001  5.500000e+000
    endloop
  endfacet
  facet normal  0.000000e+000  0.000000e+000  1.000000e+000
    outer loop
      vertex -1.000000e+000 -1.350000e+001  5.500000e+000
      vertex -2.876523e-001 -1.103295e+001  5.500000e+000
      vertex -4.706650e-001 -1.084993e+001  5.500000e+000
    endloop
  endfacet
  facet normal  0.000000e+000  0.000000e+000  1.000000e+000
    outer loop
      vertex -1.000000e+000 -1.350000e+001  5.500000e+000
      vertex -4.706650e-001 -1.084993e+001  5.500000e+000
      vertex -5.376523e-001 -1.059993e+001  5.500000e+000
    endloop
  endfacet
  facet normal  0.000000e+000  0.000000e+000  1.000000e+000
    outer loop
      vertex  1.000000e+000 -1.350000e+001  5.500000e+000
      vertex  4.623477e-001 -1.059993e+001  5.500000e+000
      vertex  3.953604e-001 -1.084993e+001  5.500000e+000
    endloop
  endfacet
  facet normal  0.000000e+000  0.000000e+000  1.000000e+000
    outer loop
      vertex  1.000000e+000 -1.350000e+001  5.500000e+000
      vertex  3.953604e-001 -1.084993e+001  5.500000e+000
      vertex  2.123477e-001 -1.103295e+001  5.500000e+000
    endloop
  endfacet
  facet normal  0.000000e+000  0.000000e+000  9.999999e-001
    outer loop
      vertex  1.000000e+000 -1.350000e+001  5.500000e+000
      vertex  2.123477e-001 -1.103295e+001  5.500000e+000
      vertex -3.765232e-002 -1.109993e+001  5.500000e+000
    endloop
  endfacet
  facet normal  -0.000000e+000  0.000000e+000  1.000000e+000
    outer loop
      vertex  1.000000e+000 -4.500000e+000  5.500000e+000
      vertex -3.765232e-002 -1.009993e+001  5.500000e+000
      vertex  2.123477e-001 -1.016692e+001  5.500000e+000
    endloop
  endfacet
  facet normal  -0.000000e+000  0.000000e+000  1.000000e+000
    outer loop
      vertex  1.000000e+000 -4.500000e+000  5.500000e+000
      vertex  2.123477e-001 -1.016692e+001  5.500000e+000
      vertex  3.953604e-001 -1.034993e+001  5.500000e+000
    endloop
  endfacet
  facet normal  -0.000000e+000  0.000000e+000  1.000000e+000
    outer loop
      vertex  1.000000e+000 -4.500000e+000  5.500000e+000
      vertex  3.953604e-001 -1.034993e+001  5.500000e+000
      vertex  4.623477e-001 -1.059993e+001  5.500000e+000
    endloop
  endfacet
  facet normal  -0.000000e+000  0.000000e+000  1.000000e+000
    outer loop
      vertex  1.000000e+000 -4.500000e+000  5.500000e+000
      vertex  4.623477e-001 -1.059993e+001  5.500000e+000
      vertex  1.000000e+000 -1.350000e+001  5.500000e+000
    endloop
  endfacet
  facet normal  2.588216e-001 -9.659252e-001  0.000000e+000
    outer loop
      vertex -3.765232e-002 -1.009993e+001  5.000000e+000
      vertex -2.876523e-001 -1.016692e+001  5.500000e+000
      vertex -2.876523e-001 -1.016692e+001  5.000000e+000
    endloop
  endfacet
  facet normal  7.071054e-001 -7.071081e-001  0.000000e+000
    outer loop
      vertex -2.876523e-001 -1.016692e+001  5.000000e+000
      vertex -2.876523e-001 -1.016692e+001  5.500000e+000
      vertex -4.706650e-001 -1.034993e+001  5.500000e+000
    endloop
  endfacet
  facet normal  7.071054e-001 -7.071081e-001  0.000000e+000
    outer loop
      vertex -2.876523e-001 -1.016692e+001  5.000000e+000
      vertex -4.706650e-001 -1.034993e+001  5.500000e+000
      vertex -4.706650e-001 -1.034993e+001  5.000000e+000
    endloop
  endfacet
  facet normal  9.659258e-001 -2.588190e-001  0.000000e+000
    outer loop
      vertex -4.706650e-001 -1.034993e+001  5.000000e+000
      vertex -4.706650e-001 -1.034993e+001  5.500000e+000
      vertex -5.376523e-001 -1.059993e+001  5.500000e+000
    endloop
  endfacet
  facet normal  9.659258e-001 -2.588190e-001  0.000000e+000
    outer loop
      vertex -4.706650e-001 -1.034993e+001  5.000000e+000
      vertex -5.376523e-001 -1.059993e+001  5.500000e+000
      vertex -5.376523e-001 -1.059993e+001  5.000000e+000
    endloop
  endfacet
  facet normal  2.588216e-001 -9.659252e-001  0.000000e+000
    outer loop
      vertex -2.876523e-001 -1.016692e+001  5.500000e+000
      vertex -3.765232e-002 -1.009993e+001  5.000000e+000
      vertex -3.765232e-002 -1.009993e+001  5.500000e+000
    endloop
  endfacet
  facet normal -2.588215e-001 -9.659252e-001  -0.000000e+000
    outer loop
      vertex -3.765232e-002 -1.009993e+001  5.500000e+000
      vertex -3.765232e-002 -1.009993e+001  5.000000e+000
      vertex  2.123477e-001 -1.016692e+001  5.000000e+000
    endloop
  endfacet
  facet normal -2.588215e-001 -9.659252e-001  0.000000e+000
    outer loop
      vertex -3.765232e-002 -1.009993e+001  5.500000e+000
      vertex  2.123477e-001 -1.016692e+001  5.000000e+000
      vertex  2.123477e-001 -1.016692e+001  5.500000e+000
    endloop
  endfacet
  facet normal -7.071054e-001 -7.071081e-001  -0.000000e+000
    outer loop
      vertex  2.123477e-001 -1.016692e+001  5.500000e+000
      vertex  2.123477e-001 -1.016692e+001  5.000000e+000
      vertex  3.953604e-001 -1.034993e+001  5.000000e+000
    endloop
  endfacet
  facet normal -7.071054e-001 -7.071081e-001  0.000000e+000
    outer loop
      vertex  2.123477e-001 -1.016692e+001  5.500000e+000
      vertex  3.953604e-001 -1.034993e+001  5.000000e+000
      vertex  3.953604e-001 -1.034993e+001  5.500000e+000
    endloop
  endfacet
  facet normal -9.659258e-001 -2.588191e-001  -0.000000e+000
    outer loop
      vertex  3.953604e-001 -1.034993e+001  5.500000e+000
      vertex  3.953604e-001 -1.034993e+001  5.000000e+000
      vertex  4.623477e-001 -1.059993e+001  5.000000e+000
    endloop
  endfacet
  facet normal -9.659258e-001 -2.588191e-001  0.000000e+000
    outer loop
      vertex  3.953604e-001 -1.034993e+001  5.500000e+000
      vertex  4.623477e-001 -1.059993e+001  5.000000e+000
      vertex  4.623477e-001 -1.059993e+001  5.500000e+000
    endloop
  endfacet
  facet normal -2.588181e-001  9.659261e-001  0.000000e+000
    outer loop
      vertex -3.765232e-002 -1.109993e+001  5.000000e+000
      vertex  2.123477e-001 -1.103295e+001  5.500000e+000
      vertex  2.123477e-001 -1.103295e+001  5.000000e+000
    endloop
  endfacet
  facet normal -7.071073e-001  7.071063e-001  0.000000e+000
    outer loop
      vertex  2.123477e-001 -1.103295e+001  5.000000e+000
      vertex  2.123477e-001 -1.103295e+001  5.500000e+000
      vertex  3.953604e-001 -1.084993e+001  5.500000e+000
    endloop
  endfacet
  facet normal -7.071073e-001  7.071063e-001  0.000000e+000
    outer loop
      vertex  2.123477e-001 -1.103295e+001  5.000000e+000
      vertex  3.953604e-001 -1.084993e+001  5.500000e+000
      vertex  3.953604e-001 -1.084993e+001  5.000000e+000
    endloop
  endfacet
  facet normal -9.659258e-001  2.588191e-001  0.000000e+000
    outer loop
      vertex  3.953604e-001 -1.084993e+001  5.000000e+000
      vertex  3.953604e-001 -1.084993e+001  5.500000e+000
      vertex  4.623477e-001 -1.059993e+001  5.500000e+000
    endloop
  endfacet
  facet normal -9.659258e-001  2.588191e-001  0.000000e+000
    outer loop
      vertex  3.953604e-001 -1.084993e+001  5.000000e+000
      vertex  4.623477e-001 -1.059993e+001  5.500000e+000
      vertex  4.623477e-001 -1.059993e+001  5.000000e+000
    endloop
  endfacet
  facet normal -2.588181e-001  9.659261e-001  0.000000e+000
    outer loop
      vertex  2.123477e-001 -1.103295e+001  5.500000e+000
      vertex -3.765232e-002 -1.109993e+001  5.000000e+000
      vertex -3.765232e-002 -1.109993e+001  5.500000e+000
    endloop
  endfacet
  facet normal  2.588181e-001  9.659261e-001  0.000000e+000
    outer loop
      vertex -3.765232e-002 -1.109993e+001  5.500000e+000
      vertex -3.765232e-002 -1.109993e+001  5.000000e+000
      vertex -2.876523e-001 -1.103295e+001  5.000000e+000
    endloop
  endfacet
  facet normal  2.588181e-001  9.659261e-001  -0.000000e+000
    outer loop
      vertex -3.765232e-002 -1.109993e+001  5.500000e+000
      vertex -2.876523e-001 -1.103295e+001  5.000000e+000
      vertex -2.876523e-001 -1.103295e+001  5.500000e+000
    endloop
  endfacet
  facet normal  7.071072e-001  7.071063e-001  0.000000e+000
    outer loop
      vertex -2.876523e-001 -1.103295e+001  5.500000e+000
      vertex -2.876523e-001 -1.103295e+001  5.000000e+000
      vertex -4.706650e-001 -1.084993e+001  5.000000e+000
    endloop
  endfacet
  facet normal  7.071072e-001  7.071063e-001  -0.000000e+000
    outer loop
      vertex -2.876523e-001 -1.103295e+001  5.500000e+000
      vertex -4.706650e-001 -1.084993e+001  5.000000e+000
      vertex -4.706650e-001 -1.084993e+001  5.500000e+000
    endloop
  endfacet
  facet normal  9.659258e-001  2.588190e-001  0.000000e+000
    outer loop
      vertex -4.706650e-001 -1.084993e+001  5.500000e+000
      vertex -4.706650e-001 -1.084993e+001  5.000000e+000
      vertex -5.376523e-001 -1.059993e+001  5.000000e+000
    endloop
  endfacet
  facet normal  9.659258e-001  2.588190e-001  -0.000000e+000
    outer loop
      vertex -4.706650e-001 -1.084993e+001  5.500000e+000
      vertex -5.376523e-001 -1.059993e+001  5.000000e+000
      vertex -5.376523e-001 -1.059993e+001  5.500000e+000
    endloop
  endfacet
  facet normal  2.588181e-001 -9.659261e-001  0.000000e+000
    outer loop
      vertex -5.257117e-002 -1.429991e+001  5.000000e+000
      vertex -3.025712e-001 -1.436689e+001  7.000000e+000
      vertex -3.025712e-001 -1.436689e+001  5.000000e+000
    endloop
  endfacet
  facet normal  7.071073e-001 -7.071062e-001  0.000000e+000
    outer loop
      vertex -3.025712e-001 -1.436689e+001  5.000000e+000
      vertex -3.025712e-001 -1.436689e+001  7.000000e+000
      vertex -4.855839e-001 -1.454991e+001  7.000000e+000
    endloop
  endfacet
  facet normal  7.071073e-001 -7.071062e-001  0.000000e+000
    outer loop
      vertex -3.025712e-001 -1.436689e+001  5.000000e+000
      vertex -4.855839e-001 -1.454991e+001  7.000000e+000
      vertex -4.855839e-001 -1.454991e+001  5.000000e+000
    endloop
  endfacet
  facet normal  9.659258e-001 -2.588191e-001  0.000000e+000
    outer loop
      vertex -4.855839e-001 -1.454991e+001  5.000000e+000
      vertex -4.855839e-001 -1.454991e+001  7.000000e+000
      vertex -5.525712e-001 -1.479991e+001  7.000000e+000
    endloop
  endfacet
  facet normal  9.659258e-001 -2.588191e-001  0.000000e+000
    outer loop
      vertex -4.855839e-001 -1.454991e+001  5.000000e+000
      vertex -5.525712e-001 -1.479991e+001  7.000000e+000
      vertex -5.525712e-001 -1.479991e+001  5.000000e+000
    endloop
  endfacet
  facet normal  2.588181e-001 -9.659261e-001  0.000000e+000
    outer loop
      vertex -3.025712e-001 -1.436689e+001  7.000000e+000
      vertex -5.257117e-002 -1.429991e+001  5.000000e+000
      vertex -5.257117e-002 -1.429991e+001  7.000000e+000
    endloop
  endfacet
  facet normal -2.588181e-001 -9.659261e-001  -0.000000e+000
    outer loop
      vertex -5.257117e-002 -1.429991e+001  7.000000e+000
      vertex -5.257117e-002 -1.429991e+001  5.000000e+000
      vertex  1.974288e-001 -1.436689e+001  5.000000e+000
    endloop
  endfacet
  facet normal -2.588181e-001 -9.659261e-001  0.000000e+000
    outer loop
      vertex -5.257117e-002 -1.429991e+001  7.000000e+000
      vertex  1.974288e-001 -1.436689e+001  5.000000e+000
      vertex  1.974288e-001 -1.436689e+001  7.000000e+000
    endloop
  endfacet
  facet normal -7.071073e-001 -7.071062e-001  -0.000000e+000
    outer loop
      vertex  1.974288e-001 -1.436689e+001  7.000000e+000
      vertex  1.974288e-001 -1.436689e+001  5.000000e+000
      vertex  3.804415e-001 -1.454991e+001  5.000000e+000
    endloop
  endfacet
  facet normal -7.071073e-001 -7.071062e-001  0.000000e+000
    outer loop
      vertex  1.974288e-001 -1.436689e+001  7.000000e+000
      vertex  3.804415e-001 -1.454991e+001  5.000000e+000
      vertex  3.804415e-001 -1.454991e+001  7.000000e+000
    endloop
  endfacet
  facet normal -9.659258e-001 -2.588191e-001  -0.000000e+000
    outer loop
      vertex  3.804415e-001 -1.454991e+001  7.000000e+000
      vertex  3.804415e-001 -1.454991e+001  5.000000e+000
      vertex  4.474288e-001 -1.479991e+001  5.000000e+000
    endloop
  endfacet
  facet normal -9.659258e-001 -2.588191e-001  0.000000e+000
    outer loop
      vertex  3.804415e-001 -1.454991e+001  7.000000e+000
      vertex  4.474288e-001 -1.479991e+001  5.000000e+000
      vertex  4.474288e-001 -1.479991e+001  7.000000e+000
    endloop
  endfacet
  facet normal -2.588181e-001  9.659261e-001  0.000000e+000
    outer loop
      vertex -5.257117e-002 -1.529991e+001  5.000000e+000
      vertex  1.974288e-001 -1.523292e+001  7.000000e+000
      vertex  1.974288e-001 -1.523292e+001  5.000000e+000
    endloop
  endfacet
  facet normal -7.071073e-001  7.071062e-001  0.000000e+000
    outer loop
      vertex  1.974288e-001 -1.523292e+001  5.000000e+000
      vertex  1.974288e-001 -1.523292e+001  7.000000e+000
      vertex  3.804415e-001 -1.504991e+001  7.000000e+000
    endloop
  endfacet
  facet normal -7.071073e-001  7.071062e-001  0.000000e+000
    outer loop
      vertex  1.974288e-001 -1.523292e+001  5.000000e+000
      vertex  3.804415e-001 -1.504991e+001  7.000000e+000
      vertex  3.804415e-001 -1.504991e+001  5.000000e+000
    endloop
  endfacet
  facet normal -9.659258e-001  2.588191e-001  0.000000e+000
    outer loop
      vertex  3.804415e-001 -1.504991e+001  5.000000e+000
      vertex  3.804415e-001 -1.504991e+001  7.000000e+000
      vertex  4.474288e-001 -1.479991e+001  7.000000e+000
    endloop
  endfacet
  facet normal -9.659258e-001  2.588191e-001  0.000000e+000
    outer loop
      vertex  3.804415e-001 -1.504991e+001  5.000000e+000
      vertex  4.474288e-001 -1.479991e+001  7.000000e+000
      vertex  4.474288e-001 -1.479991e+001  5.000000e+000
    endloop
  endfacet
  facet normal -2.588181e-001  9.659261e-001  0.000000e+000
    outer loop
      vertex  1.974288e-001 -1.523292e+001  7.000000e+000
      vertex -5.257117e-002 -1.529991e+001  5.000000e+000
      vertex -5.257117e-002 -1.529991e+001  7.000000e+000
    endloop
  endfacet
  facet normal  2.588181e-001  9.659261e-001  0.000000e+000
    outer loop
      vertex -5.257117e-002 -1.529991e+001  7.000000e+000
      vertex -5.257117e-002 -1.529991e+001  5.000000e+000
      vertex -3.025712e-001 -1.523292e+001  5.000000e+000
    endloop
  endfacet
  facet normal  2.588181e-001  9.659261e-001  -0.000000e+000
    outer loop
      vertex -5.257117e-002 -1.529991e+001  7.000000e+000
      vertex -3.025712e-001 -1.523292e+001  5.000000e+000
      vertex -3.025712e-001 -1.523292e+001  7.000000e+000
    endloop
  endfacet
  facet normal  7.071073e-001  7.071062e-001  0.000000e+000
    outer loop
      vertex -3.025712e-001 -1.523292e+001  7.000000e+000
      vertex -3.025712e-001 -1.523292e+001  5.000000e+000
      vertex -4.855839e-001 -1.504991e+001  5.000000e+000
    endloop
  endfacet
  facet normal  7.071073e-001  7.071062e-001  -0.000000e+000
    outer loop
      vertex -3.025712e-001 -1.523292e+001  7.000000e+000
      vertex -4.855839e-001 -1.504991e+001  5.000000e+000
      vertex -4.855839e-001 -1.504991e+001  7.000000e+000
    endloop
  endfacet
  facet normal  9.659258e-001  2.588191e-001  0.000000e+000
    outer loop
      vertex -4.855839e-001 -1.504991e+001  7.000000e+000
      vertex -4.855839e-001 -1.504991e+001  5.000000e+000
      vertex -5.525712e-001 -1.479991e+001  5.000000e+000
    endloop
  endfacet
  facet normal  9.659258e-001  2.588191e-001  -0.000000e+000
    outer loop
      vertex -4.855839e-001 -1.504991e+001  7.000000e+000
      vertex -5.525712e-001 -1.479991e+001  5.000000e+000
      vertex -5.525712e-001 -1.479991e+001  7.000000e+000
    endloop
  endfacet
  facet normal  9.686773e-001 -2.482091e-001  7.513305e-003
    outer loop
      vertex  3.461062e+000 -5.206215e-001  5.000000e+000
      vertex  3.284947e+000 -1.207943e+000  5.000000e+000
      vertex  3.423517e+000 -7.276909e-001  3.000000e+000
    endloop
  endfacet
  facet normal  9.510238e-001 -3.090062e-001 -8.308779e-003
    outer loop
      vertex  3.423517e+000 -7.276909e-001  3.000000e+000
      vertex  3.284947e+000 -1.207943e+000  5.000000e+000
      vertex  3.197409e+000 -1.423578e+000  3.000000e+000
    endloop
  endfacet
  facet normal  8.987117e-001 -4.384680e-001  7.939147e-003
    outer loop
      vertex  3.197409e+000 -1.423578e+000  3.000000e+000
      vertex  3.284947e+000 -1.207943e+000  5.000000e+000
      vertex  2.973832e+000 -1.845622e+000  5.000000e+000
    endloop
  endfacet
  facet normal  8.659925e-001 -4.999812e-001 -8.699100e-003
    outer loop
      vertex  3.197409e+000 -1.423578e+000  3.000000e+000
      vertex  2.973832e+000 -1.845622e+000  5.000000e+000
      vertex  2.831559e+000 -2.057248e+000  3.000000e+000
    endloop
  endfacet
  facet normal  7.918135e-001 -6.107067e-001  8.293944e-003
    outer loop
      vertex  2.831559e+000 -2.057248e+000  3.000000e+000
      vertex  2.973832e+000 -1.845622e+000  5.000000e+000
      vertex  2.540505e+000 -2.407454e+000  5.000000e+000
    endloop
  endfacet
  facet normal  7.431147e-001 -6.691033e-001 -9.018451e-003
    outer loop
      vertex  2.831559e+000 -2.057248e+000  3.000000e+000
      vertex  2.540505e+000 -2.407454e+000  5.000000e+000
      vertex  2.341957e+000 -2.601007e+000  3.000000e+000
    endloop
  endfacet
  facet normal  6.523758e-001 -7.578471e-001  8.577895e-003
    outer loop
      vertex  2.341957e+000 -2.601007e+000  3.000000e+000
      vertex  2.540505e+000 -2.407454e+000  5.000000e+000
      vertex  2.002773e+000 -2.870348e+000  5.000000e+000
    endloop
  endfacet
  facet normal  5.877599e-001 -8.089824e-001 -9.266865e-003
    outer loop
      vertex  2.341957e+000 -2.601007e+000  3.000000e+000
      vertex  2.002773e+000 -2.870348e+000  5.000000e+000
      vertex  1.750000e+000 -3.031089e+000  3.000000e+000
    endloop
  endfacet
  facet normal  4.861290e-001 -8.738429e-001  8.790761e-003
    outer loop
      vertex  1.750000e+000 -3.031089e+000  3.000000e+000
      vertex  2.002773e+000 -2.870348e+000  5.000000e+000
      vertex  1.382735e+000 -3.215283e+000  5.000000e+000
    endloop
  endfacet
  facet normal  4.067188e-001 -9.135046e-001 -9.444271e-003
    outer loop
      vertex  1.750000e+000 -3.031089e+000  3.000000e+000
      vertex  1.382735e+000 -3.215283e+000  5.000000e+000
      vertex  1.081560e+000 -3.328698e+000  3.000000e+000
    endloop
  endfacet
  facet normal  2.999049e-001 -9.539272e-001  8.932836e-003
    outer loop
      vertex  1.081560e+000 -3.328698e+000  3.000000e+000
      vertex  1.382735e+000 -3.215283e+000  5.000000e+000
      vertex  7.058718e-001 -3.428082e+000  5.000000e+000
    endloop
  endfacet
  facet normal  2.079020e-001 -9.781031e-001 -9.550691e-003
    outer loop
      vertex  1.081560e+000 -3.328698e+000  3.000000e+000
      vertex  7.058718e-001 -3.428082e+000  5.000000e+000
      vertex  3.658496e-001 -3.480827e+000  3.000000e+000
    endloop
  endfacet
  facet normal  1.013569e-001 -9.948094e-001  9.003753e-003
    outer loop
      vertex  3.658496e-001 -3.480827e+000  3.000000e+000
      vertex  7.058718e-001 -3.428082e+000  5.000000e+000
      vertex -6.429396e-016 -3.500000e+000  5.000000e+000
    endloop
  endfacet
  facet normal  0.000000e+000 -9.999540e-001 -9.586251e-003
    outer loop
      vertex  3.658496e-001 -3.480827e+000  3.000000e+000
      vertex -6.429396e-016 -3.500000e+000  5.000000e+000
      vertex -3.658496e-001 -3.480827e+000  3.000000e+000
    endloop
  endfacet
  facet normal -1.013569e-001 -9.948094e-001  9.003753e-003
    outer loop
      vertex -6.429396e-016 -3.500000e+000  5.000000e+000
      vertex -7.058718e-001 -3.428082e+000  5.000000e+000
      vertex -3.658496e-001 -3.480827e+000  3.000000e+000
    endloop
  endfacet
  facet normal -2.079020e-001 -9.781031e-001 -9.550691e-003
    outer loop
      vertex -1.081560e+000 -3.328698e+000  3.000000e+000
      vertex -3.658496e-001 -3.480827e+000  3.000000e+000
      vertex -7.058718e-001 -3.428082e+000  5.000000e+000
    endloop
  endfacet
  facet normal -2.999049e-001 -9.539272e-001  8.932836e-003
    outer loop
      vertex -7.058718e-001 -3.428082e+000  5.000000e+000
      vertex -1.382735e+000 -3.215283e+000  5.000000e+000
      vertex -1.081560e+000 -3.328698e+000  3.000000e+000
    endloop
  endfacet
  facet normal -4.067188e-001 -9.135046e-001 -9.444271e-003
    outer loop
      vertex -1.750000e+000 -3.031089e+000  3.000000e+000
      vertex -1.081560e+000 -3.328698e+000  3.000000e+000
      vertex -1.382735e+000 -3.215283e+000  5.000000e+000
    endloop
  endfacet
  facet normal -4.861290e-001 -8.738429e-001  8.790761e-003
    outer loop
      vertex -1.382735e+000 -3.215283e+000  5.000000e+000
      vertex -2.002773e+000 -2.870348e+000  5.000000e+000
      vertex -1.750000e+000 -3.031089e+000  3.000000e+000
    endloop
  endfacet
  facet normal -5.877599e-001 -8.089824e-001 -9.266865e-003
    outer loop
      vertex -2.341957e+000 -2.601007e+000  3.000000e+000
      vertex -1.750000e+000 -3.031089e+000  3.000000e+000
      vertex -2.002773e+000 -2.870348e+000  5.000000e+000
    endloop
  endfacet
  facet normal -6.523758e-001 -7.578471e-001  8.577895e-003
    outer loop
      vertex -2.002773e+000 -2.870348e+000  5.000000e+000
      vertex -2.540505e+000 -2.407454e+000  5.000000e+000
      vertex -2.341957e+000 -2.601007e+000  3.000000e+000
    endloop
  endfacet
  facet normal -7.431147e-001 -6.691033e-001 -9.018454e-003
    outer loop
      vertex -2.831559e+000 -2.057248e+000  3.000000e+000
      vertex -2.341957e+000 -2.601007e+000  3.000000e+000
      vertex -2.540505e+000 -2.407454e+000  5.000000e+000
    endloop
  endfacet
  facet normal -7.918135e-001 -6.107067e-001  8.293944e-003
    outer loop
      vertex -2.540505e+000 -2.407454e+000  5.000000e+000
      vertex -2.973832e+000 -1.845622e+000  5.000000e+000
      vertex -2.831559e+000 -2.057248e+000  3.000000e+000
    endloop
  endfacet
  facet normal -8.659925e-001 -4.999812e-001 -8.699100e-003
    outer loop
      vertex -3.197409e+000 -1.423578e+000  3.000000e+000
      vertex -2.831559e+000 -2.057248e+000  3.000000e+000
      vertex -2.973832e+000 -1.845622e+000  5.000000e+000
    endloop
  endfacet
  facet normal -8.987117e-001 -4.384680e-001  7.939147e-003
    outer loop
      vertex -2.973832e+000 -1.845622e+000  5.000000e+000
      vertex -3.284947e+000 -1.207943e+000  5.000000e+000
      vertex -3.197409e+000 -1.423578e+000  3.000000e+000
    endloop
  endfacet
  facet normal -9.510238e-001 -3.090062e-001 -8.308779e-003
    outer loop
      vertex -3.423517e+000 -7.276909e-001  3.000000e+000
      vertex -3.197409e+000 -1.423578e+000  3.000000e+000
      vertex -3.284947e+000 -1.207943e+000  5.000000e+000
    endloop
  endfacet
  facet normal -9.686773e-001 -2.482091e-001  7.513309e-003
    outer loop
      vertex -3.461062e+000 -5.206215e-001  5.000000e+000
      vertex -3.423517e+000 -7.276909e-001  3.000000e+000
      vertex -3.284947e+000 -1.207943e+000  5.000000e+000
    endloop
  endfacet
  facet normal  9.945219e-001 -1.045286e-001 -4.480371e-017
    outer loop
      vertex  3.500000e+000  0.000000e+000  3.000000e+000
      vertex  3.500000e+000 -8.572528e-016  5.000000e+000
      vertex  3.423517e+000 -7.276909e-001  3.000000e+000
    endloop
  endfacet
  facet normal  9.990003e-001 -3.730585e-002 -2.462994e-002
    outer loop
      vertex  3.423517e+000 -7.276909e-001  3.000000e+000
      vertex  3.500000e+000 -8.572528e-016  5.000000e+000
      vertex  3.490252e+000 -2.610378e-001  5.000000e+000
    endloop
  endfacet
  facet normal  9.937121e-001 -1.117406e-001 -7.085888e-003
    outer loop
      vertex  3.423517e+000 -7.276909e-001  3.000000e+000
      vertex  3.490252e+000 -2.610378e-001  5.000000e+000
      vertex  3.461062e+000 -5.206215e-001  5.000000e+000
    endloop
  endfacet
  facet normal -9.944913e-001 -1.045254e-001 -7.847543e-003
    outer loop
      vertex -3.423517e+000 -7.276909e-001  3.000000e+000
      vertex -3.461062e+000 -5.206215e-001  5.000000e+000
      vertex -3.500000e+000  4.286264e-016  3.000000e+000
    endloop
  endfacet
  facet normal -9.936899e-001 -1.117381e-001 -9.740699e-003
    outer loop
      vertex -3.500000e+000  4.286264e-016  3.000000e+000
      vertex -3.461062e+000 -5.206215e-001  5.000000e+000
      vertex -3.490252e+000 -2.610378e-001  5.000000e+000
    endloop
  endfacet
  facet normal -9.993035e-001 -3.731717e-002  0.000000e+000
    outer loop
      vertex -3.500000e+000  4.286264e-016  3.000000e+000
      vertex -3.490252e+000 -2.610378e-001  5.000000e+000
      vertex -3.500000e+000  4.286264e-016  5.000000e+000
    endloop
  endfacet
  facet normal -1.305261e-001  9.914449e-001  0.000000e+000
    outer loop
      vertex -4.440892e-016 -2.250000e+000  3.000000e+000
      vertex  5.823429e-001 -2.173333e+000  8.000000e+000
      vertex  5.823429e-001 -2.173333e+000  3.000000e+000
    endloop
  endfacet
  facet normal -3.826836e-001  9.238795e-001  0.000000e+000
    outer loop
      vertex  5.823429e-001 -2.173333e+000  3.000000e+000
      vertex  5.823429e-001 -2.173333e+000  8.000000e+000
      vertex  1.125000e+000 -1.948557e+000  8.000000e+000
    endloop
  endfacet
  facet normal -3.826836e-001  9.238795e-001  0.000000e+000
    outer loop
      vertex  5.823429e-001 -2.173333e+000  3.000000e+000
      vertex  1.125000e+000 -1.948557e+000  8.000000e+000
      vertex  1.125000e+000 -1.948557e+000  3.000000e+000
    endloop
  endfacet
  facet normal -6.087613e-001  7.933534e-001  0.000000e+000
    outer loop
      vertex  1.125000e+000 -1.948557e+000  3.000000e+000
      vertex  1.125000e+000 -1.948557e+000  8.000000e+000
      vertex  1.590990e+000 -1.590990e+000  8.000000e+000
    endloop
  endfacet
  facet normal -6.087613e-001  7.933534e-001  0.000000e+000
    outer loop
      vertex  1.125000e+000 -1.948557e+000  3.000000e+000
      vertex  1.590990e+000 -1.590990e+000  8.000000e+000
      vertex  1.590990e+000 -1.590990e+000  3.000000e+000
    endloop
  endfacet
  facet normal -7.933534e-001  6.087613e-001  0.000000e+000
    outer loop
      vertex  1.590990e+000 -1.590990e+000  3.000000e+000
      vertex  1.590990e+000 -1.590990e+000  8.000000e+000
      vertex  1.948557e+000 -1.125000e+000  8.000000e+000
    endloop
  endfacet
  facet normal -7.933534e-001  6.087613e-001  0.000000e+000
    outer loop
      vertex  1.590990e+000 -1.590990e+000  3.000000e+000
      vertex  1.948557e+000 -1.125000e+000  8.000000e+000
      vertex  1.948557e+000 -1.125000e+000  3.000000e+000
    endloop
  endfacet
  facet normal -9.238795e-001  3.826836e-001  0.000000e+000
    outer loop
      vertex  1.948557e+000 -1.125000e+000  3.000000e+000
      vertex  1.948557e+000 -1.125000e+000  8.000000e+000
      vertex  2.173333e+000 -5.823429e-001  8.000000e+000
    endloop
  endfacet
  facet normal -9.238795e-001  3.826836e-001  0.000000e+000
    outer loop
      vertex  1.948557e+000 -1.125000e+000  3.000000e+000
      vertex  2.173333e+000 -5.823429e-001  8.000000e+000
      vertex  2.173333e+000 -5.823429e-001  3.000000e+000
    endloop
  endfacet
  facet normal -9.914449e-001  1.305261e-001  0.000000e+000
    outer loop
      vertex  2.173333e+000 -5.823429e-001  3.000000e+000
      vertex  2.173333e+000 -5.823429e-001  8.000000e+000
      vertex  2.250000e+000  0.000000e+000  8.000000e+000
    endloop
  endfacet
  facet normal -9.914449e-001  1.305261e-001  0.000000e+000
    outer loop
      vertex  2.173333e+000 -5.823429e-001  3.000000e+000
      vertex  2.250000e+000  0.000000e+000  8.000000e+000
      vertex  2.250000e+000  0.000000e+000  3.000000e+000
    endloop
  endfacet
  facet normal -1.305261e-001  9.914449e-001  8.032812e-019
    outer loop
      vertex  5.823429e-001 -2.173333e+000  8.000000e+000
      vertex -4.440892e-016 -2.250000e+000  3.000000e+000
      vertex -4.133183e-016 -2.250000e+000  8.000000e+000
    endloop
  endfacet
  facet normal  1.305261e-001  9.914449e-001 -8.032812e-019
    outer loop
      vertex -4.133183e-016 -2.250000e+000  8.000000e+000
      vertex -4.440892e-016 -2.250000e+000  3.000000e+000
      vertex -5.823429e-001 -2.173333e+000  3.000000e+000
    endloop
  endfacet
  facet normal  1.305261e-001  9.914449e-001  -0.000000e+000
    outer loop
      vertex -4.133183e-016 -2.250000e+000  8.000000e+000
      vertex -5.823429e-001 -2.173333e+000  3.000000e+000
      vertex -5.823429e-001 -2.173333e+000  8.000000e+000
    endloop
  endfacet
  facet normal  3.826836e-001  9.238795e-001  0.000000e+000
    outer loop
      vertex -5.823429e-001 -2.173333e+000  8.000000e+000
      vertex -5.823429e-001 -2.173333e+000  3.000000e+000
      vertex -1.125000e+000 -1.948557e+000  3.000000e+000
    endloop
  endfacet
  facet normal  3.826836e-001  9.238795e-001  -0.000000e+000
    outer loop
      vertex -5.823429e-001 -2.173333e+000  8.000000e+000
      vertex -1.125000e+000 -1.948557e+000  3.000000e+000
      vertex -1.125000e+000 -1.948557e+000  8.000000e+000
    endloop
  endfacet
  facet normal  6.087613e-001  7.933534e-001  0.000000e+000
    outer loop
      vertex -1.125000e+000 -1.948557e+000  8.000000e+000
      vertex -1.125000e+000 -1.948557e+000  3.000000e+000
      vertex -1.590990e+000 -1.590990e+000  3.000000e+000
    endloop
  endfacet
  facet normal  6.087613e-001  7.933534e-001  -0.000000e+000
    outer loop
      vertex -1.125000e+000 -1.948557e+000  8.000000e+000
      vertex -1.590990e+000 -1.590990e+000  3.000000e+000
      vertex -1.590990e+000 -1.590990e+000  8.000000e+000
    endloop
  endfacet
  facet normal  7.933534e-001  6.087613e-001  0.000000e+000
    outer loop
      vertex -1.590990e+000 -1.590990e+000  8.000000e+000
      vertex -1.590990e+000 -1.590990e+000  3.000000e+000
      vertex -1.948557e+000 -1.125000e+000  3.000000e+000
    endloop
  endfacet
  facet normal  7.933534e-001  6.087613e-001  -0.000000e+000
    outer loop
      vertex -1.590990e+000 -1.590990e+000  8.000000e+000
      vertex -1.948557e+000 -1.125000e+000  3.000000e+000
      vertex -1.948557e+000 -1.125000e+000  8.000000e+000
    endloop
  endfacet
  facet normal  9.238795e-001  3.826836e-001  0.000000e+000
    outer loop
      vertex -1.948557e+000 -1.125000e+000  8.000000e+000
      vertex -1.948557e+000 -1.125000e+000  3.000000e+000
      vertex -2.173333e+000 -5.823429e-001  3.000000e+000
    endloop
  endfacet
  facet normal  9.238795e-001  3.826836e-001  -0.000000e+000
    outer loop
      vertex -1.948557e+000 -1.125000e+000  8.000000e+000
      vertex -2.173333e+000 -5.823429e-001  3.000000e+000
      vertex -2.173333e+000 -5.823429e-001  8.000000e+000
    endloop
  endfacet
  facet normal  9.914449e-001  1.305261e-001  0.000000e+000
    outer loop
      vertex -2.173333e+000 -5.823429e-001  8.000000e+000
      vertex -2.173333e+000 -5.823429e-001  3.000000e+000
      vertex -2.250000e+000  2.755455e-016  3.000000e+000
    endloop
  endfacet
  facet normal  9.914449e-001  1.305261e-001  -0.000000e+000
    outer loop
      vertex -2.173333e+000 -5.823429e-001  8.000000e+000
      vertex -2.250000e+000  2.755455e-016  3.000000e+000
      vertex -2.250000e+000  2.755455e-016  8.000000e+000
    endloop
  endfacet
  facet normal  1.305261e-001 -9.914449e-001  0.000000e+000
    outer loop
      vertex  1.221245e-015  2.250000e+000  3.000000e+000
      vertex -5.823429e-001  2.173333e+000  8.000000e+000
      vertex -5.823429e-001  2.173333e+000  3.000000e+000
    endloop
  endfacet
  facet normal  3.826836e-001 -9.238795e-001  0.000000e+000
    outer loop
      vertex -5.823429e-001  2.173333e+000  3.000000e+000
      vertex -5.823429e-001  2.173333e+000  8.000000e+000
      vertex -1.125000e+000  1.948557e+000  8.000000e+000
    endloop
  endfacet
  facet normal  3.826836e-001 -9.238795e-001  0.000000e+000
    outer loop
      vertex -5.823429e-001  2.173333e+000  3.000000e+000
      vertex -1.125000e+000  1.948557e+000  8.000000e+000
      vertex -1.125000e+000  1.948557e+000  3.000000e+000
    endloop
  endfacet
  facet normal  6.087613e-001 -7.933534e-001  0.000000e+000
    outer loop
      vertex -1.125000e+000  1.948557e+000  3.000000e+000
      vertex -1.125000e+000  1.948557e+000  8.000000e+000
      vertex -1.590990e+000  1.590990e+000  8.000000e+000
    endloop
  endfacet
  facet normal  6.087613e-001 -7.933534e-001  0.000000e+000
    outer loop
      vertex -1.125000e+000  1.948557e+000  3.000000e+000
      vertex -1.590990e+000  1.590990e+000  8.000000e+000
      vertex -1.590990e+000  1.590990e+000  3.000000e+000
    endloop
  endfacet
  facet normal  7.933534e-001 -6.087613e-001  0.000000e+000
    outer loop
      vertex -1.590990e+000  1.590990e+000  3.000000e+000
      vertex -1.590990e+000  1.590990e+000  8.000000e+000
      vertex -1.948557e+000  1.125000e+000  8.000000e+000
    endloop
  endfacet
  facet normal  7.933534e-001 -6.087613e-001  0.000000e+000
    outer loop
      vertex -1.590990e+000  1.590990e+000  3.000000e+000
      vertex -1.948557e+000  1.125000e+000  8.000000e+000
      vertex -1.948557e+000  1.125000e+000  3.000000e+000
    endloop
  endfacet
  facet normal  9.238795e-001 -3.826836e-001  0.000000e+000
    outer loop
      vertex -1.948557e+000  1.125000e+000  3.000000e+000
      vertex -1.948557e+000  1.125000e+000  8.000000e+000
      vertex -2.173333e+000  5.823429e-001  8.000000e+000
    endloop
  endfacet
  facet normal  9.238795e-001 -3.826836e-001  0.000000e+000
    outer loop
      vertex -1.948557e+000  1.125000e+000  3.000000e+000
      vertex -2.173333e+000  5.823429e-001  8.000000e+000
      vertex -2.173333e+000  5.823429e-001  3.000000e+000
    endloop
  endfacet
  facet normal  9.914449e-001 -1.305261e-001  0.000000e+000
    outer loop
      vertex -2.173333e+000  5.823429e-001  3.000000e+000
      vertex -2.173333e+000  5.823429e-001  8.000000e+000
      vertex -2.250000e+000  2.755455e-016  8.000000e+000
    endloop
  endfacet
  facet normal  9.914449e-001 -1.305261e-001  0.000000e+000
    outer loop
      vertex -2.173333e+000  5.823429e-001  3.000000e+000
      vertex -2.250000e+000  2.755455e-016  8.000000e+000
      vertex -2.250000e+000  2.755455e-016  3.000000e+000
    endloop
  endfacet
  facet normal  1.305261e-001 -9.914449e-001  2.828429e-017
    outer loop
      vertex -5.823429e-001  2.173333e+000  8.000000e+000
      vertex  1.221245e-015  2.250000e+000  3.000000e+000
      vertex  1.377728e-016  2.250000e+000  8.000000e+000
    endloop
  endfacet
  facet normal -1.305261e-001 -9.914449e-001 -2.828429e-017
    outer loop
      vertex  1.377728e-016  2.250000e+000  8.000000e+000
      vertex  1.221245e-015  2.250000e+000  3.000000e+000
      vertex  5.823429e-001  2.173333e+000  3.000000e+000
    endloop
  endfacet
  facet normal -1.305261e-001 -9.914449e-001  0.000000e+000
    outer loop
      vertex  1.377728e-016  2.250000e+000  8.000000e+000
      vertex  5.823429e-001  2.173333e+000  3.000000e+000
      vertex  5.823429e-001  2.173333e+000  8.000000e+000
    endloop
  endfacet
  facet normal -3.826836e-001 -9.238795e-001  -0.000000e+000
    outer loop
      vertex  5.823429e-001  2.173333e+000  8.000000e+000
      vertex  5.823429e-001  2.173333e+000  3.000000e+000
      vertex  1.125000e+000  1.948557e+000  3.000000e+000
    endloop
  endfacet
  facet normal -3.826836e-001 -9.238795e-001  0.000000e+000
    outer loop
      vertex  5.823429e-001  2.173333e+000  8.000000e+000
      vertex  1.125000e+000  1.948557e+000  3.000000e+000
      vertex  1.125000e+000  1.948557e+000  8.000000e+000
    endloop
  endfacet
  facet normal -6.087613e-001 -7.933534e-001  -0.000000e+000
    outer loop
      vertex  1.125000e+000  1.948557e+000  8.000000e+000
      vertex  1.125000e+000  1.948557e+000  3.000000e+000
      vertex  1.590990e+000  1.590990e+000  3.000000e+000
    endloop
  endfacet
  facet normal -6.087613e-001 -7.933534e-001  0.000000e+000
    outer loop
      vertex  1.125000e+000  1.948557e+000  8.000000e+000
      vertex  1.590990e+000  1.590990e+000  3.000000e+000
      vertex  1.590990e+000  1.590990e+000  8.000000e+000
    endloop
  endfacet
  facet normal -7.933534e-001 -6.087613e-001  -0.000000e+000
    outer loop
      vertex  1.590990e+000  1.590990e+000  8.000000e+000
      vertex  1.590990e+000  1.590990e+000  3.000000e+000
      vertex  1.948557e+000  1.125000e+000  3.000000e+000
    endloop
  endfacet
  facet normal -7.933534e-001 -6.087613e-001  0.000000e+000
    outer loop
      vertex  1.590990e+000  1.590990e+000  8.000000e+000
      vertex  1.948557e+000  1.125000e+000  3.000000e+000
      vertex  1.948557e+000  1.125000e+000  8.000000e+000
    endloop
  endfacet
  facet normal -9.238795e-001 -3.826836e-001  -0.000000e+000
    outer loop
      vertex  1.948557e+000  1.125000e+000  8.000000e+000
      vertex  1.948557e+000  1.125000e+000  3.000000e+000
      vertex  2.173333e+000  5.823429e-001  3.000000e+000
    endloop
  endfacet
  facet normal -9.238795e-001 -3.826836e-001  0.000000e+000
    outer loop
      vertex  1.948557e+000  1.125000e+000  8.000000e+000
      vertex  2.173333e+000  5.823429e-001  3.000000e+000
      vertex  2.173333e+000  5.823429e-001  8.000000e+000
    endloop
  endfacet
  facet normal -9.914449e-001 -1.305261e-001  -0.000000e+000
    outer loop
      vertex  2.173333e+000  5.823429e-001  8.000000e+000
      vertex  2.173333e+000  5.823429e-001  3.000000e+000
      vertex  2.250000e+000  0.000000e+000  3.000000e+000
    endloop
  endfacet
  facet normal -9.914449e-001 -1.305261e-001  0.000000e+000
    outer loop
      vertex  2.173333e+000  5.823429e-001  8.000000e+000
      vertex  2.250000e+000  0.000000e+000  3.000000e+000
      vertex  2.250000e+000  0.000000e+000  8.000000e+000
    endloop
  endfacet
  facet normal -9.945219e-001  1.045286e-001  0.000000e+000
    outer loop
      vertex -3.423517e+000  7.276909e-001  8.000000e+000
      vertex -3.423517e+000  7.276909e-001  3.000000e+000
      vertex -3.500000e+000  4.286264e-016  3.000000e+000
    endloop
  endfacet
  facet normal -9.945219e-001  1.045286e-001  0.000000e+000
    outer loop
      vertex -3.423517e+000  7.276909e-001  8.000000e+000
      vertex -3.500000e+000  4.286264e-016  3.000000e+000
      vertex -3.500000e+000  4.286264e-016  5.000000e+000
    endloop
  endfacet
  facet normal -9.945219e-001  1.045286e-001 -8.123503e-017
    outer loop
      vertex -3.423517e+000  7.276909e-001  8.000000e+000
      vertex -3.500000e+000  4.286264e-016  5.000000e+000
      vertex -3.500000e+000  1.982939e-015  7.000000e+000
    endloop
  endfacet
  facet normal -9.945219e-001  1.045286e-001  1.624701e-016
    outer loop
      vertex -3.423517e+000  7.276909e-001  8.000000e+000
      vertex -3.500000e+000  1.982939e-015  7.000000e+000
      vertex -3.500000e+000  4.286264e-016  8.000000e+000
    endloop
  endfacet
  facet normal  9.945219e-001  1.045286e-001  0.000000e+000
    outer loop
      vertex  3.423517e+000  7.276909e-001  3.000000e+000
      vertex  3.423517e+000  7.276909e-001  8.000000e+000
      vertex  3.500000e+000  0.000000e+000  8.000000e+000
    endloop
  endfacet
  facet normal  9.945219e-001  1.045286e-001  7.427203e-016
    outer loop
      vertex  3.423517e+000  7.276909e-001  3.000000e+000
      vertex  3.500000e+000  0.000000e+000  8.000000e+000
      vertex  3.500000e+000  7.105427e-015  7.000000e+000
    endloop
  endfacet
  facet normal  9.945219e-001  1.045286e-001 -4.161638e-016
    outer loop
      vertex  3.423517e+000  7.276909e-001  3.000000e+000
      vertex  3.500000e+000  7.105427e-015  7.000000e+000
      vertex  3.500000e+000 -8.572528e-016  5.000000e+000
    endloop
  endfacet
  facet normal  9.945219e-001  1.045286e-001  4.480371e-017
    outer loop
      vertex  3.423517e+000  7.276909e-001  3.000000e+000
      vertex  3.500000e+000 -8.572528e-016  5.000000e+000
      vertex  3.500000e+000  0.000000e+000  3.000000e+000
    endloop
  endfacet
  facet normal -9.510566e-001  3.090168e-001  0.000000e+000
    outer loop
      vertex -3.423517e+000  7.276909e-001  3.000000e+000
      vertex -3.423517e+000  7.276909e-001  8.000000e+000
      vertex -3.197409e+000  1.423578e+000  3.000000e+000
    endloop
  endfacet
  facet normal -9.510566e-001  3.090168e-001  0.000000e+000
    outer loop
      vertex -3.197409e+000  1.423578e+000  3.000000e+000
      vertex -3.423517e+000  7.276909e-001  8.000000e+000
      vertex -3.197409e+000  1.423578e+000  8.000000e+000
    endloop
  endfacet
  facet normal -8.660253e-001  5.000002e-001  0.000000e+000
    outer loop
      vertex -3.197409e+000  1.423578e+000  3.000000e+000
      vertex -3.197409e+000  1.423578e+000  8.000000e+000
      vertex -2.831559e+000  2.057248e+000  3.000000e+000
    endloop
  endfacet
  facet normal -8.660253e-001  5.000002e-001  0.000000e+000
    outer loop
      vertex -2.831559e+000  2.057248e+000  3.000000e+000
      vertex -3.197409e+000  1.423578e+000  8.000000e+000
      vertex -2.831559e+000  2.057248e+000  8.000000e+000
    endloop
  endfacet
  facet normal -7.431449e-001  6.691305e-001  0.000000e+000
    outer loop
      vertex -2.831559e+000  2.057248e+000  3.000000e+000
      vertex -2.831559e+000  2.057248e+000  8.000000e+000
      vertex -2.341957e+000  2.601007e+000  3.000000e+000
    endloop
  endfacet
  facet normal -7.431449e-001  6.691305e-001  0.000000e+000
    outer loop
      vertex -2.341957e+000  2.601007e+000  3.000000e+000
      vertex -2.831559e+000  2.057248e+000  8.000000e+000
      vertex -2.341957e+000  2.601007e+000  8.000000e+000
    endloop
  endfacet
  facet normal -5.877851e-001  8.090171e-001  0.000000e+000
    outer loop
      vertex -2.341957e+000  2.601007e+000  3.000000e+000
      vertex -2.341957e+000  2.601007e+000  8.000000e+000
      vertex -1.750000e+000  3.031089e+000  3.000000e+000
    endloop
  endfacet
  facet normal -5.877851e-001  8.090171e-001  0.000000e+000
    outer loop
      vertex -1.750000e+000  3.031089e+000  3.000000e+000
      vertex -2.341957e+000  2.601007e+000  8.000000e+000
      vertex -1.750000e+000  3.031089e+000  8.000000e+000
    endloop
  endfacet
  facet normal -4.067369e-001  9.135454e-001  0.000000e+000
    outer loop
      vertex -1.750000e+000  3.031089e+000  3.000000e+000
      vertex -1.750000e+000  3.031089e+000  8.000000e+000
      vertex -1.081560e+000  3.328698e+000  3.000000e+000
    endloop
  endfacet
  facet normal -4.067369e-001  9.135454e-001  0.000000e+000
    outer loop
      vertex -1.081560e+000  3.328698e+000  3.000000e+000
      vertex -1.750000e+000  3.031089e+000  8.000000e+000
      vertex -1.081560e+000  3.328698e+000  8.000000e+000
    endloop
  endfacet
  facet normal -2.079115e-001  9.781476e-001  0.000000e+000
    outer loop
      vertex -1.081560e+000  3.328698e+000  3.000000e+000
      vertex -1.081560e+000  3.328698e+000  8.000000e+000
      vertex -3.658496e-001  3.480827e+000  3.000000e+000
    endloop
  endfacet
  facet normal -2.079115e-001  9.781476e-001  0.000000e+000
    outer loop
      vertex -3.658496e-001  3.480827e+000  3.000000e+000
      vertex -1.081560e+000  3.328698e+000  8.000000e+000
      vertex -3.658496e-001  3.480827e+000  8.000000e+000
    endloop
  endfacet
  facet normal  0.000000e+000  1.000000e+000  0.000000e+000
    outer loop
      vertex -3.658496e-001  3.480827e+000  3.000000e+000
      vertex -3.658496e-001  3.480827e+000  8.000000e+000
      vertex  3.658496e-001  3.480827e+000  3.000000e+000
    endloop
  endfacet
  facet normal  0.000000e+000  1.000000e+000  -0.000000e+000
    outer loop
      vertex  3.658496e-001  3.480827e+000  3.000000e+000
      vertex -3.658496e-001  3.480827e+000  8.000000e+000
      vertex  3.658496e-001  3.480827e+000  8.000000e+000
    endloop
  endfacet
  facet normal  2.079115e-001  9.781476e-001  0.000000e+000
    outer loop
      vertex  3.658496e-001  3.480827e+000  3.000000e+000
      vertex  3.658496e-001  3.480827e+000  8.000000e+000
      vertex  1.081560e+000  3.328698e+000  3.000000e+000
    endloop
  endfacet
  facet normal  2.079115e-001  9.781476e-001  -0.000000e+000
    outer loop
      vertex  1.081560e+000  3.328698e+000  3.000000e+000
      vertex  3.658496e-001  3.480827e+000  8.000000e+000
      vertex  1.081560e+000  3.328698e+000  8.000000e+000
    endloop
  endfacet
  facet normal  4.067369e-001  9.135454e-001  0.000000e+000
    outer loop
      vertex  1.081560e+000  3.328698e+000  3.000000e+000
      vertex  1.081560e+000  3.328698e+000  8.000000e+000
      vertex  1.750000e+000  3.031089e+000  3.000000e+000
    endloop
  endfacet
  facet normal  4.067369e-001  9.135454e-001  -0.000000e+000
    outer loop
      vertex  1.750000e+000  3.031089e+000  3.000000e+000
      vertex  1.081560e+000  3.328698e+000  8.000000e+000
      vertex  1.750000e+000  3.031089e+000  8.000000e+000
    endloop
  endfacet
  facet normal  5.877851e-001  8.090171e-001  0.000000e+000
    outer loop
      vertex  1.750000e+000  3.031089e+000  3.000000e+000
      vertex  1.750000e+000  3.031089e+000  8.000000e+000
      vertex  2.341957e+000  2.601007e+000  3.000000e+000
    endloop
  endfacet
  facet normal  5.877851e-001  8.090171e-001  -0.000000e+000
    outer loop
      vertex  2.341957e+000  2.601007e+000  3.000000e+000
      vertex  1.750000e+000  3.031089e+000  8.000000e+000
      vertex  2.341957e+000  2.601007e+000  8.000000e+000
    endloop
  endfacet
  facet normal  7.431449e-001  6.691305e-001  0.000000e+000
    outer loop
      vertex  2.341957e+000  2.601007e+000  3.000000e+000
      vertex  2.341957e+000  2.601007e+000  8.000000e+000
      vertex  2.831559e+000  2.057248e+000  3.000000e+000
    endloop
  endfacet
  facet normal  7.431449e-001  6.691305e-001  -0.000000e+000
    outer loop
      vertex  2.831559e+000  2.057248e+000  3.000000e+000
      vertex  2.341957e+000  2.601007e+000  8.000000e+000
      vertex  2.831559e+000  2.057248e+000  8.000000e+000
    endloop
  endfacet
  facet normal  8.660253e-001  5.000002e-001  0.000000e+000
    outer loop
      vertex  2.831559e+000  2.057248e+000  3.000000e+000
      vertex  2.831559e+000  2.057248e+000  8.000000e+000
      vertex  3.197409e+000  1.423578e+000  3.000000e+000
    endloop
  endfacet
  facet normal  8.660253e-001  5.000002e-001  -0.000000e+000
    outer loop
      vertex  3.197409e+000  1.423578e+000  3.000000e+000
      vertex  2.831559e+000  2.057248e+000  8.000000e+000
      vertex  3.197409e+000  1.423578e+000  8.000000e+000
    endloop
  endfacet
  facet normal  9.510566e-001  3.090168e-001  0.000000e+000
    outer loop
      vertex  3.197409e+000  1.423578e+000  3.000000e+000
      vertex  3.197409e+000  1.423578e+000  8.000000e+000
      vertex  3.423517e+000  7.276909e-001  3.000000e+000
    endloop
  endfacet
  facet normal  9.510566e-001  3.090168e-001  -0.000000e+000
    outer loop
      vertex  3.423517e+000  7.276909e-001  3.000000e+000
      vertex  3.197409e+000  1.423578e+000  8.000000e+000
      vertex  3.423517e+000  7.276909e-001  8.000000e+000
    endloop
  endfacet
  facet normal  0.000000e+000  0.000000e+000 -1.000000e+000
    outer loop
      vertex -1.081560e+000  3.328698e+000  3.000000e+000
      vertex -3.658496e-001  3.480827e+000  3.000000e+000
      vertex -2.341957e+000  2.601007e+000  3.000000e+000
    endloop
  endfacet
  facet normal  0.000000e+000  0.000000e+000 -1.000000e+000
    outer loop
      vertex -1.750000e+000  3.031089e+000  3.000000e+000
      vertex -1.081560e+000  3.328698e+000  3.000000e+000
      vertex -2.341957e+000  2.601007e+000  3.000000e+000
    endloop
  endfacet
  facet normal  0.000000e+000  -0.000000e+000 -9.999999e-001
    outer loop
      vertex -2.831559e+000 -2.057248e+000  3.000000e+000
      vertex -1.125000e+000 -1.948557e+000  3.000000e+000
      vertex -5.823429e-001 -2.173333e+000  3.000000e+000
    endloop
  endfacet
  facet normal  -0.000000e+000  0.000000e+000 -1.000000e+000
    outer loop
      vertex  1.125000e+000 -1.948557e+000  3.000000e+000
      vertex  2.831559e+000 -2.057248e+000  3.000000e+000
      vertex  5.823429e-001 -2.173333e+000  3.000000e+000
    endloop
  endfacet
  facet normal  0.000000e+000  -0.000000e+000 -1.000000e+000
    outer loop
      vertex -4.440892e-016 -2.250000e+000  3.000000e+000
      vertex  5.823429e-001 -2.173333e+000  3.000000e+000
      vertex  2.831559e+000 -2.057248e+000  3.000000e+000
    endloop
  endfacet
  facet normal  0.000000e+000  0.000000e+000 -1.000000e+000
    outer loop
      vertex -4.440892e-016 -2.250000e+000  3.000000e+000
      vertex  2.831559e+000 -2.057248e+000  3.000000e+000
      vertex  2.341957e+000 -2.601007e+000  3.000000e+000
    endloop
  endfacet
  facet normal  -0.000000e+000  0.000000e+000 -1.000000e+000
    outer loop
      vertex -4.440892e-016 -2.250000e+000  3.000000e+000
      vertex  2.341957e+000 -2.601007e+000  3.000000e+000
      vertex  1.750000e+000 -3.031089e+000  3.000000e+000
    endloop
  endfacet
  facet normal  -0.000000e+000  0.000000e+000 -1.000000e+000
    outer loop
      vertex -4.440892e-016 -2.250000e+000  3.000000e+000
      vertex  1.750000e+000 -3.031089e+000  3.000000e+000
      vertex  1.081560e+000 -3.328698e+000  3.000000e+000
    endloop
  endfacet
  facet normal  -0.000000e+000  0.000000e+000 -9.999999e-001
    outer loop
      vertex -4.440892e-016 -2.250000e+000  3.000000e+000
      vertex  1.081560e+000 -3.328698e+000  3.000000e+000
      vertex  3.658496e-001 -3.480827e+000  3.000000e+000
    endloop
  endfacet
  facet normal  0.000000e+000  0.000000e+000 -1.000000e+000
    outer loop
      vertex -4.440892e-016 -2.250000e+000  3.000000e+000
      vertex  3.658496e-001 -3.480827e+000  3.000000e+000
      vertex -3.658496e-001 -3.480827e+000  3.000000e+000
    endloop
  endfacet
  facet normal  0.000000e+000  0.000000e+000 -1.000000e+000
    outer loop
      vertex -4.440892e-016 -2.250000e+000  3.000000e+000
      vertex -3.658496e-001 -3.480827e+000  3.000000e+000
      vertex -1.081560e+000 -3.328698e+000  3.000000e+000
    endloop
  endfacet
  facet normal  0.000000e+000  0.000000e+000 -1.000000e+000
    outer loop
      vertex -4.440892e-016 -2.250000e+000  3.000000e+000
      vertex -1.081560e+000 -3.328698e+000  3.000000e+000
      vertex -1.750000e+000 -3.031089e+000  3.000000e+000
    endloop
  endfacet
  facet normal  0.000000e+000  0.000000e+000 -1.000000e+000
    outer loop
      vertex -4.440892e-016 -2.250000e+000  3.000000e+000
      vertex -1.750000e+000 -3.031089e+000  3.000000e+000
      vertex -2.341957e+000 -2.601007e+000  3.000000e+000
    endloop
  endfacet
  facet normal  0.000000e+000  0.000000e+000 -1.000000e+000
    outer loop
      vertex -4.440892e-016 -2.250000e+000  3.000000e+000
      vertex -2.341957e+000 -2.601007e+000  3.000000e+000
      vertex -2.831559e+000 -2.057248e+000  3.000000e+000
    endloop
  endfacet
  facet normal  0.000000e+000  0.000000e+000 -1.000000e+000
    outer loop
      vertex -4.440892e-016 -2.250000e+000  3.000000e+000
      vertex -2.831559e+000 -2.057248e+000  3.000000e+000
      vertex -5.823429e-001 -2.173333e+000  3.000000e+000
    endloop
  endfacet
  facet normal  0.000000e+000  0.000000e+000 -9.999999e-001
    outer loop
      vertex  1.081560e+000  3.328698e+000  3.000000e+000
      vertex  1.221245e-015  2.250000e+000  3.000000e+000
      vertex  3.658496e-001  3.480827e+000  3.000000e+000
    endloop
  endfacet
  facet normal  0.000000e+000  0.000000e+000 -9.999999e-001
    outer loop
      vertex  3.658496e-001  3.480827e+000  3.000000e+000
      vertex  1.221245e-015  2.250000e+000  3.000000e+000
      vertex -2.341957e+000  2.601007e+000  3.000000e+000
    endloop
  endfacet
  facet normal  0.000000e+000  0.000000e+000 -1.000000e+000
    outer loop
      vertex  3.658496e-001  3.480827e+000  3.000000e+000
      vertex -2.341957e+000  2.601007e+000  3.000000e+000
      vertex -3.658496e-001  3.480827e+000  3.000000e+000
    endloop
  endfacet
  facet normal  0.000000e+000  0.000000e+000 -1.000000e+000
    outer loop
      vertex  5.823429e-001  2.173333e+000  3.000000e+000
      vertex  1.221245e-015  2.250000e+000  3.000000e+000
      vertex  2.341957e+000  2.601007e+000  3.000000e+000
    endloop
  endfacet
  facet normal  -0.000000e+000  0.000000e+000 -1.000000e+000
    outer loop
      vertex  2.341957e+000  2.601007e+000  3.000000e+000
      vertex  1.221245e-015  2.250000e+000  3.000000e+000
      vertex  1.081560e+000  3.328698e+000  3.000000e+000
    endloop
  endfacet
  facet normal  0.000000e+000  0.000000e+000 -1.000000e+000
    outer loop
      vertex  2.341957e+000  2.601007e+000  3.000000e+000
      vertex  1.081560e+000  3.328698e+000  3.000000e+000
      vertex  1.750000e+000  3.031089e+000  3.000000e+000
    endloop
  endfacet
  facet normal  0.000000e+000  0.000000e+000 -1.000000e+000
    outer loop
      vertex -2.173333e+000 -5.823429e-001  3.000000e+000
      vertex -1.948557e+000 -1.125000e+000  3.000000e+000
      vertex -3.423517e+000 -7.276909e-001  3.000000e+000
    endloop
  endfacet
  facet normal  0.000000e+000  0.000000e+000 -1.000000e+000
    outer loop
      vertex -3.423517e+000 -7.276909e-001  3.000000e+000
      vertex -1.948557e+000 -1.125000e+000  3.000000e+000
      vertex -1.590990e+000 -1.590990e+000  3.000000e+000
    endloop
  endfacet
  facet normal  0.000000e+000  0.000000e+000 -1.000000e+000
    outer loop
      vertex -3.423517e+000 -7.276909e-001  3.000000e+000
      vertex -1.590990e+000 -1.590990e+000  3.000000e+000
      vertex -3.197409e+000 -1.423578e+000  3.000000e+000
    endloop
  endfacet
  facet normal  0.000000e+000  0.000000e+000 -1.000000e+000
    outer loop
      vertex -3.197409e+000 -1.423578e+000  3.000000e+000
      vertex -1.590990e+000 -1.590990e+000  3.000000e+000
      vertex -1.125000e+000 -1.948557e+000  3.000000e+000
    endloop
  endfacet
  facet normal  -0.000000e+000  0.000000e+000 -1.000000e+000
    outer loop
      vertex -3.197409e+000 -1.423578e+000  3.000000e+000
      vertex -1.125000e+000 -1.948557e+000  3.000000e+000
      vertex -2.831559e+000 -2.057248e+000  3.000000e+000
    endloop
  endfacet
  facet normal  0.000000e+000  0.000000e+000 -1.000000e+000
    outer loop
      vertex -1.590990e+000  1.590990e+000  3.000000e+000
      vertex -1.948557e+000  1.125000e+000  3.000000e+000
      vertex -3.197409e+000  1.423578e+000  3.000000e+000
    endloop
  endfacet
  facet normal  0.000000e+000  0.000000e+000 -1.000000e+000
    outer loop
      vertex -3.197409e+000  1.423578e+000  3.000000e+000
      vertex -1.948557e+000  1.125000e+000  3.000000e+000
      vertex -2.173333e+000  5.823429e-001  3.000000e+000
    endloop
  endfacet
  facet normal  0.000000e+000  0.000000e+000 -1.000000e+000
    outer loop
      vertex -3.197409e+000  1.423578e+000  3.000000e+000
      vertex -2.173333e+000  5.823429e-001  3.000000e+000
      vertex -3.423517e+000  7.276909e-001  3.000000e+000
    endloop
  endfacet
  facet normal  0.000000e+000  0.000000e+000 -1.000000e+000
    outer loop
      vertex -3.423517e+000  7.276909e-001  3.000000e+000
      vertex -2.173333e+000  5.823429e-001  3.000000e+000
      vertex -2.250000e+000  2.755455e-016  3.000000e+000
    endloop
  endfacet
  facet normal  0.000000e+000  0.000000e+000 -1.000000e+000
    outer loop
      vertex -3.423517e+000  7.276909e-001  3.000000e+000
      vertex -2.250000e+000  2.755455e-016  3.000000e+000
      vertex -3.500000e+000  4.286264e-016  3.000000e+000
    endloop
  endfacet
  facet normal  0.000000e+000  0.000000e+000 -1.000000e+000
    outer loop
      vertex -3.500000e+000  4.286264e-016  3.000000e+000
      vertex -2.250000e+000  2.755455e-016  3.000000e+000
      vertex -2.173333e+000 -5.823429e-001  3.000000e+000
    endloop
  endfacet
  facet normal  -0.000000e+000  0.000000e+000 -1.000000e+000
    outer loop
      vertex -3.500000e+000  4.286264e-016  3.000000e+000
      vertex -2.173333e+000 -5.823429e-001  3.000000e+000
      vertex -3.423517e+000 -7.276909e-001  3.000000e+000
    endloop
  endfacet
  facet normal  0.000000e+000  0.000000e+000 -1.000000e+000
    outer loop
      vertex  1.221245e-015  2.250000e+000  3.000000e+000
      vertex -5.823429e-001  2.173333e+000  3.000000e+000
      vertex -2.341957e+000  2.601007e+000  3.000000e+000
    endloop
  endfacet
  facet normal  0.000000e+000  0.000000e+000 -1.000000e+000
    outer loop
      vertex -2.341957e+000  2.601007e+000  3.000000e+000
      vertex -5.823429e-001  2.173333e+000  3.000000e+000
      vertex -1.125000e+000  1.948557e+000  3.000000e+000
    endloop
  endfacet
  facet normal  0.000000e+000  0.000000e+000 -9.999999e-001
    outer loop
      vertex -2.341957e+000  2.601007e+000  3.000000e+000
      vertex -1.125000e+000  1.948557e+000  3.000000e+000
      vertex -2.831559e+000  2.057248e+000  3.000000e+000
    endloop
  endfacet
  facet normal  0.000000e+000  0.000000e+000 -1.000000e+000
    outer loop
      vertex -2.831559e+000  2.057248e+000  3.000000e+000
      vertex -1.125000e+000  1.948557e+000  3.000000e+000
      vertex -1.590990e+000  1.590990e+000  3.000000e+000
    endloop
  endfacet
  facet normal  -0.000000e+000  0.000000e+000 -1.000000e+000
    outer loop
      vertex -2.831559e+000  2.057248e+000  3.000000e+000
      vertex -1.590990e+000  1.590990e+000  3.000000e+000
      vertex -3.197409e+000  1.423578e+000  3.000000e+000
    endloop
  endfacet
  facet normal  -0.000000e+000  0.000000e+000 -1.000000e+000
    outer loop
      vertex  2.173333e+000 -5.823429e-001  3.000000e+000
      vertex  3.423517e+000 -7.276909e-001  3.000000e+000
      vertex  1.948557e+000 -1.125000e+000  3.000000e+000
    endloop
  endfacet
  facet normal  0.000000e+000  0.000000e+000 -1.000000e+000
    outer loop
      vertex  1.948557e+000 -1.125000e+000  3.000000e+000
      vertex  3.423517e+000 -7.276909e-001  3.000000e+000
      vertex  3.197409e+000 -1.423578e+000  3.000000e+000
    endloop
  endfacet
  facet normal  -0.000000e+000  0.000000e+000 -1.000000e+000
    outer loop
      vertex  1.948557e+000 -1.125000e+000  3.000000e+000
      vertex  3.197409e+000 -1.423578e+000  3.000000e+000
      vertex  1.590990e+000 -1.590990e+000  3.000000e+000
    endloop
  endfacet
  facet normal  0.000000e+000  0.000000e+000 -1.000000e+000
    outer loop
      vertex  1.590990e+000 -1.590990e+000  3.000000e+000
      vertex  3.197409e+000 -1.423578e+000  3.000000e+000
      vertex  2.831559e+000 -2.057248e+000  3.000000e+000
    endloop
  endfacet
  facet normal  0.000000e+000  0.000000e+000 -1.000000e+000
    outer loop
      vertex  1.590990e+000 -1.590990e+000  3.000000e+000
      vertex  2.831559e+000 -2.057248e+000  3.000000e+000
      vertex  1.125000e+000 -1.948557e+000  3.000000e+000
    endloop
  endfacet
  facet normal  -0.000000e+000  0.000000e+000 -1.000000e+000
    outer loop
      vertex  1.590990e+000  1.590990e+000  3.000000e+000
      vertex  3.197409e+000  1.423578e+000  3.000000e+000
      vertex  1.948557e+000  1.125000e+000  3.000000e+000
    endloop
  endfacet
  facet normal  0.000000e+000  0.000000e+000 -1.000000e+000
    outer loop
      vertex  1.948557e+000  1.125000e+000  3.000000e+000
      vertex  3.197409e+000  1.423578e+000  3.000000e+000
      vertex  3.423517e+000  7.276909e-001  3.000000e+000
    endloop
  endfacet
  facet normal  -0.000000e+000  0.000000e+000 -1.000000e+000
    outer loop
      vertex  1.948557e+000  1.125000e+000  3.000000e+000
      vertex  3.423517e+000  7.276909e-001  3.000000e+000
      vertex  2.173333e+000  5.823429e-001  3.000000e+000
    endloop
  endfacet
  facet normal  0.000000e+000  0.000000e+000 -1.000000e+000
    outer loop
      vertex  2.173333e+000  5.823429e-001  3.000000e+000
      vertex  3.423517e+000  7.276909e-001  3.000000e+000
      vertex  3.500000e+000  0.000000e+000  3.000000e+000
    endloop
  endfacet
  facet normal  0.000000e+000  0.000000e+000 -1.000000e+000
    outer loop
      vertex  2.173333e+000  5.823429e-001  3.000000e+000
      vertex  3.500000e+000  0.000000e+000  3.000000e+000
      vertex  2.250000e+000  0.000000e+000  3.000000e+000
    endloop
  endfacet
  facet normal  0.000000e+000  0.000000e+000 -1.000000e+000
    outer loop
      vertex  2.250000e+000  0.000000e+000  3.000000e+000
      vertex  3.500000e+000  0.000000e+000  3.000000e+000
      vertex  3.423517e+000 -7.276909e-001  3.000000e+000
    endloop
  endfacet
  facet normal  0.000000e+000  0.000000e+000 -1.000000e+000
    outer loop
      vertex  2.250000e+000  0.000000e+000  3.000000e+000
      vertex  3.423517e+000 -7.276909e-001  3.000000e+000
      vertex  2.173333e+000 -5.823429e-001  3.000000e+000
    endloop
  endfacet
  facet normal  0.000000e+000  0.000000e+000 -1.000000e+000
    outer loop
      vertex  1.590990e+000  1.590990e+000  3.000000e+000
      vertex  1.125000e+000  1.948557e+000  3.000000e+000
      vertex  3.197409e+000  1.423578e+000  3.000000e+000
    endloop
  endfacet
  facet normal  0.000000e+000  0.000000e+000 -1.000000e+000
    outer loop
      vertex  3.197409e+000  1.423578e+000  3.000000e+000
      vertex  1.125000e+000  1.948557e+000  3.000000e+000
      vertex  2.831559e+000  2.057248e+000  3.000000e+000
    endloop
  endfacet
  facet normal  0.000000e+000  0.000000e+000 -1.000000e+000
    outer loop
      vertex  1.125000e+000  1.948557e+000  3.000000e+000
      vertex  5.823429e-001  2.173333e+000  3.000000e+000
      vertex  2.831559e+000  2.057248e+000  3.000000e+000
    endloop
  endfacet
  facet normal  0.000000e+000  0.000000e+000 -1.000000e+000
    outer loop
      vertex  2.831559e+000  2.057248e+000  3.000000e+000
      vertex  5.823429e-001  2.173333e+000  3.000000e+000
      vertex  2.341957e+000  2.601007e+000  3.000000e+000
    endloop
  endfacet
  facet normal  -0.000000e+000  0.000000e+000  1.000000e+000
    outer loop
      vertex -5.823429e-001  2.173333e+000  8.000000e+000
      vertex -2.831559e+000  2.057248e+000  8.000000e+000
      vertex -1.125000e+000  1.948557e+000  8.000000e+000
    endloop
  endfacet
  facet normal  0.000000e+000  -0.000000e+000  9.999999e-001
    outer loop
      vertex  5.823429e-001  2.173333e+000  8.000000e+000
      vertex  1.125000e+000  1.948557e+000  8.000000e+000
      vertex  2.831559e+000  2.057248e+000  8.000000e+000
    endloop
  endfacet
  facet normal  0.000000e+000  -0.000000e+000  1.000000e+000
    outer loop
      vertex -4.133183e-016 -2.250000e+000  8.000000e+000
      vertex  3.658496e-001 -3.480827e+000  8.000000e+000
      vertex  1.081560e+000 -3.328698e+000  8.000000e+000
    endloop
  endfacet
  facet normal  0.000000e+000  -0.000000e+000  1.000000e+000
    outer loop
      vertex -4.133183e-016 -2.250000e+000  8.000000e+000
      vertex  1.081560e+000 -3.328698e+000  8.000000e+000
      vertex  1.750000e+000 -3.031089e+000  8.000000e+000
    endloop
  endfacet
  facet normal  0.000000e+000  -0.000000e+000  1.000000e+000
    outer loop
      vertex -4.133183e-016 -2.250000e+000  8.000000e+000
      vertex  1.750000e+000 -3.031089e+000  8.000000e+000
      vertex  2.341957e+000 -2.601007e+000  8.000000e+000
    endloop
  endfacet
  facet normal  0.000000e+000  0.000000e+000  1.000000e+000
    outer loop
      vertex -4.133183e-016 -2.250000e+000  8.000000e+000
      vertex  2.341957e+000 -2.601007e+000  8.000000e+000
      vertex  5.823429e-001 -2.173333e+000  8.000000e+000
    endloop
  endfacet
  facet normal  -0.000000e+000  -0.000000e+000  1.000000e+000
    outer loop
      vertex  1.377728e-016  2.250000e+000  8.000000e+000
      vertex  5.823429e-001  2.173333e+000  8.000000e+000
      vertex  2.831559e+000  2.057248e+000  8.000000e+000
    endloop
  endfacet
  facet normal  0.000000e+000  0.000000e+000  1.000000e+000
    outer loop
      vertex  1.377728e-016  2.250000e+000  8.000000e+000
      vertex  2.831559e+000  2.057248e+000  8.000000e+000
      vertex  2.341957e+000  2.601007e+000  8.000000e+000
    endloop
  endfacet
  facet normal  0.000000e+000  0.000000e+000  1.000000e+000
    outer loop
      vertex  1.377728e-016  2.250000e+000  8.000000e+000
      vertex  2.341957e+000  2.601007e+000  8.000000e+000
      vertex  1.750000e+000  3.031089e+000  8.000000e+000
    endloop
  endfacet
  facet normal  0.000000e+000  0.000000e+000  1.000000e+000
    outer loop
      vertex  1.377728e-016  2.250000e+000  8.000000e+000
      vertex  1.750000e+000  3.031089e+000  8.000000e+000
      vertex  1.081560e+000  3.328698e+000  8.000000e+000
    endloop
  endfacet
  facet normal  0.000000e+000  0.000000e+000  9.999999e-001
    outer loop
      vertex  1.377728e-016  2.250000e+000  8.000000e+000
      vertex  1.081560e+000  3.328698e+000  8.000000e+000
      vertex  3.658496e-001  3.480827e+000  8.000000e+000
    endloop
  endfacet
  facet normal  0.000000e+000  0.000000e+000  1.000000e+000
    outer loop
      vertex  1.377728e-016  2.250000e+000  8.000000e+000
      vertex  3.658496e-001  3.480827e+000  8.000000e+000
      vertex -3.658496e-001  3.480827e+000  8.000000e+000
    endloop
  endfacet
  facet normal  0.000000e+000  0.000000e+000  1.000000e+000
    outer loop
      vertex  1.377728e-016  2.250000e+000  8.000000e+000
      vertex -3.658496e-001  3.480827e+000  8.000000e+000
      vertex -1.081560e+000  3.328698e+000  8.000000e+000
    endloop
  endfacet
  facet normal  0.000000e+000  0.000000e+000  1.000000e+000
    outer loop
      vertex  1.377728e-016  2.250000e+000  8.000000e+000
      vertex -1.081560e+000  3.328698e+000  8.000000e+000
      vertex -1.750000e+000  3.031089e+000  8.000000e+000
    endloop
  endfacet
  facet normal  0.000000e+000  0.000000e+000  1.000000e+000
    outer loop
      vertex  1.377728e-016  2.250000e+000  8.000000e+000
      vertex -1.750000e+000  3.031089e+000  8.000000e+000
      vertex -2.341957e+000  2.601007e+000  8.000000e+000
    endloop
  endfacet
  facet normal  0.000000e+000  0.000000e+000  1.000000e+000
    outer loop
      vertex  1.377728e-016  2.250000e+000  8.000000e+000
      vertex -2.341957e+000  2.601007e+000  8.000000e+000
      vertex -2.831559e+000  2.057248e+000  8.000000e+000
    endloop
  endfacet
  facet normal  0.000000e+000  0.000000e+000  1.000000e+000
    outer loop
      vertex  1.377728e-016  2.250000e+000  8.000000e+000
      vertex -2.831559e+000  2.057248e+000  8.000000e+000
      vertex -5.823429e-001  2.173333e+000  8.000000e+000
    endloop
  endfacet
  facet normal  0.000000e+000  0.000000e+000  1.000000e+000
    outer loop
      vertex  3.658496e-001 -3.480827e+000  8.000000e+000
      vertex -4.133183e-016 -2.250000e+000  8.000000e+000
      vertex -3.658496e-001 -3.480827e+000  8.000000e+000
    endloop
  endfacet
  facet normal  0.000000e+000  -0.000000e+000  1.000000e+000
    outer loop
      vertex -3.658496e-001 -3.480827e+000  8.000000e+000
      vertex -4.133183e-016 -2.250000e+000  8.000000e+000
      vertex -2.341957e+000 -2.601007e+000  8.000000e+000
    endloop
  endfacet
  facet normal  0.000000e+000  0.000000e+000  1.000000e+000
    outer loop
      vertex -3.658496e-001 -3.480827e+000  8.000000e+000
      vertex -2.341957e+000 -2.601007e+000  8.000000e+000
      vertex -1.081560e+000 -3.328698e+000  8.000000e+000
    endloop
  endfacet
  facet normal  0.000000e+000  0.000000e+000  1.000000e+000
    outer loop
      vertex -1.081560e+000 -3.328698e+000  8.000000e+000
      vertex -2.341957e+000 -2.601007e+000  8.000000e+000
      vertex -1.750000e+000 -3.031089e+000  8.000000e+000
    endloop
  endfacet
  facet normal  0.000000e+000  0.000000e+000  1.000000e+000
    outer loop
      vertex -1.125000e+000  1.948557e+000  8.000000e+000
      vertex -2.831559e+000  2.057248e+000  8.000000e+000
      vertex -1.590990e+000  1.590990e+000  8.000000e+000
    endloop
  endfacet
  facet normal  0.000000e+000  0.000000e+000  1.000000e+000
    outer loop
      vertex -1.590990e+000  1.590990e+000  8.000000e+000
      vertex -2.831559e+000  2.057248e+000  8.000000e+000
      vertex -3.197409e+000  1.423578e+000  8.000000e+000
    endloop
  endfacet
  facet normal  -0.000000e+000  0.000000e+000  1.000000e+000
    outer loop
      vertex -1.590990e+000  1.590990e+000  8.000000e+000
      vertex -3.197409e+000  1.423578e+000  8.000000e+000
      vertex -1.948557e+000  1.125000e+000  8.000000e+000
    endloop
  endfacet
  facet normal  0.000000e+000  0.000000e+000  1.000000e+000
    outer loop
      vertex -1.948557e+000  1.125000e+000  8.000000e+000
      vertex -3.197409e+000  1.423578e+000  8.000000e+000
      vertex -3.423517e+000  7.276909e-001  8.000000e+000
    endloop
  endfacet
  facet normal  -0.000000e+000  0.000000e+000  1.000000e+000
    outer loop
      vertex -1.948557e+000  1.125000e+000  8.000000e+000
      vertex -3.423517e+000  7.276909e-001  8.000000e+000
      vertex -2.173333e+000  5.823429e-001  8.000000e+000
    endloop
  endfacet
  facet normal  0.000000e+000  0.000000e+000  1.000000e+000
    outer loop
      vertex -2.173333e+000  5.823429e-001  8.000000e+000
      vertex -3.423517e+000  7.276909e-001  8.000000e+000
      vertex -2.250000e+000  2.755455e-016  8.000000e+000
    endloop
  endfacet
  facet normal  0.000000e+000  0.000000e+000  1.000000e+000
    outer loop
      vertex -2.250000e+000  2.755455e-016  8.000000e+000
      vertex -3.423517e+000  7.276909e-001  8.000000e+000
      vertex -3.500000e+000  4.286264e-016  8.000000e+000
    endloop
  endfacet
  facet normal  0.000000e+000  0.000000e+000  1.000000e+000
    outer loop
      vertex -2.250000e+000  2.755455e-016  8.000000e+000
      vertex -3.500000e+000  4.286264e-016  8.000000e+000
      vertex -2.173333e+000 -5.823429e-001  8.000000e+000
    endloop
  endfacet
  facet normal  0.000000e+000  0.000000e+000  1.000000e+000
    outer loop
      vertex -2.173333e+000 -5.823429e-001  8.000000e+000
      vertex -3.500000e+000  4.286264e-016  8.000000e+000
      vertex -3.423517e+000 -7.276909e-001  8.000000e+000
    endloop
  endfacet
  facet normal  -0.000000e+000  0.000000e+000  1.000000e+000
    outer loop
      vertex -2.173333e+000 -5.823429e-001  8.000000e+000
      vertex -3.423517e+000 -7.276909e-001  8.000000e+000
      vertex -1.948557e+000 -1.125000e+000  8.000000e+000
    endloop
  endfacet
  facet normal  0.000000e+000  0.000000e+000  1.000000e+000
    outer loop
      vertex -1.948557e+000 -1.125000e+000  8.000000e+000
      vertex -3.423517e+000 -7.276909e-001  8.000000e+000
      vertex -3.197409e+000 -1.423578e+000  8.000000e+000
    endloop
  endfacet
  facet normal  -0.000000e+000  0.000000e+000  1.000000e+000
    outer loop
      vertex -1.948557e+000 -1.125000e+000  8.000000e+000
      vertex -3.197409e+000 -1.423578e+000  8.000000e+000
      vertex -1.590990e+000 -1.590990e+000  8.000000e+000
    endloop
  endfacet
  facet normal  0.000000e+000  0.000000e+000  1.000000e+000
    outer loop
      vertex -1.590990e+000 -1.590990e+000  8.000000e+000
      vertex -3.197409e+000 -1.423578e+000  8.000000e+000
      vertex -1.125000e+000 -1.948557e+000  8.000000e+000
    endloop
  endfacet
  facet normal  0.000000e+000  0.000000e+000  1.000000e+000
    outer loop
      vertex -1.125000e+000 -1.948557e+000  8.000000e+000
      vertex -3.197409e+000 -1.423578e+000  8.000000e+000
      vertex -2.831559e+000 -2.057248e+000  8.000000e+000
    endloop
  endfacet
  facet normal  -0.000000e+000  0.000000e+000  1.000000e+000
    outer loop
      vertex -1.125000e+000 -1.948557e+000  8.000000e+000
      vertex -2.831559e+000 -2.057248e+000  8.000000e+000
      vertex -5.823429e-001 -2.173333e+000  8.000000e+000
    endloop
  endfacet
  facet normal  0.000000e+000  0.000000e+000  1.000000e+000
    outer loop
      vertex -5.823429e-001 -2.173333e+000  8.000000e+000
      vertex -2.831559e+000 -2.057248e+000  8.000000e+000
      vertex -2.341957e+000 -2.601007e+000  8.000000e+000
    endloop
  endfacet
  facet normal  0.000000e+000  0.000000e+000  1.000000e+000
    outer loop
      vertex -5.823429e-001 -2.173333e+000  8.000000e+000
      vertex -2.341957e+000 -2.601007e+000  8.000000e+000
      vertex -4.133183e-016 -2.250000e+000  8.000000e+000
    endloop
  endfacet
  facet normal  -0.000000e+000  0.000000e+000  1.000000e+000
    outer loop
      vertex  2.831559e+000  2.057248e+000  8.000000e+000
      vertex  1.125000e+000  1.948557e+000  8.000000e+000
      vertex  3.197409e+000  1.423578e+000  8.000000e+000
    endloop
  endfacet
  facet normal  0.000000e+000  0.000000e+000  1.000000e+000
    outer loop
      vertex  3.197409e+000  1.423578e+000  8.000000e+000
      vertex  1.125000e+000  1.948557e+000  8.000000e+000
      vertex  1.590990e+000  1.590990e+000  8.000000e+000
    endloop
  endfacet
  facet normal  0.000000e+000  0.000000e+000  1.000000e+000
    outer loop
      vertex  3.197409e+000  1.423578e+000  8.000000e+000
      vertex  1.590990e+000  1.590990e+000  8.000000e+000
      vertex  3.423517e+000  7.276909e-001  8.000000e+000
    endloop
  endfacet
  facet normal  0.000000e+000  0.000000e+000  1.000000e+000
    outer loop
      vertex  3.423517e+000  7.276909e-001  8.000000e+000
      vertex  1.590990e+000  1.590990e+000  8.000000e+000
      vertex  1.948557e+000  1.125000e+000  8.000000e+000
    endloop
  endfacet
  facet normal  0.000000e+000  0.000000e+000  1.000000e+000
    outer loop
      vertex  3.423517e+000  7.276909e-001  8.000000e+000
      vertex  1.948557e+000  1.125000e+000  8.000000e+000
      vertex  2.173333e+000  5.823429e-001  8.000000e+000
    endloop
  endfacet
  facet normal  -0.000000e+000  0.000000e+000  1.000000e+000
    outer loop
      vertex  3.423517e+000  7.276909e-001  8.000000e+000
      vertex  2.173333e+000  5.823429e-001  8.000000e+000
      vertex  3.500000e+000  0.000000e+000  8.000000e+000
    endloop
  endfacet
  facet normal  0.000000e+000  0.000000e+000  1.000000e+000
    outer loop
      vertex  3.500000e+000  0.000000e+000  8.000000e+000
      vertex  2.173333e+000  5.823429e-001  8.000000e+000
      vertex  2.250000e+000  0.000000e+000  8.000000e+000
    endloop
  endfacet
  facet normal  -0.000000e+000  0.000000e+000  1.000000e+000
    outer loop
      vertex  3.500000e+000  0.000000e+000  8.000000e+000
      vertex  2.250000e+000  0.000000e+000  8.000000e+000
      vertex  3.423517e+000 -7.276909e-001  8.000000e+000
    endloop
  endfacet
  facet normal  0.000000e+000  0.000000e+000  1.000000e+000
    outer loop
      vertex  3.423517e+000 -7.276909e-001  8.000000e+000
      vertex  2.250000e+000  0.000000e+000  8.000000e+000
      vertex  2.173333e+000 -5.823429e-001  8.000000e+000
    endloop
  endfacet
  facet normal  0.000000e+000  0.000000e+000  1.000000e+000
    outer loop
      vertex  3.423517e+000 -7.276909e-001  8.000000e+000
      vertex  2.173333e+000 -5.823429e-001  8.000000e+000
      vertex  3.197409e+000 -1.423578e+000  8.000000e+000
    endloop
  endfacet
  facet normal  0.000000e+000  0.000000e+000  1.000000e+000
    outer loop
      vertex  3.197409e+000 -1.423578e+000  8.000000e+000
      vertex  2.173333e+000 -5.823429e-001  8.000000e+000
      vertex  1.948557e+000 -1.125000e+000  8.000000e+000
    endloop
  endfacet
  facet normal  0.000000e+000  0.000000e+000  1.000000e+000
    outer loop
      vertex  3.197409e+000 -1.423578e+000  8.000000e+000
      vertex  1.948557e+000 -1.125000e+000  8.000000e+000
      vertex  1.590990e+000 -1.590990e+000  8.000000e+000
    endloop
  endfacet
  facet normal  -0.000000e+000  0.000000e+000  1.000000e+000
    outer loop
      vertex  3.197409e+000 -1.423578e+000  8.000000e+000
      vertex  1.590990e+000 -1.590990e+000  8.000000e+000
      vertex  2.831559e+000 -2.057248e+000  8.000000e+000
    endloop
  endfacet
  facet normal  0.000000e+000  0.000000e+000  1.000000e+000
    outer loop
      vertex  2.831559e+000 -2.057248e+000  8.000000e+000
      vertex  1.590990e+000 -1.590990e+000  8.000000e+000
      vertex  1.125000e+000 -1.948557e+000  8.000000e+000
    endloop
  endfacet
  facet normal  0.000000e+000  0.000000e+000  9.999999e-001
    outer loop
      vertex  2.831559e+000 -2.057248e+000  8.000000e+000
      vertex  1.125000e+000 -1.948557e+000  8.000000e+000
      vertex  2.341957e+000 -2.601007e+000  8.000000e+000
    endloop
  endfacet
  facet normal  0.000000e+000  0.000000e+000  1.000000e+000
    outer loop
      vertex  2.341957e+000 -2.601007e+000  8.000000e+000
      vertex  1.125000e+000 -1.948557e+000  8.000000e+000
      vertex  5.823429e-001 -2.173333e+000  8.000000e+000
    endloop
  endfacet
  facet normal  0.000000e+000  0.000000e+000 -1.000000e+000
    outer loop
      vertex  3.490252e+000 -2.610378e-001  7.000000e+000
      vertex  3.480531e+000 -2.603108e-001  7.000000e+000
      vertex  3.500000e+000  7.105427e-015  7.000000e+000
    endloop
  endfacet
  facet normal  -0.000000e+000  0.000000e+000 -1.000000e+000
    outer loop
      vertex  3.480531e+000 -2.603108e-001  7.000000e+000
      vertex  3.490252e+000 -2.610378e-001  7.000000e+000
      vertex  3.461062e+000 -5.206215e-001  7.000000e+000
    endloop
  endfacet
  facet normal  0.000000e+000  0.000000e+000 -1.000000e+000
    outer loop
      vertex -3.480531e+000 -2.603108e-001  7.000000e+000
      vertex -3.490252e+000 -2.610378e-001  7.000000e+000
      vertex -3.500000e+000  1.982939e-015  7.000000e+000
    endloop
  endfacet
  facet normal  0.000000e+000  -0.000000e+000 -1.000000e+000
    outer loop
      vertex -3.490252e+000 -2.610378e-001  7.000000e+000
      vertex -3.480531e+000 -2.603108e-001  7.000000e+000
      vertex -3.461062e+000 -5.206215e-001  7.000000e+000
    endloop
  endfacet
  facet normal  8.986267e-001 -4.384266e-001 -1.587679e-002
    outer loop
      vertex  2.973832e+000 -1.845622e+000  7.000000e+000
      vertex  3.284947e+000 -1.207943e+000  7.000000e+000
      vertex  3.197409e+000 -1.423578e+000  8.000000e+000
    endloop
  endfacet
  facet normal  8.658943e-001 -4.999245e-001  1.739623e-002
    outer loop
      vertex  3.197409e+000 -1.423578e+000  8.000000e+000
      vertex  2.831559e+000 -2.057248e+000  8.000000e+000
      vertex  2.973832e+000 -1.845622e+000  7.000000e+000
    endloop
  endfacet
  facet normal  7.917318e-001 -6.106437e-001 -1.658618e-002
    outer loop
      vertex  2.540505e+000 -2.407454e+000  7.000000e+000
      vertex  2.973832e+000 -1.845622e+000  7.000000e+000
      vertex  2.831559e+000 -2.057248e+000  8.000000e+000
    endloop
  endfacet
  facet normal  7.430241e-001 -6.690217e-001  1.803471e-002
    outer loop
      vertex  2.831559e+000 -2.057248e+000  8.000000e+000
      vertex  2.341957e+000 -2.601007e+000  8.000000e+000
      vertex  2.540505e+000 -2.407454e+000  7.000000e+000
    endloop
  endfacet
  facet normal  6.523038e-001 -7.577635e-001 -1.715390e-002
    outer loop
      vertex  2.002773e+000 -2.870348e+000  7.000000e+000
      vertex  2.540505e+000 -2.407454e+000  7.000000e+000
      vertex  2.341957e+000 -2.601007e+000  8.000000e+000
    endloop
  endfacet
  facet normal  5.876842e-001 -8.088781e-001  1.853134e-002
    outer loop
      vertex  2.341957e+000 -2.601007e+000  8.000000e+000
      vertex  1.750000e+000 -3.031089e+000  8.000000e+000
      vertex  2.002773e+000 -2.870348e+000  7.000000e+000
    endloop
  endfacet
  facet normal  4.860727e-001 -8.737416e-001 -1.757948e-002
    outer loop
      vertex  1.382735e+000 -3.215283e+000  7.000000e+000
      vertex  2.002773e+000 -2.870348e+000  7.000000e+000
      vertex  1.750000e+000 -3.031089e+000  8.000000e+000
    endloop
  endfacet
  facet normal  4.066643e-001 -9.133824e-001  1.888601e-002
    outer loop
      vertex  1.750000e+000 -3.031089e+000  8.000000e+000
      vertex  1.081560e+000 -3.328698e+000  8.000000e+000
      vertex  1.382735e+000 -3.215283e+000  7.000000e+000
    endloop
  endfacet
  facet normal  2.998691e-001 -9.538131e-001 -1.786353e-002
    outer loop
      vertex  7.058718e-001 -3.428082e+000  7.000000e+000
      vertex  1.382735e+000 -3.215283e+000  7.000000e+000
      vertex  1.081560e+000 -3.328698e+000  8.000000e+000
    endloop
  endfacet
  facet normal  2.078736e-001 -9.779692e-001  1.909877e-002
    outer loop
      vertex  1.081560e+000 -3.328698e+000  8.000000e+000
      vertex  3.658496e-001 -3.480827e+000  8.000000e+000
      vertex  7.058718e-001 -3.428082e+000  7.000000e+000
    endloop
  endfacet
  facet normal  1.013445e-001 -9.946884e-001 -1.800532e-002
    outer loop
      vertex -6.429396e-016 -3.500000e+000  7.000000e+000
      vertex  7.058718e-001 -3.428082e+000  7.000000e+000
      vertex  3.658496e-001 -3.480827e+000  8.000000e+000
    endloop
  endfacet
  facet normal  0.000000e+000 -9.998162e-001  1.916986e-002
    outer loop
      vertex  3.658496e-001 -3.480827e+000  8.000000e+000
      vertex -3.658496e-001 -3.480827e+000  8.000000e+000
      vertex -6.429396e-016 -3.500000e+000  7.000000e+000
    endloop
  endfacet
  facet normal -1.013445e-001 -9.946884e-001 -1.800532e-002
    outer loop
      vertex -6.429396e-016 -3.500000e+000  7.000000e+000
      vertex -3.658496e-001 -3.480827e+000  8.000000e+000
      vertex -7.058718e-001 -3.428082e+000  7.000000e+000
    endloop
  endfacet
  facet normal -2.078736e-001 -9.779692e-001  1.909877e-002
    outer loop
      vertex -7.058718e-001 -3.428082e+000  7.000000e+000
      vertex -3.658496e-001 -3.480827e+000  8.000000e+000
      vertex -1.081560e+000 -3.328698e+000  8.000000e+000
    endloop
  endfacet
  facet normal -2.998691e-001 -9.538131e-001 -1.786354e-002
    outer loop
      vertex -7.058718e-001 -3.428082e+000  7.000000e+000
      vertex -1.081560e+000 -3.328698e+000  8.000000e+000
      vertex -1.382735e+000 -3.215283e+000  7.000000e+000
    endloop
  endfacet
  facet normal -4.066643e-001 -9.133824e-001  1.888601e-002
    outer loop
      vertex -1.382735e+000 -3.215283e+000  7.000000e+000
      vertex -1.081560e+000 -3.328698e+000  8.000000e+000
      vertex -1.750000e+000 -3.031089e+000  8.000000e+000
    endloop
  endfacet
  facet normal -4.860727e-001 -8.737416e-001 -1.757949e-002
    outer loop
      vertex -1.382735e+000 -3.215283e+000  7.000000e+000
      vertex -1.750000e+000 -3.031089e+000  8.000000e+000
      vertex -2.002773e+000 -2.870348e+000  7.000000e+000
    endloop
  endfacet
  facet normal -5.876842e-001 -8.088781e-001  1.853134e-002
    outer loop
      vertex -2.002773e+000 -2.870348e+000  7.000000e+000
      vertex -1.750000e+000 -3.031089e+000  8.000000e+000
      vertex -2.341957e+000 -2.601007e+000  8.000000e+000
    endloop
  endfacet
  facet normal -6.523038e-001 -7.577635e-001 -1.715389e-002
    outer loop
      vertex -2.002773e+000 -2.870348e+000  7.000000e+000
      vertex -2.341957e+000 -2.601007e+000  8.000000e+000
      vertex -2.540505e+000 -2.407454e+000  7.000000e+000
    endloop
  endfacet
  facet normal -7.430241e-001 -6.690217e-001  1.803471e-002
    outer loop
      vertex -2.540505e+000 -2.407454e+000  7.000000e+000
      vertex -2.341957e+000 -2.601007e+000  8.000000e+000
      vertex -2.831559e+000 -2.057248e+000  8.000000e+000
    endloop
  endfacet
  facet normal -7.917318e-001 -6.106437e-001 -1.658617e-002
    outer loop
      vertex -2.540505e+000 -2.407454e+000  7.000000e+000
      vertex -2.831559e+000 -2.057248e+000  8.000000e+000
      vertex -2.973832e+000 -1.845622e+000  7.000000e+000
    endloop
  endfacet
  facet normal -8.658943e-001 -4.999245e-001  1.739623e-002
    outer loop
      vertex -2.973832e+000 -1.845622e+000  7.000000e+000
      vertex -2.831559e+000 -2.057248e+000  8.000000e+000
      vertex -3.197409e+000 -1.423578e+000  8.000000e+000
    endloop
  endfacet
  facet normal -8.986267e-001 -4.384266e-001 -1.587680e-002
    outer loop
      vertex -2.973832e+000 -1.845622e+000  7.000000e+000
      vertex -3.197409e+000 -1.423578e+000  8.000000e+000
      vertex -3.284947e+000 -1.207943e+000  7.000000e+000
    endloop
  endfacet
  facet normal -9.509252e-001 -3.089741e-001  1.661584e-002
    outer loop
      vertex -3.284947e+000 -1.207943e+000  7.000000e+000
      vertex -3.197409e+000 -1.423578e+000  8.000000e+000
      vertex -3.423517e+000 -7.276909e-001  8.000000e+000
    endloop
  endfacet
  facet normal -9.993035e-001 -3.731717e-002 -5.800254e-017
    outer loop
      vertex -3.500000e+000  4.286264e-016  8.000000e+000
      vertex -3.500000e+000  1.982939e-015  7.000000e+000
      vertex -3.490252e+000 -2.610378e-001  7.000000e+000
    endloop
  endfacet
  facet normal  9.509252e-001 -3.089741e-001  1.661584e-002
    outer loop
      vertex  3.423517e+000 -7.276909e-001  8.000000e+000
      vertex  3.197409e+000 -1.423578e+000  8.000000e+000
      vertex  3.284947e+000 -1.207943e+000  7.000000e+000
    endloop
  endfacet
  facet normal  9.685953e-001 -2.481880e-001 -1.502534e-002
    outer loop
      vertex  3.423517e+000 -7.276909e-001  8.000000e+000
      vertex  3.284947e+000 -1.207943e+000  7.000000e+000
      vertex  3.461062e+000 -5.206215e-001  7.000000e+000
    endloop
  endfacet
  facet normal  9.936373e-001 -1.117322e-001  1.417071e-002
    outer loop
      vertex  3.423517e+000 -7.276909e-001  8.000000e+000
      vertex  3.461062e+000 -5.206215e-001  7.000000e+000
      vertex  3.490252e+000 -2.610378e-001  7.000000e+000
    endloop
  endfacet
  facet normal  9.980924e-001 -3.727195e-002  4.921513e-002
    outer loop
      vertex  3.423517e+000 -7.276909e-001  8.000000e+000
      vertex  3.490252e+000 -2.610378e-001  7.000000e+000
      vertex  3.500000e+000  7.105427e-015  7.000000e+000
    endloop
  endfacet
  facet normal  9.945219e-001 -1.045286e-001 -7.427203e-016
    outer loop
      vertex  3.423517e+000 -7.276909e-001  8.000000e+000
      vertex  3.500000e+000  7.105427e-015  7.000000e+000
      vertex  3.500000e+000  0.000000e+000  8.000000e+000
    endloop
  endfacet
  facet normal -9.943681e-001 -1.045124e-001  1.758861e-002
    outer loop
      vertex -3.500000e+000  4.286264e-016  8.000000e+000
      vertex -3.490252e+000 -2.610378e-001  7.000000e+000
      vertex -3.423517e+000 -7.276909e-001  8.000000e+000
    endloop
  endfacet
  facet normal -9.936373e-001 -1.117322e-001  1.417071e-002
    outer loop
      vertex -3.423517e+000 -7.276909e-001  8.000000e+000
      vertex -3.490252e+000 -2.610378e-001  7.000000e+000
      vertex -3.461062e+000 -5.206215e-001  7.000000e+000
    endloop
  endfacet
  facet normal -9.685953e-001 -2.481880e-001 -1.502534e-002
    outer loop
      vertex -3.423517e+000 -7.276909e-001  8.000000e+000
      vertex -3.461062e+000 -5.206215e-001  7.000000e+000
      vertex -3.284947e+000 -1.207943e+000  7.000000e+000
    endloop
  endfacet
  facet normal -9.972149e-001 -7.458224e-002  5.796205e-017
    outer loop
      vertex -3.480531e+000 -2.603108e-001  5.000000e+000
      vertex -3.500000e+000  1.982939e-015  7.000000e+000
      vertex -3.500000e+000  4.286264e-016  5.000000e+000
    endloop
  endfacet
  facet normal -9.972149e-001 -7.458224e-002  0.000000e+000
    outer loop
      vertex -3.500000e+000  1.982939e-015  7.000000e+000
      vertex -3.480531e+000 -2.603108e-001  5.000000e+000
      vertex -3.480531e+000 -2.603108e-001  7.000000e+000
    endloop
  endfacet
  facet normal -9.972149e-001 -7.458224e-002  -0.000000e+000
    outer loop
      vertex -3.480531e+000 -2.603108e-001  7.000000e+000
      vertex -3.480531e+000 -2.603108e-001  5.000000e+000
      vertex -3.461062e+000 -5.206215e-001  5.000000e+000
    endloop
  endfacet
  facet normal -9.972149e-001 -7.458224e-002  0.000000e+000
    outer loop
      vertex -3.480531e+000 -2.603108e-001  7.000000e+000
      vertex -3.461062e+000 -5.206215e-001  5.000000e+000
      vertex -3.461062e+000 -5.206215e-001  7.000000e+000
    endloop
  endfacet
  facet normal -9.972149e-001 -7.458223e-002  -0.000000e+000
    outer loop
      vertex -3.461062e+000 -5.206215e-001  7.000000e+000
      vertex -3.461062e+000 -5.206215e-001  5.000000e+000
      vertex -2.178977e+000 -1.766297e+001  5.000000e+000
    endloop
  endfacet
  facet normal -9.972149e-001 -7.458223e-002  0.000000e+000
    outer loop
      vertex -3.461062e+000 -5.206215e-001  7.000000e+000
      vertex -2.178977e+000 -1.766297e+001  5.000000e+000
      vertex -2.178977e+000 -1.766297e+001  7.000000e+000
    endloop
  endfacet
  facet normal  9.972149e-001 -7.458224e-002  2.969372e-016
    outer loop
      vertex  3.500000e+000 -8.572528e-016  5.000000e+000
      vertex  3.500000e+000  7.105427e-015  7.000000e+000
      vertex  3.480531e+000 -2.603108e-001  5.000000e+000
    endloop
  endfacet
  facet normal  9.972149e-001 -7.458224e-002  0.000000e+000
    outer loop
      vertex  3.480531e+000 -2.603108e-001  5.000000e+000
      vertex  3.500000e+000  7.105427e-015  7.000000e+000
      vertex  3.480531e+000 -2.603108e-001  7.000000e+000
    endloop
  endfacet
  facet normal  9.972149e-001 -7.458224e-002  0.000000e+000
    outer loop
      vertex  3.480531e+000 -2.603108e-001  5.000000e+000
      vertex  3.480531e+000 -2.603108e-001  7.000000e+000
      vertex  3.461062e+000 -5.206215e-001  5.000000e+000
    endloop
  endfacet
  facet normal  9.972149e-001 -7.458224e-002  0.000000e+000
    outer loop
      vertex  3.461062e+000 -5.206215e-001  5.000000e+000
      vertex  3.480531e+000 -2.603108e-001  7.000000e+000
      vertex  3.461062e+000 -5.206215e-001  7.000000e+000
    endloop
  endfacet
  facet normal  9.972149e-001 -7.458223e-002  0.000000e+000
    outer loop
      vertex  3.461062e+000 -5.206215e-001  5.000000e+000
      vertex  3.461062e+000 -5.206215e-001  7.000000e+000
      vertex  2.178977e+000 -1.766297e+001  5.000000e+000
    endloop
  endfacet
  facet normal  9.972149e-001 -7.458223e-002  0.000000e+000
    outer loop
      vertex  2.178977e+000 -1.766297e+001  5.000000e+000
      vertex  3.461062e+000 -5.206215e-001  7.000000e+000
      vertex  2.178977e+000 -1.766297e+001  7.000000e+000
    endloop
  endfacet
  facet normal  0.000000e+000 -1.000000e+000  0.000000e+000
    outer loop
      vertex -1.000000e+000 -4.500000e+000  5.500000e+000
      vertex  1.000000e+000 -4.500000e+000  5.500000e+000
      vertex -1.000000e+000 -4.500000e+000  7.000000e+000
    endloop
  endfacet
  facet normal  0.000000e+000 -1.000000e+000  0.000000e+000
    outer loop
      vertex -1.000000e+000 -4.500000e+000  7.000000e+000
      vertex  1.000000e+000 -4.500000e+000  5.500000e+000
      vertex  1.000000e+000 -4.500000e+000  7.000000e+000
    endloop
  endfacet
  facet normal -1.000000e+000  0.000000e+000  0.000000e+000
    outer loop
      vertex  1.000000e+000 -1.350000e+001  5.500000e+000
      vertex  1.000000e+000 -1.350000e+001  7.000000e+000
      vertex  1.000000e+000 -4.500000e+000  5.500000e+000
    endloop
  endfacet
  facet normal -1.000000e+000  0.000000e+000  0.000000e+000
    outer loop
      vertex  1.000000e+000 -4.500000e+000  5.500000e+000
      vertex  1.000000e+000 -1.350000e+001  7.000000e+000
      vertex  1.000000e+000 -4.500000e+000  7.000000e+000
    endloop
  endfacet
  facet normal  0.000000e+000  1.000000e+000  0.000000e+000
    outer loop
      vertex  1.000000e+000 -1.350000e+001  5.500000e+000
      vertex -1.000000e+000 -1.350000e+001  5.500000e+000
      vertex  1.000000e+000 -1.350000e+001  7.000000e+000
    endloop
  endfacet
  facet normal  0.000000e+000  1.000000e+000  0.000000e+000
    outer loop
      vertex  1.000000e+000 -1.350000e+001  7.000000e+000
      vertex -1.000000e+000 -1.350000e+001  5.500000e+000
      vertex -1.000000e+000 -1.350000e+001  7.000000e+000
    endloop
  endfacet
  facet normal  1.000000e+000  0.000000e+000  0.000000e+000
    outer loop
      vertex -1.000000e+000 -4.500000e+000  5.500000e+000
      vertex -1.000000e+000 -4.500000e+000  7.000000e+000
      vertex -1.000000e+000 -1.350000e+001  5.500000e+000
    endloop
  endfacet
  facet normal  1.000000e+000  0.000000e+000  0.000000e+000
    outer loop
      vertex -1.000000e+000 -1.350000e+001  5.500000e+000
      vertex -1.000000e+000 -4.500000e+000  7.000000e+000
      vertex -1.000000e+000 -1.350000e+001  7.000000e+000
    endloop
  endfacet
  facet normal  -0.000000e+000  0.000000e+000  1.000000e+000
    outer loop
      vertex  3.500000e+000 -8.572528e-016  5.000000e+000
      vertex  3.480531e+000 -2.603108e-001  5.000000e+000
      vertex  3.490252e+000 -2.610378e-001  5.000000e+000
    endloop
  endfacet
  facet normal  0.000000e+000  0.000000e+000  1.000000e+000
    outer loop
      vertex  3.461062e+000 -5.206215e-001  5.000000e+000
      vertex  3.490252e+000 -2.610378e-001  5.000000e+000
      vertex  3.480531e+000 -2.603108e-001  5.000000e+000
    endloop
  endfacet
  facet normal  0.000000e+000  -0.000000e+000  1.000000e+000
    outer loop
      vertex -3.500000e+000  4.286264e-016  5.000000e+000
      vertex -3.490252e+000 -2.610378e-001  5.000000e+000
      vertex -3.480531e+000 -2.603108e-001  5.000000e+000
    endloop
  endfacet
  facet normal  0.000000e+000  0.000000e+000  1.000000e+000
    outer loop
      vertex -3.461062e+000 -5.206215e-001  5.000000e+000
      vertex -3.480531e+000 -2.603108e-001  5.000000e+000
      vertex -3.490252e+000 -2.610378e-001  5.000000e+000
    endloop
  endfacet
  facet normal  2.588215e-001 -9.659252e-001  0.000000e+000
    outer loop
      vertex  3.636831e-016 -1.700000e+001  5.000000e+000
      vertex -2.500000e-001 -1.706699e+001  7.000000e+000
      vertex -2.500000e-001 -1.706699e+001  5.000000e+000
    endloop
  endfacet
  facet normal  7.071055e-001 -7.071081e-001  0.000000e+000
    outer loop
      vertex -2.500000e-001 -1.706699e+001  5.000000e+000
      vertex -2.500000e-001 -1.706699e+001  7.000000e+000
      vertex -4.330127e-001 -1.725000e+001  7.000000e+000
    endloop
  endfacet
  facet normal  7.071055e-001 -7.071081e-001  0.000000e+000
    outer loop
      vertex -2.500000e-001 -1.706699e+001  5.000000e+000
      vertex -4.330127e-001 -1.725000e+001  7.000000e+000
      vertex -4.330127e-001 -1.725000e+001  5.000000e+000
    endloop
  endfacet
  facet normal  9.659258e-001 -2.588191e-001  0.000000e+000
    outer loop
      vertex -4.330127e-001 -1.725000e+001  5.000000e+000
      vertex -4.330127e-001 -1.725000e+001  7.000000e+000
      vertex -5.000000e-001 -1.750000e+001  7.000000e+000
    endloop
  endfacet
  facet normal  9.659258e-001 -2.588191e-001  0.000000e+000
    outer loop
      vertex -4.330127e-001 -1.725000e+001  5.000000e+000
      vertex -5.000000e-001 -1.750000e+001  7.000000e+000
      vertex -5.000000e-001 -1.750000e+001  5.000000e+000
    endloop
  endfacet
  facet normal  2.588215e-001 -9.659252e-001  0.000000e+000
    outer loop
      vertex -2.500000e-001 -1.706699e+001  7.000000e+000
      vertex  3.636831e-016 -1.700000e+001  5.000000e+000
      vertex  3.636831e-016 -1.700000e+001  7.000000e+000
    endloop
  endfacet
  facet normal -2.588215e-001 -9.659252e-001  -0.000000e+000
    outer loop
      vertex  3.636831e-016 -1.700000e+001  7.000000e+000
      vertex  3.636831e-016 -1.700000e+001  5.000000e+000
      vertex  2.500000e-001 -1.706699e+001  5.000000e+000
    endloop
  endfacet
  facet normal -2.588215e-001 -9.659252e-001  0.000000e+000
    outer loop
      vertex  3.636831e-016 -1.700000e+001  7.000000e+000
      vertex  2.500000e-001 -1.706699e+001  5.000000e+000
      vertex  2.500000e-001 -1.706699e+001  7.000000e+000
    endloop
  endfacet
  facet normal -7.071055e-001 -7.071081e-001  -0.000000e+000
    outer loop
      vertex  2.500000e-001 -1.706699e+001  7.000000e+000
      vertex  2.500000e-001 -1.706699e+001  5.000000e+000
      vertex  4.330127e-001 -1.725000e+001  5.000000e+000
    endloop
  endfacet
  facet normal -7.071055e-001 -7.071081e-001  0.000000e+000
    outer loop
      vertex  2.500000e-001 -1.706699e+001  7.000000e+000
      vertex  4.330127e-001 -1.725000e+001  5.000000e+000
      vertex  4.330127e-001 -1.725000e+001  7.000000e+000
    endloop
  endfacet
  facet normal -9.659258e-001 -2.588191e-001  -0.000000e+000
    outer loop
      vertex  4.330127e-001 -1.725000e+001  7.000000e+000
      vertex  4.330127e-001 -1.725000e+001  5.000000e+000
      vertex  5.000000e-001 -1.750000e+001  5.000000e+000
    endloop
  endfacet
  facet normal -9.659258e-001 -2.588191e-001  0.000000e+000
    outer loop
      vertex  4.330127e-001 -1.725000e+001  7.000000e+000
      vertex  5.000000e-001 -1.750000e+001  5.000000e+000
      vertex  5.000000e-001 -1.750000e+001  7.000000e+000
    endloop
  endfacet
  facet normal -2.588215e-001  9.659252e-001  0.000000e+000
    outer loop
      vertex  2.412184e-016 -1.800000e+001  5.000000e+000
      vertex  2.500000e-001 -1.793301e+001  7.000000e+000
      vertex  2.500000e-001 -1.793301e+001  5.000000e+000
    endloop
  endfacet
  facet normal -7.071055e-001  7.071081e-001  0.000000e+000
    outer loop
      vertex  2.500000e-001 -1.793301e+001  5.000000e+000
      vertex  2.500000e-001 -1.793301e+001  7.000000e+000
      vertex  4.330127e-001 -1.775000e+001  7.000000e+000
    endloop
  endfacet
  facet normal -7.071055e-001  7.071081e-001  0.000000e+000
    outer loop
      vertex  2.500000e-001 -1.793301e+001  5.000000e+000
      vertex  4.330127e-001 -1.775000e+001  7.000000e+000
      vertex  4.330127e-001 -1.775000e+001  5.000000e+000
    endloop
  endfacet
  facet normal -9.659258e-001  2.588191e-001  0.000000e+000
    outer loop
      vertex  4.330127e-001 -1.775000e+001  5.000000e+000
      vertex  4.330127e-001 -1.775000e+001  7.000000e+000
      vertex  5.000000e-001 -1.750000e+001  7.000000e+000
    endloop
  endfacet
  facet normal -9.659258e-001  2.588191e-001  0.000000e+000
    outer loop
      vertex  4.330127e-001 -1.775000e+001  5.000000e+000
      vertex  5.000000e-001 -1.750000e+001  7.000000e+000
      vertex  5.000000e-001 -1.750000e+001  5.000000e+000
    endloop
  endfacet
  facet normal -2.588215e-001  9.659252e-001  0.000000e+000
    outer loop
      vertex  2.500000e-001 -1.793301e+001  7.000000e+000
      vertex  2.412184e-016 -1.800000e+001  5.000000e+000
      vertex  2.412184e-016 -1.800000e+001  7.000000e+000
    endloop
  endfacet
  facet normal  2.588215e-001  9.659252e-001  0.000000e+000
    outer loop
      vertex  2.412184e-016 -1.800000e+001  7.000000e+000
      vertex  2.412184e-016 -1.800000e+001  5.000000e+000
      vertex -2.500000e-001 -1.793301e+001  5.000000e+000
    endloop
  endfacet
  facet normal  2.588215e-001  9.659252e-001  -0.000000e+000
    outer loop
      vertex  2.412184e-016 -1.800000e+001  7.000000e+000
      vertex -2.500000e-001 -1.793301e+001  5.000000e+000
      vertex -2.500000e-001 -1.793301e+001  7.000000e+000
    endloop
  endfacet
  facet normal  7.071055e-001  7.071081e-001  0.000000e+000
    outer loop
      vertex -2.500000e-001 -1.793301e+001  7.000000e+000
      vertex -2.500000e-001 -1.793301e+001  5.000000e+000
      vertex -4.330127e-001 -1.775000e+001  5.000000e+000
    endloop
  endfacet
  facet normal  7.071055e-001  7.071081e-001  -0.000000e+000
    outer loop
      vertex -2.500000e-001 -1.793301e+001  7.000000e+000
      vertex -4.330127e-001 -1.775000e+001  5.000000e+000
      vertex -4.330127e-001 -1.775000e+001  7.000000e+000
    endloop
  endfacet
  facet normal  9.659258e-001  2.588191e-001  0.000000e+000
    outer loop
      vertex -4.330127e-001 -1.775000e+001  7.000000e+000
      vertex -4.330127e-001 -1.775000e+001  5.000000e+000
      vertex -5.000000e-001 -1.750000e+001  5.000000e+000
    endloop
  endfacet
  facet normal  9.659258e-001  2.588191e-001  -0.000000e+000
    outer loop
      vertex -4.330127e-001 -1.775000e+001  7.000000e+000
      vertex -5.000000e-001 -1.750000e+001  5.000000e+000
      vertex -5.000000e-001 -1.750000e+001  7.000000e+000
    endloop
  endfacet
  facet normal  9.801993e-001 -1.980128e-001  0.000000e+000
    outer loop
      vertex  2.178977e+000 -1.766297e+001  5.000000e+000
      vertex  2.178977e+000 -1.766297e+001  7.000000e+000
      vertex  2.071367e+000 -1.819566e+001  5.000000e+000
    endloop
  endfacet
  facet normal  9.801993e-001 -1.980128e-001  0.000000e+000
    outer loop
      vertex  2.071367e+000 -1.819566e+001  5.000000e+000
      vertex  2.178977e+000 -1.766297e+001  7.000000e+000
      vertex  2.071367e+000 -1.819566e+001  7.000000e+000
    endloop
  endfacet
  facet normal  9.010169e-001 -4.337841e-001  0.000000e+000
    outer loop
      vertex  2.071367e+000 -1.819566e+001  5.000000e+000
      vertex  2.071367e+000 -1.819566e+001  7.000000e+000
      vertex  1.835627e+000 -1.868532e+001  5.000000e+000
    endloop
  endfacet
  facet normal  9.010169e-001 -4.337841e-001  0.000000e+000
    outer loop
      vertex  1.835627e+000 -1.868532e+001  5.000000e+000
      vertex  2.071367e+000 -1.819566e+001  7.000000e+000
      vertex  1.835627e+000 -1.868532e+001  7.000000e+000
    endloop
  endfacet
  facet normal  7.661001e-001 -6.427213e-001  0.000000e+000
    outer loop
      vertex  1.835627e+000 -1.868532e+001  5.000000e+000
      vertex  1.835627e+000 -1.868532e+001  7.000000e+000
      vertex  1.486339e+000 -1.910165e+001  5.000000e+000
    endloop
  endfacet
  facet normal  7.661001e-001 -6.427213e-001  0.000000e+000
    outer loop
      vertex  1.486339e+000 -1.910165e+001  5.000000e+000
      vertex  1.835627e+000 -1.868532e+001  7.000000e+000
      vertex  1.486339e+000 -1.910165e+001  7.000000e+000
    endloop
  endfacet
  facet normal  5.837951e-001 -8.119011e-001  0.000000e+000
    outer loop
      vertex  1.486339e+000 -1.910165e+001  5.000000e+000
      vertex  1.486339e+000 -1.910165e+001  7.000000e+000
      vertex  1.045110e+000 -1.941892e+001  5.000000e+000
    endloop
  endfacet
  facet normal  5.837951e-001 -8.119011e-001  0.000000e+000
    outer loop
      vertex  1.045110e+000 -1.941892e+001  5.000000e+000
      vertex  1.486339e+000 -1.910165e+001  7.000000e+000
      vertex  1.045110e+000 -1.941892e+001  7.000000e+000
    endloop
  endfacet
  facet normal  3.653737e-001 -9.308609e-001  0.000000e+000
    outer loop
      vertex  1.045110e+000 -1.941892e+001  5.000000e+000
      vertex  1.045110e+000 -1.941892e+001  7.000000e+000
      vertex  5.392328e-001 -1.961748e+001  5.000000e+000
    endloop
  endfacet
  facet normal  3.653737e-001 -9.308609e-001  0.000000e+000
    outer loop
      vertex  5.392328e-001 -1.961748e+001  5.000000e+000
      vertex  1.045110e+000 -1.941892e+001  7.000000e+000
      vertex  5.392328e-001 -1.961748e+001  7.000000e+000
    endloop
  endfacet
  facet normal  1.243556e-001 -9.922378e-001  0.000000e+000
    outer loop
      vertex  5.392328e-001 -1.961748e+001  5.000000e+000
      vertex  5.392328e-001 -1.961748e+001  7.000000e+000
      vertex -6.832266e-017 -1.968506e+001  5.000000e+000
    endloop
  endfacet
  facet normal  1.243556e-001 -9.922378e-001  0.000000e+000
    outer loop
      vertex -6.832266e-017 -1.968506e+001  5.000000e+000
      vertex  5.392328e-001 -1.961748e+001  7.000000e+000
      vertex -6.832266e-017 -1.968506e+001  7.000000e+000
    endloop
  endfacet
  facet normal -1.243556e-001 -9.922378e-001  -0.000000e+000
    outer loop
      vertex -6.832266e-017 -1.968506e+001  5.000000e+000
      vertex -6.832266e-017 -1.968506e+001  7.000000e+000
      vertex -5.392328e-001 -1.961748e+001  5.000000e+000
    endloop
  endfacet
  facet normal -1.243556e-001 -9.922378e-001  0.000000e+000
    outer loop
      vertex -5.392328e-001 -1.961748e+001  5.000000e+000
      vertex -6.832266e-017 -1.968506e+001  7.000000e+000
      vertex -5.392328e-001 -1.961748e+001  7.000000e+000
    endloop
  endfacet
  facet normal -3.653737e-001 -9.308609e-001  -0.000000e+000
    outer loop
      vertex -5.392328e-001 -1.961748e+001  5.000000e+000
      vertex -5.392328e-001 -1.961748e+001  7.000000e+000
      vertex -1.045110e+000 -1.941892e+001  5.000000e+000
    endloop
  endfacet
  facet normal -3.653737e-001 -9.308609e-001  0.000000e+000
    outer loop
      vertex -1.045110e+000 -1.941892e+001  5.000000e+000
      vertex -5.392328e-001 -1.961748e+001  7.000000e+000
      vertex -1.045110e+000 -1.941892e+001  7.000000e+000
    endloop
  endfacet
  facet normal -5.837951e-001 -8.119011e-001  -0.000000e+000
    outer loop
      vertex -1.045110e+000 -1.941892e+001  5.000000e+000
      vertex -1.045110e+000 -1.941892e+001  7.000000e+000
      vertex -1.486339e+000 -1.910165e+001  5.000000e+000
    endloop
  endfacet
  facet normal -5.837951e-001 -8.119011e-001  0.000000e+000
    outer loop
      vertex -1.486339e+000 -1.910165e+001  5.000000e+000
      vertex -1.045110e+000 -1.941892e+001  7.000000e+000
      vertex -1.486339e+000 -1.910165e+001  7.000000e+000
    endloop
  endfacet
  facet normal -7.661001e-001 -6.427213e-001  -0.000000e+000
    outer loop
      vertex -1.486339e+000 -1.910165e+001  5.000000e+000
      vertex -1.486339e+000 -1.910165e+001  7.000000e+000
      vertex -1.835627e+000 -1.868532e+001  5.000000e+000
    endloop
  endfacet
  facet normal -7.661001e-001 -6.427213e-001  0.000000e+000
    outer loop
      vertex -1.835627e+000 -1.868532e+001  5.000000e+000
      vertex -1.486339e+000 -1.910165e+001  7.000000e+000
      vertex -1.835627e+000 -1.868532e+001  7.000000e+000
    endloop
  endfacet
  facet normal -9.010169e-001 -4.337841e-001  -0.000000e+000
    outer loop
      vertex -1.835627e+000 -1.868532e+001  5.000000e+000
      vertex -1.835627e+000 -1.868532e+001  7.000000e+000
      vertex -2.071367e+000 -1.819566e+001  5.000000e+000
    endloop
  endfacet
  facet normal -9.010169e-001 -4.337841e-001  0.000000e+000
    outer loop
      vertex -2.071367e+000 -1.819566e+001  5.000000e+000
      vertex -1.835627e+000 -1.868532e+001  7.000000e+000
      vertex -2.071367e+000 -1.819566e+001  7.000000e+000
    endloop
  endfacet
  facet normal -9.801993e-001 -1.980128e-001  -0.000000e+000
    outer loop
      vertex -2.071367e+000 -1.819566e+001  5.000000e+000
      vertex -2.071367e+000 -1.819566e+001  7.000000e+000
      vertex -2.178977e+000 -1.766297e+001  5.000000e+000
    endloop
  endfacet
  facet normal -9.801993e-001 -1.980128e-001  0.000000e+000
    outer loop
      vertex -2.178977e+000 -1.766297e+001  5.000000e+000
      vertex -2.071367e+000 -1.819566e+001  7.000000e+000
      vertex -2.178977e+000 -1.766297e+001  7.000000e+000
    endloop
  endfacet
endsolid CATIA STL
