solid CATIA STL
  facet normal  -0.000000e+000  1.000000e+000  0.000000e+000
    outer loop
      vertex -1.050000e+001  7.500000e+000  1.150000e+001
      vertex -1.011732e+001  7.500000e+000  1.157612e+001
      vertex  2.811732e+001  7.500000e+000  1.157612e+001
    endloop
  endfacet
  facet normal  0.000000e+000  1.000000e+000  0.000000e+000
    outer loop
      vertex -1.050000e+001  7.500000e+000  1.150000e+001
      vertex  2.811732e+001  7.500000e+000  1.157612e+001
      vertex  2.850000e+001  7.500000e+000  1.150000e+001
    endloop
  endfacet
  facet normal  0.000000e+000  1.000000e+000  0.000000e+000
    outer loop
      vertex -1.050000e+001  7.500000e+000  1.150000e+001
      vertex  2.850000e+001  7.500000e+000  1.150000e+001
      vertex  2.800000e+001  7.500000e+000  7.500000e+000
    endloop
  endfacet
  facet normal  0.000000e+000  1.000000e+000  0.000000e+000
    outer loop
      vertex -1.050000e+001  7.500000e+000  1.150000e+001
      vertex  2.800000e+001  7.500000e+000  7.500000e+000
      vertex  2.600000e+001  7.500000e+000  7.500000e+000
    endloop
  endfacet
  facet normal  0.000000e+000  1.000000e+000  0.000000e+000
    outer loop
      vertex -1.050000e+001  7.500000e+000  1.150000e+001
      vertex  2.600000e+001  7.500000e+000  7.500000e+000
      vertex -8.000000e+000  7.500000e+000  7.500000e+000
    endloop
  endfacet
  facet normal  0.000000e+000  1.000000e+000  0.000000e+000
    outer loop
      vertex -1.050000e+001  7.500000e+000  1.150000e+001
      vertex -8.000000e+000  7.500000e+000  7.500000e+000
      vertex -1.000000e+001  7.500000e+000  7.500000e+000
    endloop
  endfacet
  facet normal  0.000000e+000  1.000000e+000  0.000000e+000
    outer loop
      vertex -1.050000e+001  7.500000e+000  1.150000e+001
      vertex -1.000000e+001  7.500000e+000  7.500000e+000
      vertex -1.300000e+001  7.500000e+000  1.050000e+001
    endloop
  endfacet
  facet normal  0.000000e+000  1.000000e+000  0.000000e+000
    outer loop
      vertex -1.300000e+001  7.500000e+000  1.050000e+001
      vertex -1.142388e+001  7.500000e+000  1.288268e+001
      vertex -1.150000e+001  7.500000e+000  1.250000e+001
    endloop
  endfacet
  facet normal  0.000000e+000  9.999999e-001  0.000000e+000
    outer loop
      vertex -1.300000e+001  7.500000e+000  1.050000e+001
      vertex -1.150000e+001  7.500000e+000  1.250000e+001
      vertex -1.142388e+001  7.500000e+000  1.211732e+001
    endloop
  endfacet
  facet normal  0.000000e+000  1.000000e+000  0.000000e+000
    outer loop
      vertex -1.300000e+001  7.500000e+000  1.050000e+001
      vertex -1.142388e+001  7.500000e+000  1.211732e+001
      vertex -1.120711e+001  7.500000e+000  1.179289e+001
    endloop
  endfacet
  facet normal  0.000000e+000  1.000000e+000  0.000000e+000
    outer loop
      vertex -1.300000e+001  7.500000e+000  1.050000e+001
      vertex -1.120711e+001  7.500000e+000  1.179289e+001
      vertex -1.088268e+001  7.500000e+000  1.157612e+001
    endloop
  endfacet
  facet normal  0.000000e+000  1.000000e+000  0.000000e+000
    outer loop
      vertex -1.300000e+001  7.500000e+000  1.050000e+001
      vertex -1.088268e+001  7.500000e+000  1.157612e+001
      vertex -1.050000e+001  7.500000e+000  1.150000e+001
    endloop
  endfacet
  facet normal  -0.000000e+000  1.000000e+000  0.000000e+000
    outer loop
      vertex -1.300000e+001  7.500000e+000  1.550000e+001
      vertex -1.000000e+001  7.500000e+000  1.850000e+001
      vertex  2.800000e+001  7.500000e+000  1.850000e+001
    endloop
  endfacet
  facet normal  0.000000e+000  1.000000e+000  0.000000e+000
    outer loop
      vertex -1.300000e+001  7.500000e+000  1.550000e+001
      vertex  2.800000e+001  7.500000e+000  1.850000e+001
      vertex -1.050000e+001  7.500000e+000  1.350000e+001
    endloop
  endfacet
  facet normal  0.000000e+000  1.000000e+000  0.000000e+000
    outer loop
      vertex -1.300000e+001  7.500000e+000  1.550000e+001
      vertex -1.050000e+001  7.500000e+000  1.350000e+001
      vertex -1.088268e+001  7.500000e+000  1.342388e+001
    endloop
  endfacet
  facet normal  0.000000e+000  1.000000e+000  0.000000e+000
    outer loop
      vertex -1.300000e+001  7.500000e+000  1.550000e+001
      vertex -1.088268e+001  7.500000e+000  1.342388e+001
      vertex -1.120711e+001  7.500000e+000  1.320711e+001
    endloop
  endfacet
  facet normal  0.000000e+000  1.000000e+000  0.000000e+000
    outer loop
      vertex -1.300000e+001  7.500000e+000  1.550000e+001
      vertex -1.120711e+001  7.500000e+000  1.320711e+001
      vertex -1.142388e+001  7.500000e+000  1.288268e+001
    endloop
  endfacet
  facet normal  0.000000e+000  1.000000e+000  0.000000e+000
    outer loop
      vertex -1.300000e+001  7.500000e+000  1.550000e+001
      vertex -1.142388e+001  7.500000e+000  1.288268e+001
      vertex -1.300000e+001  7.500000e+000  1.050000e+001
    endloop
  endfacet
  facet normal  0.000000e+000  1.000000e+000  0.000000e+000
    outer loop
      vertex  3.100000e+001  7.500000e+000  1.050000e+001
      vertex  2.800000e+001  7.500000e+000  7.500000e+000
      vertex  2.850000e+001  7.500000e+000  1.150000e+001
    endloop
  endfacet
  facet normal  -0.000000e+000  1.000000e+000  0.000000e+000
    outer loop
      vertex  3.100000e+001  7.500000e+000  1.050000e+001
      vertex  2.850000e+001  7.500000e+000  1.150000e+001
      vertex  2.888268e+001  7.500000e+000  1.157612e+001
    endloop
  endfacet
  facet normal  -0.000000e+000  1.000000e+000  0.000000e+000
    outer loop
      vertex  3.100000e+001  7.500000e+000  1.050000e+001
      vertex  2.888268e+001  7.500000e+000  1.157612e+001
      vertex  2.920711e+001  7.500000e+000  1.179289e+001
    endloop
  endfacet
  facet normal  -0.000000e+000  1.000000e+000  0.000000e+000
    outer loop
      vertex  3.100000e+001  7.500000e+000  1.050000e+001
      vertex  2.920711e+001  7.500000e+000  1.179289e+001
      vertex  2.942388e+001  7.500000e+000  1.211732e+001
    endloop
  endfacet
  facet normal  -0.000000e+000  9.999999e-001  0.000000e+000
    outer loop
      vertex  3.100000e+001  7.500000e+000  1.050000e+001
      vertex  2.942388e+001  7.500000e+000  1.211732e+001
      vertex  2.950000e+001  7.500000e+000  1.250000e+001
    endloop
  endfacet
  facet normal  -0.000000e+000  1.000000e+000  -0.000000e+000
    outer loop
      vertex  3.100000e+001  7.500000e+000  1.050000e+001
      vertex  2.950000e+001  7.500000e+000  1.250000e+001
      vertex  2.942388e+001  7.500000e+000  1.288268e+001
    endloop
  endfacet
  facet normal  0.000000e+000  1.000000e+000  -0.000000e+000
    outer loop
      vertex  3.100000e+001  7.500000e+000  1.550000e+001
      vertex  3.100000e+001  7.500000e+000  1.050000e+001
      vertex  2.942388e+001  7.500000e+000  1.288268e+001
    endloop
  endfacet
  facet normal  0.000000e+000  1.000000e+000  -0.000000e+000
    outer loop
      vertex  3.100000e+001  7.500000e+000  1.550000e+001
      vertex  2.942388e+001  7.500000e+000  1.288268e+001
      vertex  2.920711e+001  7.500000e+000  1.320711e+001
    endloop
  endfacet
  facet normal  0.000000e+000  1.000000e+000  -0.000000e+000
    outer loop
      vertex  3.100000e+001  7.500000e+000  1.550000e+001
      vertex  2.920711e+001  7.500000e+000  1.320711e+001
      vertex  2.888268e+001  7.500000e+000  1.342388e+001
    endloop
  endfacet
  facet normal  0.000000e+000  9.999999e-001  -0.000000e+000
    outer loop
      vertex  3.100000e+001  7.500000e+000  1.550000e+001
      vertex  2.888268e+001  7.500000e+000  1.342388e+001
      vertex  2.850000e+001  7.500000e+000  1.350000e+001
    endloop
  endfacet
  facet normal  0.000000e+000  1.000000e+000  -0.000000e+000
    outer loop
      vertex  3.100000e+001  7.500000e+000  1.550000e+001
      vertex  2.850000e+001  7.500000e+000  1.350000e+001
      vertex -1.050000e+001  7.500000e+000  1.350000e+001
    endloop
  endfacet
  facet normal  0.000000e+000  1.000000e+000  0.000000e+000
    outer loop
      vertex  3.100000e+001  7.500000e+000  1.550000e+001
      vertex -1.050000e+001  7.500000e+000  1.350000e+001
      vertex  2.800000e+001  7.500000e+000  1.850000e+001
    endloop
  endfacet
  facet normal  -0.000000e+000  1.000000e+000  0.000000e+000
    outer loop
      vertex  2.757612e+001  7.500000e+000  1.288268e+001
      vertex -9.792893e+000  7.500000e+000  1.320711e+001
      vertex  2.779289e+001  7.500000e+000  1.320711e+001
    endloop
  endfacet
  facet normal  0.000000e+000  1.000000e+000  0.000000e+000
    outer loop
      vertex  2.779289e+001  7.500000e+000  1.320711e+001
      vertex -9.792893e+000  7.500000e+000  1.320711e+001
      vertex -1.011732e+001  7.500000e+000  1.342388e+001
    endloop
  endfacet
  facet normal  -0.000000e+000  1.000000e+000  0.000000e+000
    outer loop
      vertex  2.779289e+001  7.500000e+000  1.320711e+001
      vertex -1.011732e+001  7.500000e+000  1.342388e+001
      vertex  2.811732e+001  7.500000e+000  1.342388e+001
    endloop
  endfacet
  facet normal  0.000000e+000  1.000000e+000  0.000000e+000
    outer loop
      vertex  2.811732e+001  7.500000e+000  1.342388e+001
      vertex -1.011732e+001  7.500000e+000  1.342388e+001
      vertex -1.050000e+001  7.500000e+000  1.350000e+001
    endloop
  endfacet
  facet normal  -0.000000e+000  1.000000e+000  0.000000e+000
    outer loop
      vertex  2.811732e+001  7.500000e+000  1.342388e+001
      vertex -1.050000e+001  7.500000e+000  1.350000e+001
      vertex  2.850000e+001  7.500000e+000  1.350000e+001
    endloop
  endfacet
  facet normal  0.000000e+000  1.000000e+000  0.000000e+000
    outer loop
      vertex -9.792893e+000  7.500000e+000  1.320711e+001
      vertex  2.757612e+001  7.500000e+000  1.288268e+001
      vertex -9.576120e+000  7.500000e+000  1.288268e+001
    endloop
  endfacet
  facet normal  -0.000000e+000  9.999999e-001  0.000000e+000
    outer loop
      vertex -9.576120e+000  7.500000e+000  1.288268e+001
      vertex  2.757612e+001  7.500000e+000  1.288268e+001
      vertex  2.750000e+001  7.500000e+000  1.250000e+001
    endloop
  endfacet
  facet normal  0.000000e+000  9.999999e-001  0.000000e+000
    outer loop
      vertex -9.576120e+000  7.500000e+000  1.288268e+001
      vertex  2.750000e+001  7.500000e+000  1.250000e+001
      vertex -9.500000e+000  7.500000e+000  1.250000e+001
    endloop
  endfacet
  facet normal  -0.000000e+000  9.999999e-001  0.000000e+000
    outer loop
      vertex -9.500000e+000  7.500000e+000  1.250000e+001
      vertex  2.750000e+001  7.500000e+000  1.250000e+001
      vertex  2.757612e+001  7.500000e+000  1.211732e+001
    endloop
  endfacet
  facet normal  0.000000e+000  9.999999e-001  0.000000e+000
    outer loop
      vertex -9.500000e+000  7.500000e+000  1.250000e+001
      vertex  2.757612e+001  7.500000e+000  1.211732e+001
      vertex -9.576120e+000  7.500000e+000  1.211732e+001
    endloop
  endfacet
  facet normal  -0.000000e+000  1.000000e+000  0.000000e+000
    outer loop
      vertex -9.576120e+000  7.500000e+000  1.211732e+001
      vertex  2.757612e+001  7.500000e+000  1.211732e+001
      vertex  2.779289e+001  7.500000e+000  1.179289e+001
    endloop
  endfacet
  facet normal  0.000000e+000  1.000000e+000  0.000000e+000
    outer loop
      vertex -9.576120e+000  7.500000e+000  1.211732e+001
      vertex  2.779289e+001  7.500000e+000  1.179289e+001
      vertex -9.792893e+000  7.500000e+000  1.179289e+001
    endloop
  endfacet
  facet normal  -0.000000e+000  1.000000e+000  0.000000e+000
    outer loop
      vertex -9.792893e+000  7.500000e+000  1.179289e+001
      vertex  2.779289e+001  7.500000e+000  1.179289e+001
      vertex  2.811732e+001  7.500000e+000  1.157612e+001
    endloop
  endfacet
  facet normal  0.000000e+000  1.000000e+000  0.000000e+000
    outer loop
      vertex -9.792893e+000  7.500000e+000  1.179289e+001
      vertex  2.811732e+001  7.500000e+000  1.157612e+001
      vertex -1.011732e+001  7.500000e+000  1.157612e+001
    endloop
  endfacet
  facet normal  0.000000e+000  1.000000e+000  0.000000e+000
    outer loop
      vertex -8.000000e+000  7.500000e+000  0.000000e+000
      vertex -8.000000e+000  7.500000e+000  7.500000e+000
      vertex  2.600000e+001  7.500000e+000  0.000000e+000
    endloop
  endfacet
  facet normal  0.000000e+000  1.000000e+000  -0.000000e+000
    outer loop
      vertex  2.600000e+001  7.500000e+000  0.000000e+000
      vertex -8.000000e+000  7.500000e+000  7.500000e+000
      vertex  2.600000e+001  7.500000e+000  7.500000e+000
    endloop
  endfacet
  facet normal  1.000000e+000  0.000000e+000  0.000000e+000
    outer loop
      vertex  2.600000e+001  7.500000e+000  0.000000e+000
      vertex  2.600000e+001  7.500000e+000  7.500000e+000
      vertex  2.600000e+001 -7.500000e+000  0.000000e+000
    endloop
  endfacet
  facet normal  1.000000e+000  0.000000e+000  0.000000e+000
    outer loop
      vertex  2.600000e+001 -7.500000e+000  0.000000e+000
      vertex  2.600000e+001  7.500000e+000  7.500000e+000
      vertex  2.600000e+001 -5.000000e-001  7.500000e+000
    endloop
  endfacet
  facet normal  1.000000e+000  0.000000e+000  0.000000e+000
    outer loop
      vertex  2.600000e+001 -7.500000e+000  0.000000e+000
      vertex  2.600000e+001 -5.000000e-001  7.500000e+000
      vertex  2.600000e+001 -7.500000e+000  1.850000e+001
    endloop
  endfacet
  facet normal  1.000000e+000  -0.000000e+000  0.000000e+000
    outer loop
      vertex  2.600000e+001 -7.500000e+000  1.850000e+001
      vertex  2.600000e+001 -5.000000e-001  7.500000e+000
      vertex  2.600000e+001 -5.000000e-001  1.850000e+001
    endloop
  endfacet
  facet normal  -0.000000e+000 -1.000000e+000  0.000000e+000
    outer loop
      vertex  2.600000e+001 -5.000000e-001  7.500000e+000
      vertex  2.800000e+001 -5.000000e-001  1.850000e+001
      vertex  2.600000e+001 -5.000000e-001  1.850000e+001
    endloop
  endfacet
  facet normal  0.000000e+000 -1.000000e+000  0.000000e+000
    outer loop
      vertex  2.800000e+001 -5.000000e-001  1.850000e+001
      vertex  2.600000e+001 -5.000000e-001  7.500000e+000
      vertex  2.757612e+001 -5.000000e-001  1.288268e+001
    endloop
  endfacet
  facet normal  0.000000e+000 -1.000000e+000  0.000000e+000
    outer loop
      vertex  2.800000e+001 -5.000000e-001  1.850000e+001
      vertex  2.757612e+001 -5.000000e-001  1.288268e+001
      vertex  2.779289e+001 -5.000000e-001  1.320711e+001
    endloop
  endfacet
  facet normal  0.000000e+000 -9.999999e-001  0.000000e+000
    outer loop
      vertex  2.800000e+001 -5.000000e-001  1.850000e+001
      vertex  2.779289e+001 -5.000000e-001  1.320711e+001
      vertex  2.811732e+001 -5.000000e-001  1.342388e+001
    endloop
  endfacet
  facet normal  0.000000e+000 -1.000000e+000  0.000000e+000
    outer loop
      vertex  2.800000e+001 -5.000000e-001  1.850000e+001
      vertex  2.811732e+001 -5.000000e-001  1.342388e+001
      vertex  2.850000e+001 -5.000000e-001  1.350000e+001
    endloop
  endfacet
  facet normal  0.000000e+000 -1.000000e+000  0.000000e+000
    outer loop
      vertex  2.800000e+001 -5.000000e-001  1.850000e+001
      vertex  2.850000e+001 -5.000000e-001  1.350000e+001
      vertex  2.987564e+001 -5.000000e-001  1.662436e+001
    endloop
  endfacet
  facet normal  0.000000e+000 -1.000000e+000  0.000000e+000
    outer loop
      vertex  2.600000e+001 -5.000000e-001  7.500000e+000
      vertex  2.800000e+001 -5.000000e-001  7.500000e+000
      vertex  2.987564e+001 -5.000000e-001  9.375645e+000
    endloop
  endfacet
  facet normal  -0.000000e+000 -1.000000e+000  0.000000e+000
    outer loop
      vertex  2.600000e+001 -5.000000e-001  7.500000e+000
      vertex  2.987564e+001 -5.000000e-001  9.375645e+000
      vertex  2.850000e+001 -5.000000e-001  1.150000e+001
    endloop
  endfacet
  facet normal  -0.000000e+000 -1.000000e+000  0.000000e+000
    outer loop
      vertex  2.600000e+001 -5.000000e-001  7.500000e+000
      vertex  2.850000e+001 -5.000000e-001  1.150000e+001
      vertex  2.811732e+001 -5.000000e-001  1.157612e+001
    endloop
  endfacet
  facet normal  -0.000000e+000 -1.000000e+000  0.000000e+000
    outer loop
      vertex  2.600000e+001 -5.000000e-001  7.500000e+000
      vertex  2.811732e+001 -5.000000e-001  1.157612e+001
      vertex  2.779289e+001 -5.000000e-001  1.179289e+001
    endloop
  endfacet
  facet normal  -0.000000e+000 -1.000000e+000  0.000000e+000
    outer loop
      vertex  2.600000e+001 -5.000000e-001  7.500000e+000
      vertex  2.779289e+001 -5.000000e-001  1.179289e+001
      vertex  2.757612e+001 -5.000000e-001  1.211732e+001
    endloop
  endfacet
  facet normal  -0.000000e+000 -1.000000e+000  0.000000e+000
    outer loop
      vertex  2.600000e+001 -5.000000e-001  7.500000e+000
      vertex  2.757612e+001 -5.000000e-001  1.211732e+001
      vertex  2.750000e+001 -5.000000e-001  1.250000e+001
    endloop
  endfacet
  facet normal  -0.000000e+000 -9.999999e-001  0.000000e+000
    outer loop
      vertex  2.600000e+001 -5.000000e-001  7.500000e+000
      vertex  2.750000e+001 -5.000000e-001  1.250000e+001
      vertex  2.757612e+001 -5.000000e-001  1.288268e+001
    endloop
  endfacet
  facet normal  0.000000e+000 -1.000000e+000  -0.000000e+000
    outer loop
      vertex  2.987564e+001 -5.000000e-001  9.375645e+000
      vertex  2.950000e+001 -5.000000e-001  1.250000e+001
      vertex  2.942388e+001 -5.000000e-001  1.211732e+001
    endloop
  endfacet
  facet normal  0.000000e+000 -1.000000e+000  -0.000000e+000
    outer loop
      vertex  2.987564e+001 -5.000000e-001  9.375645e+000
      vertex  2.942388e+001 -5.000000e-001  1.211732e+001
      vertex  2.920711e+001 -5.000000e-001  1.179289e+001
    endloop
  endfacet
  facet normal  0.000000e+000 -9.999999e-001  -0.000000e+000
    outer loop
      vertex  2.987564e+001 -5.000000e-001  9.375645e+000
      vertex  2.920711e+001 -5.000000e-001  1.179289e+001
      vertex  2.888268e+001 -5.000000e-001  1.157612e+001
    endloop
  endfacet
  facet normal  0.000000e+000 -9.999999e-001  -0.000000e+000
    outer loop
      vertex  2.987564e+001 -5.000000e-001  9.375645e+000
      vertex  2.888268e+001 -5.000000e-001  1.157612e+001
      vertex  2.850000e+001 -5.000000e-001  1.150000e+001
    endloop
  endfacet
  facet normal  0.000000e+000 -1.000000e+000  0.000000e+000
    outer loop
      vertex  2.987564e+001 -5.000000e-001  1.662436e+001
      vertex  2.850000e+001 -5.000000e-001  1.350000e+001
      vertex  2.888268e+001 -5.000000e-001  1.342388e+001
    endloop
  endfacet
  facet normal  0.000000e+000 -1.000000e+000  0.000000e+000
    outer loop
      vertex  2.987564e+001 -5.000000e-001  1.662436e+001
      vertex  2.888268e+001 -5.000000e-001  1.342388e+001
      vertex  2.920711e+001 -5.000000e-001  1.320711e+001
    endloop
  endfacet
  facet normal  0.000000e+000 -1.000000e+000  0.000000e+000
    outer loop
      vertex  2.987564e+001 -5.000000e-001  1.662436e+001
      vertex  2.920711e+001 -5.000000e-001  1.320711e+001
      vertex  2.942388e+001 -5.000000e-001  1.288268e+001
    endloop
  endfacet
  facet normal  0.000000e+000 -9.999999e-001  0.000000e+000
    outer loop
      vertex  2.987564e+001 -5.000000e-001  1.662436e+001
      vertex  2.942388e+001 -5.000000e-001  1.288268e+001
      vertex  2.950000e+001 -5.000000e-001  1.250000e+001
    endloop
  endfacet
  facet normal  0.000000e+000 -1.000000e+000  0.000000e+000
    outer loop
      vertex  2.987564e+001 -5.000000e-001  1.662436e+001
      vertex  2.950000e+001 -5.000000e-001  1.250000e+001
      vertex  2.987564e+001 -5.000000e-001  9.375645e+000
    endloop
  endfacet
  facet normal  0.000000e+000  0.000000e+000  1.000000e+000
    outer loop
      vertex  2.600000e+001 -5.000000e-001  1.850000e+001
      vertex  2.800000e+001 -5.000000e-001  1.850000e+001
      vertex  2.392388e+001 -3.826834e-001  1.850000e+001
    endloop
  endfacet
  facet normal  0.000000e+000  0.000000e+000  9.999999e-001
    outer loop
      vertex  2.600000e+001 -5.000000e-001  1.850000e+001
      vertex  2.392388e+001 -3.826834e-001  1.850000e+001
      vertex  2.370711e+001 -7.071068e-001  1.850000e+001
    endloop
  endfacet
  facet normal  -0.000000e+000  0.000000e+000  1.000000e+000
    outer loop
      vertex  2.600000e+001 -5.000000e-001  1.850000e+001
      vertex  2.370711e+001 -7.071068e-001  1.850000e+001
      vertex  2.338268e+001 -9.238795e-001  1.850000e+001
    endloop
  endfacet
  facet normal  -0.000000e+000  0.000000e+000  1.000000e+000
    outer loop
      vertex  2.600000e+001 -5.000000e-001  1.850000e+001
      vertex  2.338268e+001 -9.238795e-001  1.850000e+001
      vertex  2.300000e+001 -1.000000e+000  1.850000e+001
    endloop
  endfacet
  facet normal  0.000000e+000  0.000000e+000  1.000000e+000
    outer loop
      vertex  2.600000e+001 -7.500000e+000  1.850000e+001
      vertex  2.600000e+001 -5.000000e-001  1.850000e+001
      vertex  2.300000e+001 -1.000000e+000  1.850000e+001
    endloop
  endfacet
  facet normal  0.000000e+000  0.000000e+000  1.000000e+000
    outer loop
      vertex  2.600000e+001 -7.500000e+000  1.850000e+001
      vertex  2.300000e+001 -1.000000e+000  1.850000e+001
      vertex  2.150000e+001 -6.000000e+000  1.850000e+001
    endloop
  endfacet
  facet normal  0.000000e+000  0.000000e+000  1.000000e+000
    outer loop
      vertex  2.600000e+001 -7.500000e+000  1.850000e+001
      vertex  2.150000e+001 -6.000000e+000  1.850000e+001
      vertex -3.500000e+000 -6.000000e+000  1.850000e+001
    endloop
  endfacet
  facet normal  0.000000e+000  0.000000e+000  1.000000e+000
    outer loop
      vertex  2.600000e+001 -7.500000e+000  1.850000e+001
      vertex -3.500000e+000 -6.000000e+000  1.850000e+001
      vertex -1.000000e+001 -7.500000e+000  1.850000e+001
    endloop
  endfacet
  facet normal  -0.000000e+000  0.000000e+000  1.000000e+000
    outer loop
      vertex  2.800000e+001  7.500000e+000  1.850000e+001
      vertex -1.000000e+001  7.500000e+000  1.850000e+001
      vertex  2.150000e+001  6.000000e+000  1.850000e+001
    endloop
  endfacet
  facet normal  -0.000000e+000  0.000000e+000  1.000000e+000
    outer loop
      vertex  2.800000e+001  7.500000e+000  1.850000e+001
      vertex  2.150000e+001  6.000000e+000  1.850000e+001
      vertex  2.300000e+001  1.000000e+000  1.850000e+001
    endloop
  endfacet
  facet normal  -0.000000e+000  0.000000e+000  1.000000e+000
    outer loop
      vertex  2.800000e+001  7.500000e+000  1.850000e+001
      vertex  2.300000e+001  1.000000e+000  1.850000e+001
      vertex  2.338268e+001  9.238795e-001  1.850000e+001
    endloop
  endfacet
  facet normal  -0.000000e+000  0.000000e+000  1.000000e+000
    outer loop
      vertex  2.800000e+001  7.500000e+000  1.850000e+001
      vertex  2.338268e+001  9.238795e-001  1.850000e+001
      vertex  2.800000e+001 -5.000000e-001  1.850000e+001
    endloop
  endfacet
  facet normal  0.000000e+000  0.000000e+000  1.000000e+000
    outer loop
      vertex -1.000000e+001  7.500000e+000  1.850000e+001
      vertex -1.000000e+001 -7.500000e+000  1.850000e+001
      vertex -5.923880e+000  3.826834e-001  1.850000e+001
    endloop
  endfacet
  facet normal  0.000000e+000  -0.000000e+000  1.000000e+000
    outer loop
      vertex -1.000000e+001  7.500000e+000  1.850000e+001
      vertex -5.923880e+000  3.826834e-001  1.850000e+001
      vertex -5.707107e+000  7.071068e-001  1.850000e+001
    endloop
  endfacet
  facet normal  0.000000e+000  -0.000000e+000  1.000000e+000
    outer loop
      vertex -1.000000e+001  7.500000e+000  1.850000e+001
      vertex -5.707107e+000  7.071068e-001  1.850000e+001
      vertex -5.382683e+000  9.238795e-001  1.850000e+001
    endloop
  endfacet
  facet normal  0.000000e+000  -0.000000e+000  1.000000e+000
    outer loop
      vertex -1.000000e+001  7.500000e+000  1.850000e+001
      vertex -5.382683e+000  9.238795e-001  1.850000e+001
      vertex -5.000000e+000  1.000000e+000  1.850000e+001
    endloop
  endfacet
  facet normal  0.000000e+000  -0.000000e+000  1.000000e+000
    outer loop
      vertex -1.000000e+001  7.500000e+000  1.850000e+001
      vertex -5.000000e+000  1.000000e+000  1.850000e+001
      vertex -3.500000e+000  6.000000e+000  1.850000e+001
    endloop
  endfacet
  facet normal  0.000000e+000  -0.000000e+000  1.000000e+000
    outer loop
      vertex -1.000000e+001  7.500000e+000  1.850000e+001
      vertex -3.500000e+000  6.000000e+000  1.850000e+001
      vertex  2.150000e+001  6.000000e+000  1.850000e+001
    endloop
  endfacet
  facet normal  0.000000e+000  0.000000e+000  1.000000e+000
    outer loop
      vertex -1.000000e+001 -7.500000e+000  1.850000e+001
      vertex -3.500000e+000 -6.000000e+000  1.850000e+001
      vertex -5.000000e+000 -1.000000e+000  1.850000e+001
    endloop
  endfacet
  facet normal  0.000000e+000  0.000000e+000  1.000000e+000
    outer loop
      vertex -1.000000e+001 -7.500000e+000  1.850000e+001
      vertex -5.000000e+000 -1.000000e+000  1.850000e+001
      vertex -5.382683e+000 -9.238795e-001  1.850000e+001
    endloop
  endfacet
  facet normal  0.000000e+000  0.000000e+000  9.999999e-001
    outer loop
      vertex -1.000000e+001 -7.500000e+000  1.850000e+001
      vertex -5.382683e+000 -9.238795e-001  1.850000e+001
      vertex -5.707107e+000 -7.071068e-001  1.850000e+001
    endloop
  endfacet
  facet normal  0.000000e+000  0.000000e+000  1.000000e+000
    outer loop
      vertex -1.000000e+001 -7.500000e+000  1.850000e+001
      vertex -5.707107e+000 -7.071068e-001  1.850000e+001
      vertex -5.923880e+000 -3.826834e-001  1.850000e+001
    endloop
  endfacet
  facet normal  0.000000e+000  0.000000e+000  1.000000e+000
    outer loop
      vertex -1.000000e+001 -7.500000e+000  1.850000e+001
      vertex -5.923880e+000 -3.826834e-001  1.850000e+001
      vertex -6.000000e+000 -5.207844e-016  1.850000e+001
    endloop
  endfacet
  facet normal  0.000000e+000  -0.000000e+000  1.000000e+000
    outer loop
      vertex -1.000000e+001 -7.500000e+000  1.850000e+001
      vertex -6.000000e+000 -5.207844e-016  1.850000e+001
      vertex -5.923880e+000  3.826834e-001  1.850000e+001
    endloop
  endfacet
  facet normal  0.000000e+000  0.000000e+000  1.000000e+000
    outer loop
      vertex -3.500000e+000 -6.000000e+000  1.850000e+001
      vertex -4.000000e+000 -4.898587e-016  1.850000e+001
      vertex -4.076120e+000 -3.826834e-001  1.850000e+001
    endloop
  endfacet
  facet normal  0.000000e+000  0.000000e+000  1.000000e+000
    outer loop
      vertex -3.500000e+000 -6.000000e+000  1.850000e+001
      vertex -4.076120e+000 -3.826834e-001  1.850000e+001
      vertex -4.292893e+000 -7.071068e-001  1.850000e+001
    endloop
  endfacet
  facet normal  0.000000e+000  0.000000e+000  9.999999e-001
    outer loop
      vertex -3.500000e+000 -6.000000e+000  1.850000e+001
      vertex -4.292893e+000 -7.071068e-001  1.850000e+001
      vertex -4.617317e+000 -9.238795e-001  1.850000e+001
    endloop
  endfacet
  facet normal  0.000000e+000  0.000000e+000  1.000000e+000
    outer loop
      vertex -3.500000e+000 -6.000000e+000  1.850000e+001
      vertex -4.617317e+000 -9.238795e-001  1.850000e+001
      vertex -5.000000e+000 -1.000000e+000  1.850000e+001
    endloop
  endfacet
  facet normal  -0.000000e+000  0.000000e+000  1.000000e+000
    outer loop
      vertex -3.500000e+000  6.000000e+000  1.850000e+001
      vertex -5.000000e+000  1.000000e+000  1.850000e+001
      vertex -4.617317e+000  9.238795e-001  1.850000e+001
    endloop
  endfacet
  facet normal  -0.000000e+000  0.000000e+000  9.999999e-001
    outer loop
      vertex -3.500000e+000  6.000000e+000  1.850000e+001
      vertex -4.617317e+000  9.238795e-001  1.850000e+001
      vertex -4.292893e+000  7.071068e-001  1.850000e+001
    endloop
  endfacet
  facet normal  -0.000000e+000  0.000000e+000  1.000000e+000
    outer loop
      vertex -3.500000e+000  6.000000e+000  1.850000e+001
      vertex -4.292893e+000  7.071068e-001  1.850000e+001
      vertex -4.076120e+000  3.826834e-001  1.850000e+001
    endloop
  endfacet
  facet normal  -0.000000e+000  0.000000e+000  1.000000e+000
    outer loop
      vertex -3.500000e+000  6.000000e+000  1.850000e+001
      vertex -4.076120e+000  3.826834e-001  1.850000e+001
      vertex -4.000000e+000 -4.898587e-016  1.850000e+001
    endloop
  endfacet
  facet normal  -0.000000e+000  0.000000e+000  1.000000e+000
    outer loop
      vertex -3.500000e+000  6.000000e+000  1.850000e+001
      vertex -4.000000e+000 -4.898587e-016  1.850000e+001
      vertex -3.500000e+000 -6.000000e+000  1.850000e+001
    endloop
  endfacet
  facet normal  0.000000e+000  0.000000e+000  1.000000e+000
    outer loop
      vertex  2.150000e+001 -6.000000e+000  1.850000e+001
      vertex  2.300000e+001 -1.000000e+000  1.850000e+001
      vertex  2.261732e+001 -9.238795e-001  1.850000e+001
    endloop
  endfacet
  facet normal  0.000000e+000  0.000000e+000  1.000000e+000
    outer loop
      vertex  2.150000e+001 -6.000000e+000  1.850000e+001
      vertex  2.261732e+001 -9.238795e-001  1.850000e+001
      vertex  2.229289e+001 -7.071068e-001  1.850000e+001
    endloop
  endfacet
  facet normal  0.000000e+000  0.000000e+000  1.000000e+000
    outer loop
      vertex  2.150000e+001 -6.000000e+000  1.850000e+001
      vertex  2.229289e+001 -7.071068e-001  1.850000e+001
      vertex  2.207612e+001 -3.826834e-001  1.850000e+001
    endloop
  endfacet
  facet normal  0.000000e+000  0.000000e+000  1.000000e+000
    outer loop
      vertex  2.150000e+001 -6.000000e+000  1.850000e+001
      vertex  2.207612e+001 -3.826834e-001  1.850000e+001
      vertex  2.200000e+001 -1.653892e-015  1.850000e+001
    endloop
  endfacet
  facet normal  0.000000e+000  0.000000e+000  1.000000e+000
    outer loop
      vertex  2.150000e+001  6.000000e+000  1.850000e+001
      vertex  2.150000e+001 -6.000000e+000  1.850000e+001
      vertex  2.200000e+001 -1.653892e-015  1.850000e+001
    endloop
  endfacet
  facet normal  0.000000e+000  -0.000000e+000  1.000000e+000
    outer loop
      vertex  2.150000e+001  6.000000e+000  1.850000e+001
      vertex  2.200000e+001 -1.653892e-015  1.850000e+001
      vertex  2.207612e+001  3.826834e-001  1.850000e+001
    endloop
  endfacet
  facet normal  0.000000e+000  -0.000000e+000  1.000000e+000
    outer loop
      vertex  2.150000e+001  6.000000e+000  1.850000e+001
      vertex  2.207612e+001  3.826834e-001  1.850000e+001
      vertex  2.229289e+001  7.071068e-001  1.850000e+001
    endloop
  endfacet
  facet normal  0.000000e+000  -0.000000e+000  1.000000e+000
    outer loop
      vertex  2.150000e+001  6.000000e+000  1.850000e+001
      vertex  2.229289e+001  7.071068e-001  1.850000e+001
      vertex  2.261732e+001  9.238795e-001  1.850000e+001
    endloop
  endfacet
  facet normal  0.000000e+000  -0.000000e+000  1.000000e+000
    outer loop
      vertex  2.150000e+001  6.000000e+000  1.850000e+001
      vertex  2.261732e+001  9.238795e-001  1.850000e+001
      vertex  2.300000e+001  1.000000e+000  1.850000e+001
    endloop
  endfacet
  facet normal  0.000000e+000  0.000000e+000  1.000000e+000
    outer loop
      vertex  2.800000e+001 -5.000000e-001  1.850000e+001
      vertex  2.338268e+001  9.238795e-001  1.850000e+001
      vertex  2.370711e+001  7.071068e-001  1.850000e+001
    endloop
  endfacet
  facet normal  0.000000e+000  0.000000e+000  1.000000e+000
    outer loop
      vertex  2.800000e+001 -5.000000e-001  1.850000e+001
      vertex  2.370711e+001  7.071068e-001  1.850000e+001
      vertex  2.392388e+001  3.826834e-001  1.850000e+001
    endloop
  endfacet
  facet normal  0.000000e+000  0.000000e+000  1.000000e+000
    outer loop
      vertex  2.800000e+001 -5.000000e-001  1.850000e+001
      vertex  2.392388e+001  3.826834e-001  1.850000e+001
      vertex  2.400000e+001 -1.776357e-015  1.850000e+001
    endloop
  endfacet
  facet normal  0.000000e+000  0.000000e+000  9.999999e-001
    outer loop
      vertex  2.800000e+001 -5.000000e-001  1.850000e+001
      vertex  2.400000e+001 -1.776357e-015  1.850000e+001
      vertex  2.392388e+001 -3.826834e-001  1.850000e+001
    endloop
  endfacet
  facet normal  0.000000e+000  0.000000e+000 -1.000000e+000
    outer loop
      vertex  2.800000e+001 -5.000000e-001  7.500000e+000
      vertex  2.600000e+001 -5.000000e-001  7.500000e+000
      vertex  2.800000e+001  7.500000e+000  7.500000e+000
    endloop
  endfacet
  facet normal  -0.000000e+000  0.000000e+000 -1.000000e+000
    outer loop
      vertex  2.800000e+001  7.500000e+000  7.500000e+000
      vertex  2.600000e+001 -5.000000e-001  7.500000e+000
      vertex  2.600000e+001  7.500000e+000  7.500000e+000
    endloop
  endfacet
  facet normal  0.000000e+000 -1.000000e+000  0.000000e+000
    outer loop
      vertex -1.000000e+001 -7.500000e+000  1.850000e+001
      vertex -1.300000e+001 -7.500000e+000  1.550000e+001
      vertex -1.050000e+001 -7.500000e+000  1.350000e+001
    endloop
  endfacet
  facet normal  0.000000e+000 -1.000000e+000  0.000000e+000
    outer loop
      vertex -1.000000e+001 -7.500000e+000  1.850000e+001
      vertex -1.050000e+001 -7.500000e+000  1.350000e+001
      vertex -1.011732e+001 -7.500000e+000  1.342388e+001
    endloop
  endfacet
  facet normal  0.000000e+000 -1.000000e+000  0.000000e+000
    outer loop
      vertex -1.000000e+001 -7.500000e+000  1.850000e+001
      vertex -1.011732e+001 -7.500000e+000  1.342388e+001
      vertex -9.792893e+000 -7.500000e+000  1.320711e+001
    endloop
  endfacet
  facet normal  0.000000e+000 -1.000000e+000  0.000000e+000
    outer loop
      vertex -1.000000e+001 -7.500000e+000  1.850000e+001
      vertex -9.792893e+000 -7.500000e+000  1.320711e+001
      vertex -9.576120e+000 -7.500000e+000  1.288268e+001
    endloop
  endfacet
  facet normal  0.000000e+000 -1.000000e+000  0.000000e+000
    outer loop
      vertex -1.000000e+001 -7.500000e+000  1.850000e+001
      vertex -9.576120e+000 -7.500000e+000  1.288268e+001
      vertex -8.000000e+000 -7.500000e+000  7.500000e+000
    endloop
  endfacet
  facet normal  0.000000e+000 -1.000000e+000  0.000000e+000
    outer loop
      vertex -8.000000e+000 -7.500000e+000  7.500000e+000
      vertex -8.000000e+000 -7.500000e+000  0.000000e+000
      vertex  2.600000e+001 -7.500000e+000  0.000000e+000
    endloop
  endfacet
  facet normal  0.000000e+000 -1.000000e+000  0.000000e+000
    outer loop
      vertex -8.000000e+000 -7.500000e+000  7.500000e+000
      vertex  2.600000e+001 -7.500000e+000  0.000000e+000
      vertex  2.600000e+001 -7.500000e+000  1.850000e+001
    endloop
  endfacet
  facet normal  -0.000000e+000 -1.000000e+000  0.000000e+000
    outer loop
      vertex -8.000000e+000 -7.500000e+000  7.500000e+000
      vertex  2.600000e+001 -7.500000e+000  1.850000e+001
      vertex -1.000000e+001 -7.500000e+000  1.850000e+001
    endloop
  endfacet
  facet normal  0.000000e+000 -9.999999e-001  0.000000e+000
    outer loop
      vertex -8.000000e+000 -7.500000e+000  7.500000e+000
      vertex -9.576120e+000 -7.500000e+000  1.288268e+001
      vertex -9.500000e+000 -7.500000e+000  1.250000e+001
    endloop
  endfacet
  facet normal  0.000000e+000 -1.000000e+000  -0.000000e+000
    outer loop
      vertex -8.000000e+000 -7.500000e+000  7.500000e+000
      vertex -9.500000e+000 -7.500000e+000  1.250000e+001
      vertex -9.576120e+000 -7.500000e+000  1.211732e+001
    endloop
  endfacet
  facet normal  0.000000e+000 -1.000000e+000  -0.000000e+000
    outer loop
      vertex -8.000000e+000 -7.500000e+000  7.500000e+000
      vertex -9.576120e+000 -7.500000e+000  1.211732e+001
      vertex -9.792893e+000 -7.500000e+000  1.179289e+001
    endloop
  endfacet
  facet normal  0.000000e+000 -1.000000e+000  -0.000000e+000
    outer loop
      vertex -8.000000e+000 -7.500000e+000  7.500000e+000
      vertex -9.792893e+000 -7.500000e+000  1.179289e+001
      vertex -1.011732e+001 -7.500000e+000  1.157612e+001
    endloop
  endfacet
  facet normal  0.000000e+000 -1.000000e+000  -0.000000e+000
    outer loop
      vertex -8.000000e+000 -7.500000e+000  7.500000e+000
      vertex -1.011732e+001 -7.500000e+000  1.157612e+001
      vertex -1.050000e+001 -7.500000e+000  1.150000e+001
    endloop
  endfacet
  facet normal  0.000000e+000 -1.000000e+000  -0.000000e+000
    outer loop
      vertex -8.000000e+000 -7.500000e+000  7.500000e+000
      vertex -1.050000e+001 -7.500000e+000  1.150000e+001
      vertex -1.300000e+001 -7.500000e+000  1.050000e+001
    endloop
  endfacet
  facet normal  0.000000e+000 -1.000000e+000  0.000000e+000
    outer loop
      vertex -8.000000e+000 -7.500000e+000  7.500000e+000
      vertex -1.300000e+001 -7.500000e+000  1.050000e+001
      vertex -1.000000e+001 -7.500000e+000  7.500000e+000
    endloop
  endfacet
  facet normal  -0.000000e+000 -1.000000e+000  0.000000e+000
    outer loop
      vertex -1.300000e+001 -7.500000e+000  1.050000e+001
      vertex -1.050000e+001 -7.500000e+000  1.150000e+001
      vertex -1.088268e+001 -7.500000e+000  1.157612e+001
    endloop
  endfacet
  facet normal  -0.000000e+000 -1.000000e+000  0.000000e+000
    outer loop
      vertex -1.300000e+001 -7.500000e+000  1.050000e+001
      vertex -1.088268e+001 -7.500000e+000  1.157612e+001
      vertex -1.120711e+001 -7.500000e+000  1.179289e+001
    endloop
  endfacet
  facet normal  -0.000000e+000 -1.000000e+000  0.000000e+000
    outer loop
      vertex -1.300000e+001 -7.500000e+000  1.050000e+001
      vertex -1.120711e+001 -7.500000e+000  1.179289e+001
      vertex -1.142388e+001 -7.500000e+000  1.211732e+001
    endloop
  endfacet
  facet normal  -0.000000e+000 -9.999999e-001  0.000000e+000
    outer loop
      vertex -1.300000e+001 -7.500000e+000  1.050000e+001
      vertex -1.142388e+001 -7.500000e+000  1.211732e+001
      vertex -1.150000e+001 -7.500000e+000  1.250000e+001
    endloop
  endfacet
  facet normal  -0.000000e+000 -1.000000e+000  0.000000e+000
    outer loop
      vertex -1.300000e+001 -7.500000e+000  1.050000e+001
      vertex -1.150000e+001 -7.500000e+000  1.250000e+001
      vertex -1.142388e+001 -7.500000e+000  1.288268e+001
    endloop
  endfacet
  facet normal  0.000000e+000 -1.000000e+000  0.000000e+000
    outer loop
      vertex -1.300000e+001 -7.500000e+000  1.550000e+001
      vertex -1.300000e+001 -7.500000e+000  1.050000e+001
      vertex -1.142388e+001 -7.500000e+000  1.288268e+001
    endloop
  endfacet
  facet normal  0.000000e+000 -1.000000e+000  0.000000e+000
    outer loop
      vertex -1.300000e+001 -7.500000e+000  1.550000e+001
      vertex -1.142388e+001 -7.500000e+000  1.288268e+001
      vertex -1.120711e+001 -7.500000e+000  1.320711e+001
    endloop
  endfacet
  facet normal  0.000000e+000 -1.000000e+000  0.000000e+000
    outer loop
      vertex -1.300000e+001 -7.500000e+000  1.550000e+001
      vertex -1.120711e+001 -7.500000e+000  1.320711e+001
      vertex -1.088268e+001 -7.500000e+000  1.342388e+001
    endloop
  endfacet
  facet normal  0.000000e+000 -1.000000e+000  0.000000e+000
    outer loop
      vertex -1.300000e+001 -7.500000e+000  1.550000e+001
      vertex -1.088268e+001 -7.500000e+000  1.342388e+001
      vertex -1.050000e+001 -7.500000e+000  1.350000e+001
    endloop
  endfacet
  facet normal  7.071068e-001  0.000000e+000  7.071068e-001
    outer loop
      vertex  2.987564e+001 -5.000000e-001  1.662436e+001
      vertex  3.100000e+001  3.696152e+000  1.550000e+001
      vertex  2.800000e+001 -5.000000e-001  1.850000e+001
    endloop
  endfacet
  facet normal  7.071068e-001  0.000000e+000  7.071068e-001
    outer loop
      vertex  2.800000e+001 -5.000000e-001  1.850000e+001
      vertex  3.100000e+001  3.696152e+000  1.550000e+001
      vertex  3.100000e+001  7.500000e+000  1.550000e+001
    endloop
  endfacet
  facet normal  7.071068e-001  0.000000e+000  7.071068e-001
    outer loop
      vertex  2.800000e+001 -5.000000e-001  1.850000e+001
      vertex  3.100000e+001  7.500000e+000  1.550000e+001
      vertex  2.800000e+001  7.500000e+000  1.850000e+001
    endloop
  endfacet
  facet normal  7.071068e-001  0.000000e+000 -7.071068e-001
    outer loop
      vertex  2.800000e+001  7.500000e+000  7.500000e+000
      vertex  3.100000e+001  7.500000e+000  1.050000e+001
      vertex  2.800000e+001 -5.000000e-001  7.500000e+000
    endloop
  endfacet
  facet normal  7.071068e-001  0.000000e+000 -7.071068e-001
    outer loop
      vertex  2.800000e+001 -5.000000e-001  7.500000e+000
      vertex  3.100000e+001  7.500000e+000  1.050000e+001
      vertex  3.100000e+001  3.696152e+000  1.050000e+001
    endloop
  endfacet
  facet normal  7.071068e-001  0.000000e+000 -7.071068e-001
    outer loop
      vertex  2.800000e+001 -5.000000e-001  7.500000e+000
      vertex  3.100000e+001  3.696152e+000  1.050000e+001
      vertex  2.987564e+001 -5.000000e-001  9.375645e+000
    endloop
  endfacet
  facet normal  1.950904e-001  0.000000e+000 -9.807853e-001
    outer loop
      vertex  2.850000e+001  7.500000e+000  1.350000e+001
      vertex  2.811732e+001 -5.000000e-001  1.342388e+001
      vertex  2.811732e+001  7.500000e+000  1.342388e+001
    endloop
  endfacet
  facet normal  5.555691e-001  0.000000e+000 -8.314704e-001
    outer loop
      vertex  2.811732e+001  7.500000e+000  1.342388e+001
      vertex  2.811732e+001 -5.000000e-001  1.342388e+001
      vertex  2.779289e+001 -5.000000e-001  1.320711e+001
    endloop
  endfacet
  facet normal  5.555691e-001  0.000000e+000 -8.314704e-001
    outer loop
      vertex  2.811732e+001  7.500000e+000  1.342388e+001
      vertex  2.779289e+001 -5.000000e-001  1.320711e+001
      vertex  2.779289e+001  7.500000e+000  1.320711e+001
    endloop
  endfacet
  facet normal  8.314700e-001  0.000000e+000 -5.555696e-001
    outer loop
      vertex  2.779289e+001  7.500000e+000  1.320711e+001
      vertex  2.779289e+001 -5.000000e-001  1.320711e+001
      vertex  2.757612e+001 -5.000000e-001  1.288268e+001
    endloop
  endfacet
  facet normal  8.314700e-001  0.000000e+000 -5.555696e-001
    outer loop
      vertex  2.779289e+001  7.500000e+000  1.320711e+001
      vertex  2.757612e+001 -5.000000e-001  1.288268e+001
      vertex  2.757612e+001  7.500000e+000  1.288268e+001
    endloop
  endfacet
  facet normal  9.807853e-001  0.000000e+000 -1.950899e-001
    outer loop
      vertex  2.757612e+001  7.500000e+000  1.288268e+001
      vertex  2.757612e+001 -5.000000e-001  1.288268e+001
      vertex  2.750000e+001 -5.000000e-001  1.250000e+001
    endloop
  endfacet
  facet normal  9.807853e-001  0.000000e+000 -1.950899e-001
    outer loop
      vertex  2.757612e+001  7.500000e+000  1.288268e+001
      vertex  2.750000e+001 -5.000000e-001  1.250000e+001
      vertex  2.750000e+001  7.500000e+000  1.250000e+001
    endloop
  endfacet
  facet normal  1.950904e-001  0.000000e+000 -9.807853e-001
    outer loop
      vertex  2.811732e+001 -5.000000e-001  1.342388e+001
      vertex  2.850000e+001  7.500000e+000  1.350000e+001
      vertex  2.850000e+001 -5.000000e-001  1.350000e+001
    endloop
  endfacet
  facet normal -1.950904e-001  0.000000e+000 -9.807853e-001
    outer loop
      vertex  2.850000e+001 -5.000000e-001  1.350000e+001
      vertex  2.850000e+001  7.500000e+000  1.350000e+001
      vertex  2.888268e+001  7.500000e+000  1.342388e+001
    endloop
  endfacet
  facet normal -1.950904e-001  -0.000000e+000 -9.807853e-001
    outer loop
      vertex  2.850000e+001 -5.000000e-001  1.350000e+001
      vertex  2.888268e+001  7.500000e+000  1.342388e+001
      vertex  2.888268e+001 -5.000000e-001  1.342388e+001
    endloop
  endfacet
  facet normal -5.555691e-001  0.000000e+000 -8.314704e-001
    outer loop
      vertex  2.888268e+001 -5.000000e-001  1.342388e+001
      vertex  2.888268e+001  7.500000e+000  1.342388e+001
      vertex  2.920711e+001  7.500000e+000  1.320711e+001
    endloop
  endfacet
  facet normal -5.555691e-001  -0.000000e+000 -8.314704e-001
    outer loop
      vertex  2.888268e+001 -5.000000e-001  1.342388e+001
      vertex  2.920711e+001  7.500000e+000  1.320711e+001
      vertex  2.920711e+001 -5.000000e-001  1.320711e+001
    endloop
  endfacet
  facet normal -8.314700e-001  0.000000e+000 -5.555696e-001
    outer loop
      vertex  2.920711e+001 -5.000000e-001  1.320711e+001
      vertex  2.920711e+001  7.500000e+000  1.320711e+001
      vertex  2.942388e+001  7.500000e+000  1.288268e+001
    endloop
  endfacet
  facet normal -8.314700e-001  -0.000000e+000 -5.555696e-001
    outer loop
      vertex  2.920711e+001 -5.000000e-001  1.320711e+001
      vertex  2.942388e+001  7.500000e+000  1.288268e+001
      vertex  2.942388e+001 -5.000000e-001  1.288268e+001
    endloop
  endfacet
  facet normal -9.807853e-001  0.000000e+000 -1.950899e-001
    outer loop
      vertex  2.942388e+001 -5.000000e-001  1.288268e+001
      vertex  2.942388e+001  7.500000e+000  1.288268e+001
      vertex  2.950000e+001  7.500000e+000  1.250000e+001
    endloop
  endfacet
  facet normal -9.807853e-001  -0.000000e+000 -1.950899e-001
    outer loop
      vertex  2.942388e+001 -5.000000e-001  1.288268e+001
      vertex  2.950000e+001  7.500000e+000  1.250000e+001
      vertex  2.950000e+001 -5.000000e-001  1.250000e+001
    endloop
  endfacet
  facet normal -1.950904e-001  0.000000e+000  9.807853e-001
    outer loop
      vertex  2.850000e+001  7.500000e+000  1.150000e+001
      vertex  2.888268e+001 -5.000000e-001  1.157612e+001
      vertex  2.888268e+001  7.500000e+000  1.157612e+001
    endloop
  endfacet
  facet normal -5.555691e-001  0.000000e+000  8.314704e-001
    outer loop
      vertex  2.888268e+001  7.500000e+000  1.157612e+001
      vertex  2.888268e+001 -5.000000e-001  1.157612e+001
      vertex  2.920711e+001 -5.000000e-001  1.179289e+001
    endloop
  endfacet
  facet normal -5.555691e-001  0.000000e+000  8.314704e-001
    outer loop
      vertex  2.888268e+001  7.500000e+000  1.157612e+001
      vertex  2.920711e+001 -5.000000e-001  1.179289e+001
      vertex  2.920711e+001  7.500000e+000  1.179289e+001
    endloop
  endfacet
  facet normal -8.314700e-001  0.000000e+000  5.555696e-001
    outer loop
      vertex  2.920711e+001  7.500000e+000  1.179289e+001
      vertex  2.920711e+001 -5.000000e-001  1.179289e+001
      vertex  2.942388e+001 -5.000000e-001  1.211732e+001
    endloop
  endfacet
  facet normal -8.314700e-001  0.000000e+000  5.555696e-001
    outer loop
      vertex  2.920711e+001  7.500000e+000  1.179289e+001
      vertex  2.942388e+001 -5.000000e-001  1.211732e+001
      vertex  2.942388e+001  7.500000e+000  1.211732e+001
    endloop
  endfacet
  facet normal -9.807853e-001  0.000000e+000  1.950899e-001
    outer loop
      vertex  2.942388e+001  7.500000e+000  1.211732e+001
      vertex  2.942388e+001 -5.000000e-001  1.211732e+001
      vertex  2.950000e+001 -5.000000e-001  1.250000e+001
    endloop
  endfacet
  facet normal -9.807853e-001  0.000000e+000  1.950899e-001
    outer loop
      vertex  2.942388e+001  7.500000e+000  1.211732e+001
      vertex  2.950000e+001 -5.000000e-001  1.250000e+001
      vertex  2.950000e+001  7.500000e+000  1.250000e+001
    endloop
  endfacet
  facet normal -1.950904e-001  0.000000e+000  9.807853e-001
    outer loop
      vertex  2.888268e+001 -5.000000e-001  1.157612e+001
      vertex  2.850000e+001  7.500000e+000  1.150000e+001
      vertex  2.850000e+001 -5.000000e-001  1.150000e+001
    endloop
  endfacet
  facet normal  1.950904e-001  -0.000000e+000  9.807853e-001
    outer loop
      vertex  2.850000e+001 -5.000000e-001  1.150000e+001
      vertex  2.850000e+001  7.500000e+000  1.150000e+001
      vertex  2.811732e+001  7.500000e+000  1.157612e+001
    endloop
  endfacet
  facet normal  1.950904e-001  0.000000e+000  9.807853e-001
    outer loop
      vertex  2.850000e+001 -5.000000e-001  1.150000e+001
      vertex  2.811732e+001  7.500000e+000  1.157612e+001
      vertex  2.811732e+001 -5.000000e-001  1.157612e+001
    endloop
  endfacet
  facet normal  5.555691e-001  -0.000000e+000  8.314704e-001
    outer loop
      vertex  2.811732e+001 -5.000000e-001  1.157612e+001
      vertex  2.811732e+001  7.500000e+000  1.157612e+001
      vertex  2.779289e+001  7.500000e+000  1.179289e+001
    endloop
  endfacet
  facet normal  5.555691e-001  0.000000e+000  8.314704e-001
    outer loop
      vertex  2.811732e+001 -5.000000e-001  1.157612e+001
      vertex  2.779289e+001  7.500000e+000  1.179289e+001
      vertex  2.779289e+001 -5.000000e-001  1.179289e+001
    endloop
  endfacet
  facet normal  8.314700e-001  -0.000000e+000  5.555696e-001
    outer loop
      vertex  2.779289e+001 -5.000000e-001  1.179289e+001
      vertex  2.779289e+001  7.500000e+000  1.179289e+001
      vertex  2.757612e+001  7.500000e+000  1.211732e+001
    endloop
  endfacet
  facet normal  8.314700e-001  0.000000e+000  5.555696e-001
    outer loop
      vertex  2.779289e+001 -5.000000e-001  1.179289e+001
      vertex  2.757612e+001  7.500000e+000  1.211732e+001
      vertex  2.757612e+001 -5.000000e-001  1.211732e+001
    endloop
  endfacet
  facet normal  9.807853e-001  -0.000000e+000  1.950899e-001
    outer loop
      vertex  2.757612e+001 -5.000000e-001  1.211732e+001
      vertex  2.757612e+001  7.500000e+000  1.211732e+001
      vertex  2.750000e+001  7.500000e+000  1.250000e+001
    endloop
  endfacet
  facet normal  9.807853e-001  0.000000e+000  1.950899e-001
    outer loop
      vertex  2.757612e+001 -5.000000e-001  1.211732e+001
      vertex  2.750000e+001  7.500000e+000  1.250000e+001
      vertex  2.750000e+001 -5.000000e-001  1.250000e+001
    endloop
  endfacet
  facet normal  9.659259e-001 -2.588190e-001  0.000000e+000
    outer loop
      vertex  3.100000e+001  3.696152e+000  1.050000e+001
      vertex  3.100000e+001  3.696152e+000  1.550000e+001
      vertex  2.987564e+001 -5.000000e-001  9.375645e+000
    endloop
  endfacet
  facet normal  9.659258e-001 -2.588190e-001  0.000000e+000
    outer loop
      vertex  2.987564e+001 -5.000000e-001  9.375645e+000
      vertex  3.100000e+001  3.696152e+000  1.550000e+001
      vertex  2.987564e+001 -5.000000e-001  1.662436e+001
    endloop
  endfacet
  facet normal  0.000000e+000  -0.000000e+000 -1.000000e+000
    outer loop
      vertex -4.292893e+000 -7.071068e-001  0.000000e+000
      vertex -4.076120e+000 -3.826834e-001  0.000000e+000
      vertex -2.926140e+000 -9.386031e-001  0.000000e+000
    endloop
  endfacet
  facet normal  0.000000e+000  0.000000e+000 -1.000000e+000
    outer loop
      vertex -8.000000e+000 -7.500000e+000  0.000000e+000
      vertex -8.000000e+000  7.500000e+000  0.000000e+000
      vertex -5.923880e+000  3.826834e-001  0.000000e+000
    endloop
  endfacet
  facet normal  0.000000e+000  0.000000e+000 -1.000000e+000
    outer loop
      vertex -8.000000e+000 -7.500000e+000  0.000000e+000
      vertex -5.923880e+000  3.826834e-001  0.000000e+000
      vertex -6.000000e+000  3.673940e-016  0.000000e+000
    endloop
  endfacet
  facet normal  0.000000e+000  -0.000000e+000 -1.000000e+000
    outer loop
      vertex -8.000000e+000 -7.500000e+000  0.000000e+000
      vertex -6.000000e+000  3.673940e-016  0.000000e+000
      vertex -5.923880e+000 -3.826834e-001  0.000000e+000
    endloop
  endfacet
  facet normal  0.000000e+000  -0.000000e+000 -9.999999e-001
    outer loop
      vertex -8.000000e+000 -7.500000e+000  0.000000e+000
      vertex -5.923880e+000 -3.826834e-001  0.000000e+000
      vertex -5.707107e+000 -7.071068e-001  0.000000e+000
    endloop
  endfacet
  facet normal  0.000000e+000  -0.000000e+000 -1.000000e+000
    outer loop
      vertex -8.000000e+000 -7.500000e+000  0.000000e+000
      vertex -5.707107e+000 -7.071068e-001  0.000000e+000
      vertex -5.382683e+000 -9.238795e-001  0.000000e+000
    endloop
  endfacet
  facet normal  0.000000e+000  -0.000000e+000 -1.000000e+000
    outer loop
      vertex -8.000000e+000 -7.500000e+000  0.000000e+000
      vertex -5.382683e+000 -9.238795e-001  0.000000e+000
      vertex -5.000000e+000 -1.000000e+000  0.000000e+000
    endloop
  endfacet
  facet normal  0.000000e+000  -0.000000e+000 -1.000000e+000
    outer loop
      vertex -8.000000e+000 -7.500000e+000  0.000000e+000
      vertex -5.000000e+000 -1.000000e+000  0.000000e+000
      vertex -2.706349e+000 -1.854098e+000  0.000000e+000
    endloop
  endfacet
  facet normal  0.000000e+000  -0.000000e+000 -1.000000e+000
    outer loop
      vertex -8.000000e+000 -7.500000e+000  0.000000e+000
      vertex -2.706349e+000 -1.854098e+000  0.000000e+000
      vertex -2.346049e+000 -2.723939e+000  0.000000e+000
    endloop
  endfacet
  facet normal  0.000000e+000  -0.000000e+000 -1.000000e+000
    outer loop
      vertex -8.000000e+000 -7.500000e+000  0.000000e+000
      vertex -2.346049e+000 -2.723939e+000  0.000000e+000
      vertex -1.854112e+000 -3.526708e+000  0.000000e+000
    endloop
  endfacet
  facet normal  0.000000e+000  -0.000000e+000 -1.000000e+000
    outer loop
      vertex -8.000000e+000 -7.500000e+000  0.000000e+000
      vertex -1.854112e+000 -3.526708e+000  0.000000e+000
      vertex -1.242650e+000 -4.242637e+000  0.000000e+000
    endloop
  endfacet
  facet normal  0.000000e+000  -0.000000e+000 -1.000000e+000
    outer loop
      vertex -8.000000e+000 -7.500000e+000  0.000000e+000
      vertex -1.242650e+000 -4.242637e+000  0.000000e+000
      vertex -5.267211e-001 -4.854098e+000  0.000000e+000
    endloop
  endfacet
  facet normal  0.000000e+000  -0.000000e+000 -9.999999e-001
    outer loop
      vertex -8.000000e+000 -7.500000e+000  0.000000e+000
      vertex -5.267211e-001 -4.854098e+000  0.000000e+000
      vertex  2.760474e-001 -5.346035e+000  0.000000e+000
    endloop
  endfacet
  facet normal  0.000000e+000  -0.000000e+000 -1.000000e+000
    outer loop
      vertex -8.000000e+000 -7.500000e+000  0.000000e+000
      vertex  2.760474e-001 -5.346035e+000  0.000000e+000
      vertex  1.145888e+000 -5.706336e+000  0.000000e+000
    endloop
  endfacet
  facet normal  0.000000e+000  -0.000000e+000 -1.000000e+000
    outer loop
      vertex -8.000000e+000 -7.500000e+000  0.000000e+000
      vertex  1.145888e+000 -5.706336e+000  0.000000e+000
      vertex  2.061384e+000 -5.926126e+000  0.000000e+000
    endloop
  endfacet
  facet normal  0.000000e+000  -0.000000e+000 -1.000000e+000
    outer loop
      vertex -8.000000e+000 -7.500000e+000  0.000000e+000
      vertex  2.061384e+000 -5.926126e+000  0.000000e+000
      vertex  2.999990e+000 -5.999996e+000  0.000000e+000
    endloop
  endfacet
  facet normal  0.000000e+000  -0.000000e+000 -9.999999e-001
    outer loop
      vertex -8.000000e+000 -7.500000e+000  0.000000e+000
      vertex  2.999990e+000 -5.999996e+000  0.000000e+000
      vertex  1.700000e+001 -6.000000e+000  0.000000e+000
    endloop
  endfacet
  facet normal  0.000000e+000  -0.000000e+000 -1.000000e+000
    outer loop
      vertex -8.000000e+000 -7.500000e+000  0.000000e+000
      vertex  1.700000e+001 -6.000000e+000  0.000000e+000
      vertex  2.150000e+001 -6.000000e+000  0.000000e+000
    endloop
  endfacet
  facet normal  0.000000e+000  -0.000000e+000 -1.000000e+000
    outer loop
      vertex -8.000000e+000 -7.500000e+000  0.000000e+000
      vertex  2.150000e+001 -6.000000e+000  0.000000e+000
      vertex  2.600000e+001 -7.500000e+000  0.000000e+000
    endloop
  endfacet
  facet normal  -0.000000e+000  0.000000e+000 -1.000000e+000
    outer loop
      vertex -8.000000e+000  7.500000e+000  0.000000e+000
      vertex  2.600000e+001  7.500000e+000  0.000000e+000
      vertex  2.150000e+001  6.000000e+000  0.000000e+000
    endloop
  endfacet
  facet normal  0.000000e+000  0.000000e+000 -1.000000e+000
    outer loop
      vertex -8.000000e+000  7.500000e+000  0.000000e+000
      vertex  2.150000e+001  6.000000e+000  0.000000e+000
      vertex  1.700000e+001  6.000000e+000  0.000000e+000
    endloop
  endfacet
  facet normal  0.000000e+000  0.000000e+000 -1.000000e+000
    outer loop
      vertex -8.000000e+000  7.500000e+000  0.000000e+000
      vertex  1.700000e+001  6.000000e+000  0.000000e+000
      vertex  2.999990e+000  6.000004e+000  0.000000e+000
    endloop
  endfacet
  facet normal  -0.000000e+000  0.000000e+000 -1.000000e+000
    outer loop
      vertex -8.000000e+000  7.500000e+000  0.000000e+000
      vertex  2.999990e+000  6.000004e+000  0.000000e+000
      vertex  2.061384e+000  5.926134e+000  0.000000e+000
    endloop
  endfacet
  facet normal  -0.000000e+000  0.000000e+000 -1.000000e+000
    outer loop
      vertex -8.000000e+000  7.500000e+000  0.000000e+000
      vertex  2.061384e+000  5.926134e+000  0.000000e+000
      vertex  1.145888e+000  5.706343e+000  0.000000e+000
    endloop
  endfacet
  facet normal  -0.000000e+000  0.000000e+000 -1.000000e+000
    outer loop
      vertex -8.000000e+000  7.500000e+000  0.000000e+000
      vertex  1.145888e+000  5.706343e+000  0.000000e+000
      vertex  2.760474e-001  5.346043e+000  0.000000e+000
    endloop
  endfacet
  facet normal  -0.000000e+000  0.000000e+000 -1.000000e+000
    outer loop
      vertex -8.000000e+000  7.500000e+000  0.000000e+000
      vertex  2.760474e-001  5.346043e+000  0.000000e+000
      vertex -5.267211e-001  4.854105e+000  0.000000e+000
    endloop
  endfacet
  facet normal  -0.000000e+000  0.000000e+000 -1.000000e+000
    outer loop
      vertex -8.000000e+000  7.500000e+000  0.000000e+000
      vertex -5.267211e-001  4.854105e+000  0.000000e+000
      vertex -1.242650e+000  4.242644e+000  0.000000e+000
    endloop
  endfacet
  facet normal  -0.000000e+000  0.000000e+000 -1.000000e+000
    outer loop
      vertex -8.000000e+000  7.500000e+000  0.000000e+000
      vertex -1.242650e+000  4.242644e+000  0.000000e+000
      vertex -5.000000e+000  1.000000e+000  0.000000e+000
    endloop
  endfacet
  facet normal  -0.000000e+000  0.000000e+000 -1.000000e+000
    outer loop
      vertex -8.000000e+000  7.500000e+000  0.000000e+000
      vertex -5.000000e+000  1.000000e+000  0.000000e+000
      vertex -5.382683e+000  9.238795e-001  0.000000e+000
    endloop
  endfacet
  facet normal  -0.000000e+000  0.000000e+000 -1.000000e+000
    outer loop
      vertex -8.000000e+000  7.500000e+000  0.000000e+000
      vertex -5.382683e+000  9.238795e-001  0.000000e+000
      vertex -5.707107e+000  7.071068e-001  0.000000e+000
    endloop
  endfacet
  facet normal  -0.000000e+000  0.000000e+000 -1.000000e+000
    outer loop
      vertex -8.000000e+000  7.500000e+000  0.000000e+000
      vertex -5.707107e+000  7.071068e-001  0.000000e+000
      vertex -5.923880e+000  3.826834e-001  0.000000e+000
    endloop
  endfacet
  facet normal  0.000000e+000  0.000000e+000 -1.000000e+000
    outer loop
      vertex -5.000000e+000  1.000000e+000  0.000000e+000
      vertex -1.242650e+000  4.242644e+000  0.000000e+000
      vertex -1.854112e+000  3.526715e+000  0.000000e+000
    endloop
  endfacet
  facet normal  0.000000e+000  0.000000e+000 -9.999999e-001
    outer loop
      vertex -5.000000e+000  1.000000e+000  0.000000e+000
      vertex -1.854112e+000  3.526715e+000  0.000000e+000
      vertex -2.346049e+000  2.723947e+000  0.000000e+000
    endloop
  endfacet
  facet normal  0.000000e+000  0.000000e+000 -9.999999e-001
    outer loop
      vertex -5.000000e+000  1.000000e+000  0.000000e+000
      vertex -2.346049e+000  2.723947e+000  0.000000e+000
      vertex -2.706349e+000  1.854106e+000  0.000000e+000
    endloop
  endfacet
  facet normal  0.000000e+000  0.000000e+000 -1.000000e+000
    outer loop
      vertex -5.000000e+000  1.000000e+000  0.000000e+000
      vertex -2.706349e+000  1.854106e+000  0.000000e+000
      vertex -2.926140e+000  9.386105e-001  0.000000e+000
    endloop
  endfacet
  facet normal  -0.000000e+000  0.000000e+000 -1.000000e+000
    outer loop
      vertex -5.000000e+000  1.000000e+000  0.000000e+000
      vertex -2.926140e+000  9.386105e-001  0.000000e+000
      vertex -4.617317e+000  9.238795e-001  0.000000e+000
    endloop
  endfacet
  facet normal  0.000000e+000  0.000000e+000 -1.000000e+000
    outer loop
      vertex -3.000010e+000  3.693457e-006  0.000000e+000
      vertex -2.926140e+000 -9.386031e-001  0.000000e+000
      vertex -4.076120e+000 -3.826834e-001  0.000000e+000
    endloop
  endfacet
  facet normal  0.000000e+000  0.000000e+000 -9.999999e-001
    outer loop
      vertex -3.000010e+000  3.693457e-006  0.000000e+000
      vertex -4.076120e+000 -3.826834e-001  0.000000e+000
      vertex -4.000000e+000 -4.898587e-016  0.000000e+000
    endloop
  endfacet
  facet normal  0.000000e+000  0.000000e+000 -1.000000e+000
    outer loop
      vertex -3.000010e+000  3.693457e-006  0.000000e+000
      vertex -4.000000e+000 -4.898587e-016  0.000000e+000
      vertex -4.076120e+000  3.826834e-001  0.000000e+000
    endloop
  endfacet
  facet normal  0.000000e+000  0.000000e+000 -1.000000e+000
    outer loop
      vertex -3.000010e+000  3.693457e-006  0.000000e+000
      vertex -4.076120e+000  3.826834e-001  0.000000e+000
      vertex -4.292893e+000  7.071068e-001  0.000000e+000
    endloop
  endfacet
  facet normal  0.000000e+000  0.000000e+000 -9.999999e-001
    outer loop
      vertex -3.000010e+000  3.693457e-006  0.000000e+000
      vertex -4.292893e+000  7.071068e-001  0.000000e+000
      vertex -4.617317e+000  9.238795e-001  0.000000e+000
    endloop
  endfacet
  facet normal  0.000000e+000  0.000000e+000 -1.000000e+000
    outer loop
      vertex -3.000010e+000  3.693457e-006  0.000000e+000
      vertex -4.617317e+000  9.238795e-001  0.000000e+000
      vertex -2.926140e+000  9.386105e-001  0.000000e+000
    endloop
  endfacet
  facet normal  0.000000e+000  0.000000e+000 -1.000000e+000
    outer loop
      vertex  1.700000e+001 -6.000000e+000  0.000000e+000
      vertex  2.999990e+000 -5.999996e+000  0.000000e+000
      vertex  3.938597e+000 -5.926126e+000  0.000000e+000
    endloop
  endfacet
  facet normal  0.000000e+000  0.000000e+000 -1.000000e+000
    outer loop
      vertex  1.700000e+001 -6.000000e+000  0.000000e+000
      vertex  3.938597e+000 -5.926126e+000  0.000000e+000
      vertex  4.854093e+000 -5.706336e+000  0.000000e+000
    endloop
  endfacet
  facet normal  0.000000e+000  0.000000e+000 -9.999999e-001
    outer loop
      vertex  1.700000e+001 -6.000000e+000  0.000000e+000
      vertex  4.854093e+000 -5.706336e+000  0.000000e+000
      vertex  5.723933e+000 -5.346035e+000  0.000000e+000
    endloop
  endfacet
  facet normal  0.000000e+000  0.000000e+000 -1.000000e+000
    outer loop
      vertex  1.700000e+001 -6.000000e+000  0.000000e+000
      vertex  5.723933e+000 -5.346035e+000  0.000000e+000
      vertex  6.526702e+000 -4.854098e+000  0.000000e+000
    endloop
  endfacet
  facet normal  0.000000e+000  0.000000e+000 -1.000000e+000
    outer loop
      vertex  1.700000e+001 -6.000000e+000  0.000000e+000
      vertex  6.526702e+000 -4.854098e+000  0.000000e+000
      vertex  7.242631e+000 -4.242637e+000  0.000000e+000
    endloop
  endfacet
  facet normal  0.000000e+000  0.000000e+000 -1.000000e+000
    outer loop
      vertex  1.700000e+001 -6.000000e+000  0.000000e+000
      vertex  7.242631e+000 -4.242637e+000  0.000000e+000
      vertex  7.854093e+000 -3.526708e+000  0.000000e+000
    endloop
  endfacet
  facet normal  0.000000e+000  0.000000e+000 -1.000000e+000
    outer loop
      vertex  1.700000e+001 -6.000000e+000  0.000000e+000
      vertex  7.854093e+000 -3.526708e+000  0.000000e+000
      vertex  8.346029e+000 -2.723939e+000  0.000000e+000
    endloop
  endfacet
  facet normal  0.000000e+000  0.000000e+000 -1.000000e+000
    outer loop
      vertex  1.700000e+001 -6.000000e+000  0.000000e+000
      vertex  8.346029e+000 -2.723939e+000  0.000000e+000
      vertex  8.706329e+000 -1.854098e+000  0.000000e+000
    endloop
  endfacet
  facet normal  0.000000e+000  0.000000e+000 -1.000000e+000
    outer loop
      vertex  1.700000e+001 -6.000000e+000  0.000000e+000
      vertex  8.706329e+000 -1.854098e+000  0.000000e+000
      vertex  8.926121e+000 -9.386031e-001  0.000000e+000
    endloop
  endfacet
  facet normal  0.000000e+000  0.000000e+000 -1.000000e+000
    outer loop
      vertex  1.700000e+001 -6.000000e+000  0.000000e+000
      vertex  8.926121e+000 -9.386031e-001  0.000000e+000
      vertex  8.999990e+000  3.693457e-006  0.000000e+000
    endloop
  endfacet
  facet normal  0.000000e+000  0.000000e+000 -1.000000e+000
    outer loop
      vertex  1.700000e+001 -6.000000e+000  0.000000e+000
      vertex  8.999990e+000  3.693457e-006  0.000000e+000
      vertex  8.926121e+000  9.386105e-001  0.000000e+000
    endloop
  endfacet
  facet normal  0.000000e+000  0.000000e+000 -1.000000e+000
    outer loop
      vertex  1.700000e+001 -6.000000e+000  0.000000e+000
      vertex  8.926121e+000  9.386105e-001  0.000000e+000
      vertex  8.706329e+000  1.854106e+000  0.000000e+000
    endloop
  endfacet
  facet normal  0.000000e+000  0.000000e+000 -1.000000e+000
    outer loop
      vertex  1.700000e+001 -6.000000e+000  0.000000e+000
      vertex  8.706329e+000  1.854106e+000  0.000000e+000
      vertex  8.346029e+000  2.723947e+000  0.000000e+000
    endloop
  endfacet
  facet normal  0.000000e+000  0.000000e+000 -1.000000e+000
    outer loop
      vertex  1.700000e+001 -6.000000e+000  0.000000e+000
      vertex  8.346029e+000  2.723947e+000  0.000000e+000
      vertex  7.854093e+000  3.526715e+000  0.000000e+000
    endloop
  endfacet
  facet normal  0.000000e+000  0.000000e+000 -1.000000e+000
    outer loop
      vertex  1.700000e+001 -6.000000e+000  0.000000e+000
      vertex  7.854093e+000  3.526715e+000  0.000000e+000
      vertex  7.242631e+000  4.242644e+000  0.000000e+000
    endloop
  endfacet
  facet normal  0.000000e+000  0.000000e+000 -1.000000e+000
    outer loop
      vertex  1.700000e+001  6.000000e+000  0.000000e+000
      vertex  1.700000e+001 -6.000000e+000  0.000000e+000
      vertex  7.242631e+000  4.242644e+000  0.000000e+000
    endloop
  endfacet
  facet normal  0.000000e+000  0.000000e+000 -1.000000e+000
    outer loop
      vertex  1.700000e+001  6.000000e+000  0.000000e+000
      vertex  7.242631e+000  4.242644e+000  0.000000e+000
      vertex  6.526702e+000  4.854105e+000  0.000000e+000
    endloop
  endfacet
  facet normal  0.000000e+000  0.000000e+000 -1.000000e+000
    outer loop
      vertex  1.700000e+001  6.000000e+000  0.000000e+000
      vertex  6.526702e+000  4.854105e+000  0.000000e+000
      vertex  5.723933e+000  5.346043e+000  0.000000e+000
    endloop
  endfacet
  facet normal  0.000000e+000  0.000000e+000 -1.000000e+000
    outer loop
      vertex  1.700000e+001  6.000000e+000  0.000000e+000
      vertex  5.723933e+000  5.346043e+000  0.000000e+000
      vertex  4.854093e+000  5.706343e+000  0.000000e+000
    endloop
  endfacet
  facet normal  0.000000e+000  0.000000e+000 -1.000000e+000
    outer loop
      vertex  1.700000e+001  6.000000e+000  0.000000e+000
      vertex  4.854093e+000  5.706343e+000  0.000000e+000
      vertex  3.938597e+000  5.926134e+000  0.000000e+000
    endloop
  endfacet
  facet normal  0.000000e+000  0.000000e+000 -1.000000e+000
    outer loop
      vertex  1.700000e+001  6.000000e+000  0.000000e+000
      vertex  3.938597e+000  5.926134e+000  0.000000e+000
      vertex  2.999990e+000  6.000004e+000  0.000000e+000
    endloop
  endfacet
  facet normal  0.000000e+000  -0.000000e+000 -1.000000e+000
    outer loop
      vertex  2.150000e+001 -6.000000e+000  0.000000e+000
      vertex  2.200000e+001 -1.653892e-015  0.000000e+000
      vertex  2.207612e+001 -3.826834e-001  0.000000e+000
    endloop
  endfacet
  facet normal  0.000000e+000  -0.000000e+000 -1.000000e+000
    outer loop
      vertex  2.150000e+001 -6.000000e+000  0.000000e+000
      vertex  2.207612e+001 -3.826834e-001  0.000000e+000
      vertex  2.229289e+001 -7.071068e-001  0.000000e+000
    endloop
  endfacet
  facet normal  0.000000e+000  -0.000000e+000 -1.000000e+000
    outer loop
      vertex  2.150000e+001 -6.000000e+000  0.000000e+000
      vertex  2.229289e+001 -7.071068e-001  0.000000e+000
      vertex  2.261732e+001 -9.238795e-001  0.000000e+000
    endloop
  endfacet
  facet normal  0.000000e+000  -0.000000e+000 -1.000000e+000
    outer loop
      vertex  2.150000e+001 -6.000000e+000  0.000000e+000
      vertex  2.261732e+001 -9.238795e-001  0.000000e+000
      vertex  2.300000e+001 -1.000000e+000  0.000000e+000
    endloop
  endfacet
  facet normal  0.000000e+000  -0.000000e+000 -1.000000e+000
    outer loop
      vertex  2.150000e+001 -6.000000e+000  0.000000e+000
      vertex  2.300000e+001 -1.000000e+000  0.000000e+000
      vertex  2.600000e+001 -7.500000e+000  0.000000e+000
    endloop
  endfacet
  facet normal  0.000000e+000  0.000000e+000 -1.000000e+000
    outer loop
      vertex  2.150000e+001  6.000000e+000  0.000000e+000
      vertex  2.600000e+001  7.500000e+000  0.000000e+000
      vertex  2.300000e+001  1.000000e+000  0.000000e+000
    endloop
  endfacet
  facet normal  -0.000000e+000  0.000000e+000 -1.000000e+000
    outer loop
      vertex  2.150000e+001  6.000000e+000  0.000000e+000
      vertex  2.300000e+001  1.000000e+000  0.000000e+000
      vertex  2.261732e+001  9.238795e-001  0.000000e+000
    endloop
  endfacet
  facet normal  -0.000000e+000  0.000000e+000 -1.000000e+000
    outer loop
      vertex  2.150000e+001  6.000000e+000  0.000000e+000
      vertex  2.261732e+001  9.238795e-001  0.000000e+000
      vertex  2.229289e+001  7.071068e-001  0.000000e+000
    endloop
  endfacet
  facet normal  -0.000000e+000  0.000000e+000 -1.000000e+000
    outer loop
      vertex  2.150000e+001  6.000000e+000  0.000000e+000
      vertex  2.229289e+001  7.071068e-001  0.000000e+000
      vertex  2.207612e+001  3.826834e-001  0.000000e+000
    endloop
  endfacet
  facet normal  -0.000000e+000  0.000000e+000 -1.000000e+000
    outer loop
      vertex  2.150000e+001  6.000000e+000  0.000000e+000
      vertex  2.207612e+001  3.826834e-001  0.000000e+000
      vertex  2.200000e+001 -1.653892e-015  0.000000e+000
    endloop
  endfacet
  facet normal  -0.000000e+000  0.000000e+000 -1.000000e+000
    outer loop
      vertex  2.150000e+001  6.000000e+000  0.000000e+000
      vertex  2.200000e+001 -1.653892e-015  0.000000e+000
      vertex  2.150000e+001 -6.000000e+000  0.000000e+000
    endloop
  endfacet
  facet normal  0.000000e+000  0.000000e+000 -1.000000e+000
    outer loop
      vertex  2.600000e+001 -7.500000e+000  0.000000e+000
      vertex  2.300000e+001 -1.000000e+000  0.000000e+000
      vertex  2.338268e+001 -9.238795e-001  0.000000e+000
    endloop
  endfacet
  facet normal  0.000000e+000  0.000000e+000 -1.000000e+000
    outer loop
      vertex  2.600000e+001 -7.500000e+000  0.000000e+000
      vertex  2.338268e+001 -9.238795e-001  0.000000e+000
      vertex  2.370711e+001 -7.071068e-001  0.000000e+000
    endloop
  endfacet
  facet normal  0.000000e+000  0.000000e+000 -1.000000e+000
    outer loop
      vertex  2.600000e+001 -7.500000e+000  0.000000e+000
      vertex  2.370711e+001 -7.071068e-001  0.000000e+000
      vertex  2.392388e+001 -3.826834e-001  0.000000e+000
    endloop
  endfacet
  facet normal  0.000000e+000  0.000000e+000 -1.000000e+000
    outer loop
      vertex  2.600000e+001 -7.500000e+000  0.000000e+000
      vertex  2.392388e+001 -3.826834e-001  0.000000e+000
      vertex  2.400000e+001 -1.776357e-015  0.000000e+000
    endloop
  endfacet
  facet normal  0.000000e+000  0.000000e+000 -1.000000e+000
    outer loop
      vertex  2.600000e+001 -7.500000e+000  0.000000e+000
      vertex  2.400000e+001 -1.776357e-015  0.000000e+000
      vertex  2.392388e+001  3.826834e-001  0.000000e+000
    endloop
  endfacet
  facet normal  0.000000e+000  0.000000e+000 -1.000000e+000
    outer loop
      vertex  2.600000e+001  7.500000e+000  0.000000e+000
      vertex  2.600000e+001 -7.500000e+000  0.000000e+000
      vertex  2.392388e+001  3.826834e-001  0.000000e+000
    endloop
  endfacet
  facet normal  0.000000e+000  0.000000e+000 -1.000000e+000
    outer loop
      vertex  2.600000e+001  7.500000e+000  0.000000e+000
      vertex  2.392388e+001  3.826834e-001  0.000000e+000
      vertex  2.370711e+001  7.071068e-001  0.000000e+000
    endloop
  endfacet
  facet normal  0.000000e+000  0.000000e+000 -1.000000e+000
    outer loop
      vertex  2.600000e+001  7.500000e+000  0.000000e+000
      vertex  2.370711e+001  7.071068e-001  0.000000e+000
      vertex  2.338268e+001  9.238795e-001  0.000000e+000
    endloop
  endfacet
  facet normal  0.000000e+000  0.000000e+000 -1.000000e+000
    outer loop
      vertex  2.600000e+001  7.500000e+000  0.000000e+000
      vertex  2.338268e+001  9.238795e-001  0.000000e+000
      vertex  2.300000e+001  1.000000e+000  0.000000e+000
    endloop
  endfacet
  facet normal  0.000000e+000  0.000000e+000 -1.000000e+000
    outer loop
      vertex -4.292893e+000 -7.071068e-001  0.000000e+000
      vertex -2.926140e+000 -9.386031e-001  0.000000e+000
      vertex -4.617317e+000 -9.238795e-001  0.000000e+000
    endloop
  endfacet
  facet normal  0.000000e+000  0.000000e+000 -1.000000e+000
    outer loop
      vertex -4.617317e+000 -9.238795e-001  0.000000e+000
      vertex -2.926140e+000 -9.386031e-001  0.000000e+000
      vertex -2.706349e+000 -1.854098e+000  0.000000e+000
    endloop
  endfacet
  facet normal  0.000000e+000  0.000000e+000 -1.000000e+000
    outer loop
      vertex -4.617317e+000 -9.238795e-001  0.000000e+000
      vertex -2.706349e+000 -1.854098e+000  0.000000e+000
      vertex -5.000000e+000 -1.000000e+000  0.000000e+000
    endloop
  endfacet
  facet normal  1.000000e+000  0.000000e+000  0.000000e+000
    outer loop
      vertex  3.100000e+001  3.696152e+000  1.550000e+001
      vertex  3.100000e+001  3.696152e+000  1.050000e+001
      vertex  3.100000e+001  7.500000e+000  1.550000e+001
    endloop
  endfacet
  facet normal  1.000000e+000  0.000000e+000  0.000000e+000
    outer loop
      vertex  3.100000e+001  7.500000e+000  1.550000e+001
      vertex  3.100000e+001  3.696152e+000  1.050000e+001
      vertex  3.100000e+001  7.500000e+000  1.050000e+001
    endloop
  endfacet
  facet normal -9.937122e-001 -1.119645e-001  0.000000e+000
    outer loop
      vertex  1.999904e-001  3.693457e-006 -4.000000e+000
      vertex  1.999904e-001  3.693457e-006 -8.000000e+000
      vertex  2.701923e-001 -6.230549e-001 -4.000000e+000
    endloop
  endfacet
  facet normal -9.937122e-001 -1.119645e-001  -0.000000e+000
    outer loop
      vertex  2.701923e-001 -6.230549e-001 -4.000000e+000
      vertex  1.999904e-001  3.693457e-006 -8.000000e+000
      vertex  2.701923e-001 -6.230549e-001 -8.000000e+000
    endloop
  endfacet
  facet normal -9.438834e-001 -3.302791e-001  0.000000e+000
    outer loop
      vertex  2.701923e-001 -6.230549e-001 -4.000000e+000
      vertex  2.701923e-001 -6.230549e-001 -8.000000e+000
      vertex  4.772776e-001 -1.214871e+000 -4.000000e+000
    endloop
  endfacet
  facet normal -9.438834e-001 -3.302791e-001  -0.000000e+000
    outer loop
      vertex  4.772776e-001 -1.214871e+000 -4.000000e+000
      vertex  2.701923e-001 -6.230549e-001 -8.000000e+000
      vertex  4.772776e-001 -1.214871e+000 -8.000000e+000
    endloop
  endfacet
  facet normal -8.467242e-001 -5.320322e-001  0.000000e+000
    outer loop
      vertex  4.772776e-001 -1.214871e+000 -4.000000e+000
      vertex  4.772776e-001 -1.214871e+000 -8.000000e+000
      vertex  8.108623e-001 -1.745768e+000 -4.000000e+000
    endloop
  endfacet
  facet normal -8.467242e-001 -5.320322e-001  -0.000000e+000
    outer loop
      vertex  8.108623e-001 -1.745768e+000 -4.000000e+000
      vertex  4.772776e-001 -1.214871e+000 -8.000000e+000
      vertex  8.108623e-001 -1.745768e+000 -8.000000e+000
    endloop
  endfacet
  facet normal -7.071068e-001 -7.071068e-001  0.000000e+000
    outer loop
      vertex  8.108623e-001 -1.745768e+000 -4.000000e+000
      vertex  8.108623e-001 -1.745768e+000 -8.000000e+000
      vertex  1.254219e+000 -2.189124e+000 -4.000000e+000
    endloop
  endfacet
  facet normal -7.071068e-001 -7.071068e-001  -0.000000e+000
    outer loop
      vertex  1.254219e+000 -2.189124e+000 -4.000000e+000
      vertex  8.108623e-001 -1.745768e+000 -8.000000e+000
      vertex  1.254219e+000 -2.189124e+000 -8.000000e+000
    endloop
  endfacet
  facet normal -5.320321e-001 -8.467241e-001  0.000000e+000
    outer loop
      vertex  1.254219e+000 -2.189124e+000 -4.000000e+000
      vertex  1.254219e+000 -2.189124e+000 -8.000000e+000
      vertex  1.785116e+000 -2.522709e+000 -4.000000e+000
    endloop
  endfacet
  facet normal -5.320321e-001 -8.467241e-001  -0.000000e+000
    outer loop
      vertex  1.785116e+000 -2.522709e+000 -4.000000e+000
      vertex  1.254219e+000 -2.189124e+000 -8.000000e+000
      vertex  1.785116e+000 -2.522709e+000 -8.000000e+000
    endloop
  endfacet
  facet normal -3.302791e-001 -9.438833e-001  0.000000e+000
    outer loop
      vertex  1.785116e+000 -2.522709e+000 -4.000000e+000
      vertex  1.785116e+000 -2.522709e+000 -8.000000e+000
      vertex  2.376932e+000 -2.729795e+000 -4.000000e+000
    endloop
  endfacet
  facet normal -3.302791e-001 -9.438833e-001  -0.000000e+000
    outer loop
      vertex  2.376932e+000 -2.729795e+000 -4.000000e+000
      vertex  1.785116e+000 -2.522709e+000 -8.000000e+000
      vertex  2.376932e+000 -2.729795e+000 -8.000000e+000
    endloop
  endfacet
  facet normal -1.119645e-001 -9.937122e-001  0.000000e+000
    outer loop
      vertex  2.376932e+000 -2.729795e+000 -4.000000e+000
      vertex  2.376932e+000 -2.729795e+000 -8.000000e+000
      vertex  2.999990e+000 -2.799996e+000 -4.000000e+000
    endloop
  endfacet
  facet normal -1.119645e-001 -9.937122e-001  -0.000000e+000
    outer loop
      vertex  2.999990e+000 -2.799996e+000 -4.000000e+000
      vertex  2.376932e+000 -2.729795e+000 -8.000000e+000
      vertex  2.999990e+000 -2.799996e+000 -8.000000e+000
    endloop
  endfacet
  facet normal  1.119645e-001 -9.937122e-001  0.000000e+000
    outer loop
      vertex  2.999990e+000 -2.799996e+000 -4.000000e+000
      vertex  2.999990e+000 -2.799996e+000 -8.000000e+000
      vertex  3.623049e+000 -2.729795e+000 -4.000000e+000
    endloop
  endfacet
  facet normal  1.119645e-001 -9.937122e-001  0.000000e+000
    outer loop
      vertex  3.623049e+000 -2.729795e+000 -4.000000e+000
      vertex  2.999990e+000 -2.799996e+000 -8.000000e+000
      vertex  3.623049e+000 -2.729795e+000 -8.000000e+000
    endloop
  endfacet
  facet normal  3.302792e-001 -9.438833e-001  0.000000e+000
    outer loop
      vertex  3.623049e+000 -2.729795e+000 -4.000000e+000
      vertex  3.623049e+000 -2.729795e+000 -8.000000e+000
      vertex  4.214865e+000 -2.522709e+000 -4.000000e+000
    endloop
  endfacet
  facet normal  3.302792e-001 -9.438833e-001  0.000000e+000
    outer loop
      vertex  4.214865e+000 -2.522709e+000 -4.000000e+000
      vertex  3.623049e+000 -2.729795e+000 -8.000000e+000
      vertex  4.214865e+000 -2.522709e+000 -8.000000e+000
    endloop
  endfacet
  facet normal  5.320321e-001 -8.467243e-001  0.000000e+000
    outer loop
      vertex  4.214865e+000 -2.522709e+000 -4.000000e+000
      vertex  4.214865e+000 -2.522709e+000 -8.000000e+000
      vertex  4.745762e+000 -2.189124e+000 -4.000000e+000
    endloop
  endfacet
  facet normal  5.320321e-001 -8.467243e-001  0.000000e+000
    outer loop
      vertex  4.745762e+000 -2.189124e+000 -4.000000e+000
      vertex  4.214865e+000 -2.522709e+000 -8.000000e+000
      vertex  4.745762e+000 -2.189124e+000 -8.000000e+000
    endloop
  endfacet
  facet normal  7.071069e-001 -7.071067e-001  0.000000e+000
    outer loop
      vertex  4.745762e+000 -2.189124e+000 -4.000000e+000
      vertex  4.745762e+000 -2.189124e+000 -8.000000e+000
      vertex  5.189118e+000 -1.745768e+000 -4.000000e+000
    endloop
  endfacet
  facet normal  7.071069e-001 -7.071067e-001  0.000000e+000
    outer loop
      vertex  5.189118e+000 -1.745768e+000 -4.000000e+000
      vertex  4.745762e+000 -2.189124e+000 -8.000000e+000
      vertex  5.189118e+000 -1.745768e+000 -8.000000e+000
    endloop
  endfacet
  facet normal  8.467241e-001 -5.320323e-001  0.000000e+000
    outer loop
      vertex  5.189118e+000 -1.745768e+000 -4.000000e+000
      vertex  5.189118e+000 -1.745768e+000 -8.000000e+000
      vertex  5.522703e+000 -1.214871e+000 -4.000000e+000
    endloop
  endfacet
  facet normal  8.467241e-001 -5.320323e-001  0.000000e+000
    outer loop
      vertex  5.522703e+000 -1.214871e+000 -4.000000e+000
      vertex  5.189118e+000 -1.745768e+000 -8.000000e+000
      vertex  5.522703e+000 -1.214871e+000 -8.000000e+000
    endloop
  endfacet
  facet normal  9.438832e-001 -3.302795e-001  0.000000e+000
    outer loop
      vertex  5.522703e+000 -1.214871e+000 -4.000000e+000
      vertex  5.522703e+000 -1.214871e+000 -8.000000e+000
      vertex  5.729789e+000 -6.230549e-001 -4.000000e+000
    endloop
  endfacet
  facet normal  9.438832e-001 -3.302795e-001  0.000000e+000
    outer loop
      vertex  5.729789e+000 -6.230549e-001 -4.000000e+000
      vertex  5.522703e+000 -1.214871e+000 -8.000000e+000
      vertex  5.729789e+000 -6.230549e-001 -8.000000e+000
    endloop
  endfacet
  facet normal  9.937122e-001 -1.119645e-001  0.000000e+000
    outer loop
      vertex  5.729789e+000 -6.230549e-001 -4.000000e+000
      vertex  5.729789e+000 -6.230549e-001 -8.000000e+000
      vertex  5.799991e+000  3.693457e-006 -4.000000e+000
    endloop
  endfacet
  facet normal  9.937122e-001 -1.119645e-001  0.000000e+000
    outer loop
      vertex  5.799991e+000  3.693457e-006 -4.000000e+000
      vertex  5.729789e+000 -6.230549e-001 -8.000000e+000
      vertex  5.799991e+000  3.693457e-006 -8.000000e+000
    endloop
  endfacet
  facet normal  9.937122e-001  1.119645e-001  -0.000000e+000
    outer loop
      vertex  5.799991e+000  3.693457e-006 -4.000000e+000
      vertex  5.799991e+000  3.693457e-006 -8.000000e+000
      vertex  5.729789e+000  6.230623e-001 -4.000000e+000
    endloop
  endfacet
  facet normal  9.937122e-001  1.119645e-001  0.000000e+000
    outer loop
      vertex  5.729789e+000  6.230623e-001 -4.000000e+000
      vertex  5.799991e+000  3.693457e-006 -8.000000e+000
      vertex  5.729789e+000  6.230623e-001 -8.000000e+000
    endloop
  endfacet
  facet normal  9.438832e-001  3.302795e-001  -0.000000e+000
    outer loop
      vertex  5.729789e+000  6.230623e-001 -4.000000e+000
      vertex  5.729789e+000  6.230623e-001 -8.000000e+000
      vertex  5.522703e+000  1.214878e+000 -4.000000e+000
    endloop
  endfacet
  facet normal  9.438832e-001  3.302795e-001  0.000000e+000
    outer loop
      vertex  5.522703e+000  1.214878e+000 -4.000000e+000
      vertex  5.729789e+000  6.230623e-001 -8.000000e+000
      vertex  5.522703e+000  1.214878e+000 -8.000000e+000
    endloop
  endfacet
  facet normal  8.467241e-001  5.320323e-001  -0.000000e+000
    outer loop
      vertex  5.522703e+000  1.214878e+000 -4.000000e+000
      vertex  5.522703e+000  1.214878e+000 -8.000000e+000
      vertex  5.189118e+000  1.745775e+000 -4.000000e+000
    endloop
  endfacet
  facet normal  8.467241e-001  5.320323e-001  0.000000e+000
    outer loop
      vertex  5.189118e+000  1.745775e+000 -4.000000e+000
      vertex  5.522703e+000  1.214878e+000 -8.000000e+000
      vertex  5.189118e+000  1.745775e+000 -8.000000e+000
    endloop
  endfacet
  facet normal  7.071069e-001  7.071067e-001  -0.000000e+000
    outer loop
      vertex  5.189118e+000  1.745775e+000 -4.000000e+000
      vertex  5.189118e+000  1.745775e+000 -8.000000e+000
      vertex  4.745762e+000  2.189132e+000 -4.000000e+000
    endloop
  endfacet
  facet normal  7.071069e-001  7.071067e-001  0.000000e+000
    outer loop
      vertex  4.745762e+000  2.189132e+000 -4.000000e+000
      vertex  5.189118e+000  1.745775e+000 -8.000000e+000
      vertex  4.745762e+000  2.189132e+000 -8.000000e+000
    endloop
  endfacet
  facet normal  5.320321e-001  8.467243e-001  -0.000000e+000
    outer loop
      vertex  4.745762e+000  2.189132e+000 -4.000000e+000
      vertex  4.745762e+000  2.189132e+000 -8.000000e+000
      vertex  4.214865e+000  2.522717e+000 -4.000000e+000
    endloop
  endfacet
  facet normal  5.320321e-001  8.467243e-001  0.000000e+000
    outer loop
      vertex  4.214865e+000  2.522717e+000 -4.000000e+000
      vertex  4.745762e+000  2.189132e+000 -8.000000e+000
      vertex  4.214865e+000  2.522717e+000 -8.000000e+000
    endloop
  endfacet
  facet normal  3.302792e-001  9.438833e-001  -0.000000e+000
    outer loop
      vertex  4.214865e+000  2.522717e+000 -4.000000e+000
      vertex  4.214865e+000  2.522717e+000 -8.000000e+000
      vertex  3.623049e+000  2.729802e+000 -4.000000e+000
    endloop
  endfacet
  facet normal  3.302792e-001  9.438833e-001  0.000000e+000
    outer loop
      vertex  3.623049e+000  2.729802e+000 -4.000000e+000
      vertex  4.214865e+000  2.522717e+000 -8.000000e+000
      vertex  3.623049e+000  2.729802e+000 -8.000000e+000
    endloop
  endfacet
  facet normal  1.119645e-001  9.937122e-001  -0.000000e+000
    outer loop
      vertex  3.623049e+000  2.729802e+000 -4.000000e+000
      vertex  3.623049e+000  2.729802e+000 -8.000000e+000
      vertex  2.999990e+000  2.800004e+000 -4.000000e+000
    endloop
  endfacet
  facet normal  1.119645e-001  9.937122e-001  0.000000e+000
    outer loop
      vertex  2.999990e+000  2.800004e+000 -4.000000e+000
      vertex  3.623049e+000  2.729802e+000 -8.000000e+000
      vertex  2.999990e+000  2.800004e+000 -8.000000e+000
    endloop
  endfacet
  facet normal -1.119645e-001  9.937122e-001  0.000000e+000
    outer loop
      vertex  2.999990e+000  2.800004e+000 -4.000000e+000
      vertex  2.999990e+000  2.800004e+000 -8.000000e+000
      vertex  2.376932e+000  2.729802e+000 -4.000000e+000
    endloop
  endfacet
  facet normal -1.119645e-001  9.937122e-001  0.000000e+000
    outer loop
      vertex  2.376932e+000  2.729802e+000 -4.000000e+000
      vertex  2.999990e+000  2.800004e+000 -8.000000e+000
      vertex  2.376932e+000  2.729802e+000 -8.000000e+000
    endloop
  endfacet
  facet normal -3.302791e-001  9.438833e-001  0.000000e+000
    outer loop
      vertex  2.376932e+000  2.729802e+000 -4.000000e+000
      vertex  2.376932e+000  2.729802e+000 -8.000000e+000
      vertex  1.785116e+000  2.522717e+000 -4.000000e+000
    endloop
  endfacet
  facet normal -3.302791e-001  9.438833e-001  0.000000e+000
    outer loop
      vertex  1.785116e+000  2.522717e+000 -4.000000e+000
      vertex  2.376932e+000  2.729802e+000 -8.000000e+000
      vertex  1.785116e+000  2.522717e+000 -8.000000e+000
    endloop
  endfacet
  facet normal -5.320321e-001  8.467241e-001  0.000000e+000
    outer loop
      vertex  1.785116e+000  2.522717e+000 -4.000000e+000
      vertex  1.785116e+000  2.522717e+000 -8.000000e+000
      vertex  1.254219e+000  2.189132e+000 -4.000000e+000
    endloop
  endfacet
  facet normal -5.320321e-001  8.467241e-001  0.000000e+000
    outer loop
      vertex  1.254219e+000  2.189132e+000 -4.000000e+000
      vertex  1.785116e+000  2.522717e+000 -8.000000e+000
      vertex  1.254219e+000  2.189132e+000 -8.000000e+000
    endloop
  endfacet
  facet normal -7.071068e-001  7.071068e-001  0.000000e+000
    outer loop
      vertex  1.254219e+000  2.189132e+000 -4.000000e+000
      vertex  1.254219e+000  2.189132e+000 -8.000000e+000
      vertex  8.108623e-001  1.745775e+000 -4.000000e+000
    endloop
  endfacet
  facet normal -7.071068e-001  7.071068e-001  0.000000e+000
    outer loop
      vertex  8.108623e-001  1.745775e+000 -4.000000e+000
      vertex  1.254219e+000  2.189132e+000 -8.000000e+000
      vertex  8.108623e-001  1.745775e+000 -8.000000e+000
    endloop
  endfacet
  facet normal -8.467242e-001  5.320322e-001  0.000000e+000
    outer loop
      vertex  8.108623e-001  1.745775e+000 -4.000000e+000
      vertex  8.108623e-001  1.745775e+000 -8.000000e+000
      vertex  4.772776e-001  1.214878e+000 -4.000000e+000
    endloop
  endfacet
  facet normal -8.467242e-001  5.320322e-001  0.000000e+000
    outer loop
      vertex  4.772776e-001  1.214878e+000 -4.000000e+000
      vertex  8.108623e-001  1.745775e+000 -8.000000e+000
      vertex  4.772776e-001  1.214878e+000 -8.000000e+000
    endloop
  endfacet
  facet normal -9.438834e-001  3.302791e-001  0.000000e+000
    outer loop
      vertex  4.772776e-001  1.214878e+000 -4.000000e+000
      vertex  4.772776e-001  1.214878e+000 -8.000000e+000
      vertex  2.701923e-001  6.230623e-001 -4.000000e+000
    endloop
  endfacet
  facet normal -9.438834e-001  3.302791e-001  0.000000e+000
    outer loop
      vertex  2.701923e-001  6.230623e-001 -4.000000e+000
      vertex  4.772776e-001  1.214878e+000 -8.000000e+000
      vertex  2.701923e-001  6.230623e-001 -8.000000e+000
    endloop
  endfacet
  facet normal -9.937122e-001  1.119645e-001  0.000000e+000
    outer loop
      vertex  2.701923e-001  6.230623e-001 -4.000000e+000
      vertex  2.701923e-001  6.230623e-001 -8.000000e+000
      vertex  1.999904e-001  3.693457e-006 -4.000000e+000
    endloop
  endfacet
  facet normal -9.937122e-001  1.119645e-001  0.000000e+000
    outer loop
      vertex  1.999904e-001  3.693457e-006 -4.000000e+000
      vertex  2.701923e-001  6.230623e-001 -8.000000e+000
      vertex  1.999904e-001  3.693457e-006 -8.000000e+000
    endloop
  endfacet
  facet normal  0.000000e+000  0.000000e+000 -1.000000e+000
    outer loop
      vertex  1.254219e+000 -2.189124e+000 -4.000000e+000
      vertex -2.706349e+000 -1.854098e+000 -4.000000e+000
      vertex  8.108623e-001 -1.745768e+000 -4.000000e+000
    endloop
  endfacet
  facet normal  0.000000e+000  -0.000000e+000 -1.000000e+000
    outer loop
      vertex  4.745762e+000 -2.189124e+000 -4.000000e+000
      vertex  5.189118e+000 -1.745768e+000 -4.000000e+000
      vertex  8.706329e+000 -1.854098e+000 -4.000000e+000
    endloop
  endfacet
  facet normal  0.000000e+000  -0.000000e+000 -1.000000e+000
    outer loop
      vertex  2.999990e+000 -2.799996e+000 -4.000000e+000
      vertex  3.623049e+000 -2.729795e+000 -4.000000e+000
      vertex  8.346029e+000 -2.723939e+000 -4.000000e+000
    endloop
  endfacet
  facet normal  0.000000e+000  0.000000e+000 -1.000000e+000
    outer loop
      vertex  2.999990e+000 -2.799996e+000 -4.000000e+000
      vertex  8.346029e+000 -2.723939e+000 -4.000000e+000
      vertex  7.854093e+000 -3.526708e+000 -4.000000e+000
    endloop
  endfacet
  facet normal  -0.000000e+000  0.000000e+000 -1.000000e+000
    outer loop
      vertex  2.999990e+000 -2.799996e+000 -4.000000e+000
      vertex  7.854093e+000 -3.526708e+000 -4.000000e+000
      vertex  7.242631e+000 -4.242637e+000 -4.000000e+000
    endloop
  endfacet
  facet normal  -0.000000e+000  0.000000e+000 -1.000000e+000
    outer loop
      vertex  2.999990e+000 -2.799996e+000 -4.000000e+000
      vertex  7.242631e+000 -4.242637e+000 -4.000000e+000
      vertex  6.526702e+000 -4.854098e+000 -4.000000e+000
    endloop
  endfacet
  facet normal  -0.000000e+000  0.000000e+000 -1.000000e+000
    outer loop
      vertex  2.999990e+000 -2.799996e+000 -4.000000e+000
      vertex  6.526702e+000 -4.854098e+000 -4.000000e+000
      vertex  5.723933e+000 -5.346035e+000 -4.000000e+000
    endloop
  endfacet
  facet normal  -0.000000e+000  0.000000e+000 -9.999999e-001
    outer loop
      vertex  2.999990e+000 -2.799996e+000 -4.000000e+000
      vertex  5.723933e+000 -5.346035e+000 -4.000000e+000
      vertex  4.854093e+000 -5.706336e+000 -4.000000e+000
    endloop
  endfacet
  facet normal  -0.000000e+000  0.000000e+000 -1.000000e+000
    outer loop
      vertex  2.999990e+000 -2.799996e+000 -4.000000e+000
      vertex  4.854093e+000 -5.706336e+000 -4.000000e+000
      vertex  3.938597e+000 -5.926126e+000 -4.000000e+000
    endloop
  endfacet
  facet normal  -0.000000e+000  0.000000e+000 -1.000000e+000
    outer loop
      vertex  2.999990e+000 -2.799996e+000 -4.000000e+000
      vertex  3.938597e+000 -5.926126e+000 -4.000000e+000
      vertex  2.999990e+000 -5.999996e+000 -4.000000e+000
    endloop
  endfacet
  facet normal  0.000000e+000  0.000000e+000 -1.000000e+000
    outer loop
      vertex  2.999990e+000 -2.799996e+000 -4.000000e+000
      vertex  2.999990e+000 -5.999996e+000 -4.000000e+000
      vertex  2.061384e+000 -5.926126e+000 -4.000000e+000
    endloop
  endfacet
  facet normal  0.000000e+000  0.000000e+000 -9.999999e-001
    outer loop
      vertex  2.999990e+000 -2.799996e+000 -4.000000e+000
      vertex  2.061384e+000 -5.926126e+000 -4.000000e+000
      vertex  1.145888e+000 -5.706336e+000 -4.000000e+000
    endloop
  endfacet
  facet normal  0.000000e+000  0.000000e+000 -9.999999e-001
    outer loop
      vertex  2.999990e+000 -2.799996e+000 -4.000000e+000
      vertex  1.145888e+000 -5.706336e+000 -4.000000e+000
      vertex  2.760474e-001 -5.346035e+000 -4.000000e+000
    endloop
  endfacet
  facet normal  0.000000e+000  0.000000e+000 -9.999999e-001
    outer loop
      vertex  2.999990e+000 -2.799996e+000 -4.000000e+000
      vertex  2.760474e-001 -5.346035e+000 -4.000000e+000
      vertex -5.267211e-001 -4.854098e+000 -4.000000e+000
    endloop
  endfacet
  facet normal  0.000000e+000  0.000000e+000 -1.000000e+000
    outer loop
      vertex  2.999990e+000 -2.799996e+000 -4.000000e+000
      vertex -5.267211e-001 -4.854098e+000 -4.000000e+000
      vertex -1.242650e+000 -4.242637e+000 -4.000000e+000
    endloop
  endfacet
  facet normal  0.000000e+000  0.000000e+000 -1.000000e+000
    outer loop
      vertex  2.999990e+000 -2.799996e+000 -4.000000e+000
      vertex -1.242650e+000 -4.242637e+000 -4.000000e+000
      vertex -1.854112e+000 -3.526708e+000 -4.000000e+000
    endloop
  endfacet
  facet normal  0.000000e+000  0.000000e+000 -1.000000e+000
    outer loop
      vertex  2.999990e+000 -2.799996e+000 -4.000000e+000
      vertex -1.854112e+000 -3.526708e+000 -4.000000e+000
      vertex -2.346049e+000 -2.723939e+000 -4.000000e+000
    endloop
  endfacet
  facet normal  0.000000e+000  0.000000e+000 -1.000000e+000
    outer loop
      vertex  2.999990e+000 -2.799996e+000 -4.000000e+000
      vertex -2.346049e+000 -2.723939e+000 -4.000000e+000
      vertex  2.376932e+000 -2.729795e+000 -4.000000e+000
    endloop
  endfacet
  facet normal  -0.000000e+000  -0.000000e+000 -1.000000e+000
    outer loop
      vertex  2.999990e+000  6.000004e+000 -4.000000e+000
      vertex  3.938597e+000  5.926134e+000 -4.000000e+000
      vertex  4.854093e+000  5.706343e+000 -4.000000e+000
    endloop
  endfacet
  facet normal  -0.000000e+000  -0.000000e+000 -1.000000e+000
    outer loop
      vertex  2.999990e+000  6.000004e+000 -4.000000e+000
      vertex  4.854093e+000  5.706343e+000 -4.000000e+000
      vertex  5.723933e+000  5.346043e+000 -4.000000e+000
    endloop
  endfacet
  facet normal  -0.000000e+000  -0.000000e+000 -1.000000e+000
    outer loop
      vertex  2.999990e+000  6.000004e+000 -4.000000e+000
      vertex  5.723933e+000  5.346043e+000 -4.000000e+000
      vertex  6.526702e+000  4.854105e+000 -4.000000e+000
    endloop
  endfacet
  facet normal  -0.000000e+000  -0.000000e+000 -1.000000e+000
    outer loop
      vertex  2.999990e+000  6.000004e+000 -4.000000e+000
      vertex  6.526702e+000  4.854105e+000 -4.000000e+000
      vertex  7.242631e+000  4.242644e+000 -4.000000e+000
    endloop
  endfacet
  facet normal  -0.000000e+000  -0.000000e+000 -1.000000e+000
    outer loop
      vertex  2.999990e+000  6.000004e+000 -4.000000e+000
      vertex  7.242631e+000  4.242644e+000 -4.000000e+000
      vertex  7.854093e+000  3.526715e+000 -4.000000e+000
    endloop
  endfacet
  facet normal  -0.000000e+000  0.000000e+000 -1.000000e+000
    outer loop
      vertex  2.999990e+000  6.000004e+000 -4.000000e+000
      vertex  7.854093e+000  3.526715e+000 -4.000000e+000
      vertex  2.999990e+000  2.800004e+000 -4.000000e+000
    endloop
  endfacet
  facet normal  0.000000e+000  0.000000e+000 -1.000000e+000
    outer loop
      vertex  2.999990e+000  6.000004e+000 -4.000000e+000
      vertex  2.999990e+000  2.800004e+000 -4.000000e+000
      vertex -1.854112e+000  3.526715e+000 -4.000000e+000
    endloop
  endfacet
  facet normal  0.000000e+000  0.000000e+000 -1.000000e+000
    outer loop
      vertex  2.999990e+000  6.000004e+000 -4.000000e+000
      vertex -1.854112e+000  3.526715e+000 -4.000000e+000
      vertex -1.242650e+000  4.242644e+000 -4.000000e+000
    endloop
  endfacet
  facet normal  0.000000e+000  0.000000e+000 -1.000000e+000
    outer loop
      vertex  2.999990e+000  6.000004e+000 -4.000000e+000
      vertex -1.242650e+000  4.242644e+000 -4.000000e+000
      vertex -5.267211e-001  4.854105e+000 -4.000000e+000
    endloop
  endfacet
  facet normal  0.000000e+000  0.000000e+000 -1.000000e+000
    outer loop
      vertex  2.999990e+000  6.000004e+000 -4.000000e+000
      vertex -5.267211e-001  4.854105e+000 -4.000000e+000
      vertex  2.760474e-001  5.346043e+000 -4.000000e+000
    endloop
  endfacet
  facet normal  0.000000e+000  0.000000e+000 -1.000000e+000
    outer loop
      vertex  2.999990e+000  6.000004e+000 -4.000000e+000
      vertex  2.760474e-001  5.346043e+000 -4.000000e+000
      vertex  1.145888e+000  5.706343e+000 -4.000000e+000
    endloop
  endfacet
  facet normal  0.000000e+000  0.000000e+000 -1.000000e+000
    outer loop
      vertex  2.999990e+000  6.000004e+000 -4.000000e+000
      vertex  1.145888e+000  5.706343e+000 -4.000000e+000
      vertex  2.061384e+000  5.926134e+000 -4.000000e+000
    endloop
  endfacet
  facet normal  0.000000e+000  0.000000e+000 -1.000000e+000
    outer loop
      vertex  2.376932e+000 -2.729795e+000 -4.000000e+000
      vertex -2.346049e+000 -2.723939e+000 -4.000000e+000
      vertex  1.785116e+000 -2.522709e+000 -4.000000e+000
    endloop
  endfacet
  facet normal  -0.000000e+000  0.000000e+000 -1.000000e+000
    outer loop
      vertex  1.785116e+000 -2.522709e+000 -4.000000e+000
      vertex -2.346049e+000 -2.723939e+000 -4.000000e+000
      vertex -2.706349e+000 -1.854098e+000 -4.000000e+000
    endloop
  endfacet
  facet normal  0.000000e+000  0.000000e+000 -1.000000e+000
    outer loop
      vertex  1.785116e+000 -2.522709e+000 -4.000000e+000
      vertex -2.706349e+000 -1.854098e+000 -4.000000e+000
      vertex  1.254219e+000 -2.189124e+000 -4.000000e+000
    endloop
  endfacet
  facet normal  0.000000e+000  0.000000e+000 -1.000000e+000
    outer loop
      vertex  8.108623e-001 -1.745768e+000 -4.000000e+000
      vertex -2.706349e+000 -1.854098e+000 -4.000000e+000
      vertex  4.772776e-001 -1.214871e+000 -4.000000e+000
    endloop
  endfacet
  facet normal  -0.000000e+000  0.000000e+000 -1.000000e+000
    outer loop
      vertex  4.772776e-001 -1.214871e+000 -4.000000e+000
      vertex -2.706349e+000 -1.854098e+000 -4.000000e+000
      vertex -2.926140e+000 -9.386031e-001 -4.000000e+000
    endloop
  endfacet
  facet normal  0.000000e+000  0.000000e+000 -1.000000e+000
    outer loop
      vertex  4.772776e-001 -1.214871e+000 -4.000000e+000
      vertex -2.926140e+000 -9.386031e-001 -4.000000e+000
      vertex  2.701923e-001 -6.230549e-001 -4.000000e+000
    endloop
  endfacet
  facet normal  -0.000000e+000  0.000000e+000 -9.999999e-001
    outer loop
      vertex  2.701923e-001 -6.230549e-001 -4.000000e+000
      vertex -2.926140e+000 -9.386031e-001 -4.000000e+000
      vertex -3.000010e+000  3.693457e-006 -4.000000e+000
    endloop
  endfacet
  facet normal  0.000000e+000  0.000000e+000 -1.000000e+000
    outer loop
      vertex  2.701923e-001 -6.230549e-001 -4.000000e+000
      vertex -3.000010e+000  3.693457e-006 -4.000000e+000
      vertex  1.999904e-001  3.693457e-006 -4.000000e+000
    endloop
  endfacet
  facet normal  0.000000e+000  0.000000e+000 -1.000000e+000
    outer loop
      vertex  1.999904e-001  3.693457e-006 -4.000000e+000
      vertex -3.000010e+000  3.693457e-006 -4.000000e+000
      vertex  2.701923e-001  6.230623e-001 -4.000000e+000
    endloop
  endfacet
  facet normal  -0.000000e+000  0.000000e+000 -9.999999e-001
    outer loop
      vertex  2.701923e-001  6.230623e-001 -4.000000e+000
      vertex -3.000010e+000  3.693457e-006 -4.000000e+000
      vertex -2.926140e+000  9.386105e-001 -4.000000e+000
    endloop
  endfacet
  facet normal  0.000000e+000  0.000000e+000 -1.000000e+000
    outer loop
      vertex  2.701923e-001  6.230623e-001 -4.000000e+000
      vertex -2.926140e+000  9.386105e-001 -4.000000e+000
      vertex  4.772776e-001  1.214878e+000 -4.000000e+000
    endloop
  endfacet
  facet normal  0.000000e+000  0.000000e+000 -1.000000e+000
    outer loop
      vertex  4.772776e-001  1.214878e+000 -4.000000e+000
      vertex -2.926140e+000  9.386105e-001 -4.000000e+000
      vertex  8.108623e-001  1.745775e+000 -4.000000e+000
    endloop
  endfacet
  facet normal  -0.000000e+000  0.000000e+000 -9.999999e-001
    outer loop
      vertex  8.108623e-001  1.745775e+000 -4.000000e+000
      vertex -2.926140e+000  9.386105e-001 -4.000000e+000
      vertex -2.706349e+000  1.854106e+000 -4.000000e+000
    endloop
  endfacet
  facet normal  0.000000e+000  0.000000e+000 -1.000000e+000
    outer loop
      vertex  8.108623e-001  1.745775e+000 -4.000000e+000
      vertex -2.706349e+000  1.854106e+000 -4.000000e+000
      vertex  1.254219e+000  2.189132e+000 -4.000000e+000
    endloop
  endfacet
  facet normal  -0.000000e+000  0.000000e+000 -1.000000e+000
    outer loop
      vertex  1.254219e+000  2.189132e+000 -4.000000e+000
      vertex -2.706349e+000  1.854106e+000 -4.000000e+000
      vertex -2.346049e+000  2.723947e+000 -4.000000e+000
    endloop
  endfacet
  facet normal  0.000000e+000  0.000000e+000 -1.000000e+000
    outer loop
      vertex  1.254219e+000  2.189132e+000 -4.000000e+000
      vertex -2.346049e+000  2.723947e+000 -4.000000e+000
      vertex  1.785116e+000  2.522717e+000 -4.000000e+000
    endloop
  endfacet
  facet normal  -0.000000e+000  0.000000e+000 -1.000000e+000
    outer loop
      vertex -1.854112e+000  3.526715e+000 -4.000000e+000
      vertex  2.999990e+000  2.800004e+000 -4.000000e+000
      vertex -2.346049e+000  2.723947e+000 -4.000000e+000
    endloop
  endfacet
  facet normal  0.000000e+000  0.000000e+000 -1.000000e+000
    outer loop
      vertex -2.346049e+000  2.723947e+000 -4.000000e+000
      vertex  2.999990e+000  2.800004e+000 -4.000000e+000
      vertex  2.376932e+000  2.729802e+000 -4.000000e+000
    endloop
  endfacet
  facet normal  0.000000e+000  0.000000e+000 -1.000000e+000
    outer loop
      vertex -2.346049e+000  2.723947e+000 -4.000000e+000
      vertex  2.376932e+000  2.729802e+000 -4.000000e+000
      vertex  1.785116e+000  2.522717e+000 -4.000000e+000
    endloop
  endfacet
  facet normal  0.000000e+000  0.000000e+000 -1.000000e+000
    outer loop
      vertex  8.346029e+000 -2.723939e+000 -4.000000e+000
      vertex  3.623049e+000 -2.729795e+000 -4.000000e+000
      vertex  8.706329e+000 -1.854098e+000 -4.000000e+000
    endloop
  endfacet
  facet normal  0.000000e+000  0.000000e+000 -1.000000e+000
    outer loop
      vertex  8.706329e+000 -1.854098e+000 -4.000000e+000
      vertex  3.623049e+000 -2.729795e+000 -4.000000e+000
      vertex  4.214865e+000 -2.522709e+000 -4.000000e+000
    endloop
  endfacet
  facet normal  0.000000e+000  0.000000e+000 -1.000000e+000
    outer loop
      vertex  8.706329e+000 -1.854098e+000 -4.000000e+000
      vertex  4.214865e+000 -2.522709e+000 -4.000000e+000
      vertex  4.745762e+000 -2.189124e+000 -4.000000e+000
    endloop
  endfacet
  facet normal  0.000000e+000  0.000000e+000 -9.999999e-001
    outer loop
      vertex  8.706329e+000 -1.854098e+000 -4.000000e+000
      vertex  5.189118e+000 -1.745768e+000 -4.000000e+000
      vertex  8.926121e+000 -9.386031e-001 -4.000000e+000
    endloop
  endfacet
  facet normal  0.000000e+000  0.000000e+000 -1.000000e+000
    outer loop
      vertex  8.926121e+000 -9.386031e-001 -4.000000e+000
      vertex  5.189118e+000 -1.745768e+000 -4.000000e+000
      vertex  5.522703e+000 -1.214871e+000 -4.000000e+000
    endloop
  endfacet
  facet normal  0.000000e+000  0.000000e+000 -1.000000e+000
    outer loop
      vertex  8.926121e+000 -9.386031e-001 -4.000000e+000
      vertex  5.522703e+000 -1.214871e+000 -4.000000e+000
      vertex  8.999990e+000  3.693457e-006 -4.000000e+000
    endloop
  endfacet
  facet normal  0.000000e+000  0.000000e+000 -1.000000e+000
    outer loop
      vertex  8.999990e+000  3.693457e-006 -4.000000e+000
      vertex  5.522703e+000 -1.214871e+000 -4.000000e+000
      vertex  5.729789e+000 -6.230549e-001 -4.000000e+000
    endloop
  endfacet
  facet normal  0.000000e+000  0.000000e+000 -1.000000e+000
    outer loop
      vertex  8.999990e+000  3.693457e-006 -4.000000e+000
      vertex  5.729789e+000 -6.230549e-001 -4.000000e+000
      vertex  5.799991e+000  3.693457e-006 -4.000000e+000
    endloop
  endfacet
  facet normal  0.000000e+000  0.000000e+000 -1.000000e+000
    outer loop
      vertex  8.999990e+000  3.693457e-006 -4.000000e+000
      vertex  5.799991e+000  3.693457e-006 -4.000000e+000
      vertex  8.926121e+000  9.386105e-001 -4.000000e+000
    endloop
  endfacet
  facet normal  0.000000e+000  0.000000e+000 -1.000000e+000
    outer loop
      vertex  8.926121e+000  9.386105e-001 -4.000000e+000
      vertex  5.799991e+000  3.693457e-006 -4.000000e+000
      vertex  5.729789e+000  6.230623e-001 -4.000000e+000
    endloop
  endfacet
  facet normal  0.000000e+000  0.000000e+000 -1.000000e+000
    outer loop
      vertex  8.926121e+000  9.386105e-001 -4.000000e+000
      vertex  5.729789e+000  6.230623e-001 -4.000000e+000
      vertex  5.522703e+000  1.214878e+000 -4.000000e+000
    endloop
  endfacet
  facet normal  0.000000e+000  0.000000e+000 -1.000000e+000
    outer loop
      vertex  8.926121e+000  9.386105e-001 -4.000000e+000
      vertex  5.522703e+000  1.214878e+000 -4.000000e+000
      vertex  8.706329e+000  1.854106e+000 -4.000000e+000
    endloop
  endfacet
  facet normal  0.000000e+000  0.000000e+000 -1.000000e+000
    outer loop
      vertex  8.706329e+000  1.854106e+000 -4.000000e+000
      vertex  5.522703e+000  1.214878e+000 -4.000000e+000
      vertex  5.189118e+000  1.745775e+000 -4.000000e+000
    endloop
  endfacet
  facet normal  0.000000e+000  0.000000e+000 -1.000000e+000
    outer loop
      vertex  8.706329e+000  1.854106e+000 -4.000000e+000
      vertex  5.189118e+000  1.745775e+000 -4.000000e+000
      vertex  8.346029e+000  2.723947e+000 -4.000000e+000
    endloop
  endfacet
  facet normal  0.000000e+000  0.000000e+000 -1.000000e+000
    outer loop
      vertex  8.346029e+000  2.723947e+000 -4.000000e+000
      vertex  5.189118e+000  1.745775e+000 -4.000000e+000
      vertex  4.745762e+000  2.189132e+000 -4.000000e+000
    endloop
  endfacet
  facet normal  0.000000e+000  0.000000e+000 -1.000000e+000
    outer loop
      vertex  8.346029e+000  2.723947e+000 -4.000000e+000
      vertex  4.745762e+000  2.189132e+000 -4.000000e+000
      vertex  4.214865e+000  2.522717e+000 -4.000000e+000
    endloop
  endfacet
  facet normal  0.000000e+000  0.000000e+000 -1.000000e+000
    outer loop
      vertex  2.999990e+000  2.800004e+000 -4.000000e+000
      vertex  7.854093e+000  3.526715e+000 -4.000000e+000
      vertex  3.623049e+000  2.729802e+000 -4.000000e+000
    endloop
  endfacet
  facet normal  0.000000e+000  0.000000e+000 -1.000000e+000
    outer loop
      vertex  3.623049e+000  2.729802e+000 -4.000000e+000
      vertex  7.854093e+000  3.526715e+000 -4.000000e+000
      vertex  8.346029e+000  2.723947e+000 -4.000000e+000
    endloop
  endfacet
  facet normal  -0.000000e+000  0.000000e+000 -1.000000e+000
    outer loop
      vertex  3.623049e+000  2.729802e+000 -4.000000e+000
      vertex  8.346029e+000  2.723947e+000 -4.000000e+000
      vertex  4.214865e+000  2.522717e+000 -4.000000e+000
    endloop
  endfacet
  facet normal  9.969174e-001  7.845883e-002  -0.000000e+000
    outer loop
      vertex  8.999990e+000  3.693457e-006  0.000000e+000
      vertex  8.999990e+000  3.693457e-006 -4.000000e+000
      vertex  8.926121e+000  9.386105e-001  0.000000e+000
    endloop
  endfacet
  facet normal  9.969174e-001  7.845883e-002  0.000000e+000
    outer loop
      vertex  8.926121e+000  9.386105e-001  0.000000e+000
      vertex  8.999990e+000  3.693457e-006 -4.000000e+000
      vertex  8.926121e+000  9.386105e-001 -4.000000e+000
    endloop
  endfacet
  facet normal  9.723698e-001  2.334458e-001  -0.000000e+000
    outer loop
      vertex  8.926121e+000  9.386105e-001  0.000000e+000
      vertex  8.926121e+000  9.386105e-001 -4.000000e+000
      vertex  8.706329e+000  1.854106e+000  0.000000e+000
    endloop
  endfacet
  facet normal  9.723698e-001  2.334458e-001  0.000000e+000
    outer loop
      vertex  8.706329e+000  1.854106e+000  0.000000e+000
      vertex  8.926121e+000  9.386105e-001 -4.000000e+000
      vertex  8.706329e+000  1.854106e+000 -4.000000e+000
    endloop
  endfacet
  facet normal  9.238796e-001  3.826835e-001  -0.000000e+000
    outer loop
      vertex  8.706329e+000  1.854106e+000  0.000000e+000
      vertex  8.706329e+000  1.854106e+000 -4.000000e+000
      vertex  8.346029e+000  2.723947e+000  0.000000e+000
    endloop
  endfacet
  facet normal  9.238796e-001  3.826835e-001  0.000000e+000
    outer loop
      vertex  8.346029e+000  2.723947e+000  0.000000e+000
      vertex  8.706329e+000  1.854106e+000 -4.000000e+000
      vertex  8.346029e+000  2.723947e+000 -4.000000e+000
    endloop
  endfacet
  facet normal  8.526405e-001  5.224983e-001  -0.000000e+000
    outer loop
      vertex  8.346029e+000  2.723947e+000  0.000000e+000
      vertex  8.346029e+000  2.723947e+000 -4.000000e+000
      vertex  7.854093e+000  3.526715e+000  0.000000e+000
    endloop
  endfacet
  facet normal  8.526405e-001  5.224983e-001  0.000000e+000
    outer loop
      vertex  7.854093e+000  3.526715e+000  0.000000e+000
      vertex  8.346029e+000  2.723947e+000 -4.000000e+000
      vertex  7.854093e+000  3.526715e+000 -4.000000e+000
    endloop
  endfacet
  facet normal  7.604057e-001  6.494483e-001  -0.000000e+000
    outer loop
      vertex  7.854093e+000  3.526715e+000  0.000000e+000
      vertex  7.854093e+000  3.526715e+000 -4.000000e+000
      vertex  7.242631e+000  4.242644e+000  0.000000e+000
    endloop
  endfacet
  facet normal  7.604057e-001  6.494483e-001  0.000000e+000
    outer loop
      vertex  7.242631e+000  4.242644e+000  0.000000e+000
      vertex  7.854093e+000  3.526715e+000 -4.000000e+000
      vertex  7.242631e+000  4.242644e+000 -4.000000e+000
    endloop
  endfacet
  facet normal  6.494480e-001  7.604060e-001  -0.000000e+000
    outer loop
      vertex  7.242631e+000  4.242644e+000  0.000000e+000
      vertex  7.242631e+000  4.242644e+000 -4.000000e+000
      vertex  6.526702e+000  4.854105e+000  0.000000e+000
    endloop
  endfacet
  facet normal  6.494480e-001  7.604060e-001  0.000000e+000
    outer loop
      vertex  6.526702e+000  4.854105e+000  0.000000e+000
      vertex  7.242631e+000  4.242644e+000 -4.000000e+000
      vertex  6.526702e+000  4.854105e+000 -4.000000e+000
    endloop
  endfacet
  facet normal  5.224984e-001  8.526402e-001  -0.000000e+000
    outer loop
      vertex  6.526702e+000  4.854105e+000  0.000000e+000
      vertex  6.526702e+000  4.854105e+000 -4.000000e+000
      vertex  5.723933e+000  5.346043e+000  0.000000e+000
    endloop
  endfacet
  facet normal  5.224984e-001  8.526402e-001  0.000000e+000
    outer loop
      vertex  5.723933e+000  5.346043e+000  0.000000e+000
      vertex  6.526702e+000  4.854105e+000 -4.000000e+000
      vertex  5.723933e+000  5.346043e+000 -4.000000e+000
    endloop
  endfacet
  facet normal  3.826837e-001  9.238794e-001  -0.000000e+000
    outer loop
      vertex  5.723933e+000  5.346043e+000  0.000000e+000
      vertex  5.723933e+000  5.346043e+000 -4.000000e+000
      vertex  4.854093e+000  5.706343e+000  0.000000e+000
    endloop
  endfacet
  facet normal  3.826837e-001  9.238794e-001  0.000000e+000
    outer loop
      vertex  4.854093e+000  5.706343e+000  0.000000e+000
      vertex  5.723933e+000  5.346043e+000 -4.000000e+000
      vertex  4.854093e+000  5.706343e+000 -4.000000e+000
    endloop
  endfacet
  facet normal  2.334453e-001  9.723700e-001  -0.000000e+000
    outer loop
      vertex  4.854093e+000  5.706343e+000  0.000000e+000
      vertex  4.854093e+000  5.706343e+000 -4.000000e+000
      vertex  3.938597e+000  5.926134e+000  0.000000e+000
    endloop
  endfacet
  facet normal  2.334453e-001  9.723700e-001  0.000000e+000
    outer loop
      vertex  3.938597e+000  5.926134e+000  0.000000e+000
      vertex  4.854093e+000  5.706343e+000 -4.000000e+000
      vertex  3.938597e+000  5.926134e+000 -4.000000e+000
    endloop
  endfacet
  facet normal  7.845934e-002  9.969173e-001  -0.000000e+000
    outer loop
      vertex  3.938597e+000  5.926134e+000  0.000000e+000
      vertex  3.938597e+000  5.926134e+000 -4.000000e+000
      vertex  2.999990e+000  6.000004e+000  0.000000e+000
    endloop
  endfacet
  facet normal  7.845934e-002  9.969173e-001  0.000000e+000
    outer loop
      vertex  2.999990e+000  6.000004e+000  0.000000e+000
      vertex  3.938597e+000  5.926134e+000 -4.000000e+000
      vertex  2.999990e+000  6.000004e+000 -4.000000e+000
    endloop
  endfacet
  facet normal -7.845934e-002  9.969173e-001  0.000000e+000
    outer loop
      vertex  2.999990e+000  6.000004e+000  0.000000e+000
      vertex  2.999990e+000  6.000004e+000 -4.000000e+000
      vertex  2.061384e+000  5.926134e+000  0.000000e+000
    endloop
  endfacet
  facet normal -7.845934e-002  9.969173e-001  0.000000e+000
    outer loop
      vertex  2.061384e+000  5.926134e+000  0.000000e+000
      vertex  2.999990e+000  6.000004e+000 -4.000000e+000
      vertex  2.061384e+000  5.926134e+000 -4.000000e+000
    endloop
  endfacet
  facet normal -2.334453e-001  9.723700e-001  0.000000e+000
    outer loop
      vertex  2.061384e+000  5.926134e+000  0.000000e+000
      vertex  2.061384e+000  5.926134e+000 -4.000000e+000
      vertex  1.145888e+000  5.706343e+000  0.000000e+000
    endloop
  endfacet
  facet normal -2.334453e-001  9.723700e-001  0.000000e+000
    outer loop
      vertex  1.145888e+000  5.706343e+000  0.000000e+000
      vertex  2.061384e+000  5.926134e+000 -4.000000e+000
      vertex  1.145888e+000  5.706343e+000 -4.000000e+000
    endloop
  endfacet
  facet normal -3.826836e-001  9.238795e-001  0.000000e+000
    outer loop
      vertex  1.145888e+000  5.706343e+000  0.000000e+000
      vertex  1.145888e+000  5.706343e+000 -4.000000e+000
      vertex  2.760474e-001  5.346043e+000  0.000000e+000
    endloop
  endfacet
  facet normal -3.826836e-001  9.238795e-001  0.000000e+000
    outer loop
      vertex  2.760474e-001  5.346043e+000  0.000000e+000
      vertex  1.145888e+000  5.706343e+000 -4.000000e+000
      vertex  2.760474e-001  5.346043e+000 -4.000000e+000
    endloop
  endfacet
  facet normal -5.224985e-001  8.526402e-001  0.000000e+000
    outer loop
      vertex  2.760474e-001  5.346043e+000  0.000000e+000
      vertex  2.760474e-001  5.346043e+000 -4.000000e+000
      vertex -5.267211e-001  4.854105e+000  0.000000e+000
    endloop
  endfacet
  facet normal -5.224985e-001  8.526402e-001  0.000000e+000
    outer loop
      vertex -5.267211e-001  4.854105e+000  0.000000e+000
      vertex  2.760474e-001  5.346043e+000 -4.000000e+000
      vertex -5.267211e-001  4.854105e+000 -4.000000e+000
    endloop
  endfacet
  facet normal -6.494480e-001  7.604060e-001  0.000000e+000
    outer loop
      vertex -5.267211e-001  4.854105e+000  0.000000e+000
      vertex -5.267211e-001  4.854105e+000 -4.000000e+000
      vertex -1.242650e+000  4.242644e+000  0.000000e+000
    endloop
  endfacet
  facet normal -6.494480e-001  7.604060e-001  0.000000e+000
    outer loop
      vertex -1.242650e+000  4.242644e+000  0.000000e+000
      vertex -5.267211e-001  4.854105e+000 -4.000000e+000
      vertex -1.242650e+000  4.242644e+000 -4.000000e+000
    endloop
  endfacet
  facet normal -7.604058e-001  6.494481e-001  0.000000e+000
    outer loop
      vertex -1.242650e+000  4.242644e+000  0.000000e+000
      vertex -1.242650e+000  4.242644e+000 -4.000000e+000
      vertex -1.854112e+000  3.526715e+000  0.000000e+000
    endloop
  endfacet
  facet normal -7.604058e-001  6.494481e-001  0.000000e+000
    outer loop
      vertex -1.854112e+000  3.526715e+000  0.000000e+000
      vertex -1.242650e+000  4.242644e+000 -4.000000e+000
      vertex -1.854112e+000  3.526715e+000 -4.000000e+000
    endloop
  endfacet
  facet normal -8.526400e-001  5.224986e-001  0.000000e+000
    outer loop
      vertex -1.854112e+000  3.526715e+000  0.000000e+000
      vertex -1.854112e+000  3.526715e+000 -4.000000e+000
      vertex -2.346049e+000  2.723947e+000  0.000000e+000
    endloop
  endfacet
  facet normal -8.526400e-001  5.224986e-001  0.000000e+000
    outer loop
      vertex -2.346049e+000  2.723947e+000  0.000000e+000
      vertex -1.854112e+000  3.526715e+000 -4.000000e+000
      vertex -2.346049e+000  2.723947e+000 -4.000000e+000
    endloop
  endfacet
  facet normal -9.238796e-001  3.826833e-001  0.000000e+000
    outer loop
      vertex -2.346049e+000  2.723947e+000  0.000000e+000
      vertex -2.346049e+000  2.723947e+000 -4.000000e+000
      vertex -2.706349e+000  1.854106e+000  0.000000e+000
    endloop
  endfacet
  facet normal -9.238796e-001  3.826833e-001  0.000000e+000
    outer loop
      vertex -2.706349e+000  1.854106e+000  0.000000e+000
      vertex -2.346049e+000  2.723947e+000 -4.000000e+000
      vertex -2.706349e+000  1.854106e+000 -4.000000e+000
    endloop
  endfacet
  facet normal -9.723699e-001  2.334453e-001  0.000000e+000
    outer loop
      vertex -2.706349e+000  1.854106e+000  0.000000e+000
      vertex -2.706349e+000  1.854106e+000 -4.000000e+000
      vertex -2.926140e+000  9.386105e-001  0.000000e+000
    endloop
  endfacet
  facet normal -9.723699e-001  2.334453e-001  0.000000e+000
    outer loop
      vertex -2.926140e+000  9.386105e-001  0.000000e+000
      vertex -2.706349e+000  1.854106e+000 -4.000000e+000
      vertex -2.926140e+000  9.386105e-001 -4.000000e+000
    endloop
  endfacet
  facet normal -9.969174e-001  7.845908e-002  0.000000e+000
    outer loop
      vertex -2.926140e+000  9.386105e-001  0.000000e+000
      vertex -2.926140e+000  9.386105e-001 -4.000000e+000
      vertex -3.000010e+000  3.693457e-006  0.000000e+000
    endloop
  endfacet
  facet normal -9.969174e-001  7.845908e-002  0.000000e+000
    outer loop
      vertex -3.000010e+000  3.693457e-006  0.000000e+000
      vertex -2.926140e+000  9.386105e-001 -4.000000e+000
      vertex -3.000010e+000  3.693457e-006 -4.000000e+000
    endloop
  endfacet
  facet normal -9.969174e-001 -7.845908e-002  0.000000e+000
    outer loop
      vertex -3.000010e+000  3.693457e-006  0.000000e+000
      vertex -3.000010e+000  3.693457e-006 -4.000000e+000
      vertex -2.926140e+000 -9.386031e-001  0.000000e+000
    endloop
  endfacet
  facet normal -9.969174e-001 -7.845908e-002  -0.000000e+000
    outer loop
      vertex -2.926140e+000 -9.386031e-001  0.000000e+000
      vertex -3.000010e+000  3.693457e-006 -4.000000e+000
      vertex -2.926140e+000 -9.386031e-001 -4.000000e+000
    endloop
  endfacet
  facet normal -9.723699e-001 -2.334453e-001  0.000000e+000
    outer loop
      vertex -2.926140e+000 -9.386031e-001  0.000000e+000
      vertex -2.926140e+000 -9.386031e-001 -4.000000e+000
      vertex -2.706349e+000 -1.854098e+000  0.000000e+000
    endloop
  endfacet
  facet normal -9.723699e-001 -2.334453e-001  -0.000000e+000
    outer loop
      vertex -2.706349e+000 -1.854098e+000  0.000000e+000
      vertex -2.926140e+000 -9.386031e-001 -4.000000e+000
      vertex -2.706349e+000 -1.854098e+000 -4.000000e+000
    endloop
  endfacet
  facet normal -9.238796e-001 -3.826833e-001  0.000000e+000
    outer loop
      vertex -2.706349e+000 -1.854098e+000  0.000000e+000
      vertex -2.706349e+000 -1.854098e+000 -4.000000e+000
      vertex -2.346049e+000 -2.723939e+000  0.000000e+000
    endloop
  endfacet
  facet normal -9.238796e-001 -3.826833e-001  -0.000000e+000
    outer loop
      vertex -2.346049e+000 -2.723939e+000  0.000000e+000
      vertex -2.706349e+000 -1.854098e+000 -4.000000e+000
      vertex -2.346049e+000 -2.723939e+000 -4.000000e+000
    endloop
  endfacet
  facet normal -8.526400e-001 -5.224986e-001  0.000000e+000
    outer loop
      vertex -2.346049e+000 -2.723939e+000  0.000000e+000
      vertex -2.346049e+000 -2.723939e+000 -4.000000e+000
      vertex -1.854112e+000 -3.526708e+000  0.000000e+000
    endloop
  endfacet
  facet normal -8.526400e-001 -5.224986e-001  -0.000000e+000
    outer loop
      vertex -1.854112e+000 -3.526708e+000  0.000000e+000
      vertex -2.346049e+000 -2.723939e+000 -4.000000e+000
      vertex -1.854112e+000 -3.526708e+000 -4.000000e+000
    endloop
  endfacet
  facet normal -7.604060e-001 -6.494480e-001  0.000000e+000
    outer loop
      vertex -1.854112e+000 -3.526708e+000  0.000000e+000
      vertex -1.854112e+000 -3.526708e+000 -4.000000e+000
      vertex -1.242650e+000 -4.242637e+000  0.000000e+000
    endloop
  endfacet
  facet normal -7.604060e-001 -6.494480e-001  -0.000000e+000
    outer loop
      vertex -1.242650e+000 -4.242637e+000  0.000000e+000
      vertex -1.854112e+000 -3.526708e+000 -4.000000e+000
      vertex -1.242650e+000 -4.242637e+000 -4.000000e+000
    endloop
  endfacet
  facet normal -6.494480e-001 -7.604060e-001  0.000000e+000
    outer loop
      vertex -1.242650e+000 -4.242637e+000  0.000000e+000
      vertex -1.242650e+000 -4.242637e+000 -4.000000e+000
      vertex -5.267211e-001 -4.854098e+000  0.000000e+000
    endloop
  endfacet
  facet normal -6.494480e-001 -7.604060e-001  -0.000000e+000
    outer loop
      vertex -5.267211e-001 -4.854098e+000  0.000000e+000
      vertex -1.242650e+000 -4.242637e+000 -4.000000e+000
      vertex -5.267211e-001 -4.854098e+000 -4.000000e+000
    endloop
  endfacet
  facet normal -5.224985e-001 -8.526402e-001  0.000000e+000
    outer loop
      vertex -5.267211e-001 -4.854098e+000  0.000000e+000
      vertex -5.267211e-001 -4.854098e+000 -4.000000e+000
      vertex  2.760474e-001 -5.346035e+000  0.000000e+000
    endloop
  endfacet
  facet normal -5.224985e-001 -8.526402e-001  -0.000000e+000
    outer loop
      vertex  2.760474e-001 -5.346035e+000  0.000000e+000
      vertex -5.267211e-001 -4.854098e+000 -4.000000e+000
      vertex  2.760474e-001 -5.346035e+000 -4.000000e+000
    endloop
  endfacet
  facet normal -3.826836e-001 -9.238795e-001  0.000000e+000
    outer loop
      vertex  2.760474e-001 -5.346035e+000  0.000000e+000
      vertex  2.760474e-001 -5.346035e+000 -4.000000e+000
      vertex  1.145888e+000 -5.706336e+000  0.000000e+000
    endloop
  endfacet
  facet normal -3.826836e-001 -9.238795e-001  -0.000000e+000
    outer loop
      vertex  1.145888e+000 -5.706336e+000  0.000000e+000
      vertex  2.760474e-001 -5.346035e+000 -4.000000e+000
      vertex  1.145888e+000 -5.706336e+000 -4.000000e+000
    endloop
  endfacet
  facet normal -2.334453e-001 -9.723700e-001  0.000000e+000
    outer loop
      vertex  1.145888e+000 -5.706336e+000  0.000000e+000
      vertex  1.145888e+000 -5.706336e+000 -4.000000e+000
      vertex  2.061384e+000 -5.926126e+000  0.000000e+000
    endloop
  endfacet
  facet normal -2.334453e-001 -9.723700e-001  -0.000000e+000
    outer loop
      vertex  2.061384e+000 -5.926126e+000  0.000000e+000
      vertex  1.145888e+000 -5.706336e+000 -4.000000e+000
      vertex  2.061384e+000 -5.926126e+000 -4.000000e+000
    endloop
  endfacet
  facet normal -7.845883e-002 -9.969173e-001  0.000000e+000
    outer loop
      vertex  2.061384e+000 -5.926126e+000  0.000000e+000
      vertex  2.061384e+000 -5.926126e+000 -4.000000e+000
      vertex  2.999990e+000 -5.999996e+000  0.000000e+000
    endloop
  endfacet
  facet normal -7.845883e-002 -9.969173e-001  -0.000000e+000
    outer loop
      vertex  2.999990e+000 -5.999996e+000  0.000000e+000
      vertex  2.061384e+000 -5.926126e+000 -4.000000e+000
      vertex  2.999990e+000 -5.999996e+000 -4.000000e+000
    endloop
  endfacet
  facet normal  7.845883e-002 -9.969173e-001  0.000000e+000
    outer loop
      vertex  2.999990e+000 -5.999996e+000  0.000000e+000
      vertex  2.999990e+000 -5.999996e+000 -4.000000e+000
      vertex  3.938597e+000 -5.926126e+000  0.000000e+000
    endloop
  endfacet
  facet normal  7.845883e-002 -9.969173e-001  0.000000e+000
    outer loop
      vertex  3.938597e+000 -5.926126e+000  0.000000e+000
      vertex  2.999990e+000 -5.999996e+000 -4.000000e+000
      vertex  3.938597e+000 -5.926126e+000 -4.000000e+000
    endloop
  endfacet
  facet normal  2.334453e-001 -9.723700e-001  0.000000e+000
    outer loop
      vertex  3.938597e+000 -5.926126e+000  0.000000e+000
      vertex  3.938597e+000 -5.926126e+000 -4.000000e+000
      vertex  4.854093e+000 -5.706336e+000  0.000000e+000
    endloop
  endfacet
  facet normal  2.334453e-001 -9.723700e-001  0.000000e+000
    outer loop
      vertex  4.854093e+000 -5.706336e+000  0.000000e+000
      vertex  3.938597e+000 -5.926126e+000 -4.000000e+000
      vertex  4.854093e+000 -5.706336e+000 -4.000000e+000
    endloop
  endfacet
  facet normal  3.826837e-001 -9.238794e-001  0.000000e+000
    outer loop
      vertex  4.854093e+000 -5.706336e+000  0.000000e+000
      vertex  4.854093e+000 -5.706336e+000 -4.000000e+000
      vertex  5.723933e+000 -5.346035e+000  0.000000e+000
    endloop
  endfacet
  facet normal  3.826837e-001 -9.238794e-001  0.000000e+000
    outer loop
      vertex  5.723933e+000 -5.346035e+000  0.000000e+000
      vertex  4.854093e+000 -5.706336e+000 -4.000000e+000
      vertex  5.723933e+000 -5.346035e+000 -4.000000e+000
    endloop
  endfacet
  facet normal  5.224984e-001 -8.526402e-001  0.000000e+000
    outer loop
      vertex  5.723933e+000 -5.346035e+000  0.000000e+000
      vertex  5.723933e+000 -5.346035e+000 -4.000000e+000
      vertex  6.526702e+000 -4.854098e+000  0.000000e+000
    endloop
  endfacet
  facet normal  5.224984e-001 -8.526402e-001  0.000000e+000
    outer loop
      vertex  6.526702e+000 -4.854098e+000  0.000000e+000
      vertex  5.723933e+000 -5.346035e+000 -4.000000e+000
      vertex  6.526702e+000 -4.854098e+000 -4.000000e+000
    endloop
  endfacet
  facet normal  6.494480e-001 -7.604060e-001  0.000000e+000
    outer loop
      vertex  6.526702e+000 -4.854098e+000  0.000000e+000
      vertex  6.526702e+000 -4.854098e+000 -4.000000e+000
      vertex  7.242631e+000 -4.242637e+000  0.000000e+000
    endloop
  endfacet
  facet normal  6.494480e-001 -7.604060e-001  0.000000e+000
    outer loop
      vertex  7.242631e+000 -4.242637e+000  0.000000e+000
      vertex  6.526702e+000 -4.854098e+000 -4.000000e+000
      vertex  7.242631e+000 -4.242637e+000 -4.000000e+000
    endloop
  endfacet
  facet normal  7.604058e-001 -6.494482e-001  0.000000e+000
    outer loop
      vertex  7.242631e+000 -4.242637e+000  0.000000e+000
      vertex  7.242631e+000 -4.242637e+000 -4.000000e+000
      vertex  7.854093e+000 -3.526708e+000  0.000000e+000
    endloop
  endfacet
  facet normal  7.604058e-001 -6.494482e-001  0.000000e+000
    outer loop
      vertex  7.854093e+000 -3.526708e+000  0.000000e+000
      vertex  7.242631e+000 -4.242637e+000 -4.000000e+000
      vertex  7.854093e+000 -3.526708e+000 -4.000000e+000
    endloop
  endfacet
  facet normal  8.526405e-001 -5.224983e-001  0.000000e+000
    outer loop
      vertex  7.854093e+000 -3.526708e+000  0.000000e+000
      vertex  7.854093e+000 -3.526708e+000 -4.000000e+000
      vertex  8.346029e+000 -2.723939e+000  0.000000e+000
    endloop
  endfacet
  facet normal  8.526405e-001 -5.224983e-001  0.000000e+000
    outer loop
      vertex  8.346029e+000 -2.723939e+000  0.000000e+000
      vertex  7.854093e+000 -3.526708e+000 -4.000000e+000
      vertex  8.346029e+000 -2.723939e+000 -4.000000e+000
    endloop
  endfacet
  facet normal  9.238796e-001 -3.826835e-001  0.000000e+000
    outer loop
      vertex  8.346029e+000 -2.723939e+000  0.000000e+000
      vertex  8.346029e+000 -2.723939e+000 -4.000000e+000
      vertex  8.706329e+000 -1.854098e+000  0.000000e+000
    endloop
  endfacet
  facet normal  9.238796e-001 -3.826835e-001  0.000000e+000
    outer loop
      vertex  8.706329e+000 -1.854098e+000  0.000000e+000
      vertex  8.346029e+000 -2.723939e+000 -4.000000e+000
      vertex  8.706329e+000 -1.854098e+000 -4.000000e+000
    endloop
  endfacet
  facet normal  9.723698e-001 -2.334458e-001  0.000000e+000
    outer loop
      vertex  8.706329e+000 -1.854098e+000  0.000000e+000
      vertex  8.706329e+000 -1.854098e+000 -4.000000e+000
      vertex  8.926121e+000 -9.386031e-001  0.000000e+000
    endloop
  endfacet
  facet normal  9.723698e-001 -2.334458e-001  0.000000e+000
    outer loop
      vertex  8.926121e+000 -9.386031e-001  0.000000e+000
      vertex  8.706329e+000 -1.854098e+000 -4.000000e+000
      vertex  8.926121e+000 -9.386031e-001 -4.000000e+000
    endloop
  endfacet
  facet normal  9.969174e-001 -7.845883e-002  0.000000e+000
    outer loop
      vertex  8.926121e+000 -9.386031e-001  0.000000e+000
      vertex  8.926121e+000 -9.386031e-001 -4.000000e+000
      vertex  8.999990e+000  3.693457e-006  0.000000e+000
    endloop
  endfacet
  facet normal  9.969174e-001 -7.845883e-002  0.000000e+000
    outer loop
      vertex  8.999990e+000  3.693457e-006  0.000000e+000
      vertex  8.926121e+000 -9.386031e-001 -4.000000e+000
      vertex  8.999990e+000  3.693457e-006 -4.000000e+000
    endloop
  endfacet
  facet normal -1.000000e+000  0.000000e+000  0.000000e+000
    outer loop
      vertex -1.300000e+001  7.500000e+000  1.050000e+001
      vertex -1.300000e+001 -7.500000e+000  1.050000e+001
      vertex -1.300000e+001  7.500000e+000  1.550000e+001
    endloop
  endfacet
  facet normal -1.000000e+000  -0.000000e+000  0.000000e+000
    outer loop
      vertex -1.300000e+001  7.500000e+000  1.550000e+001
      vertex -1.300000e+001 -7.500000e+000  1.050000e+001
      vertex -1.300000e+001 -7.500000e+000  1.550000e+001
    endloop
  endfacet
  facet normal  0.000000e+000  0.000000e+000 -1.000000e+000
    outer loop
      vertex -8.000000e+000 -7.500000e+000  7.500000e+000
      vertex -1.000000e+001 -7.500000e+000  7.500000e+000
      vertex -8.000000e+000  7.500000e+000  7.500000e+000
    endloop
  endfacet
  facet normal  -0.000000e+000  0.000000e+000 -1.000000e+000
    outer loop
      vertex -8.000000e+000  7.500000e+000  7.500000e+000
      vertex -1.000000e+001 -7.500000e+000  7.500000e+000
      vertex -1.000000e+001  7.500000e+000  7.500000e+000
    endloop
  endfacet
  facet normal -7.071068e-001  -0.000000e+000 -7.071068e-001
    outer loop
      vertex -1.300000e+001 -7.500000e+000  1.050000e+001
      vertex -1.300000e+001  7.500000e+000  1.050000e+001
      vertex -1.000000e+001 -7.500000e+000  7.500000e+000
    endloop
  endfacet
  facet normal -7.071068e-001  0.000000e+000 -7.071068e-001
    outer loop
      vertex -1.000000e+001 -7.500000e+000  7.500000e+000
      vertex -1.300000e+001  7.500000e+000  1.050000e+001
      vertex -1.000000e+001  7.500000e+000  7.500000e+000
    endloop
  endfacet
  facet normal -7.071068e-001  0.000000e+000  7.071068e-001
    outer loop
      vertex -1.300000e+001  7.500000e+000  1.550000e+001
      vertex -1.300000e+001 -7.500000e+000  1.550000e+001
      vertex -1.000000e+001  7.500000e+000  1.850000e+001
    endloop
  endfacet
  facet normal -7.071068e-001  0.000000e+000  7.071068e-001
    outer loop
      vertex -1.000000e+001  7.500000e+000  1.850000e+001
      vertex -1.300000e+001 -7.500000e+000  1.550000e+001
      vertex -1.000000e+001 -7.500000e+000  1.850000e+001
    endloop
  endfacet
  facet normal -1.000000e+000  0.000000e+000  -0.000000e+000
    outer loop
      vertex -8.000000e+000 -7.500000e+000  0.000000e+000
      vertex -8.000000e+000 -6.500000e+000  1.000000e+000
      vertex -8.000000e+000  7.500000e+000  0.000000e+000
    endloop
  endfacet
  facet normal -1.000000e+000  0.000000e+000  0.000000e+000
    outer loop
      vertex -8.000000e+000  7.500000e+000  0.000000e+000
      vertex -8.000000e+000 -6.500000e+000  1.000000e+000
      vertex -8.000000e+000  6.500000e+000  1.000000e+000
    endloop
  endfacet
  facet normal -1.000000e+000  0.000000e+000  0.000000e+000
    outer loop
      vertex -8.000000e+000  7.500000e+000  0.000000e+000
      vertex -8.000000e+000  6.500000e+000  1.000000e+000
      vertex -8.000000e+000  7.500000e+000  7.500000e+000
    endloop
  endfacet
  facet normal -1.000000e+000  0.000000e+000  0.000000e+000
    outer loop
      vertex -8.000000e+000  7.500000e+000  7.500000e+000
      vertex -8.000000e+000  6.500000e+000  1.000000e+000
      vertex -8.000000e+000  6.500000e+000  6.000000e+000
    endloop
  endfacet
  facet normal -1.000000e+000  0.000000e+000  0.000000e+000
    outer loop
      vertex -8.000000e+000  7.500000e+000  7.500000e+000
      vertex -8.000000e+000  6.500000e+000  6.000000e+000
      vertex -8.000000e+000 -7.500000e+000  7.500000e+000
    endloop
  endfacet
  facet normal -1.000000e+000  0.000000e+000  0.000000e+000
    outer loop
      vertex -8.000000e+000 -7.500000e+000  7.500000e+000
      vertex -8.000000e+000  6.500000e+000  6.000000e+000
      vertex -8.000000e+000 -6.500000e+000  6.000000e+000
    endloop
  endfacet
  facet normal -1.000000e+000  -0.000000e+000  0.000000e+000
    outer loop
      vertex -8.000000e+000 -7.500000e+000  7.500000e+000
      vertex -8.000000e+000 -6.500000e+000  6.000000e+000
      vertex -8.000000e+000 -7.500000e+000  0.000000e+000
    endloop
  endfacet
  facet normal -1.000000e+000  0.000000e+000  0.000000e+000
    outer loop
      vertex -8.000000e+000 -7.500000e+000  0.000000e+000
      vertex -8.000000e+000 -6.500000e+000  6.000000e+000
      vertex -8.000000e+000 -6.500000e+000  1.000000e+000
    endloop
  endfacet
  facet normal  1.950907e-001 -9.807852e-001  0.000000e+000
    outer loop
      vertex  2.300000e+001  1.000000e+000  0.000000e+000
      vertex  2.261732e+001  9.238795e-001  1.850000e+001
      vertex  2.261732e+001  9.238795e-001  0.000000e+000
    endloop
  endfacet
  facet normal  5.555685e-001 -8.314707e-001  0.000000e+000
    outer loop
      vertex  2.261732e+001  9.238795e-001  0.000000e+000
      vertex  2.261732e+001  9.238795e-001  1.850000e+001
      vertex  2.229289e+001  7.071068e-001  1.850000e+001
    endloop
  endfacet
  facet normal  5.555685e-001 -8.314707e-001  0.000000e+000
    outer loop
      vertex  2.261732e+001  9.238795e-001  0.000000e+000
      vertex  2.229289e+001  7.071068e-001  1.850000e+001
      vertex  2.229289e+001  7.071068e-001  0.000000e+000
    endloop
  endfacet
  facet normal  8.314704e-001 -5.555690e-001  0.000000e+000
    outer loop
      vertex  2.229289e+001  7.071068e-001  0.000000e+000
      vertex  2.229289e+001  7.071068e-001  1.850000e+001
      vertex  2.207612e+001  3.826834e-001  1.850000e+001
    endloop
  endfacet
  facet normal  8.314704e-001 -5.555690e-001  0.000000e+000
    outer loop
      vertex  2.229289e+001  7.071068e-001  0.000000e+000
      vertex  2.207612e+001  3.826834e-001  1.850000e+001
      vertex  2.207612e+001  3.826834e-001  0.000000e+000
    endloop
  endfacet
  facet normal  9.807853e-001 -1.950901e-001  0.000000e+000
    outer loop
      vertex  2.207612e+001  3.826834e-001  0.000000e+000
      vertex  2.207612e+001  3.826834e-001  1.850000e+001
      vertex  2.200000e+001 -1.653892e-015  1.850000e+001
    endloop
  endfacet
  facet normal  9.807853e-001 -1.950901e-001  0.000000e+000
    outer loop
      vertex  2.207612e+001  3.826834e-001  0.000000e+000
      vertex  2.200000e+001 -1.653892e-015  1.850000e+001
      vertex  2.200000e+001 -1.653892e-015  0.000000e+000
    endloop
  endfacet
  facet normal  1.950907e-001 -9.807852e-001  0.000000e+000
    outer loop
      vertex  2.261732e+001  9.238795e-001  1.850000e+001
      vertex  2.300000e+001  1.000000e+000  0.000000e+000
      vertex  2.300000e+001  1.000000e+000  1.850000e+001
    endloop
  endfacet
  facet normal -1.950907e-001 -9.807852e-001  -0.000000e+000
    outer loop
      vertex  2.300000e+001  1.000000e+000  1.850000e+001
      vertex  2.300000e+001  1.000000e+000  0.000000e+000
      vertex  2.338268e+001  9.238795e-001  0.000000e+000
    endloop
  endfacet
  facet normal -1.950907e-001 -9.807852e-001  0.000000e+000
    outer loop
      vertex  2.300000e+001  1.000000e+000  1.850000e+001
      vertex  2.338268e+001  9.238795e-001  0.000000e+000
      vertex  2.338268e+001  9.238795e-001  1.850000e+001
    endloop
  endfacet
  facet normal -5.555685e-001 -8.314707e-001  -0.000000e+000
    outer loop
      vertex  2.338268e+001  9.238795e-001  1.850000e+001
      vertex  2.338268e+001  9.238795e-001  0.000000e+000
      vertex  2.370711e+001  7.071068e-001  0.000000e+000
    endloop
  endfacet
  facet normal -5.555685e-001 -8.314707e-001  0.000000e+000
    outer loop
      vertex  2.338268e+001  9.238795e-001  1.850000e+001
      vertex  2.370711e+001  7.071068e-001  0.000000e+000
      vertex  2.370711e+001  7.071068e-001  1.850000e+001
    endloop
  endfacet
  facet normal -8.314704e-001 -5.555690e-001  -0.000000e+000
    outer loop
      vertex  2.370711e+001  7.071068e-001  1.850000e+001
      vertex  2.370711e+001  7.071068e-001  0.000000e+000
      vertex  2.392388e+001  3.826834e-001  0.000000e+000
    endloop
  endfacet
  facet normal -8.314704e-001 -5.555690e-001  0.000000e+000
    outer loop
      vertex  2.370711e+001  7.071068e-001  1.850000e+001
      vertex  2.392388e+001  3.826834e-001  0.000000e+000
      vertex  2.392388e+001  3.826834e-001  1.850000e+001
    endloop
  endfacet
  facet normal -9.807853e-001 -1.950901e-001  -0.000000e+000
    outer loop
      vertex  2.392388e+001  3.826834e-001  1.850000e+001
      vertex  2.392388e+001  3.826834e-001  0.000000e+000
      vertex  2.400000e+001 -1.776357e-015  0.000000e+000
    endloop
  endfacet
  facet normal -9.807853e-001 -1.950901e-001  0.000000e+000
    outer loop
      vertex  2.392388e+001  3.826834e-001  1.850000e+001
      vertex  2.400000e+001 -1.776357e-015  0.000000e+000
      vertex  2.400000e+001 -1.776357e-015  1.850000e+001
    endloop
  endfacet
  facet normal -1.950907e-001  9.807852e-001  0.000000e+000
    outer loop
      vertex  2.300000e+001 -1.000000e+000  0.000000e+000
      vertex  2.338268e+001 -9.238795e-001  1.850000e+001
      vertex  2.338268e+001 -9.238795e-001  0.000000e+000
    endloop
  endfacet
  facet normal -5.555685e-001  8.314707e-001  0.000000e+000
    outer loop
      vertex  2.338268e+001 -9.238795e-001  0.000000e+000
      vertex  2.338268e+001 -9.238795e-001  1.850000e+001
      vertex  2.370711e+001 -7.071068e-001  1.850000e+001
    endloop
  endfacet
  facet normal -5.555685e-001  8.314707e-001  0.000000e+000
    outer loop
      vertex  2.338268e+001 -9.238795e-001  0.000000e+000
      vertex  2.370711e+001 -7.071068e-001  1.850000e+001
      vertex  2.370711e+001 -7.071068e-001  0.000000e+000
    endloop
  endfacet
  facet normal -8.314704e-001  5.555690e-001  0.000000e+000
    outer loop
      vertex  2.370711e+001 -7.071068e-001  0.000000e+000
      vertex  2.370711e+001 -7.071068e-001  1.850000e+001
      vertex  2.392388e+001 -3.826834e-001  1.850000e+001
    endloop
  endfacet
  facet normal -8.314704e-001  5.555690e-001  0.000000e+000
    outer loop
      vertex  2.370711e+001 -7.071068e-001  0.000000e+000
      vertex  2.392388e+001 -3.826834e-001  1.850000e+001
      vertex  2.392388e+001 -3.826834e-001  0.000000e+000
    endloop
  endfacet
  facet normal -9.807853e-001  1.950901e-001  0.000000e+000
    outer loop
      vertex  2.392388e+001 -3.826834e-001  0.000000e+000
      vertex  2.392388e+001 -3.826834e-001  1.850000e+001
      vertex  2.400000e+001 -1.776357e-015  1.850000e+001
    endloop
  endfacet
  facet normal -9.807853e-001  1.950901e-001  0.000000e+000
    outer loop
      vertex  2.392388e+001 -3.826834e-001  0.000000e+000
      vertex  2.400000e+001 -1.776357e-015  1.850000e+001
      vertex  2.400000e+001 -1.776357e-015  0.000000e+000
    endloop
  endfacet
  facet normal -1.950907e-001  9.807852e-001  0.000000e+000
    outer loop
      vertex  2.338268e+001 -9.238795e-001  1.850000e+001
      vertex  2.300000e+001 -1.000000e+000  0.000000e+000
      vertex  2.300000e+001 -1.000000e+000  1.850000e+001
    endloop
  endfacet
  facet normal  1.950907e-001  9.807852e-001  0.000000e+000
    outer loop
      vertex  2.300000e+001 -1.000000e+000  1.850000e+001
      vertex  2.300000e+001 -1.000000e+000  0.000000e+000
      vertex  2.261732e+001 -9.238795e-001  0.000000e+000
    endloop
  endfacet
  facet normal  1.950907e-001  9.807852e-001  -0.000000e+000
    outer loop
      vertex  2.300000e+001 -1.000000e+000  1.850000e+001
      vertex  2.261732e+001 -9.238795e-001  0.000000e+000
      vertex  2.261732e+001 -9.238795e-001  1.850000e+001
    endloop
  endfacet
  facet normal  5.555685e-001  8.314707e-001  0.000000e+000
    outer loop
      vertex  2.261732e+001 -9.238795e-001  1.850000e+001
      vertex  2.261732e+001 -9.238795e-001  0.000000e+000
      vertex  2.229289e+001 -7.071068e-001  0.000000e+000
    endloop
  endfacet
  facet normal  5.555685e-001  8.314707e-001  -0.000000e+000
    outer loop
      vertex  2.261732e+001 -9.238795e-001  1.850000e+001
      vertex  2.229289e+001 -7.071068e-001  0.000000e+000
      vertex  2.229289e+001 -7.071068e-001  1.850000e+001
    endloop
  endfacet
  facet normal  8.314704e-001  5.555690e-001  0.000000e+000
    outer loop
      vertex  2.229289e+001 -7.071068e-001  1.850000e+001
      vertex  2.229289e+001 -7.071068e-001  0.000000e+000
      vertex  2.207612e+001 -3.826834e-001  0.000000e+000
    endloop
  endfacet
  facet normal  8.314704e-001  5.555690e-001  -0.000000e+000
    outer loop
      vertex  2.229289e+001 -7.071068e-001  1.850000e+001
      vertex  2.207612e+001 -3.826834e-001  0.000000e+000
      vertex  2.207612e+001 -3.826834e-001  1.850000e+001
    endloop
  endfacet
  facet normal  9.807853e-001  1.950901e-001  0.000000e+000
    outer loop
      vertex  2.207612e+001 -3.826834e-001  1.850000e+001
      vertex  2.207612e+001 -3.826834e-001  0.000000e+000
      vertex  2.200000e+001 -1.653892e-015  0.000000e+000
    endloop
  endfacet
  facet normal  9.807853e-001  1.950901e-001  -0.000000e+000
    outer loop
      vertex  2.207612e+001 -3.826834e-001  1.850000e+001
      vertex  2.200000e+001 -1.653892e-015  0.000000e+000
      vertex  2.200000e+001 -1.653892e-015  1.850000e+001
    endloop
  endfacet
  facet normal  1.950899e-001  0.000000e+000 -9.807854e-001
    outer loop
      vertex -1.050000e+001  7.500000e+000  1.350000e+001
      vertex -1.088268e+001 -7.500000e+000  1.342388e+001
      vertex -1.088268e+001  7.500000e+000  1.342388e+001
    endloop
  endfacet
  facet normal  5.555714e-001  0.000000e+000 -8.314689e-001
    outer loop
      vertex -1.088268e+001  7.500000e+000  1.342388e+001
      vertex -1.088268e+001 -7.500000e+000  1.342388e+001
      vertex -1.120711e+001 -7.500000e+000  1.320711e+001
    endloop
  endfacet
  facet normal  5.555714e-001  0.000000e+000 -8.314689e-001
    outer loop
      vertex -1.088268e+001  7.500000e+000  1.342388e+001
      vertex -1.120711e+001 -7.500000e+000  1.320711e+001
      vertex -1.120711e+001  7.500000e+000  1.320711e+001
    endloop
  endfacet
  facet normal  8.314689e-001  0.000000e+000 -5.555714e-001
    outer loop
      vertex -1.120711e+001  7.500000e+000  1.320711e+001
      vertex -1.120711e+001 -7.500000e+000  1.320711e+001
      vertex -1.142388e+001 -7.500000e+000  1.288268e+001
    endloop
  endfacet
  facet normal  8.314689e-001  0.000000e+000 -5.555714e-001
    outer loop
      vertex -1.120711e+001  7.500000e+000  1.320711e+001
      vertex -1.142388e+001 -7.500000e+000  1.288268e+001
      vertex -1.142388e+001  7.500000e+000  1.288268e+001
    endloop
  endfacet
  facet normal  9.807854e-001  0.000000e+000 -1.950899e-001
    outer loop
      vertex -1.142388e+001  7.500000e+000  1.288268e+001
      vertex -1.142388e+001 -7.500000e+000  1.288268e+001
      vertex -1.150000e+001 -7.500000e+000  1.250000e+001
    endloop
  endfacet
  facet normal  9.807854e-001  0.000000e+000 -1.950899e-001
    outer loop
      vertex -1.142388e+001  7.500000e+000  1.288268e+001
      vertex -1.150000e+001 -7.500000e+000  1.250000e+001
      vertex -1.150000e+001  7.500000e+000  1.250000e+001
    endloop
  endfacet
  facet normal  1.950899e-001  0.000000e+000 -9.807854e-001
    outer loop
      vertex -1.088268e+001 -7.500000e+000  1.342388e+001
      vertex -1.050000e+001  7.500000e+000  1.350000e+001
      vertex -1.050000e+001 -7.500000e+000  1.350000e+001
    endloop
  endfacet
  facet normal -1.950899e-001  0.000000e+000 -9.807854e-001
    outer loop
      vertex -1.050000e+001 -7.500000e+000  1.350000e+001
      vertex -1.050000e+001  7.500000e+000  1.350000e+001
      vertex -1.011732e+001  7.500000e+000  1.342388e+001
    endloop
  endfacet
  facet normal -1.950899e-001  -0.000000e+000 -9.807854e-001
    outer loop
      vertex -1.050000e+001 -7.500000e+000  1.350000e+001
      vertex -1.011732e+001  7.500000e+000  1.342388e+001
      vertex -1.011732e+001 -7.500000e+000  1.342388e+001
    endloop
  endfacet
  facet normal -5.555714e-001  0.000000e+000 -8.314689e-001
    outer loop
      vertex -1.011732e+001 -7.500000e+000  1.342388e+001
      vertex -1.011732e+001  7.500000e+000  1.342388e+001
      vertex -9.792893e+000  7.500000e+000  1.320711e+001
    endloop
  endfacet
  facet normal -5.555714e-001  -0.000000e+000 -8.314689e-001
    outer loop
      vertex -1.011732e+001 -7.500000e+000  1.342388e+001
      vertex -9.792893e+000  7.500000e+000  1.320711e+001
      vertex -9.792893e+000 -7.500000e+000  1.320711e+001
    endloop
  endfacet
  facet normal -8.314689e-001  0.000000e+000 -5.555714e-001
    outer loop
      vertex -9.792893e+000 -7.500000e+000  1.320711e+001
      vertex -9.792893e+000  7.500000e+000  1.320711e+001
      vertex -9.576120e+000  7.500000e+000  1.288268e+001
    endloop
  endfacet
  facet normal -8.314689e-001  -0.000000e+000 -5.555714e-001
    outer loop
      vertex -9.792893e+000 -7.500000e+000  1.320711e+001
      vertex -9.576120e+000  7.500000e+000  1.288268e+001
      vertex -9.576120e+000 -7.500000e+000  1.288268e+001
    endloop
  endfacet
  facet normal -9.807854e-001  0.000000e+000 -1.950899e-001
    outer loop
      vertex -9.576120e+000 -7.500000e+000  1.288268e+001
      vertex -9.576120e+000  7.500000e+000  1.288268e+001
      vertex -9.500000e+000  7.500000e+000  1.250000e+001
    endloop
  endfacet
  facet normal -9.807854e-001  -0.000000e+000 -1.950899e-001
    outer loop
      vertex -9.576120e+000 -7.500000e+000  1.288268e+001
      vertex -9.500000e+000  7.500000e+000  1.250000e+001
      vertex -9.500000e+000 -7.500000e+000  1.250000e+001
    endloop
  endfacet
  facet normal -1.950899e-001  0.000000e+000  9.807854e-001
    outer loop
      vertex -1.050000e+001  7.500000e+000  1.150000e+001
      vertex -1.011732e+001 -7.500000e+000  1.157612e+001
      vertex -1.011732e+001  7.500000e+000  1.157612e+001
    endloop
  endfacet
  facet normal -5.555714e-001  0.000000e+000  8.314689e-001
    outer loop
      vertex -1.011732e+001  7.500000e+000  1.157612e+001
      vertex -1.011732e+001 -7.500000e+000  1.157612e+001
      vertex -9.792893e+000 -7.500000e+000  1.179289e+001
    endloop
  endfacet
  facet normal -5.555714e-001  0.000000e+000  8.314689e-001
    outer loop
      vertex -1.011732e+001  7.500000e+000  1.157612e+001
      vertex -9.792893e+000 -7.500000e+000  1.179289e+001
      vertex -9.792893e+000  7.500000e+000  1.179289e+001
    endloop
  endfacet
  facet normal -8.314689e-001  0.000000e+000  5.555714e-001
    outer loop
      vertex -9.792893e+000  7.500000e+000  1.179289e+001
      vertex -9.792893e+000 -7.500000e+000  1.179289e+001
      vertex -9.576120e+000 -7.500000e+000  1.211732e+001
    endloop
  endfacet
  facet normal -8.314689e-001  0.000000e+000  5.555714e-001
    outer loop
      vertex -9.792893e+000  7.500000e+000  1.179289e+001
      vertex -9.576120e+000 -7.500000e+000  1.211732e+001
      vertex -9.576120e+000  7.500000e+000  1.211732e+001
    endloop
  endfacet
  facet normal -9.807854e-001  0.000000e+000  1.950899e-001
    outer loop
      vertex -9.576120e+000  7.500000e+000  1.211732e+001
      vertex -9.576120e+000 -7.500000e+000  1.211732e+001
      vertex -9.500000e+000 -7.500000e+000  1.250000e+001
    endloop
  endfacet
  facet normal -9.807854e-001  0.000000e+000  1.950899e-001
    outer loop
      vertex -9.576120e+000  7.500000e+000  1.211732e+001
      vertex -9.500000e+000 -7.500000e+000  1.250000e+001
      vertex -9.500000e+000  7.500000e+000  1.250000e+001
    endloop
  endfacet
  facet normal -1.950899e-001  0.000000e+000  9.807854e-001
    outer loop
      vertex -1.011732e+001 -7.500000e+000  1.157612e+001
      vertex -1.050000e+001  7.500000e+000  1.150000e+001
      vertex -1.050000e+001 -7.500000e+000  1.150000e+001
    endloop
  endfacet
  facet normal  1.950899e-001  -0.000000e+000  9.807854e-001
    outer loop
      vertex -1.050000e+001 -7.500000e+000  1.150000e+001
      vertex -1.050000e+001  7.500000e+000  1.150000e+001
      vertex -1.088268e+001  7.500000e+000  1.157612e+001
    endloop
  endfacet
  facet normal  1.950899e-001  0.000000e+000  9.807854e-001
    outer loop
      vertex -1.050000e+001 -7.500000e+000  1.150000e+001
      vertex -1.088268e+001  7.500000e+000  1.157612e+001
      vertex -1.088268e+001 -7.500000e+000  1.157612e+001
    endloop
  endfacet
  facet normal  5.555714e-001  -0.000000e+000  8.314689e-001
    outer loop
      vertex -1.088268e+001 -7.500000e+000  1.157612e+001
      vertex -1.088268e+001  7.500000e+000  1.157612e+001
      vertex -1.120711e+001  7.500000e+000  1.179289e+001
    endloop
  endfacet
  facet normal  5.555714e-001  0.000000e+000  8.314689e-001
    outer loop
      vertex -1.088268e+001 -7.500000e+000  1.157612e+001
      vertex -1.120711e+001  7.500000e+000  1.179289e+001
      vertex -1.120711e+001 -7.500000e+000  1.179289e+001
    endloop
  endfacet
  facet normal  8.314689e-001  -0.000000e+000  5.555714e-001
    outer loop
      vertex -1.120711e+001 -7.500000e+000  1.179289e+001
      vertex -1.120711e+001  7.500000e+000  1.179289e+001
      vertex -1.142388e+001  7.500000e+000  1.211732e+001
    endloop
  endfacet
  facet normal  8.314689e-001  0.000000e+000  5.555714e-001
    outer loop
      vertex -1.120711e+001 -7.500000e+000  1.179289e+001
      vertex -1.142388e+001  7.500000e+000  1.211732e+001
      vertex -1.142388e+001 -7.500000e+000  1.211732e+001
    endloop
  endfacet
  facet normal  9.807854e-001  -0.000000e+000  1.950899e-001
    outer loop
      vertex -1.142388e+001 -7.500000e+000  1.211732e+001
      vertex -1.142388e+001  7.500000e+000  1.211732e+001
      vertex -1.150000e+001  7.500000e+000  1.250000e+001
    endloop
  endfacet
  facet normal  9.807854e-001  0.000000e+000  1.950899e-001
    outer loop
      vertex -1.142388e+001 -7.500000e+000  1.211732e+001
      vertex -1.150000e+001  7.500000e+000  1.250000e+001
      vertex -1.150000e+001 -7.500000e+000  1.250000e+001
    endloop
  endfacet
  facet normal  -0.000000e+000  0.000000e+000 -1.000000e+000
    outer loop
      vertex  2.376932e+000 -2.729795e+000 -8.000000e+000
      vertex  3.623049e+000 -2.729795e+000 -8.000000e+000
      vertex  2.999990e+000 -2.799996e+000 -8.000000e+000
    endloop
  endfacet
  facet normal  0.000000e+000  0.000000e+000 -1.000000e+000
    outer loop
      vertex  3.623049e+000 -2.729795e+000 -8.000000e+000
      vertex  2.376932e+000 -2.729795e+000 -8.000000e+000
      vertex  4.214865e+000 -2.522709e+000 -8.000000e+000
    endloop
  endfacet
  facet normal  -0.000000e+000  0.000000e+000 -1.000000e+000
    outer loop
      vertex  4.214865e+000 -2.522709e+000 -8.000000e+000
      vertex  2.376932e+000 -2.729795e+000 -8.000000e+000
      vertex  1.785116e+000 -2.522709e+000 -8.000000e+000
    endloop
  endfacet
  facet normal  0.000000e+000  0.000000e+000 -1.000000e+000
    outer loop
      vertex  4.214865e+000 -2.522709e+000 -8.000000e+000
      vertex  1.785116e+000 -2.522709e+000 -8.000000e+000
      vertex  4.745762e+000 -2.189124e+000 -8.000000e+000
    endloop
  endfacet
  facet normal  -0.000000e+000  0.000000e+000 -1.000000e+000
    outer loop
      vertex  4.745762e+000 -2.189124e+000 -8.000000e+000
      vertex  1.785116e+000 -2.522709e+000 -8.000000e+000
      vertex  1.254219e+000 -2.189124e+000 -8.000000e+000
    endloop
  endfacet
  facet normal  0.000000e+000  0.000000e+000 -1.000000e+000
    outer loop
      vertex  4.745762e+000 -2.189124e+000 -8.000000e+000
      vertex  1.254219e+000 -2.189124e+000 -8.000000e+000
      vertex  5.189118e+000 -1.745768e+000 -8.000000e+000
    endloop
  endfacet
  facet normal  -0.000000e+000  0.000000e+000 -1.000000e+000
    outer loop
      vertex  5.189118e+000 -1.745768e+000 -8.000000e+000
      vertex  1.254219e+000 -2.189124e+000 -8.000000e+000
      vertex  8.108623e-001 -1.745768e+000 -8.000000e+000
    endloop
  endfacet
  facet normal  0.000000e+000  0.000000e+000 -1.000000e+000
    outer loop
      vertex  5.189118e+000 -1.745768e+000 -8.000000e+000
      vertex  8.108623e-001 -1.745768e+000 -8.000000e+000
      vertex  5.522703e+000 -1.214871e+000 -8.000000e+000
    endloop
  endfacet
  facet normal  -0.000000e+000  0.000000e+000 -1.000000e+000
    outer loop
      vertex  5.522703e+000 -1.214871e+000 -8.000000e+000
      vertex  8.108623e-001 -1.745768e+000 -8.000000e+000
      vertex  4.772776e-001 -1.214871e+000 -8.000000e+000
    endloop
  endfacet
  facet normal  0.000000e+000  0.000000e+000 -1.000000e+000
    outer loop
      vertex  5.522703e+000 -1.214871e+000 -8.000000e+000
      vertex  4.772776e-001 -1.214871e+000 -8.000000e+000
      vertex  5.729789e+000 -6.230549e-001 -8.000000e+000
    endloop
  endfacet
  facet normal  -0.000000e+000  0.000000e+000 -1.000000e+000
    outer loop
      vertex  5.729789e+000 -6.230549e-001 -8.000000e+000
      vertex  4.772776e-001 -1.214871e+000 -8.000000e+000
      vertex  2.701923e-001 -6.230549e-001 -8.000000e+000
    endloop
  endfacet
  facet normal  0.000000e+000  0.000000e+000 -1.000000e+000
    outer loop
      vertex  5.729789e+000 -6.230549e-001 -8.000000e+000
      vertex  2.701923e-001 -6.230549e-001 -8.000000e+000
      vertex  5.799991e+000  3.693457e-006 -8.000000e+000
    endloop
  endfacet
  facet normal  -0.000000e+000  0.000000e+000 -1.000000e+000
    outer loop
      vertex  5.799991e+000  3.693457e-006 -8.000000e+000
      vertex  2.701923e-001 -6.230549e-001 -8.000000e+000
      vertex  1.999904e-001  3.693457e-006 -8.000000e+000
    endloop
  endfacet
  facet normal  0.000000e+000  0.000000e+000 -1.000000e+000
    outer loop
      vertex  5.799991e+000  3.693457e-006 -8.000000e+000
      vertex  1.999904e-001  3.693457e-006 -8.000000e+000
      vertex  5.729789e+000  6.230623e-001 -8.000000e+000
    endloop
  endfacet
  facet normal  -0.000000e+000  0.000000e+000 -1.000000e+000
    outer loop
      vertex  5.729789e+000  6.230623e-001 -8.000000e+000
      vertex  1.999904e-001  3.693457e-006 -8.000000e+000
      vertex  2.701923e-001  6.230623e-001 -8.000000e+000
    endloop
  endfacet
  facet normal  0.000000e+000  0.000000e+000 -1.000000e+000
    outer loop
      vertex  5.729789e+000  6.230623e-001 -8.000000e+000
      vertex  2.701923e-001  6.230623e-001 -8.000000e+000
      vertex  5.522703e+000  1.214878e+000 -8.000000e+000
    endloop
  endfacet
  facet normal  -0.000000e+000  0.000000e+000 -1.000000e+000
    outer loop
      vertex  5.522703e+000  1.214878e+000 -8.000000e+000
      vertex  2.701923e-001  6.230623e-001 -8.000000e+000
      vertex  4.772776e-001  1.214878e+000 -8.000000e+000
    endloop
  endfacet
  facet normal  0.000000e+000  0.000000e+000 -1.000000e+000
    outer loop
      vertex  5.522703e+000  1.214878e+000 -8.000000e+000
      vertex  4.772776e-001  1.214878e+000 -8.000000e+000
      vertex  5.189118e+000  1.745775e+000 -8.000000e+000
    endloop
  endfacet
  facet normal  -0.000000e+000  0.000000e+000 -1.000000e+000
    outer loop
      vertex  5.189118e+000  1.745775e+000 -8.000000e+000
      vertex  4.772776e-001  1.214878e+000 -8.000000e+000
      vertex  8.108623e-001  1.745775e+000 -8.000000e+000
    endloop
  endfacet
  facet normal  0.000000e+000  0.000000e+000 -1.000000e+000
    outer loop
      vertex  5.189118e+000  1.745775e+000 -8.000000e+000
      vertex  8.108623e-001  1.745775e+000 -8.000000e+000
      vertex  4.745762e+000  2.189132e+000 -8.000000e+000
    endloop
  endfacet
  facet normal  -0.000000e+000  0.000000e+000 -1.000000e+000
    outer loop
      vertex  4.745762e+000  2.189132e+000 -8.000000e+000
      vertex  8.108623e-001  1.745775e+000 -8.000000e+000
      vertex  1.254219e+000  2.189132e+000 -8.000000e+000
    endloop
  endfacet
  facet normal  0.000000e+000  0.000000e+000 -1.000000e+000
    outer loop
      vertex  4.745762e+000  2.189132e+000 -8.000000e+000
      vertex  1.254219e+000  2.189132e+000 -8.000000e+000
      vertex  4.214865e+000  2.522717e+000 -8.000000e+000
    endloop
  endfacet
  facet normal  -0.000000e+000  0.000000e+000 -1.000000e+000
    outer loop
      vertex  4.214865e+000  2.522717e+000 -8.000000e+000
      vertex  1.254219e+000  2.189132e+000 -8.000000e+000
      vertex  1.785116e+000  2.522717e+000 -8.000000e+000
    endloop
  endfacet
  facet normal  0.000000e+000  0.000000e+000 -1.000000e+000
    outer loop
      vertex  4.214865e+000  2.522717e+000 -8.000000e+000
      vertex  1.785116e+000  2.522717e+000 -8.000000e+000
      vertex  3.623049e+000  2.729802e+000 -8.000000e+000
    endloop
  endfacet
  facet normal  -0.000000e+000  0.000000e+000 -1.000000e+000
    outer loop
      vertex  3.623049e+000  2.729802e+000 -8.000000e+000
      vertex  1.785116e+000  2.522717e+000 -8.000000e+000
      vertex  2.376932e+000  2.729802e+000 -8.000000e+000
    endloop
  endfacet
  facet normal  0.000000e+000  0.000000e+000 -1.000000e+000
    outer loop
      vertex  3.623049e+000  2.729802e+000 -8.000000e+000
      vertex  2.376932e+000  2.729802e+000 -8.000000e+000
      vertex  2.999990e+000  2.800004e+000 -8.000000e+000
    endloop
  endfacet
  facet normal  0.000000e+000  0.000000e+000  1.000000e+000
    outer loop
      vertex -8.000000e+000  6.500000e+000  1.000000e+000
      vertex -8.000000e+000 -6.500000e+000  1.000000e+000
      vertex -5.923880e+000  3.826834e-001  1.000000e+000
    endloop
  endfacet
  facet normal  0.000000e+000  -0.000000e+000  1.000000e+000
    outer loop
      vertex -8.000000e+000  6.500000e+000  1.000000e+000
      vertex -5.923880e+000  3.826834e-001  1.000000e+000
      vertex -5.707107e+000  7.071068e-001  1.000000e+000
    endloop
  endfacet
  facet normal  0.000000e+000  -0.000000e+000  1.000000e+000
    outer loop
      vertex -8.000000e+000  6.500000e+000  1.000000e+000
      vertex -5.707107e+000  7.071068e-001  1.000000e+000
      vertex -5.382683e+000  9.238795e-001  1.000000e+000
    endloop
  endfacet
  facet normal  0.000000e+000  -0.000000e+000  1.000000e+000
    outer loop
      vertex -8.000000e+000  6.500000e+000  1.000000e+000
      vertex -5.382683e+000  9.238795e-001  1.000000e+000
      vertex -5.000000e+000  1.000000e+000  1.000000e+000
    endloop
  endfacet
  facet normal  0.000000e+000  -0.000000e+000  9.999999e-001
    outer loop
      vertex -8.000000e+000  6.500000e+000  1.000000e+000
      vertex -5.000000e+000  1.000000e+000  1.000000e+000
      vertex -3.000000e+000  6.500000e+000  1.000000e+000
    endloop
  endfacet
  facet normal  0.000000e+000  -0.000000e+000  1.000000e+000
    outer loop
      vertex -8.000000e+000 -6.500000e+000  1.000000e+000
      vertex -3.000000e+000 -6.500000e+000  1.000000e+000
      vertex -3.000000e+000 -6.000000e+000  1.000000e+000
    endloop
  endfacet
  facet normal  0.000000e+000  0.000000e+000  1.000000e+000
    outer loop
      vertex -8.000000e+000 -6.500000e+000  1.000000e+000
      vertex -3.000000e+000 -6.000000e+000  1.000000e+000
      vertex -5.000000e+000 -1.000000e+000  1.000000e+000
    endloop
  endfacet
  facet normal  0.000000e+000  0.000000e+000  1.000000e+000
    outer loop
      vertex -8.000000e+000 -6.500000e+000  1.000000e+000
      vertex -5.000000e+000 -1.000000e+000  1.000000e+000
      vertex -5.382683e+000 -9.238795e-001  1.000000e+000
    endloop
  endfacet
  facet normal  0.000000e+000  0.000000e+000  1.000000e+000
    outer loop
      vertex -8.000000e+000 -6.500000e+000  1.000000e+000
      vertex -5.382683e+000 -9.238795e-001  1.000000e+000
      vertex -5.707107e+000 -7.071068e-001  1.000000e+000
    endloop
  endfacet
  facet normal  0.000000e+000  0.000000e+000  9.999999e-001
    outer loop
      vertex -8.000000e+000 -6.500000e+000  1.000000e+000
      vertex -5.707107e+000 -7.071068e-001  1.000000e+000
      vertex -5.923880e+000 -3.826834e-001  1.000000e+000
    endloop
  endfacet
  facet normal  0.000000e+000  0.000000e+000  1.000000e+000
    outer loop
      vertex -8.000000e+000 -6.500000e+000  1.000000e+000
      vertex -5.923880e+000 -3.826834e-001  1.000000e+000
      vertex -6.000000e+000 -5.207844e-016  1.000000e+000
    endloop
  endfacet
  facet normal  0.000000e+000  -0.000000e+000  1.000000e+000
    outer loop
      vertex -8.000000e+000 -6.500000e+000  1.000000e+000
      vertex -6.000000e+000 -5.207844e-016  1.000000e+000
      vertex -5.923880e+000  3.826834e-001  1.000000e+000
    endloop
  endfacet
  facet normal  0.000000e+000  0.000000e+000  1.000000e+000
    outer loop
      vertex  1.700000e+001 -6.000000e+000  1.000000e+000
      vertex  1.700000e+001  6.000000e+000  1.000000e+000
      vertex -4.617317e+000  9.238795e-001  1.000000e+000
    endloop
  endfacet
  facet normal  0.000000e+000  0.000000e+000  1.000000e+000
    outer loop
      vertex  1.700000e+001 -6.000000e+000  1.000000e+000
      vertex -4.617317e+000  9.238795e-001  1.000000e+000
      vertex -4.292893e+000  7.071068e-001  1.000000e+000
    endloop
  endfacet
  facet normal  0.000000e+000  0.000000e+000  1.000000e+000
    outer loop
      vertex  1.700000e+001 -6.000000e+000  1.000000e+000
      vertex -4.292893e+000  7.071068e-001  1.000000e+000
      vertex -4.076120e+000  3.826834e-001  1.000000e+000
    endloop
  endfacet
  facet normal  0.000000e+000  0.000000e+000  9.999999e-001
    outer loop
      vertex  1.700000e+001 -6.000000e+000  1.000000e+000
      vertex -4.076120e+000  3.826834e-001  1.000000e+000
      vertex -4.000000e+000 -4.898587e-016  1.000000e+000
    endloop
  endfacet
  facet normal  0.000000e+000  0.000000e+000  1.000000e+000
    outer loop
      vertex  1.700000e+001 -6.000000e+000  1.000000e+000
      vertex -4.000000e+000 -4.898587e-016  1.000000e+000
      vertex -4.076120e+000 -3.826834e-001  1.000000e+000
    endloop
  endfacet
  facet normal  0.000000e+000  0.000000e+000  1.000000e+000
    outer loop
      vertex  1.700000e+001 -6.000000e+000  1.000000e+000
      vertex -4.076120e+000 -3.826834e-001  1.000000e+000
      vertex -4.292893e+000 -7.071068e-001  1.000000e+000
    endloop
  endfacet
  facet normal  0.000000e+000  0.000000e+000  1.000000e+000
    outer loop
      vertex  1.700000e+001 -6.000000e+000  1.000000e+000
      vertex -4.292893e+000 -7.071068e-001  1.000000e+000
      vertex -4.617317e+000 -9.238795e-001  1.000000e+000
    endloop
  endfacet
  facet normal  0.000000e+000  0.000000e+000  1.000000e+000
    outer loop
      vertex  1.700000e+001 -6.000000e+000  1.000000e+000
      vertex -4.617317e+000 -9.238795e-001  1.000000e+000
      vertex -5.000000e+000 -1.000000e+000  1.000000e+000
    endloop
  endfacet
  facet normal  0.000000e+000  0.000000e+000  1.000000e+000
    outer loop
      vertex  1.700000e+001 -6.000000e+000  1.000000e+000
      vertex -5.000000e+000 -1.000000e+000  1.000000e+000
      vertex -3.000000e+000 -6.000000e+000  1.000000e+000
    endloop
  endfacet
  facet normal  0.000000e+000  0.000000e+000  1.000000e+000
    outer loop
      vertex -4.617317e+000  9.238795e-001  1.000000e+000
      vertex  1.700000e+001  6.000000e+000  1.000000e+000
      vertex -5.000000e+000  1.000000e+000  1.000000e+000
    endloop
  endfacet
  facet normal  0.000000e+000  0.000000e+000  1.000000e+000
    outer loop
      vertex -5.000000e+000  1.000000e+000  1.000000e+000
      vertex  1.700000e+001  6.000000e+000  1.000000e+000
      vertex -3.000000e+000  6.000000e+000  1.000000e+000
    endloop
  endfacet
  facet normal  0.000000e+000  -0.000000e+000  1.000000e+000
    outer loop
      vertex -5.000000e+000  1.000000e+000  1.000000e+000
      vertex -3.000000e+000  6.000000e+000  1.000000e+000
      vertex -3.000000e+000  6.500000e+000  1.000000e+000
    endloop
  endfacet
  facet normal  -0.000000e+000  -0.000000e+000 -1.000000e+000
    outer loop
      vertex -8.000000e+000  6.500000e+000  6.000000e+000
      vertex -3.000000e+000  6.500000e+000  6.000000e+000
      vertex -3.000000e+000  6.000000e+000  6.000000e+000
    endloop
  endfacet
  facet normal  0.000000e+000  0.000000e+000 -1.000000e+000
    outer loop
      vertex -8.000000e+000  6.500000e+000  6.000000e+000
      vertex -3.000000e+000  6.000000e+000  6.000000e+000
      vertex -3.500000e+000  6.000000e+000  6.000000e+000
    endloop
  endfacet
  facet normal  -0.000000e+000  0.000000e+000 -1.000000e+000
    outer loop
      vertex -8.000000e+000  6.500000e+000  6.000000e+000
      vertex -3.500000e+000  6.000000e+000  6.000000e+000
      vertex -5.923880e+000  3.826834e-001  6.000000e+000
    endloop
  endfacet
  facet normal  -0.000000e+000  0.000000e+000 -1.000000e+000
    outer loop
      vertex -8.000000e+000  6.500000e+000  6.000000e+000
      vertex -5.923880e+000  3.826834e-001  6.000000e+000
      vertex -6.000000e+000  3.673940e-016  6.000000e+000
    endloop
  endfacet
  facet normal  0.000000e+000  0.000000e+000 -1.000000e+000
    outer loop
      vertex -8.000000e+000 -6.500000e+000  6.000000e+000
      vertex -8.000000e+000  6.500000e+000  6.000000e+000
      vertex -6.000000e+000  3.673940e-016  6.000000e+000
    endloop
  endfacet
  facet normal  0.000000e+000  -0.000000e+000 -1.000000e+000
    outer loop
      vertex -8.000000e+000 -6.500000e+000  6.000000e+000
      vertex -6.000000e+000  3.673940e-016  6.000000e+000
      vertex -5.923880e+000 -3.826834e-001  6.000000e+000
    endloop
  endfacet
  facet normal  0.000000e+000  -0.000000e+000 -1.000000e+000
    outer loop
      vertex -8.000000e+000 -6.500000e+000  6.000000e+000
      vertex -5.923880e+000 -3.826834e-001  6.000000e+000
      vertex -3.500000e+000 -6.000000e+000  6.000000e+000
    endloop
  endfacet
  facet normal  0.000000e+000  -0.000000e+000 -1.000000e+000
    outer loop
      vertex -8.000000e+000 -6.500000e+000  6.000000e+000
      vertex -3.500000e+000 -6.000000e+000  6.000000e+000
      vertex -3.000000e+000 -6.000000e+000  6.000000e+000
    endloop
  endfacet
  facet normal  0.000000e+000  -0.000000e+000 -1.000000e+000
    outer loop
      vertex -8.000000e+000 -6.500000e+000  6.000000e+000
      vertex -3.000000e+000 -6.000000e+000  6.000000e+000
      vertex -3.000000e+000 -6.500000e+000  6.000000e+000
    endloop
  endfacet
  facet normal  0.000000e+000  0.000000e+000 -9.999999e-001
    outer loop
      vertex -3.500000e+000 -6.000000e+000  6.000000e+000
      vertex -5.923880e+000 -3.826834e-001  6.000000e+000
      vertex -5.707107e+000 -7.071068e-001  6.000000e+000
    endloop
  endfacet
  facet normal  0.000000e+000  0.000000e+000 -1.000000e+000
    outer loop
      vertex -3.500000e+000 -6.000000e+000  6.000000e+000
      vertex -5.707107e+000 -7.071068e-001  6.000000e+000
      vertex -5.382683e+000 -9.238795e-001  6.000000e+000
    endloop
  endfacet
  facet normal  0.000000e+000  0.000000e+000 -1.000000e+000
    outer loop
      vertex -3.500000e+000 -6.000000e+000  6.000000e+000
      vertex -5.382683e+000 -9.238795e-001  6.000000e+000
      vertex -5.000000e+000 -1.000000e+000  6.000000e+000
    endloop
  endfacet
  facet normal  0.000000e+000  0.000000e+000 -1.000000e+000
    outer loop
      vertex -3.500000e+000 -6.000000e+000  6.000000e+000
      vertex -5.000000e+000 -1.000000e+000  6.000000e+000
      vertex -4.617317e+000 -9.238795e-001  6.000000e+000
    endloop
  endfacet
  facet normal  0.000000e+000  0.000000e+000 -9.999999e-001
    outer loop
      vertex -3.500000e+000 -6.000000e+000  6.000000e+000
      vertex -4.617317e+000 -9.238795e-001  6.000000e+000
      vertex -4.292893e+000 -7.071068e-001  6.000000e+000
    endloop
  endfacet
  facet normal  0.000000e+000  0.000000e+000 -1.000000e+000
    outer loop
      vertex -3.500000e+000 -6.000000e+000  6.000000e+000
      vertex -4.292893e+000 -7.071068e-001  6.000000e+000
      vertex -4.076120e+000 -3.826834e-001  6.000000e+000
    endloop
  endfacet
  facet normal  0.000000e+000  0.000000e+000 -1.000000e+000
    outer loop
      vertex -3.500000e+000 -6.000000e+000  6.000000e+000
      vertex -4.076120e+000 -3.826834e-001  6.000000e+000
      vertex -4.000000e+000 -4.898587e-016  6.000000e+000
    endloop
  endfacet
  facet normal  0.000000e+000  0.000000e+000 -1.000000e+000
    outer loop
      vertex -3.500000e+000 -6.000000e+000  6.000000e+000
      vertex -4.000000e+000 -4.898587e-016  6.000000e+000
      vertex -3.500000e+000  6.000000e+000  6.000000e+000
    endloop
  endfacet
  facet normal  0.000000e+000  0.000000e+000 -1.000000e+000
    outer loop
      vertex -3.500000e+000  6.000000e+000  6.000000e+000
      vertex -4.000000e+000 -4.898587e-016  6.000000e+000
      vertex -4.076120e+000  3.826834e-001  6.000000e+000
    endloop
  endfacet
  facet normal  0.000000e+000  0.000000e+000 -1.000000e+000
    outer loop
      vertex -3.500000e+000  6.000000e+000  6.000000e+000
      vertex -4.076120e+000  3.826834e-001  6.000000e+000
      vertex -4.292893e+000  7.071068e-001  6.000000e+000
    endloop
  endfacet
  facet normal  0.000000e+000  0.000000e+000 -9.999999e-001
    outer loop
      vertex -3.500000e+000  6.000000e+000  6.000000e+000
      vertex -4.292893e+000  7.071068e-001  6.000000e+000
      vertex -4.617317e+000  9.238795e-001  6.000000e+000
    endloop
  endfacet
  facet normal  0.000000e+000  0.000000e+000 -1.000000e+000
    outer loop
      vertex -3.500000e+000  6.000000e+000  6.000000e+000
      vertex -4.617317e+000  9.238795e-001  6.000000e+000
      vertex -5.000000e+000  1.000000e+000  6.000000e+000
    endloop
  endfacet
  facet normal  -0.000000e+000  0.000000e+000 -1.000000e+000
    outer loop
      vertex -3.500000e+000  6.000000e+000  6.000000e+000
      vertex -5.000000e+000  1.000000e+000  6.000000e+000
      vertex -5.382683e+000  9.238795e-001  6.000000e+000
    endloop
  endfacet
  facet normal  -0.000000e+000  0.000000e+000 -1.000000e+000
    outer loop
      vertex -3.500000e+000  6.000000e+000  6.000000e+000
      vertex -5.382683e+000  9.238795e-001  6.000000e+000
      vertex -5.707107e+000  7.071068e-001  6.000000e+000
    endloop
  endfacet
  facet normal  -0.000000e+000  0.000000e+000 -1.000000e+000
    outer loop
      vertex -3.500000e+000  6.000000e+000  6.000000e+000
      vertex -5.707107e+000  7.071068e-001  6.000000e+000
      vertex -5.923880e+000  3.826834e-001  6.000000e+000
    endloop
  endfacet
  facet normal  1.950905e-001 -9.807853e-001  0.000000e+000
    outer loop
      vertex -5.000000e+000  1.000000e+000  6.000000e+000
      vertex -5.382683e+000  9.238795e-001  1.850000e+001
      vertex -5.382683e+000  9.238795e-001  6.000000e+000
    endloop
  endfacet
  facet normal  5.555702e-001 -8.314696e-001  0.000000e+000
    outer loop
      vertex -5.382683e+000  9.238795e-001  6.000000e+000
      vertex -5.382683e+000  9.238795e-001  1.850000e+001
      vertex -5.707107e+000  7.071068e-001  1.850000e+001
    endloop
  endfacet
  facet normal  5.555702e-001 -8.314696e-001  0.000000e+000
    outer loop
      vertex -5.382683e+000  9.238795e-001  6.000000e+000
      vertex -5.707107e+000  7.071068e-001  1.850000e+001
      vertex -5.707107e+000  7.071068e-001  6.000000e+000
    endloop
  endfacet
  facet normal  8.314693e-001 -5.555708e-001  0.000000e+000
    outer loop
      vertex -5.707107e+000  7.071068e-001  6.000000e+000
      vertex -5.707107e+000  7.071068e-001  1.850000e+001
      vertex -5.923880e+000  3.826834e-001  1.850000e+001
    endloop
  endfacet
  facet normal  8.314693e-001 -5.555708e-001  0.000000e+000
    outer loop
      vertex -5.707107e+000  7.071068e-001  6.000000e+000
      vertex -5.923880e+000  3.826834e-001  1.850000e+001
      vertex -5.923880e+000  3.826834e-001  6.000000e+000
    endloop
  endfacet
  facet normal  9.807854e-001 -1.950901e-001  0.000000e+000
    outer loop
      vertex -5.923880e+000  3.826834e-001  6.000000e+000
      vertex -5.923880e+000  3.826834e-001  1.850000e+001
      vertex -6.000000e+000 -5.207844e-016  1.850000e+001
    endloop
  endfacet
  facet normal  9.807854e-001 -1.950901e-001 -1.386199e-017
    outer loop
      vertex -5.923880e+000  3.826834e-001  6.000000e+000
      vertex -6.000000e+000 -5.207844e-016  1.850000e+001
      vertex -6.000000e+000  3.673940e-016  6.000000e+000
    endloop
  endfacet
  facet normal  1.950905e-001 -9.807853e-001  0.000000e+000
    outer loop
      vertex -5.382683e+000  9.238795e-001  1.850000e+001
      vertex -5.000000e+000  1.000000e+000  6.000000e+000
      vertex -5.000000e+000  1.000000e+000  1.850000e+001
    endloop
  endfacet
  facet normal -1.950905e-001 -9.807853e-001  -0.000000e+000
    outer loop
      vertex -5.000000e+000  1.000000e+000  1.850000e+001
      vertex -5.000000e+000  1.000000e+000  6.000000e+000
      vertex -4.617317e+000  9.238795e-001  6.000000e+000
    endloop
  endfacet
  facet normal -1.950905e-001 -9.807853e-001  0.000000e+000
    outer loop
      vertex -5.000000e+000  1.000000e+000  1.850000e+001
      vertex -4.617317e+000  9.238795e-001  6.000000e+000
      vertex -4.617317e+000  9.238795e-001  1.850000e+001
    endloop
  endfacet
  facet normal -5.555702e-001 -8.314696e-001  -0.000000e+000
    outer loop
      vertex -4.617317e+000  9.238795e-001  1.850000e+001
      vertex -4.617317e+000  9.238795e-001  6.000000e+000
      vertex -4.292893e+000  7.071068e-001  6.000000e+000
    endloop
  endfacet
  facet normal -5.555702e-001 -8.314696e-001  0.000000e+000
    outer loop
      vertex -4.617317e+000  9.238795e-001  1.850000e+001
      vertex -4.292893e+000  7.071068e-001  6.000000e+000
      vertex -4.292893e+000  7.071068e-001  1.850000e+001
    endloop
  endfacet
  facet normal -8.314693e-001 -5.555708e-001  -0.000000e+000
    outer loop
      vertex -4.292893e+000  7.071068e-001  1.850000e+001
      vertex -4.292893e+000  7.071068e-001  6.000000e+000
      vertex -4.076120e+000  3.826834e-001  6.000000e+000
    endloop
  endfacet
  facet normal -8.314693e-001 -5.555708e-001  0.000000e+000
    outer loop
      vertex -4.292893e+000  7.071068e-001  1.850000e+001
      vertex -4.076120e+000  3.826834e-001  6.000000e+000
      vertex -4.076120e+000  3.826834e-001  1.850000e+001
    endloop
  endfacet
  facet normal -9.807854e-001 -1.950901e-001  -0.000000e+000
    outer loop
      vertex -4.076120e+000  3.826834e-001  1.850000e+001
      vertex -4.076120e+000  3.826834e-001  6.000000e+000
      vertex -4.000000e+000 -4.898587e-016  6.000000e+000
    endloop
  endfacet
  facet normal -9.807854e-001 -1.950901e-001  0.000000e+000
    outer loop
      vertex -4.076120e+000  3.826834e-001  1.850000e+001
      vertex -4.000000e+000 -4.898587e-016  6.000000e+000
      vertex -4.000000e+000 -4.898587e-016  1.850000e+001
    endloop
  endfacet
  facet normal -1.950905e-001  9.807853e-001  0.000000e+000
    outer loop
      vertex -5.000000e+000 -1.000000e+000  6.000000e+000
      vertex -4.617317e+000 -9.238795e-001  1.850000e+001
      vertex -4.617317e+000 -9.238795e-001  6.000000e+000
    endloop
  endfacet
  facet normal -5.555702e-001  8.314696e-001  0.000000e+000
    outer loop
      vertex -4.617317e+000 -9.238795e-001  6.000000e+000
      vertex -4.617317e+000 -9.238795e-001  1.850000e+001
      vertex -4.292893e+000 -7.071068e-001  1.850000e+001
    endloop
  endfacet
  facet normal -5.555702e-001  8.314696e-001  0.000000e+000
    outer loop
      vertex -4.617317e+000 -9.238795e-001  6.000000e+000
      vertex -4.292893e+000 -7.071068e-001  1.850000e+001
      vertex -4.292893e+000 -7.071068e-001  6.000000e+000
    endloop
  endfacet
  facet normal -8.314693e-001  5.555708e-001  0.000000e+000
    outer loop
      vertex -4.292893e+000 -7.071068e-001  6.000000e+000
      vertex -4.292893e+000 -7.071068e-001  1.850000e+001
      vertex -4.076120e+000 -3.826834e-001  1.850000e+001
    endloop
  endfacet
  facet normal -8.314693e-001  5.555708e-001  0.000000e+000
    outer loop
      vertex -4.292893e+000 -7.071068e-001  6.000000e+000
      vertex -4.076120e+000 -3.826834e-001  1.850000e+001
      vertex -4.076120e+000 -3.826834e-001  6.000000e+000
    endloop
  endfacet
  facet normal -9.807854e-001  1.950901e-001  0.000000e+000
    outer loop
      vertex -4.076120e+000 -3.826834e-001  6.000000e+000
      vertex -4.076120e+000 -3.826834e-001  1.850000e+001
      vertex -4.000000e+000 -4.898587e-016  1.850000e+001
    endloop
  endfacet
  facet normal -9.807854e-001  1.950901e-001  0.000000e+000
    outer loop
      vertex -4.076120e+000 -3.826834e-001  6.000000e+000
      vertex -4.000000e+000 -4.898587e-016  1.850000e+001
      vertex -4.000000e+000 -4.898587e-016  6.000000e+000
    endloop
  endfacet
  facet normal -1.950905e-001  9.807853e-001  0.000000e+000
    outer loop
      vertex -4.617317e+000 -9.238795e-001  1.850000e+001
      vertex -5.000000e+000 -1.000000e+000  6.000000e+000
      vertex -5.000000e+000 -1.000000e+000  1.850000e+001
    endloop
  endfacet
  facet normal  1.950905e-001  9.807853e-001  0.000000e+000
    outer loop
      vertex -5.000000e+000 -1.000000e+000  1.850000e+001
      vertex -5.000000e+000 -1.000000e+000  6.000000e+000
      vertex -5.382683e+000 -9.238795e-001  6.000000e+000
    endloop
  endfacet
  facet normal  1.950905e-001  9.807853e-001  -0.000000e+000
    outer loop
      vertex -5.000000e+000 -1.000000e+000  1.850000e+001
      vertex -5.382683e+000 -9.238795e-001  6.000000e+000
      vertex -5.382683e+000 -9.238795e-001  1.850000e+001
    endloop
  endfacet
  facet normal  5.555702e-001  8.314696e-001  0.000000e+000
    outer loop
      vertex -5.382683e+000 -9.238795e-001  1.850000e+001
      vertex -5.382683e+000 -9.238795e-001  6.000000e+000
      vertex -5.707107e+000 -7.071068e-001  6.000000e+000
    endloop
  endfacet
  facet normal  5.555702e-001  8.314696e-001  -0.000000e+000
    outer loop
      vertex -5.382683e+000 -9.238795e-001  1.850000e+001
      vertex -5.707107e+000 -7.071068e-001  6.000000e+000
      vertex -5.707107e+000 -7.071068e-001  1.850000e+001
    endloop
  endfacet
  facet normal  8.314693e-001  5.555708e-001  0.000000e+000
    outer loop
      vertex -5.707107e+000 -7.071068e-001  1.850000e+001
      vertex -5.707107e+000 -7.071068e-001  6.000000e+000
      vertex -5.923880e+000 -3.826834e-001  6.000000e+000
    endloop
  endfacet
  facet normal  8.314693e-001  5.555708e-001  -0.000000e+000
    outer loop
      vertex -5.707107e+000 -7.071068e-001  1.850000e+001
      vertex -5.923880e+000 -3.826834e-001  6.000000e+000
      vertex -5.923880e+000 -3.826834e-001  1.850000e+001
    endloop
  endfacet
  facet normal  9.807854e-001  1.950901e-001  0.000000e+000
    outer loop
      vertex -5.923880e+000 -3.826834e-001  1.850000e+001
      vertex -5.923880e+000 -3.826834e-001  6.000000e+000
      vertex -6.000000e+000  3.673940e-016  6.000000e+000
    endloop
  endfacet
  facet normal  9.807854e-001  1.950901e-001  1.386199e-017
    outer loop
      vertex -5.923880e+000 -3.826834e-001  1.850000e+001
      vertex -6.000000e+000  3.673940e-016  6.000000e+000
      vertex -6.000000e+000 -5.207844e-016  1.850000e+001
    endloop
  endfacet
  facet normal  1.950905e-001 -9.807853e-001  0.000000e+000
    outer loop
      vertex -5.000000e+000  1.000000e+000  0.000000e+000
      vertex -5.382683e+000  9.238795e-001  1.000000e+000
      vertex -5.382683e+000  9.238795e-001  0.000000e+000
    endloop
  endfacet
  facet normal  5.555702e-001 -8.314697e-001  0.000000e+000
    outer loop
      vertex -5.382683e+000  9.238795e-001  0.000000e+000
      vertex -5.382683e+000  9.238795e-001  1.000000e+000
      vertex -5.707107e+000  7.071068e-001  1.000000e+000
    endloop
  endfacet
  facet normal  5.555702e-001 -8.314697e-001  0.000000e+000
    outer loop
      vertex -5.382683e+000  9.238795e-001  0.000000e+000
      vertex -5.707107e+000  7.071068e-001  1.000000e+000
      vertex -5.707107e+000  7.071068e-001  0.000000e+000
    endloop
  endfacet
  facet normal  8.314692e-001 -5.555707e-001  0.000000e+000
    outer loop
      vertex -5.707107e+000  7.071068e-001  0.000000e+000
      vertex -5.707107e+000  7.071068e-001  1.000000e+000
      vertex -5.923880e+000  3.826834e-001  1.000000e+000
    endloop
  endfacet
  facet normal  8.314692e-001 -5.555707e-001  0.000000e+000
    outer loop
      vertex -5.707107e+000  7.071068e-001  0.000000e+000
      vertex -5.923880e+000  3.826834e-001  1.000000e+000
      vertex -5.923880e+000  3.826834e-001  0.000000e+000
    endloop
  endfacet
  facet normal  9.807853e-001 -1.950901e-001  0.000000e+000
    outer loop
      vertex -5.923880e+000  3.826834e-001  0.000000e+000
      vertex -5.923880e+000  3.826834e-001  1.000000e+000
      vertex -6.000000e+000 -5.207844e-016  1.000000e+000
    endloop
  endfacet
  facet normal  9.807853e-001 -1.950901e-001 -1.732748e-016
    outer loop
      vertex -5.923880e+000  3.826834e-001  0.000000e+000
      vertex -6.000000e+000 -5.207844e-016  1.000000e+000
      vertex -6.000000e+000  3.673940e-016  0.000000e+000
    endloop
  endfacet
  facet normal  1.950905e-001 -9.807853e-001  0.000000e+000
    outer loop
      vertex -5.382683e+000  9.238795e-001  1.000000e+000
      vertex -5.000000e+000  1.000000e+000  0.000000e+000
      vertex -5.000000e+000  1.000000e+000  1.000000e+000
    endloop
  endfacet
  facet normal -1.950905e-001 -9.807853e-001  -0.000000e+000
    outer loop
      vertex -5.000000e+000  1.000000e+000  1.000000e+000
      vertex -5.000000e+000  1.000000e+000  0.000000e+000
      vertex -4.617317e+000  9.238795e-001  0.000000e+000
    endloop
  endfacet
  facet normal -1.950905e-001 -9.807853e-001  0.000000e+000
    outer loop
      vertex -5.000000e+000  1.000000e+000  1.000000e+000
      vertex -4.617317e+000  9.238795e-001  0.000000e+000
      vertex -4.617317e+000  9.238795e-001  1.000000e+000
    endloop
  endfacet
  facet normal -5.555702e-001 -8.314697e-001  -0.000000e+000
    outer loop
      vertex -4.617317e+000  9.238795e-001  1.000000e+000
      vertex -4.617317e+000  9.238795e-001  0.000000e+000
      vertex -4.292893e+000  7.071068e-001  0.000000e+000
    endloop
  endfacet
  facet normal -5.555702e-001 -8.314697e-001  0.000000e+000
    outer loop
      vertex -4.617317e+000  9.238795e-001  1.000000e+000
      vertex -4.292893e+000  7.071068e-001  0.000000e+000
      vertex -4.292893e+000  7.071068e-001  1.000000e+000
    endloop
  endfacet
  facet normal -8.314692e-001 -5.555707e-001  -0.000000e+000
    outer loop
      vertex -4.292893e+000  7.071068e-001  1.000000e+000
      vertex -4.292893e+000  7.071068e-001  0.000000e+000
      vertex -4.076120e+000  3.826834e-001  0.000000e+000
    endloop
  endfacet
  facet normal -8.314692e-001 -5.555707e-001  0.000000e+000
    outer loop
      vertex -4.292893e+000  7.071068e-001  1.000000e+000
      vertex -4.076120e+000  3.826834e-001  0.000000e+000
      vertex -4.076120e+000  3.826834e-001  1.000000e+000
    endloop
  endfacet
  facet normal -9.807853e-001 -1.950901e-001  -0.000000e+000
    outer loop
      vertex -4.076120e+000  3.826834e-001  1.000000e+000
      vertex -4.076120e+000  3.826834e-001  0.000000e+000
      vertex -4.000000e+000 -4.898587e-016  0.000000e+000
    endloop
  endfacet
  facet normal -9.807853e-001 -1.950901e-001  0.000000e+000
    outer loop
      vertex -4.076120e+000  3.826834e-001  1.000000e+000
      vertex -4.000000e+000 -4.898587e-016  0.000000e+000
      vertex -4.000000e+000 -4.898587e-016  1.000000e+000
    endloop
  endfacet
  facet normal -1.950905e-001  9.807853e-001  0.000000e+000
    outer loop
      vertex -5.000000e+000 -1.000000e+000  0.000000e+000
      vertex -4.617317e+000 -9.238795e-001  1.000000e+000
      vertex -4.617317e+000 -9.238795e-001  0.000000e+000
    endloop
  endfacet
  facet normal -5.555702e-001  8.314697e-001  0.000000e+000
    outer loop
      vertex -4.617317e+000 -9.238795e-001  0.000000e+000
      vertex -4.617317e+000 -9.238795e-001  1.000000e+000
      vertex -4.292893e+000 -7.071068e-001  1.000000e+000
    endloop
  endfacet
  facet normal -5.555702e-001  8.314697e-001  0.000000e+000
    outer loop
      vertex -4.617317e+000 -9.238795e-001  0.000000e+000
      vertex -4.292893e+000 -7.071068e-001  1.000000e+000
      vertex -4.292893e+000 -7.071068e-001  0.000000e+000
    endloop
  endfacet
  facet normal -8.314692e-001  5.555707e-001  0.000000e+000
    outer loop
      vertex -4.292893e+000 -7.071068e-001  0.000000e+000
      vertex -4.292893e+000 -7.071068e-001  1.000000e+000
      vertex -4.076120e+000 -3.826834e-001  1.000000e+000
    endloop
  endfacet
  facet normal -8.314692e-001  5.555707e-001  0.000000e+000
    outer loop
      vertex -4.292893e+000 -7.071068e-001  0.000000e+000
      vertex -4.076120e+000 -3.826834e-001  1.000000e+000
      vertex -4.076120e+000 -3.826834e-001  0.000000e+000
    endloop
  endfacet
  facet normal -9.807853e-001  1.950901e-001  0.000000e+000
    outer loop
      vertex -4.076120e+000 -3.826834e-001  0.000000e+000
      vertex -4.076120e+000 -3.826834e-001  1.000000e+000
      vertex -4.000000e+000 -4.898587e-016  1.000000e+000
    endloop
  endfacet
  facet normal -9.807853e-001  1.950901e-001  0.000000e+000
    outer loop
      vertex -4.076120e+000 -3.826834e-001  0.000000e+000
      vertex -4.000000e+000 -4.898587e-016  1.000000e+000
      vertex -4.000000e+000 -4.898587e-016  0.000000e+000
    endloop
  endfacet
  facet normal -1.950905e-001  9.807853e-001  0.000000e+000
    outer loop
      vertex -4.617317e+000 -9.238795e-001  1.000000e+000
      vertex -5.000000e+000 -1.000000e+000  0.000000e+000
      vertex -5.000000e+000 -1.000000e+000  1.000000e+000
    endloop
  endfacet
  facet normal  1.950905e-001  9.807853e-001  0.000000e+000
    outer loop
      vertex -5.000000e+000 -1.000000e+000  1.000000e+000
      vertex -5.000000e+000 -1.000000e+000  0.000000e+000
      vertex -5.382683e+000 -9.238795e-001  0.000000e+000
    endloop
  endfacet
  facet normal  1.950905e-001  9.807853e-001  -0.000000e+000
    outer loop
      vertex -5.000000e+000 -1.000000e+000  1.000000e+000
      vertex -5.382683e+000 -9.238795e-001  0.000000e+000
      vertex -5.382683e+000 -9.238795e-001  1.000000e+000
    endloop
  endfacet
  facet normal  5.555702e-001  8.314697e-001  0.000000e+000
    outer loop
      vertex -5.382683e+000 -9.238795e-001  1.000000e+000
      vertex -5.382683e+000 -9.238795e-001  0.000000e+000
      vertex -5.707107e+000 -7.071068e-001  0.000000e+000
    endloop
  endfacet
  facet normal  5.555702e-001  8.314697e-001  -0.000000e+000
    outer loop
      vertex -5.382683e+000 -9.238795e-001  1.000000e+000
      vertex -5.707107e+000 -7.071068e-001  0.000000e+000
      vertex -5.707107e+000 -7.071068e-001  1.000000e+000
    endloop
  endfacet
  facet normal  8.314692e-001  5.555707e-001  0.000000e+000
    outer loop
      vertex -5.707107e+000 -7.071068e-001  1.000000e+000
      vertex -5.707107e+000 -7.071068e-001  0.000000e+000
      vertex -5.923880e+000 -3.826834e-001  0.000000e+000
    endloop
  endfacet
  facet normal  8.314692e-001  5.555707e-001  -0.000000e+000
    outer loop
      vertex -5.707107e+000 -7.071068e-001  1.000000e+000
      vertex -5.923880e+000 -3.826834e-001  0.000000e+000
      vertex -5.923880e+000 -3.826834e-001  1.000000e+000
    endloop
  endfacet
  facet normal  9.807853e-001  1.950901e-001  0.000000e+000
    outer loop
      vertex -5.923880e+000 -3.826834e-001  1.000000e+000
      vertex -5.923880e+000 -3.826834e-001  0.000000e+000
      vertex -6.000000e+000  3.673940e-016  0.000000e+000
    endloop
  endfacet
  facet normal  9.807853e-001  1.950901e-001  1.732748e-016
    outer loop
      vertex -5.923880e+000 -3.826834e-001  1.000000e+000
      vertex -6.000000e+000  3.673940e-016  0.000000e+000
      vertex -6.000000e+000 -5.207844e-016  1.000000e+000
    endloop
  endfacet
  facet normal  0.000000e+000 -1.000000e+000  0.000000e+000
    outer loop
      vertex -3.000000e+000  6.500000e+000  6.000000e+000
      vertex -8.000000e+000  6.500000e+000  6.000000e+000
      vertex -3.000000e+000  6.500000e+000  1.000000e+000
    endloop
  endfacet
  facet normal  0.000000e+000 -1.000000e+000  0.000000e+000
    outer loop
      vertex -3.000000e+000  6.500000e+000  1.000000e+000
      vertex -8.000000e+000  6.500000e+000  6.000000e+000
      vertex -8.000000e+000  6.500000e+000  1.000000e+000
    endloop
  endfacet
  facet normal  0.000000e+000  1.000000e+000  0.000000e+000
    outer loop
      vertex -8.000000e+000 -6.500000e+000  6.000000e+000
      vertex -3.000000e+000 -6.500000e+000  6.000000e+000
      vertex -8.000000e+000 -6.500000e+000  1.000000e+000
    endloop
  endfacet
  facet normal  0.000000e+000  1.000000e+000  0.000000e+000
    outer loop
      vertex -8.000000e+000 -6.500000e+000  1.000000e+000
      vertex -3.000000e+000 -6.500000e+000  6.000000e+000
      vertex -3.000000e+000 -6.500000e+000  1.000000e+000
    endloop
  endfacet
  facet normal -1.000000e+000  0.000000e+000  0.000000e+000
    outer loop
      vertex -3.000000e+000 -6.000000e+000  6.000000e+000
      vertex -3.000000e+000 -6.000000e+000  1.000000e+000
      vertex -3.000000e+000 -6.500000e+000  6.000000e+000
    endloop
  endfacet
  facet normal -1.000000e+000  0.000000e+000  0.000000e+000
    outer loop
      vertex -3.000000e+000 -6.500000e+000  6.000000e+000
      vertex -3.000000e+000 -6.000000e+000  1.000000e+000
      vertex -3.000000e+000 -6.500000e+000  1.000000e+000
    endloop
  endfacet
  facet normal -1.000000e+000  0.000000e+000  0.000000e+000
    outer loop
      vertex -3.000000e+000  6.500000e+000  6.000000e+000
      vertex -3.000000e+000  6.500000e+000  1.000000e+000
      vertex -3.000000e+000  6.000000e+000  6.000000e+000
    endloop
  endfacet
  facet normal -1.000000e+000  0.000000e+000  0.000000e+000
    outer loop
      vertex -3.000000e+000  6.000000e+000  6.000000e+000
      vertex -3.000000e+000  6.500000e+000  1.000000e+000
      vertex -3.000000e+000  6.000000e+000  1.000000e+000
    endloop
  endfacet
  facet normal  1.000000e+000  -0.000000e+000  0.000000e+000
    outer loop
      vertex -3.500000e+000  6.000000e+000  1.850000e+001
      vertex -3.500000e+000 -6.000000e+000  1.850000e+001
      vertex -3.500000e+000  6.000000e+000  6.000000e+000
    endloop
  endfacet
  facet normal  1.000000e+000  0.000000e+000  0.000000e+000
    outer loop
      vertex -3.500000e+000  6.000000e+000  6.000000e+000
      vertex -3.500000e+000 -6.000000e+000  1.850000e+001
      vertex -3.500000e+000 -6.000000e+000  6.000000e+000
    endloop
  endfacet
  facet normal -1.000000e+000  0.000000e+000  0.000000e+000
    outer loop
      vertex  2.150000e+001  6.000000e+000  0.000000e+000
      vertex  2.150000e+001 -6.000000e+000  0.000000e+000
      vertex  2.150000e+001  6.000000e+000  1.850000e+001
    endloop
  endfacet
  facet normal -1.000000e+000  -0.000000e+000  0.000000e+000
    outer loop
      vertex  2.150000e+001  6.000000e+000  1.850000e+001
      vertex  2.150000e+001 -6.000000e+000  0.000000e+000
      vertex  2.150000e+001 -6.000000e+000  1.850000e+001
    endloop
  endfacet
  facet normal  0.000000e+000  1.000000e+000  -0.000000e+000
    outer loop
      vertex  2.150000e+001 -6.000000e+000  1.850000e+001
      vertex  2.150000e+001 -6.000000e+000  0.000000e+000
      vertex  1.700000e+001 -6.000000e+000  0.000000e+000
    endloop
  endfacet
  facet normal  0.000000e+000  1.000000e+000  0.000000e+000
    outer loop
      vertex  2.150000e+001 -6.000000e+000  1.850000e+001
      vertex  1.700000e+001 -6.000000e+000  0.000000e+000
      vertex  1.700000e+001 -6.000000e+000  1.000000e+000
    endloop
  endfacet
  facet normal  0.000000e+000  1.000000e+000  -0.000000e+000
    outer loop
      vertex  2.150000e+001 -6.000000e+000  1.850000e+001
      vertex  1.700000e+001 -6.000000e+000  1.000000e+000
      vertex -3.000000e+000 -6.000000e+000  1.000000e+000
    endloop
  endfacet
  facet normal  0.000000e+000  9.999999e-001  0.000000e+000
    outer loop
      vertex  2.150000e+001 -6.000000e+000  1.850000e+001
      vertex -3.000000e+000 -6.000000e+000  1.000000e+000
      vertex -3.000000e+000 -6.000000e+000  6.000000e+000
    endloop
  endfacet
  facet normal  0.000000e+000  1.000000e+000  -0.000000e+000
    outer loop
      vertex  2.150000e+001 -6.000000e+000  1.850000e+001
      vertex -3.000000e+000 -6.000000e+000  6.000000e+000
      vertex -3.500000e+000 -6.000000e+000  6.000000e+000
    endloop
  endfacet
  facet normal  0.000000e+000  1.000000e+000  0.000000e+000
    outer loop
      vertex  2.150000e+001 -6.000000e+000  1.850000e+001
      vertex -3.500000e+000 -6.000000e+000  6.000000e+000
      vertex -3.500000e+000 -6.000000e+000  1.850000e+001
    endloop
  endfacet
  facet normal  1.000000e+000  0.000000e+000  0.000000e+000
    outer loop
      vertex  1.700000e+001 -6.000000e+000  0.000000e+000
      vertex  1.700000e+001  6.000000e+000  0.000000e+000
      vertex  1.700000e+001 -6.000000e+000  1.000000e+000
    endloop
  endfacet
  facet normal  1.000000e+000  -0.000000e+000  0.000000e+000
    outer loop
      vertex  1.700000e+001 -6.000000e+000  1.000000e+000
      vertex  1.700000e+001  6.000000e+000  0.000000e+000
      vertex  1.700000e+001  6.000000e+000  1.000000e+000
    endloop
  endfacet
  facet normal  0.000000e+000 -1.000000e+000  0.000000e+000
    outer loop
      vertex  2.150000e+001  6.000000e+000  1.850000e+001
      vertex -3.500000e+000  6.000000e+000  1.850000e+001
      vertex -3.500000e+000  6.000000e+000  6.000000e+000
    endloop
  endfacet
  facet normal  0.000000e+000 -1.000000e+000  0.000000e+000
    outer loop
      vertex  2.150000e+001  6.000000e+000  1.850000e+001
      vertex -3.500000e+000  6.000000e+000  6.000000e+000
      vertex -3.000000e+000  6.000000e+000  6.000000e+000
    endloop
  endfacet
  facet normal  0.000000e+000 -9.999999e-001  0.000000e+000
    outer loop
      vertex  2.150000e+001  6.000000e+000  1.850000e+001
      vertex -3.000000e+000  6.000000e+000  6.000000e+000
      vertex -3.000000e+000  6.000000e+000  1.000000e+000
    endloop
  endfacet
  facet normal  0.000000e+000 -1.000000e+000  0.000000e+000
    outer loop
      vertex  2.150000e+001  6.000000e+000  1.850000e+001
      vertex -3.000000e+000  6.000000e+000  1.000000e+000
      vertex  1.700000e+001  6.000000e+000  1.000000e+000
    endloop
  endfacet
  facet normal  0.000000e+000 -1.000000e+000  0.000000e+000
    outer loop
      vertex  2.150000e+001  6.000000e+000  1.850000e+001
      vertex  1.700000e+001  6.000000e+000  1.000000e+000
      vertex  1.700000e+001  6.000000e+000  0.000000e+000
    endloop
  endfacet
  facet normal  0.000000e+000 -1.000000e+000  0.000000e+000
    outer loop
      vertex  2.150000e+001  6.000000e+000  1.850000e+001
      vertex  1.700000e+001  6.000000e+000  0.000000e+000
      vertex  2.150000e+001  6.000000e+000  0.000000e+000
    endloop
  endfacet
endsolid CATIA STL
