solid CATIA STL
  facet normal -9.927089e-001  1.205362e-001  0.000000e+000
    outer loop
      vertex -2.200000e+001 -1.900000e+000  2.470000e+001
      vertex -2.200000e+001 -1.900000e+000  2.570000e+001
      vertex -2.192735e+001 -1.301711e+000  2.470000e+001
    endloop
  endfacet
  facet normal -9.927089e-001  1.205362e-001  0.000000e+000
    outer loop
      vertex -2.192735e+001 -1.301711e+000  2.470000e+001
      vertex -2.200000e+001 -1.900000e+000  2.570000e+001
      vertex -2.192735e+001 -1.301711e+000  2.570000e+001
    endloop
  endfacet
  facet normal -9.350162e-001  3.546050e-001  0.000000e+000
    outer loop
      vertex -2.192735e+001 -1.301711e+000  2.470000e+001
      vertex -2.192735e+001 -1.301711e+000  2.570000e+001
      vertex -2.171364e+001 -7.381921e-001  2.470000e+001
    endloop
  endfacet
  facet normal -9.350162e-001  3.546050e-001  0.000000e+000
    outer loop
      vertex -2.171364e+001 -7.381921e-001  2.470000e+001
      vertex -2.192735e+001 -1.301711e+000  2.570000e+001
      vertex -2.171364e+001 -7.381921e-001  2.570000e+001
    endloop
  endfacet
  facet normal -8.229837e-001  5.680649e-001  0.000000e+000
    outer loop
      vertex -2.171364e+001 -7.381921e-001  2.470000e+001
      vertex -2.171364e+001 -7.381921e-001  2.570000e+001
      vertex -2.137128e+001 -2.421934e-001  2.470000e+001
    endloop
  endfacet
  facet normal -8.229837e-001  5.680649e-001  0.000000e+000
    outer loop
      vertex -2.137128e+001 -2.421934e-001  2.470000e+001
      vertex -2.171364e+001 -7.381921e-001  2.570000e+001
      vertex -2.137128e+001 -2.421934e-001  2.570000e+001
    endloop
  endfacet
  facet normal -6.631230e-001  7.485105e-001  0.000000e+000
    outer loop
      vertex -2.137128e+001 -2.421934e-001  2.470000e+001
      vertex -2.137128e+001 -2.421934e-001  2.570000e+001
      vertex -2.092016e+001  1.574597e-001  2.470000e+001
    endloop
  endfacet
  facet normal -6.631230e-001  7.485105e-001  0.000000e+000
    outer loop
      vertex -2.092016e+001  1.574597e-001  2.470000e+001
      vertex -2.137128e+001 -2.421934e-001  2.570000e+001
      vertex -2.092016e+001  1.574597e-001  2.570000e+001
    endloop
  endfacet
  facet normal -4.647233e-001  8.854560e-001  0.000000e+000
    outer loop
      vertex -2.092016e+001  1.574597e-001  2.470000e+001
      vertex -2.092016e+001  1.574597e-001  2.570000e+001
      vertex -2.038651e+001  4.375406e-001  2.470000e+001
    endloop
  endfacet
  facet normal -4.647233e-001  8.854560e-001  0.000000e+000
    outer loop
      vertex -2.038651e+001  4.375406e-001  2.470000e+001
      vertex -2.092016e+001  1.574597e-001  2.570000e+001
      vertex -2.038651e+001  4.375406e-001  2.570000e+001
    endloop
  endfacet
  facet normal -2.393156e-001  9.709418e-001  0.000000e+000
    outer loop
      vertex -2.038651e+001  4.375406e-001  2.470000e+001
      vertex -2.038651e+001  4.375406e-001  2.570000e+001
      vertex -1.980134e+001  5.817722e-001  2.470000e+001
    endloop
  endfacet
  facet normal -2.393156e-001  9.709418e-001  0.000000e+000
    outer loop
      vertex -1.980134e+001  5.817722e-001  2.470000e+001
      vertex -2.038651e+001  4.375406e-001  2.570000e+001
      vertex -1.980134e+001  5.817722e-001  2.570000e+001
    endloop
  endfacet
  facet normal  0.000000e+000  1.000000e+000  0.000000e+000
    outer loop
      vertex -1.980134e+001  5.817722e-001  2.470000e+001
      vertex -1.980134e+001  5.817722e-001  2.570000e+001
      vertex -1.919866e+001  5.817722e-001  2.470000e+001
    endloop
  endfacet
  facet normal  0.000000e+000  1.000000e+000  -0.000000e+000
    outer loop
      vertex -1.919866e+001  5.817722e-001  2.470000e+001
      vertex -1.980134e+001  5.817722e-001  2.570000e+001
      vertex -1.919866e+001  5.817722e-001  2.570000e+001
    endloop
  endfacet
  facet normal  2.393156e-001  9.709418e-001  0.000000e+000
    outer loop
      vertex -1.919866e+001  5.817722e-001  2.470000e+001
      vertex -1.919866e+001  5.817722e-001  2.570000e+001
      vertex -1.861349e+001  4.375406e-001  2.470000e+001
    endloop
  endfacet
  facet normal  2.393156e-001  9.709418e-001  -0.000000e+000
    outer loop
      vertex -1.861349e+001  4.375406e-001  2.470000e+001
      vertex -1.919866e+001  5.817722e-001  2.570000e+001
      vertex -1.861349e+001  4.375406e-001  2.570000e+001
    endloop
  endfacet
  facet normal  4.647233e-001  8.854560e-001  0.000000e+000
    outer loop
      vertex -1.861349e+001  4.375406e-001  2.470000e+001
      vertex -1.861349e+001  4.375406e-001  2.570000e+001
      vertex -1.807984e+001  1.574597e-001  2.470000e+001
    endloop
  endfacet
  facet normal  4.647233e-001  8.854560e-001  -0.000000e+000
    outer loop
      vertex -1.807984e+001  1.574597e-001  2.470000e+001
      vertex -1.861349e+001  4.375406e-001  2.570000e+001
      vertex -1.807984e+001  1.574597e-001  2.570000e+001
    endloop
  endfacet
  facet normal  6.631230e-001  7.485105e-001  0.000000e+000
    outer loop
      vertex -1.807984e+001  1.574597e-001  2.470000e+001
      vertex -1.807984e+001  1.574597e-001  2.570000e+001
      vertex -1.762872e+001 -2.421934e-001  2.470000e+001
    endloop
  endfacet
  facet normal  6.631230e-001  7.485105e-001  -0.000000e+000
    outer loop
      vertex -1.762872e+001 -2.421934e-001  2.470000e+001
      vertex -1.807984e+001  1.574597e-001  2.570000e+001
      vertex -1.762872e+001 -2.421934e-001  2.570000e+001
    endloop
  endfacet
  facet normal  8.229837e-001  5.680649e-001  0.000000e+000
    outer loop
      vertex -1.762872e+001 -2.421934e-001  2.470000e+001
      vertex -1.762872e+001 -2.421934e-001  2.570000e+001
      vertex -1.728636e+001 -7.381921e-001  2.470000e+001
    endloop
  endfacet
  facet normal  8.229837e-001  5.680649e-001  -0.000000e+000
    outer loop
      vertex -1.728636e+001 -7.381921e-001  2.470000e+001
      vertex -1.762872e+001 -2.421934e-001  2.570000e+001
      vertex -1.728636e+001 -7.381921e-001  2.570000e+001
    endloop
  endfacet
  facet normal  9.350162e-001  3.546050e-001  0.000000e+000
    outer loop
      vertex -1.728636e+001 -7.381921e-001  2.470000e+001
      vertex -1.728636e+001 -7.381921e-001  2.570000e+001
      vertex -1.707265e+001 -1.301711e+000  2.470000e+001
    endloop
  endfacet
  facet normal  9.350162e-001  3.546050e-001  -0.000000e+000
    outer loop
      vertex -1.707265e+001 -1.301711e+000  2.470000e+001
      vertex -1.728636e+001 -7.381921e-001  2.570000e+001
      vertex -1.707265e+001 -1.301711e+000  2.570000e+001
    endloop
  endfacet
  facet normal  9.927089e-001  1.205362e-001  0.000000e+000
    outer loop
      vertex -1.707265e+001 -1.301711e+000  2.470000e+001
      vertex -1.707265e+001 -1.301711e+000  2.570000e+001
      vertex -1.700000e+001 -1.900000e+000  2.470000e+001
    endloop
  endfacet
  facet normal  9.927089e-001  1.205362e-001  -0.000000e+000
    outer loop
      vertex -1.700000e+001 -1.900000e+000  2.470000e+001
      vertex -1.707265e+001 -1.301711e+000  2.570000e+001
      vertex -1.700000e+001 -1.900000e+000  2.570000e+001
    endloop
  endfacet
  facet normal  9.927089e-001 -1.205362e-001  0.000000e+000
    outer loop
      vertex -1.700000e+001 -1.900000e+000  2.470000e+001
      vertex -1.700000e+001 -1.900000e+000  2.570000e+001
      vertex -1.707265e+001 -2.498289e+000  2.470000e+001
    endloop
  endfacet
  facet normal  9.927089e-001 -1.205362e-001  0.000000e+000
    outer loop
      vertex -1.707265e+001 -2.498289e+000  2.470000e+001
      vertex -1.700000e+001 -1.900000e+000  2.570000e+001
      vertex -1.707265e+001 -2.498289e+000  2.570000e+001
    endloop
  endfacet
  facet normal  9.350162e-001 -3.546050e-001  0.000000e+000
    outer loop
      vertex -1.707265e+001 -2.498289e+000  2.470000e+001
      vertex -1.707265e+001 -2.498289e+000  2.570000e+001
      vertex -1.728636e+001 -3.061808e+000  2.470000e+001
    endloop
  endfacet
  facet normal  9.350162e-001 -3.546050e-001  0.000000e+000
    outer loop
      vertex -1.728636e+001 -3.061808e+000  2.470000e+001
      vertex -1.707265e+001 -2.498289e+000  2.570000e+001
      vertex -1.728636e+001 -3.061808e+000  2.570000e+001
    endloop
  endfacet
  facet normal  8.229838e-001 -5.680648e-001  0.000000e+000
    outer loop
      vertex -1.728636e+001 -3.061808e+000  2.470000e+001
      vertex -1.728636e+001 -3.061808e+000  2.570000e+001
      vertex -1.762872e+001 -3.557807e+000  2.470000e+001
    endloop
  endfacet
  facet normal  8.229838e-001 -5.680648e-001  0.000000e+000
    outer loop
      vertex -1.762872e+001 -3.557807e+000  2.470000e+001
      vertex -1.728636e+001 -3.061808e+000  2.570000e+001
      vertex -1.762872e+001 -3.557807e+000  2.570000e+001
    endloop
  endfacet
  facet normal  6.631228e-001 -7.485105e-001  0.000000e+000
    outer loop
      vertex -1.762872e+001 -3.557807e+000  2.470000e+001
      vertex -1.762872e+001 -3.557807e+000  2.570000e+001
      vertex -1.807984e+001 -3.957460e+000  2.470000e+001
    endloop
  endfacet
  facet normal  6.631228e-001 -7.485105e-001  0.000000e+000
    outer loop
      vertex -1.807984e+001 -3.957460e+000  2.470000e+001
      vertex -1.762872e+001 -3.557807e+000  2.570000e+001
      vertex -1.807984e+001 -3.957460e+000  2.570000e+001
    endloop
  endfacet
  facet normal  4.647235e-001 -8.854560e-001  0.000000e+000
    outer loop
      vertex -1.807984e+001 -3.957460e+000  2.470000e+001
      vertex -1.807984e+001 -3.957460e+000  2.570000e+001
      vertex -1.861349e+001 -4.237541e+000  2.470000e+001
    endloop
  endfacet
  facet normal  4.647235e-001 -8.854560e-001  0.000000e+000
    outer loop
      vertex -1.861349e+001 -4.237541e+000  2.470000e+001
      vertex -1.807984e+001 -3.957460e+000  2.570000e+001
      vertex -1.861349e+001 -4.237541e+000  2.570000e+001
    endloop
  endfacet
  facet normal  2.393152e-001 -9.709420e-001  0.000000e+000
    outer loop
      vertex -1.861349e+001 -4.237541e+000  2.470000e+001
      vertex -1.861349e+001 -4.237541e+000  2.570000e+001
      vertex -1.919866e+001 -4.381772e+000  2.470000e+001
    endloop
  endfacet
  facet normal  2.393152e-001 -9.709420e-001  0.000000e+000
    outer loop
      vertex -1.919866e+001 -4.381772e+000  2.470000e+001
      vertex -1.861349e+001 -4.237541e+000  2.570000e+001
      vertex -1.919866e+001 -4.381772e+000  2.570000e+001
    endloop
  endfacet
  facet normal  0.000000e+000 -1.000000e+000  -0.000000e+000
    outer loop
      vertex -1.919866e+001 -4.381772e+000  2.470000e+001
      vertex -1.919866e+001 -4.381772e+000  2.570000e+001
      vertex -1.980134e+001 -4.381772e+000  2.470000e+001
    endloop
  endfacet
  facet normal  0.000000e+000 -1.000000e+000  0.000000e+000
    outer loop
      vertex -1.980134e+001 -4.381772e+000  2.470000e+001
      vertex -1.919866e+001 -4.381772e+000  2.570000e+001
      vertex -1.980134e+001 -4.381772e+000  2.570000e+001
    endloop
  endfacet
  facet normal -2.393152e-001 -9.709420e-001  -0.000000e+000
    outer loop
      vertex -1.980134e+001 -4.381772e+000  2.470000e+001
      vertex -1.980134e+001 -4.381772e+000  2.570000e+001
      vertex -2.038651e+001 -4.237541e+000  2.470000e+001
    endloop
  endfacet
  facet normal -2.393152e-001 -9.709420e-001  0.000000e+000
    outer loop
      vertex -2.038651e+001 -4.237541e+000  2.470000e+001
      vertex -1.980134e+001 -4.381772e+000  2.570000e+001
      vertex -2.038651e+001 -4.237541e+000  2.570000e+001
    endloop
  endfacet
  facet normal -4.647235e-001 -8.854560e-001  -0.000000e+000
    outer loop
      vertex -2.038651e+001 -4.237541e+000  2.470000e+001
      vertex -2.038651e+001 -4.237541e+000  2.570000e+001
      vertex -2.092016e+001 -3.957460e+000  2.470000e+001
    endloop
  endfacet
  facet normal -4.647235e-001 -8.854560e-001  0.000000e+000
    outer loop
      vertex -2.092016e+001 -3.957460e+000  2.470000e+001
      vertex -2.038651e+001 -4.237541e+000  2.570000e+001
      vertex -2.092016e+001 -3.957460e+000  2.570000e+001
    endloop
  endfacet
  facet normal -6.631228e-001 -7.485105e-001  -0.000000e+000
    outer loop
      vertex -2.092016e+001 -3.957460e+000  2.470000e+001
      vertex -2.092016e+001 -3.957460e+000  2.570000e+001
      vertex -2.137128e+001 -3.557807e+000  2.470000e+001
    endloop
  endfacet
  facet normal -6.631228e-001 -7.485105e-001  0.000000e+000
    outer loop
      vertex -2.137128e+001 -3.557807e+000  2.470000e+001
      vertex -2.092016e+001 -3.957460e+000  2.570000e+001
      vertex -2.137128e+001 -3.557807e+000  2.570000e+001
    endloop
  endfacet
  facet normal -8.229838e-001 -5.680648e-001  -0.000000e+000
    outer loop
      vertex -2.137128e+001 -3.557807e+000  2.470000e+001
      vertex -2.137128e+001 -3.557807e+000  2.570000e+001
      vertex -2.171364e+001 -3.061808e+000  2.470000e+001
    endloop
  endfacet
  facet normal -8.229838e-001 -5.680648e-001  0.000000e+000
    outer loop
      vertex -2.171364e+001 -3.061808e+000  2.470000e+001
      vertex -2.137128e+001 -3.557807e+000  2.570000e+001
      vertex -2.171364e+001 -3.061808e+000  2.570000e+001
    endloop
  endfacet
  facet normal -9.350162e-001 -3.546050e-001  -0.000000e+000
    outer loop
      vertex -2.171364e+001 -3.061808e+000  2.470000e+001
      vertex -2.171364e+001 -3.061808e+000  2.570000e+001
      vertex -2.192735e+001 -2.498289e+000  2.470000e+001
    endloop
  endfacet
  facet normal -9.350162e-001 -3.546050e-001  0.000000e+000
    outer loop
      vertex -2.192735e+001 -2.498289e+000  2.470000e+001
      vertex -2.171364e+001 -3.061808e+000  2.570000e+001
      vertex -2.192735e+001 -2.498289e+000  2.570000e+001
    endloop
  endfacet
  facet normal -9.927089e-001 -1.205362e-001  -0.000000e+000
    outer loop
      vertex -2.192735e+001 -2.498289e+000  2.470000e+001
      vertex -2.192735e+001 -2.498289e+000  2.570000e+001
      vertex -2.200000e+001 -1.900000e+000  2.470000e+001
    endloop
  endfacet
  facet normal -9.927089e-001 -1.205362e-001  0.000000e+000
    outer loop
      vertex -2.200000e+001 -1.900000e+000  2.470000e+001
      vertex -2.192735e+001 -2.498289e+000  2.570000e+001
      vertex -2.200000e+001 -1.900000e+000  2.570000e+001
    endloop
  endfacet
  facet normal  -0.000000e+000  0.000000e+000  1.000000e+000
    outer loop
      vertex -2.124577e+001  2.891282e-001  2.250000e+001
      vertex -2.520634e+001 -4.589804e-002  2.250000e+001
      vertex -2.168913e+001 -1.542286e-001  2.250000e+001
    endloop
  endfacet
  facet normal  0.000000e+000  -0.000000e+000  1.000000e+000
    outer loop
      vertex -1.775423e+001  2.891282e-001  2.250000e+001
      vertex -1.731087e+001 -1.542286e-001  2.250000e+001
      vertex -1.379366e+001 -4.589804e-002  2.250000e+001
    endloop
  endfacet
  facet normal  -0.000000e+000  -0.000000e+000  1.000000e+000
    outer loop
      vertex -1.950000e+001  9.000000e-001  2.250000e+001
      vertex -1.887694e+001  8.297982e-001  2.250000e+001
      vertex -1.415396e+001  8.239430e-001  2.250000e+001
    endloop
  endfacet
  facet normal  0.000000e+000  0.000000e+000  1.000000e+000
    outer loop
      vertex -1.950000e+001  9.000000e-001  2.250000e+001
      vertex -1.415396e+001  8.239430e-001  2.250000e+001
      vertex -1.464590e+001  1.626711e+000  2.250000e+001
    endloop
  endfacet
  facet normal  0.000000e+000  0.000000e+000  1.000000e+000
    outer loop
      vertex -1.950000e+001  9.000000e-001  2.250000e+001
      vertex -1.464590e+001  1.626711e+000  2.250000e+001
      vertex -1.525736e+001  2.342641e+000  2.250000e+001
    endloop
  endfacet
  facet normal  0.000000e+000  0.000000e+000  1.000000e+000
    outer loop
      vertex -1.950000e+001  9.000000e-001  2.250000e+001
      vertex -1.525736e+001  2.342641e+000  2.250000e+001
      vertex -1.597329e+001  2.954102e+000  2.250000e+001
    endloop
  endfacet
  facet normal  0.000000e+000  0.000000e+000  1.000000e+000
    outer loop
      vertex -1.950000e+001  9.000000e-001  2.250000e+001
      vertex -1.597329e+001  2.954102e+000  2.250000e+001
      vertex -1.677606e+001  3.446039e+000  2.250000e+001
    endloop
  endfacet
  facet normal  0.000000e+000  0.000000e+000  1.000000e+000
    outer loop
      vertex -1.950000e+001  9.000000e-001  2.250000e+001
      vertex -1.677606e+001  3.446039e+000  2.250000e+001
      vertex -1.764590e+001  3.806339e+000  2.250000e+001
    endloop
  endfacet
  facet normal  0.000000e+000  0.000000e+000  1.000000e+000
    outer loop
      vertex -1.950000e+001  9.000000e-001  2.250000e+001
      vertex -1.764590e+001  3.806339e+000  2.250000e+001
      vertex -1.856139e+001  4.026130e+000  2.250000e+001
    endloop
  endfacet
  facet normal  0.000000e+000  0.000000e+000  1.000000e+000
    outer loop
      vertex -1.950000e+001  9.000000e-001  2.250000e+001
      vertex -1.856139e+001  4.026130e+000  2.250000e+001
      vertex -1.950000e+001  4.100000e+000  2.250000e+001
    endloop
  endfacet
  facet normal  0.000000e+000  0.000000e+000  1.000000e+000
    outer loop
      vertex -1.950000e+001  9.000000e-001  2.250000e+001
      vertex -1.950000e+001  4.100000e+000  2.250000e+001
      vertex -2.043861e+001  4.026130e+000  2.250000e+001
    endloop
  endfacet
  facet normal  0.000000e+000  0.000000e+000  1.000000e+000
    outer loop
      vertex -1.950000e+001  9.000000e-001  2.250000e+001
      vertex -2.043861e+001  4.026130e+000  2.250000e+001
      vertex -2.135410e+001  3.806339e+000  2.250000e+001
    endloop
  endfacet
  facet normal  0.000000e+000  0.000000e+000  1.000000e+000
    outer loop
      vertex -1.950000e+001  9.000000e-001  2.250000e+001
      vertex -2.135410e+001  3.806339e+000  2.250000e+001
      vertex -2.222394e+001  3.446039e+000  2.250000e+001
    endloop
  endfacet
  facet normal  0.000000e+000  0.000000e+000  1.000000e+000
    outer loop
      vertex -1.950000e+001  9.000000e-001  2.250000e+001
      vertex -2.222394e+001  3.446039e+000  2.250000e+001
      vertex -2.302671e+001  2.954102e+000  2.250000e+001
    endloop
  endfacet
  facet normal  0.000000e+000  0.000000e+000  1.000000e+000
    outer loop
      vertex -1.950000e+001  9.000000e-001  2.250000e+001
      vertex -2.302671e+001  2.954102e+000  2.250000e+001
      vertex -2.374264e+001  2.342641e+000  2.250000e+001
    endloop
  endfacet
  facet normal  0.000000e+000  0.000000e+000  1.000000e+000
    outer loop
      vertex -1.950000e+001  9.000000e-001  2.250000e+001
      vertex -2.374264e+001  2.342641e+000  2.250000e+001
      vertex -2.435410e+001  1.626711e+000  2.250000e+001
    endloop
  endfacet
  facet normal  0.000000e+000  0.000000e+000  1.000000e+000
    outer loop
      vertex -1.950000e+001  9.000000e-001  2.250000e+001
      vertex -2.435410e+001  1.626711e+000  2.250000e+001
      vertex -2.484604e+001  8.239430e-001  2.250000e+001
    endloop
  endfacet
  facet normal  0.000000e+000  0.000000e+000  1.000000e+000
    outer loop
      vertex -1.950000e+001  9.000000e-001  2.250000e+001
      vertex -2.484604e+001  8.239430e-001  2.250000e+001
      vertex -2.012306e+001  8.297982e-001  2.250000e+001
    endloop
  endfacet
  facet normal  0.000000e+000  -0.000000e+000  1.000000e+000
    outer loop
      vertex -1.950000e+001 -7.900000e+000  2.250000e+001
      vertex -1.856139e+001 -7.826130e+000  2.250000e+001
      vertex -1.764590e+001 -7.606339e+000  2.250000e+001
    endloop
  endfacet
  facet normal  0.000000e+000  -0.000000e+000  1.000000e+000
    outer loop
      vertex -1.950000e+001 -7.900000e+000  2.250000e+001
      vertex -1.764590e+001 -7.606339e+000  2.250000e+001
      vertex -1.677606e+001 -7.246039e+000  2.250000e+001
    endloop
  endfacet
  facet normal  0.000000e+000  -0.000000e+000  1.000000e+000
    outer loop
      vertex -1.950000e+001 -7.900000e+000  2.250000e+001
      vertex -1.677606e+001 -7.246039e+000  2.250000e+001
      vertex -1.597329e+001 -6.754102e+000  2.250000e+001
    endloop
  endfacet
  facet normal  0.000000e+000  -0.000000e+000  1.000000e+000
    outer loop
      vertex -1.950000e+001 -7.900000e+000  2.250000e+001
      vertex -1.597329e+001 -6.754102e+000  2.250000e+001
      vertex -1.525736e+001 -6.142641e+000  2.250000e+001
    endloop
  endfacet
  facet normal  0.000000e+000  -0.000000e+000  1.000000e+000
    outer loop
      vertex -1.950000e+001 -7.900000e+000  2.250000e+001
      vertex -1.525736e+001 -6.142641e+000  2.250000e+001
      vertex -1.464590e+001 -5.426712e+000  2.250000e+001
    endloop
  endfacet
  facet normal  0.000000e+000  0.000000e+000  1.000000e+000
    outer loop
      vertex -1.950000e+001 -7.900000e+000  2.250000e+001
      vertex -1.464590e+001 -5.426712e+000  2.250000e+001
      vertex -1.950000e+001 -4.700000e+000  2.250000e+001
    endloop
  endfacet
  facet normal  0.000000e+000  0.000000e+000  1.000000e+000
    outer loop
      vertex -1.950000e+001 -7.900000e+000  2.250000e+001
      vertex -1.950000e+001 -4.700000e+000  2.250000e+001
      vertex -2.435410e+001 -5.426712e+000  2.250000e+001
    endloop
  endfacet
  facet normal  0.000000e+000  0.000000e+000  9.999999e-001
    outer loop
      vertex -1.950000e+001 -7.900000e+000  2.250000e+001
      vertex -2.435410e+001 -5.426712e+000  2.250000e+001
      vertex -2.374264e+001 -6.142641e+000  2.250000e+001
    endloop
  endfacet
  facet normal  0.000000e+000  0.000000e+000  1.000000e+000
    outer loop
      vertex -1.950000e+001 -7.900000e+000  2.250000e+001
      vertex -2.374264e+001 -6.142641e+000  2.250000e+001
      vertex -2.302671e+001 -6.754102e+000  2.250000e+001
    endloop
  endfacet
  facet normal  0.000000e+000  0.000000e+000  1.000000e+000
    outer loop
      vertex -1.950000e+001 -7.900000e+000  2.250000e+001
      vertex -2.302671e+001 -6.754102e+000  2.250000e+001
      vertex -2.222394e+001 -7.246039e+000  2.250000e+001
    endloop
  endfacet
  facet normal  0.000000e+000  0.000000e+000  1.000000e+000
    outer loop
      vertex -1.950000e+001 -7.900000e+000  2.250000e+001
      vertex -2.222394e+001 -7.246039e+000  2.250000e+001
      vertex -2.135410e+001 -7.606339e+000  2.250000e+001
    endloop
  endfacet
  facet normal  0.000000e+000  0.000000e+000  1.000000e+000
    outer loop
      vertex -1.950000e+001 -7.900000e+000  2.250000e+001
      vertex -2.135410e+001 -7.606339e+000  2.250000e+001
      vertex -2.043861e+001 -7.826130e+000  2.250000e+001
    endloop
  endfacet
  facet normal  -0.000000e+000  0.000000e+000  9.999999e-001
    outer loop
      vertex -2.012306e+001  8.297982e-001  2.250000e+001
      vertex -2.484604e+001  8.239430e-001  2.250000e+001
      vertex -2.071487e+001  6.227129e-001  2.250000e+001
    endloop
  endfacet
  facet normal  0.000000e+000  0.000000e+000  1.000000e+000
    outer loop
      vertex -2.071487e+001  6.227129e-001  2.250000e+001
      vertex -2.484604e+001  8.239430e-001  2.250000e+001
      vertex -2.520634e+001 -4.589804e-002  2.250000e+001
    endloop
  endfacet
  facet normal  0.000000e+000  0.000000e+000  1.000000e+000
    outer loop
      vertex -2.071487e+001  6.227129e-001  2.250000e+001
      vertex -2.520634e+001 -4.589804e-002  2.250000e+001
      vertex -2.124577e+001  2.891282e-001  2.250000e+001
    endloop
  endfacet
  facet normal  0.000000e+000  0.000000e+000  1.000000e+000
    outer loop
      vertex -2.168913e+001 -1.542286e-001  2.250000e+001
      vertex -2.520634e+001 -4.589804e-002  2.250000e+001
      vertex -2.202271e+001 -6.851255e-001  2.250000e+001
    endloop
  endfacet
  facet normal  0.000000e+000  0.000000e+000  1.000000e+000
    outer loop
      vertex -2.202271e+001 -6.851255e-001  2.250000e+001
      vertex -2.520634e+001 -4.589804e-002  2.250000e+001
      vertex -2.542613e+001 -9.613932e-001  2.250000e+001
    endloop
  endfacet
  facet normal  -0.000000e+000  0.000000e+000  9.999999e-001
    outer loop
      vertex -2.202271e+001 -6.851255e-001  2.250000e+001
      vertex -2.542613e+001 -9.613932e-001  2.250000e+001
      vertex -2.222980e+001 -1.276941e+000  2.250000e+001
    endloop
  endfacet
  facet normal  0.000000e+000  0.000000e+000  1.000000e+000
    outer loop
      vertex -2.222980e+001 -1.276941e+000  2.250000e+001
      vertex -2.542613e+001 -9.613932e-001  2.250000e+001
      vertex -2.550000e+001 -1.900000e+000  2.250000e+001
    endloop
  endfacet
  facet normal  0.000000e+000  0.000000e+000  1.000000e+000
    outer loop
      vertex -2.222980e+001 -1.276941e+000  2.250000e+001
      vertex -2.550000e+001 -1.900000e+000  2.250000e+001
      vertex -2.230000e+001 -1.900000e+000  2.250000e+001
    endloop
  endfacet
  facet normal  -0.000000e+000  0.000000e+000  1.000000e+000
    outer loop
      vertex -2.230000e+001 -1.900000e+000  2.250000e+001
      vertex -2.550000e+001 -1.900000e+000  2.250000e+001
      vertex -2.222980e+001 -2.523059e+000  2.250000e+001
    endloop
  endfacet
  facet normal  0.000000e+000  0.000000e+000  1.000000e+000
    outer loop
      vertex -2.222980e+001 -2.523059e+000  2.250000e+001
      vertex -2.550000e+001 -1.900000e+000  2.250000e+001
      vertex -2.542613e+001 -2.838607e+000  2.250000e+001
    endloop
  endfacet
  facet normal  -0.000000e+000  0.000000e+000  1.000000e+000
    outer loop
      vertex -2.222980e+001 -2.523059e+000  2.250000e+001
      vertex -2.542613e+001 -2.838607e+000  2.250000e+001
      vertex -2.202271e+001 -3.114874e+000  2.250000e+001
    endloop
  endfacet
  facet normal  0.000000e+000  0.000000e+000  1.000000e+000
    outer loop
      vertex -2.202271e+001 -3.114874e+000  2.250000e+001
      vertex -2.542613e+001 -2.838607e+000  2.250000e+001
      vertex -2.168913e+001 -3.645772e+000  2.250000e+001
    endloop
  endfacet
  facet normal  0.000000e+000  0.000000e+000  1.000000e+000
    outer loop
      vertex -2.168913e+001 -3.645772e+000  2.250000e+001
      vertex -2.542613e+001 -2.838607e+000  2.250000e+001
      vertex -2.520634e+001 -3.754102e+000  2.250000e+001
    endloop
  endfacet
  facet normal  -0.000000e+000  0.000000e+000  1.000000e+000
    outer loop
      vertex -2.168913e+001 -3.645772e+000  2.250000e+001
      vertex -2.520634e+001 -3.754102e+000  2.250000e+001
      vertex -2.124577e+001 -4.089128e+000  2.250000e+001
    endloop
  endfacet
  facet normal  0.000000e+000  0.000000e+000  9.999999e-001
    outer loop
      vertex -2.124577e+001 -4.089128e+000  2.250000e+001
      vertex -2.520634e+001 -3.754102e+000  2.250000e+001
      vertex -2.484604e+001 -4.623943e+000  2.250000e+001
    endloop
  endfacet
  facet normal  0.000000e+000  0.000000e+000  1.000000e+000
    outer loop
      vertex -2.124577e+001 -4.089128e+000  2.250000e+001
      vertex -2.484604e+001 -4.623943e+000  2.250000e+001
      vertex -2.071487e+001 -4.422713e+000  2.250000e+001
    endloop
  endfacet
  facet normal  0.000000e+000  0.000000e+000  1.000000e+000
    outer loop
      vertex -2.435410e+001 -5.426712e+000  2.250000e+001
      vertex -1.950000e+001 -4.700000e+000  2.250000e+001
      vertex -2.484604e+001 -4.623943e+000  2.250000e+001
    endloop
  endfacet
  facet normal  0.000000e+000  0.000000e+000  1.000000e+000
    outer loop
      vertex -2.484604e+001 -4.623943e+000  2.250000e+001
      vertex -1.950000e+001 -4.700000e+000  2.250000e+001
      vertex -2.012306e+001 -4.629798e+000  2.250000e+001
    endloop
  endfacet
  facet normal  0.000000e+000  0.000000e+000  1.000000e+000
    outer loop
      vertex -2.484604e+001 -4.623943e+000  2.250000e+001
      vertex -2.012306e+001 -4.629798e+000  2.250000e+001
      vertex -2.071487e+001 -4.422713e+000  2.250000e+001
    endloop
  endfacet
  facet normal  0.000000e+000  0.000000e+000  1.000000e+000
    outer loop
      vertex -1.415396e+001  8.239430e-001  2.250000e+001
      vertex -1.887694e+001  8.297982e-001  2.250000e+001
      vertex -1.379366e+001 -4.589804e-002  2.250000e+001
    endloop
  endfacet
  facet normal  0.000000e+000  0.000000e+000  1.000000e+000
    outer loop
      vertex -1.379366e+001 -4.589804e-002  2.250000e+001
      vertex -1.887694e+001  8.297982e-001  2.250000e+001
      vertex -1.828513e+001  6.227129e-001  2.250000e+001
    endloop
  endfacet
  facet normal  0.000000e+000  0.000000e+000  1.000000e+000
    outer loop
      vertex -1.379366e+001 -4.589804e-002  2.250000e+001
      vertex -1.828513e+001  6.227129e-001  2.250000e+001
      vertex -1.775423e+001  2.891282e-001  2.250000e+001
    endloop
  endfacet
  facet normal  -0.000000e+000  0.000000e+000  1.000000e+000
    outer loop
      vertex -1.379366e+001 -4.589804e-002  2.250000e+001
      vertex -1.731087e+001 -1.542286e-001  2.250000e+001
      vertex -1.357387e+001 -9.613932e-001  2.250000e+001
    endloop
  endfacet
  facet normal  0.000000e+000  0.000000e+000  1.000000e+000
    outer loop
      vertex -1.357387e+001 -9.613932e-001  2.250000e+001
      vertex -1.731087e+001 -1.542286e-001  2.250000e+001
      vertex -1.697729e+001 -6.851255e-001  2.250000e+001
    endloop
  endfacet
  facet normal  0.000000e+000  0.000000e+000  1.000000e+000
    outer loop
      vertex -1.357387e+001 -9.613932e-001  2.250000e+001
      vertex -1.697729e+001 -6.851255e-001  2.250000e+001
      vertex -1.350000e+001 -1.900000e+000  2.250000e+001
    endloop
  endfacet
  facet normal  0.000000e+000  0.000000e+000  1.000000e+000
    outer loop
      vertex -1.350000e+001 -1.900000e+000  2.250000e+001
      vertex -1.697729e+001 -6.851255e-001  2.250000e+001
      vertex -1.677020e+001 -1.276941e+000  2.250000e+001
    endloop
  endfacet
  facet normal  0.000000e+000  0.000000e+000  1.000000e+000
    outer loop
      vertex -1.350000e+001 -1.900000e+000  2.250000e+001
      vertex -1.677020e+001 -1.276941e+000  2.250000e+001
      vertex -1.670000e+001 -1.900000e+000  2.250000e+001
    endloop
  endfacet
  facet normal  -0.000000e+000  0.000000e+000  1.000000e+000
    outer loop
      vertex -1.350000e+001 -1.900000e+000  2.250000e+001
      vertex -1.670000e+001 -1.900000e+000  2.250000e+001
      vertex -1.357387e+001 -2.838607e+000  2.250000e+001
    endloop
  endfacet
  facet normal  0.000000e+000  0.000000e+000  1.000000e+000
    outer loop
      vertex -1.357387e+001 -2.838607e+000  2.250000e+001
      vertex -1.670000e+001 -1.900000e+000  2.250000e+001
      vertex -1.677020e+001 -2.523059e+000  2.250000e+001
    endloop
  endfacet
  facet normal  0.000000e+000  0.000000e+000  1.000000e+000
    outer loop
      vertex -1.357387e+001 -2.838607e+000  2.250000e+001
      vertex -1.677020e+001 -2.523059e+000  2.250000e+001
      vertex -1.697729e+001 -3.114874e+000  2.250000e+001
    endloop
  endfacet
  facet normal  -0.000000e+000  0.000000e+000  1.000000e+000
    outer loop
      vertex -1.357387e+001 -2.838607e+000  2.250000e+001
      vertex -1.697729e+001 -3.114874e+000  2.250000e+001
      vertex -1.379366e+001 -3.754102e+000  2.250000e+001
    endloop
  endfacet
  facet normal  0.000000e+000  0.000000e+000  1.000000e+000
    outer loop
      vertex -1.379366e+001 -3.754102e+000  2.250000e+001
      vertex -1.697729e+001 -3.114874e+000  2.250000e+001
      vertex -1.731087e+001 -3.645772e+000  2.250000e+001
    endloop
  endfacet
  facet normal  0.000000e+000  0.000000e+000  9.999999e-001
    outer loop
      vertex -1.379366e+001 -3.754102e+000  2.250000e+001
      vertex -1.731087e+001 -3.645772e+000  2.250000e+001
      vertex -1.415396e+001 -4.623943e+000  2.250000e+001
    endloop
  endfacet
  facet normal  0.000000e+000  0.000000e+000  1.000000e+000
    outer loop
      vertex -1.415396e+001 -4.623943e+000  2.250000e+001
      vertex -1.731087e+001 -3.645772e+000  2.250000e+001
      vertex -1.775423e+001 -4.089128e+000  2.250000e+001
    endloop
  endfacet
  facet normal  0.000000e+000  0.000000e+000  1.000000e+000
    outer loop
      vertex -1.415396e+001 -4.623943e+000  2.250000e+001
      vertex -1.775423e+001 -4.089128e+000  2.250000e+001
      vertex -1.828513e+001 -4.422713e+000  2.250000e+001
    endloop
  endfacet
  facet normal  0.000000e+000  0.000000e+000  1.000000e+000
    outer loop
      vertex -1.950000e+001 -4.700000e+000  2.250000e+001
      vertex -1.464590e+001 -5.426712e+000  2.250000e+001
      vertex -1.887694e+001 -4.629798e+000  2.250000e+001
    endloop
  endfacet
  facet normal  -0.000000e+000  0.000000e+000  1.000000e+000
    outer loop
      vertex -1.887694e+001 -4.629798e+000  2.250000e+001
      vertex -1.464590e+001 -5.426712e+000  2.250000e+001
      vertex -1.415396e+001 -4.623943e+000  2.250000e+001
    endloop
  endfacet
  facet normal  0.000000e+000  0.000000e+000  1.000000e+000
    outer loop
      vertex -1.887694e+001 -4.629798e+000  2.250000e+001
      vertex -1.415396e+001 -4.623943e+000  2.250000e+001
      vertex -1.828513e+001 -4.422713e+000  2.250000e+001
    endloop
  endfacet
  facet normal  0.000000e+000  0.000000e+000  9.999999e-001
    outer loop
      vertex -1.919866e+001  5.817722e-001  2.470000e+001
      vertex -1.950000e+001  9.000000e-001  2.470000e+001
      vertex -1.980134e+001  5.817722e-001  2.470000e+001
    endloop
  endfacet
  facet normal  0.000000e+000  0.000000e+000  1.000000e+000
    outer loop
      vertex -1.950000e+001 -4.700000e+000  2.470000e+001
      vertex -2.071487e+001 -4.422713e+000  2.470000e+001
      vertex -2.012306e+001 -4.629798e+000  2.470000e+001
    endloop
  endfacet
  facet normal  0.000000e+000  -0.000000e+000  1.000000e+000
    outer loop
      vertex -1.950000e+001 -4.700000e+000  2.470000e+001
      vertex -1.887694e+001 -4.629798e+000  2.470000e+001
      vertex -1.828513e+001 -4.422713e+000  2.470000e+001
    endloop
  endfacet
  facet normal  0.000000e+000  0.000000e+000  1.000000e+000
    outer loop
      vertex -2.038651e+001 -4.237541e+000  2.470000e+001
      vertex -2.071487e+001 -4.422713e+000  2.470000e+001
      vertex -1.980134e+001 -4.381772e+000  2.470000e+001
    endloop
  endfacet
  facet normal  0.000000e+000  0.000000e+000  1.000000e+000
    outer loop
      vertex -1.980134e+001 -4.381772e+000  2.470000e+001
      vertex -2.071487e+001 -4.422713e+000  2.470000e+001
      vertex -1.950000e+001 -4.700000e+000  2.470000e+001
    endloop
  endfacet
  facet normal  0.000000e+000  -0.000000e+000  9.999999e-001
    outer loop
      vertex -1.980134e+001 -4.381772e+000  2.470000e+001
      vertex -1.950000e+001 -4.700000e+000  2.470000e+001
      vertex -1.919866e+001 -4.381772e+000  2.470000e+001
    endloop
  endfacet
  facet normal  0.000000e+000  0.000000e+000  1.000000e+000
    outer loop
      vertex -1.919866e+001 -4.381772e+000  2.470000e+001
      vertex -1.950000e+001 -4.700000e+000  2.470000e+001
      vertex -1.828513e+001 -4.422713e+000  2.470000e+001
    endloop
  endfacet
  facet normal  0.000000e+000  0.000000e+000  1.000000e+000
    outer loop
      vertex -1.919866e+001 -4.381772e+000  2.470000e+001
      vertex -1.828513e+001 -4.422713e+000  2.470000e+001
      vertex -1.861349e+001 -4.237541e+000  2.470000e+001
    endloop
  endfacet
  facet normal  -0.000000e+000  0.000000e+000  1.000000e+000
    outer loop
      vertex -1.950000e+001  9.000000e-001  2.470000e+001
      vertex -2.012306e+001  8.297982e-001  2.470000e+001
      vertex -1.980134e+001  5.817722e-001  2.470000e+001
    endloop
  endfacet
  facet normal  0.000000e+000  0.000000e+000  1.000000e+000
    outer loop
      vertex -1.980134e+001  5.817722e-001  2.470000e+001
      vertex -2.012306e+001  8.297982e-001  2.470000e+001
      vertex -2.071487e+001  6.227129e-001  2.470000e+001
    endloop
  endfacet
  facet normal  0.000000e+000  0.000000e+000  1.000000e+000
    outer loop
      vertex -1.980134e+001  5.817722e-001  2.470000e+001
      vertex -2.071487e+001  6.227129e-001  2.470000e+001
      vertex -2.038651e+001  4.375406e-001  2.470000e+001
    endloop
  endfacet
  facet normal  0.000000e+000  0.000000e+000  1.000000e+000
    outer loop
      vertex -2.038651e+001  4.375406e-001  2.470000e+001
      vertex -2.071487e+001  6.227129e-001  2.470000e+001
      vertex -2.124577e+001  2.891282e-001  2.470000e+001
    endloop
  endfacet
  facet normal  -0.000000e+000  0.000000e+000  1.000000e+000
    outer loop
      vertex -2.038651e+001  4.375406e-001  2.470000e+001
      vertex -2.124577e+001  2.891282e-001  2.470000e+001
      vertex -2.092016e+001  1.574597e-001  2.470000e+001
    endloop
  endfacet
  facet normal  0.000000e+000  0.000000e+000  1.000000e+000
    outer loop
      vertex -1.887694e+001  8.297982e-001  2.470000e+001
      vertex -1.950000e+001  9.000000e-001  2.470000e+001
      vertex -1.828513e+001  6.227129e-001  2.470000e+001
    endloop
  endfacet
  facet normal  0.000000e+000  0.000000e+000  1.000000e+000
    outer loop
      vertex -1.828513e+001  6.227129e-001  2.470000e+001
      vertex -1.950000e+001  9.000000e-001  2.470000e+001
      vertex -1.919866e+001  5.817722e-001  2.470000e+001
    endloop
  endfacet
  facet normal  -0.000000e+000  0.000000e+000  1.000000e+000
    outer loop
      vertex -1.828513e+001  6.227129e-001  2.470000e+001
      vertex -1.919866e+001  5.817722e-001  2.470000e+001
      vertex -1.775423e+001  2.891282e-001  2.470000e+001
    endloop
  endfacet
  facet normal  0.000000e+000  0.000000e+000  1.000000e+000
    outer loop
      vertex -1.775423e+001  2.891282e-001  2.470000e+001
      vertex -1.919866e+001  5.817722e-001  2.470000e+001
      vertex -1.861349e+001  4.375406e-001  2.470000e+001
    endloop
  endfacet
  facet normal  0.000000e+000  0.000000e+000  1.000000e+000
    outer loop
      vertex -1.775423e+001  2.891282e-001  2.470000e+001
      vertex -1.861349e+001  4.375406e-001  2.470000e+001
      vertex -1.807984e+001  1.574597e-001  2.470000e+001
    endloop
  endfacet
  facet normal  0.000000e+000  0.000000e+000  1.000000e+000
    outer loop
      vertex -2.092016e+001  1.574597e-001  2.470000e+001
      vertex -2.124577e+001  2.891282e-001  2.470000e+001
      vertex -2.137128e+001 -2.421934e-001  2.470000e+001
    endloop
  endfacet
  facet normal  0.000000e+000  -0.000000e+000  1.000000e+000
    outer loop
      vertex -2.137128e+001 -2.421934e-001  2.470000e+001
      vertex -2.124577e+001  2.891282e-001  2.470000e+001
      vertex -2.168913e+001 -1.542286e-001  2.470000e+001
    endloop
  endfacet
  facet normal  0.000000e+000  0.000000e+000  1.000000e+000
    outer loop
      vertex -2.137128e+001 -2.421934e-001  2.470000e+001
      vertex -2.168913e+001 -1.542286e-001  2.470000e+001
      vertex -2.171364e+001 -7.381921e-001  2.470000e+001
    endloop
  endfacet
  facet normal  0.000000e+000  -0.000000e+000  9.999999e-001
    outer loop
      vertex -2.171364e+001 -7.381921e-001  2.470000e+001
      vertex -2.168913e+001 -1.542286e-001  2.470000e+001
      vertex -2.202271e+001 -6.851255e-001  2.470000e+001
    endloop
  endfacet
  facet normal  0.000000e+000  0.000000e+000  1.000000e+000
    outer loop
      vertex -2.171364e+001 -7.381921e-001  2.470000e+001
      vertex -2.202271e+001 -6.851255e-001  2.470000e+001
      vertex -2.192735e+001 -1.301711e+000  2.470000e+001
    endloop
  endfacet
  facet normal  0.000000e+000  0.000000e+000  1.000000e+000
    outer loop
      vertex -2.192735e+001 -1.301711e+000  2.470000e+001
      vertex -2.202271e+001 -6.851255e-001  2.470000e+001
      vertex -2.222980e+001 -1.276941e+000  2.470000e+001
    endloop
  endfacet
  facet normal  0.000000e+000  0.000000e+000  1.000000e+000
    outer loop
      vertex -2.192735e+001 -1.301711e+000  2.470000e+001
      vertex -2.222980e+001 -1.276941e+000  2.470000e+001
      vertex -2.200000e+001 -1.900000e+000  2.470000e+001
    endloop
  endfacet
  facet normal  0.000000e+000  0.000000e+000  1.000000e+000
    outer loop
      vertex -2.200000e+001 -1.900000e+000  2.470000e+001
      vertex -2.222980e+001 -1.276941e+000  2.470000e+001
      vertex -2.230000e+001 -1.900000e+000  2.470000e+001
    endloop
  endfacet
  facet normal  -0.000000e+000  0.000000e+000  9.999999e-001
    outer loop
      vertex -2.200000e+001 -1.900000e+000  2.470000e+001
      vertex -2.230000e+001 -1.900000e+000  2.470000e+001
      vertex -2.192735e+001 -2.498289e+000  2.470000e+001
    endloop
  endfacet
  facet normal  0.000000e+000  0.000000e+000  1.000000e+000
    outer loop
      vertex -2.192735e+001 -2.498289e+000  2.470000e+001
      vertex -2.230000e+001 -1.900000e+000  2.470000e+001
      vertex -2.222980e+001 -2.523059e+000  2.470000e+001
    endloop
  endfacet
  facet normal  -0.000000e+000  0.000000e+000  1.000000e+000
    outer loop
      vertex -2.192735e+001 -2.498289e+000  2.470000e+001
      vertex -2.222980e+001 -2.523059e+000  2.470000e+001
      vertex -2.171364e+001 -3.061808e+000  2.470000e+001
    endloop
  endfacet
  facet normal  0.000000e+000  0.000000e+000  1.000000e+000
    outer loop
      vertex -2.171364e+001 -3.061808e+000  2.470000e+001
      vertex -2.222980e+001 -2.523059e+000  2.470000e+001
      vertex -2.202271e+001 -3.114874e+000  2.470000e+001
    endloop
  endfacet
  facet normal  -0.000000e+000  0.000000e+000  1.000000e+000
    outer loop
      vertex -2.171364e+001 -3.061808e+000  2.470000e+001
      vertex -2.202271e+001 -3.114874e+000  2.470000e+001
      vertex -2.137128e+001 -3.557807e+000  2.470000e+001
    endloop
  endfacet
  facet normal  0.000000e+000  0.000000e+000  1.000000e+000
    outer loop
      vertex -2.137128e+001 -3.557807e+000  2.470000e+001
      vertex -2.202271e+001 -3.114874e+000  2.470000e+001
      vertex -2.168913e+001 -3.645772e+000  2.470000e+001
    endloop
  endfacet
  facet normal  -0.000000e+000  0.000000e+000  9.999999e-001
    outer loop
      vertex -2.137128e+001 -3.557807e+000  2.470000e+001
      vertex -2.168913e+001 -3.645772e+000  2.470000e+001
      vertex -2.092016e+001 -3.957460e+000  2.470000e+001
    endloop
  endfacet
  facet normal  0.000000e+000  0.000000e+000  1.000000e+000
    outer loop
      vertex -2.092016e+001 -3.957460e+000  2.470000e+001
      vertex -2.168913e+001 -3.645772e+000  2.470000e+001
      vertex -2.124577e+001 -4.089128e+000  2.470000e+001
    endloop
  endfacet
  facet normal  -0.000000e+000  0.000000e+000  1.000000e+000
    outer loop
      vertex -2.092016e+001 -3.957460e+000  2.470000e+001
      vertex -2.124577e+001 -4.089128e+000  2.470000e+001
      vertex -2.038651e+001 -4.237541e+000  2.470000e+001
    endloop
  endfacet
  facet normal  0.000000e+000  0.000000e+000  1.000000e+000
    outer loop
      vertex -2.038651e+001 -4.237541e+000  2.470000e+001
      vertex -2.124577e+001 -4.089128e+000  2.470000e+001
      vertex -2.071487e+001 -4.422713e+000  2.470000e+001
    endloop
  endfacet
  facet normal  -0.000000e+000  0.000000e+000  1.000000e+000
    outer loop
      vertex -1.775423e+001  2.891282e-001  2.470000e+001
      vertex -1.807984e+001  1.574597e-001  2.470000e+001
      vertex -1.731087e+001 -1.542286e-001  2.470000e+001
    endloop
  endfacet
  facet normal  0.000000e+000  0.000000e+000  1.000000e+000
    outer loop
      vertex -1.731087e+001 -1.542286e-001  2.470000e+001
      vertex -1.807984e+001  1.574597e-001  2.470000e+001
      vertex -1.762872e+001 -2.421934e-001  2.470000e+001
    endloop
  endfacet
  facet normal  -0.000000e+000  0.000000e+000  1.000000e+000
    outer loop
      vertex -1.731087e+001 -1.542286e-001  2.470000e+001
      vertex -1.762872e+001 -2.421934e-001  2.470000e+001
      vertex -1.697729e+001 -6.851255e-001  2.470000e+001
    endloop
  endfacet
  facet normal  0.000000e+000  0.000000e+000  1.000000e+000
    outer loop
      vertex -1.697729e+001 -6.851255e-001  2.470000e+001
      vertex -1.762872e+001 -2.421934e-001  2.470000e+001
      vertex -1.728636e+001 -7.381921e-001  2.470000e+001
    endloop
  endfacet
  facet normal  -0.000000e+000  0.000000e+000  1.000000e+000
    outer loop
      vertex -1.697729e+001 -6.851255e-001  2.470000e+001
      vertex -1.728636e+001 -7.381921e-001  2.470000e+001
      vertex -1.677020e+001 -1.276941e+000  2.470000e+001
    endloop
  endfacet
  facet normal  0.000000e+000  0.000000e+000  1.000000e+000
    outer loop
      vertex -1.677020e+001 -1.276941e+000  2.470000e+001
      vertex -1.728636e+001 -7.381921e-001  2.470000e+001
      vertex -1.707265e+001 -1.301711e+000  2.470000e+001
    endloop
  endfacet
  facet normal  -0.000000e+000  0.000000e+000  1.000000e+000
    outer loop
      vertex -1.677020e+001 -1.276941e+000  2.470000e+001
      vertex -1.707265e+001 -1.301711e+000  2.470000e+001
      vertex -1.670000e+001 -1.900000e+000  2.470000e+001
    endloop
  endfacet
  facet normal  0.000000e+000  0.000000e+000  9.999999e-001
    outer loop
      vertex -1.670000e+001 -1.900000e+000  2.470000e+001
      vertex -1.707265e+001 -1.301711e+000  2.470000e+001
      vertex -1.700000e+001 -1.900000e+000  2.470000e+001
    endloop
  endfacet
  facet normal  -0.000000e+000  0.000000e+000  1.000000e+000
    outer loop
      vertex -1.670000e+001 -1.900000e+000  2.470000e+001
      vertex -1.700000e+001 -1.900000e+000  2.470000e+001
      vertex -1.677020e+001 -2.523059e+000  2.470000e+001
    endloop
  endfacet
  facet normal  0.000000e+000  0.000000e+000  1.000000e+000
    outer loop
      vertex -1.677020e+001 -2.523059e+000  2.470000e+001
      vertex -1.700000e+001 -1.900000e+000  2.470000e+001
      vertex -1.707265e+001 -2.498289e+000  2.470000e+001
    endloop
  endfacet
  facet normal  0.000000e+000  0.000000e+000  1.000000e+000
    outer loop
      vertex -1.677020e+001 -2.523059e+000  2.470000e+001
      vertex -1.707265e+001 -2.498289e+000  2.470000e+001
      vertex -1.697729e+001 -3.114874e+000  2.470000e+001
    endloop
  endfacet
  facet normal  0.000000e+000  0.000000e+000  1.000000e+000
    outer loop
      vertex -1.697729e+001 -3.114874e+000  2.470000e+001
      vertex -1.707265e+001 -2.498289e+000  2.470000e+001
      vertex -1.728636e+001 -3.061808e+000  2.470000e+001
    endloop
  endfacet
  facet normal  0.000000e+000  0.000000e+000  1.000000e+000
    outer loop
      vertex -1.697729e+001 -3.114874e+000  2.470000e+001
      vertex -1.728636e+001 -3.061808e+000  2.470000e+001
      vertex -1.731087e+001 -3.645772e+000  2.470000e+001
    endloop
  endfacet
  facet normal  0.000000e+000  -0.000000e+000  1.000000e+000
    outer loop
      vertex -1.731087e+001 -3.645772e+000  2.470000e+001
      vertex -1.728636e+001 -3.061808e+000  2.470000e+001
      vertex -1.762872e+001 -3.557807e+000  2.470000e+001
    endloop
  endfacet
  facet normal  0.000000e+000  0.000000e+000  9.999999e-001
    outer loop
      vertex -1.731087e+001 -3.645772e+000  2.470000e+001
      vertex -1.762872e+001 -3.557807e+000  2.470000e+001
      vertex -1.775423e+001 -4.089128e+000  2.470000e+001
    endloop
  endfacet
  facet normal  0.000000e+000  -0.000000e+000  1.000000e+000
    outer loop
      vertex -1.775423e+001 -4.089128e+000  2.470000e+001
      vertex -1.762872e+001 -3.557807e+000  2.470000e+001
      vertex -1.807984e+001 -3.957460e+000  2.470000e+001
    endloop
  endfacet
  facet normal  0.000000e+000  0.000000e+000  1.000000e+000
    outer loop
      vertex -1.775423e+001 -4.089128e+000  2.470000e+001
      vertex -1.807984e+001 -3.957460e+000  2.470000e+001
      vertex -1.828513e+001 -4.422713e+000  2.470000e+001
    endloop
  endfacet
  facet normal  0.000000e+000  -0.000000e+000  1.000000e+000
    outer loop
      vertex -1.828513e+001 -4.422713e+000  2.470000e+001
      vertex -1.807984e+001 -3.957460e+000  2.470000e+001
      vertex -1.861349e+001 -4.237541e+000  2.470000e+001
    endloop
  endfacet
  facet normal  9.937122e-001 -1.119645e-001  0.000000e+000
    outer loop
      vertex -1.670000e+001 -1.900000e+000  2.250000e+001
      vertex -1.670000e+001 -1.900000e+000  2.470000e+001
      vertex -1.677020e+001 -2.523059e+000  2.250000e+001
    endloop
  endfacet
  facet normal  9.937122e-001 -1.119645e-001  0.000000e+000
    outer loop
      vertex -1.677020e+001 -2.523059e+000  2.250000e+001
      vertex -1.670000e+001 -1.900000e+000  2.470000e+001
      vertex -1.677020e+001 -2.523059e+000  2.470000e+001
    endloop
  endfacet
  facet normal  9.438837e-001 -3.302782e-001  0.000000e+000
    outer loop
      vertex -1.677020e+001 -2.523059e+000  2.250000e+001
      vertex -1.677020e+001 -2.523059e+000  2.470000e+001
      vertex -1.697729e+001 -3.114874e+000  2.250000e+001
    endloop
  endfacet
  facet normal  9.438837e-001 -3.302782e-001  0.000000e+000
    outer loop
      vertex -1.697729e+001 -3.114874e+000  2.250000e+001
      vertex -1.677020e+001 -2.523059e+000  2.470000e+001
      vertex -1.697729e+001 -3.114874e+000  2.470000e+001
    endloop
  endfacet
  facet normal  8.467249e-001 -5.320310e-001  0.000000e+000
    outer loop
      vertex -1.697729e+001 -3.114874e+000  2.250000e+001
      vertex -1.697729e+001 -3.114874e+000  2.470000e+001
      vertex -1.731087e+001 -3.645772e+000  2.250000e+001
    endloop
  endfacet
  facet normal  8.467249e-001 -5.320310e-001  0.000000e+000
    outer loop
      vertex -1.731087e+001 -3.645772e+000  2.250000e+001
      vertex -1.697729e+001 -3.114874e+000  2.470000e+001
      vertex -1.731087e+001 -3.645772e+000  2.470000e+001
    endloop
  endfacet
  facet normal  7.071060e-001 -7.071075e-001  0.000000e+000
    outer loop
      vertex -1.731087e+001 -3.645772e+000  2.250000e+001
      vertex -1.731087e+001 -3.645772e+000  2.470000e+001
      vertex -1.775423e+001 -4.089128e+000  2.250000e+001
    endloop
  endfacet
  facet normal  7.071060e-001 -7.071075e-001  0.000000e+000
    outer loop
      vertex -1.775423e+001 -4.089128e+000  2.250000e+001
      vertex -1.731087e+001 -3.645772e+000  2.470000e+001
      vertex -1.775423e+001 -4.089128e+000  2.470000e+001
    endloop
  endfacet
  facet normal  5.320321e-001 -8.467243e-001  0.000000e+000
    outer loop
      vertex -1.775423e+001 -4.089128e+000  2.250000e+001
      vertex -1.775423e+001 -4.089128e+000  2.470000e+001
      vertex -1.828513e+001 -4.422713e+000  2.250000e+001
    endloop
  endfacet
  facet normal  5.320321e-001 -8.467243e-001  0.000000e+000
    outer loop
      vertex -1.828513e+001 -4.422713e+000  2.250000e+001
      vertex -1.775423e+001 -4.089128e+000  2.470000e+001
      vertex -1.828513e+001 -4.422713e+000  2.470000e+001
    endloop
  endfacet
  facet normal  3.302788e-001 -9.438835e-001  0.000000e+000
    outer loop
      vertex -1.828513e+001 -4.422713e+000  2.250000e+001
      vertex -1.828513e+001 -4.422713e+000  2.470000e+001
      vertex -1.887694e+001 -4.629798e+000  2.250000e+001
    endloop
  endfacet
  facet normal  3.302788e-001 -9.438835e-001  0.000000e+000
    outer loop
      vertex -1.887694e+001 -4.629798e+000  2.250000e+001
      vertex -1.828513e+001 -4.422713e+000  2.470000e+001
      vertex -1.887694e+001 -4.629798e+000  2.470000e+001
    endloop
  endfacet
  facet normal  1.119646e-001 -9.937122e-001  0.000000e+000
    outer loop
      vertex -1.887694e+001 -4.629798e+000  2.250000e+001
      vertex -1.887694e+001 -4.629798e+000  2.470000e+001
      vertex -1.950000e+001 -4.700000e+000  2.250000e+001
    endloop
  endfacet
  facet normal  1.119646e-001 -9.937122e-001  0.000000e+000
    outer loop
      vertex -1.950000e+001 -4.700000e+000  2.250000e+001
      vertex -1.887694e+001 -4.629798e+000  2.470000e+001
      vertex -1.950000e+001 -4.700000e+000  2.470000e+001
    endloop
  endfacet
  facet normal -1.119646e-001 -9.937122e-001  -0.000000e+000
    outer loop
      vertex -1.950000e+001 -4.700000e+000  2.250000e+001
      vertex -1.950000e+001 -4.700000e+000  2.470000e+001
      vertex -2.012306e+001 -4.629798e+000  2.250000e+001
    endloop
  endfacet
  facet normal -1.119646e-001 -9.937122e-001  0.000000e+000
    outer loop
      vertex -2.012306e+001 -4.629798e+000  2.250000e+001
      vertex -1.950000e+001 -4.700000e+000  2.470000e+001
      vertex -2.012306e+001 -4.629798e+000  2.470000e+001
    endloop
  endfacet
  facet normal -3.302788e-001 -9.438835e-001  -0.000000e+000
    outer loop
      vertex -2.012306e+001 -4.629798e+000  2.250000e+001
      vertex -2.012306e+001 -4.629798e+000  2.470000e+001
      vertex -2.071487e+001 -4.422713e+000  2.250000e+001
    endloop
  endfacet
  facet normal -3.302788e-001 -9.438835e-001  0.000000e+000
    outer loop
      vertex -2.071487e+001 -4.422713e+000  2.250000e+001
      vertex -2.012306e+001 -4.629798e+000  2.470000e+001
      vertex -2.071487e+001 -4.422713e+000  2.470000e+001
    endloop
  endfacet
  facet normal -5.320321e-001 -8.467243e-001  -0.000000e+000
    outer loop
      vertex -2.071487e+001 -4.422713e+000  2.250000e+001
      vertex -2.071487e+001 -4.422713e+000  2.470000e+001
      vertex -2.124577e+001 -4.089128e+000  2.250000e+001
    endloop
  endfacet
  facet normal -5.320321e-001 -8.467243e-001  0.000000e+000
    outer loop
      vertex -2.124577e+001 -4.089128e+000  2.250000e+001
      vertex -2.071487e+001 -4.422713e+000  2.470000e+001
      vertex -2.124577e+001 -4.089128e+000  2.470000e+001
    endloop
  endfacet
  facet normal -7.071060e-001 -7.071075e-001  -0.000000e+000
    outer loop
      vertex -2.124577e+001 -4.089128e+000  2.250000e+001
      vertex -2.124577e+001 -4.089128e+000  2.470000e+001
      vertex -2.168913e+001 -3.645772e+000  2.250000e+001
    endloop
  endfacet
  facet normal -7.071060e-001 -7.071075e-001  0.000000e+000
    outer loop
      vertex -2.168913e+001 -3.645772e+000  2.250000e+001
      vertex -2.124577e+001 -4.089128e+000  2.470000e+001
      vertex -2.168913e+001 -3.645772e+000  2.470000e+001
    endloop
  endfacet
  facet normal -8.467249e-001 -5.320310e-001  -0.000000e+000
    outer loop
      vertex -2.168913e+001 -3.645772e+000  2.250000e+001
      vertex -2.168913e+001 -3.645772e+000  2.470000e+001
      vertex -2.202271e+001 -3.114874e+000  2.250000e+001
    endloop
  endfacet
  facet normal -8.467249e-001 -5.320310e-001  0.000000e+000
    outer loop
      vertex -2.202271e+001 -3.114874e+000  2.250000e+001
      vertex -2.168913e+001 -3.645772e+000  2.470000e+001
      vertex -2.202271e+001 -3.114874e+000  2.470000e+001
    endloop
  endfacet
  facet normal -9.438837e-001 -3.302782e-001  -0.000000e+000
    outer loop
      vertex -2.202271e+001 -3.114874e+000  2.250000e+001
      vertex -2.202271e+001 -3.114874e+000  2.470000e+001
      vertex -2.222980e+001 -2.523059e+000  2.250000e+001
    endloop
  endfacet
  facet normal -9.438837e-001 -3.302782e-001  0.000000e+000
    outer loop
      vertex -2.222980e+001 -2.523059e+000  2.250000e+001
      vertex -2.202271e+001 -3.114874e+000  2.470000e+001
      vertex -2.222980e+001 -2.523059e+000  2.470000e+001
    endloop
  endfacet
  facet normal -9.937122e-001 -1.119645e-001  -0.000000e+000
    outer loop
      vertex -2.222980e+001 -2.523059e+000  2.250000e+001
      vertex -2.222980e+001 -2.523059e+000  2.470000e+001
      vertex -2.230000e+001 -1.900000e+000  2.250000e+001
    endloop
  endfacet
  facet normal -9.937122e-001 -1.119645e-001  0.000000e+000
    outer loop
      vertex -2.230000e+001 -1.900000e+000  2.250000e+001
      vertex -2.222980e+001 -2.523059e+000  2.470000e+001
      vertex -2.230000e+001 -1.900000e+000  2.470000e+001
    endloop
  endfacet
  facet normal -9.937122e-001  1.119645e-001  0.000000e+000
    outer loop
      vertex -2.230000e+001 -1.900000e+000  2.250000e+001
      vertex -2.230000e+001 -1.900000e+000  2.470000e+001
      vertex -2.222980e+001 -1.276941e+000  2.250000e+001
    endloop
  endfacet
  facet normal -9.937122e-001  1.119645e-001  0.000000e+000
    outer loop
      vertex -2.222980e+001 -1.276941e+000  2.250000e+001
      vertex -2.230000e+001 -1.900000e+000  2.470000e+001
      vertex -2.222980e+001 -1.276941e+000  2.470000e+001
    endloop
  endfacet
  facet normal -9.438837e-001  3.302781e-001  0.000000e+000
    outer loop
      vertex -2.222980e+001 -1.276941e+000  2.250000e+001
      vertex -2.222980e+001 -1.276941e+000  2.470000e+001
      vertex -2.202271e+001 -6.851255e-001  2.250000e+001
    endloop
  endfacet
  facet normal -9.438837e-001  3.302781e-001  0.000000e+000
    outer loop
      vertex -2.202271e+001 -6.851255e-001  2.250000e+001
      vertex -2.222980e+001 -1.276941e+000  2.470000e+001
      vertex -2.202271e+001 -6.851255e-001  2.470000e+001
    endloop
  endfacet
  facet normal -8.467248e-001  5.320311e-001  0.000000e+000
    outer loop
      vertex -2.202271e+001 -6.851255e-001  2.250000e+001
      vertex -2.202271e+001 -6.851255e-001  2.470000e+001
      vertex -2.168913e+001 -1.542286e-001  2.250000e+001
    endloop
  endfacet
  facet normal -8.467248e-001  5.320311e-001  0.000000e+000
    outer loop
      vertex -2.168913e+001 -1.542286e-001  2.250000e+001
      vertex -2.202271e+001 -6.851255e-001  2.470000e+001
      vertex -2.168913e+001 -1.542286e-001  2.470000e+001
    endloop
  endfacet
  facet normal -7.071062e-001  7.071074e-001  0.000000e+000
    outer loop
      vertex -2.168913e+001 -1.542286e-001  2.250000e+001
      vertex -2.168913e+001 -1.542286e-001  2.470000e+001
      vertex -2.124577e+001  2.891282e-001  2.250000e+001
    endloop
  endfacet
  facet normal -7.071062e-001  7.071074e-001  0.000000e+000
    outer loop
      vertex -2.124577e+001  2.891282e-001  2.250000e+001
      vertex -2.168913e+001 -1.542286e-001  2.470000e+001
      vertex -2.124577e+001  2.891282e-001  2.470000e+001
    endloop
  endfacet
  facet normal -5.320320e-001  8.467243e-001  0.000000e+000
    outer loop
      vertex -2.124577e+001  2.891282e-001  2.250000e+001
      vertex -2.124577e+001  2.891282e-001  2.470000e+001
      vertex -2.071487e+001  6.227129e-001  2.250000e+001
    endloop
  endfacet
  facet normal -5.320320e-001  8.467243e-001  0.000000e+000
    outer loop
      vertex -2.071487e+001  6.227129e-001  2.250000e+001
      vertex -2.124577e+001  2.891282e-001  2.470000e+001
      vertex -2.071487e+001  6.227129e-001  2.470000e+001
    endloop
  endfacet
  facet normal -3.302790e-001  9.438834e-001  0.000000e+000
    outer loop
      vertex -2.071487e+001  6.227129e-001  2.250000e+001
      vertex -2.071487e+001  6.227129e-001  2.470000e+001
      vertex -2.012306e+001  8.297982e-001  2.250000e+001
    endloop
  endfacet
  facet normal -3.302790e-001  9.438834e-001  0.000000e+000
    outer loop
      vertex -2.012306e+001  8.297982e-001  2.250000e+001
      vertex -2.071487e+001  6.227129e-001  2.470000e+001
      vertex -2.012306e+001  8.297982e-001  2.470000e+001
    endloop
  endfacet
  facet normal -1.119645e-001  9.937122e-001  0.000000e+000
    outer loop
      vertex -2.012306e+001  8.297982e-001  2.250000e+001
      vertex -2.012306e+001  8.297982e-001  2.470000e+001
      vertex -1.950000e+001  9.000000e-001  2.250000e+001
    endloop
  endfacet
  facet normal -1.119645e-001  9.937122e-001  0.000000e+000
    outer loop
      vertex -1.950000e+001  9.000000e-001  2.250000e+001
      vertex -2.012306e+001  8.297982e-001  2.470000e+001
      vertex -1.950000e+001  9.000000e-001  2.470000e+001
    endloop
  endfacet
  facet normal  1.119645e-001  9.937122e-001  0.000000e+000
    outer loop
      vertex -1.950000e+001  9.000000e-001  2.250000e+001
      vertex -1.950000e+001  9.000000e-001  2.470000e+001
      vertex -1.887694e+001  8.297982e-001  2.250000e+001
    endloop
  endfacet
  facet normal  1.119645e-001  9.937122e-001  -0.000000e+000
    outer loop
      vertex -1.887694e+001  8.297982e-001  2.250000e+001
      vertex -1.950000e+001  9.000000e-001  2.470000e+001
      vertex -1.887694e+001  8.297982e-001  2.470000e+001
    endloop
  endfacet
  facet normal  3.302790e-001  9.438834e-001  0.000000e+000
    outer loop
      vertex -1.887694e+001  8.297982e-001  2.250000e+001
      vertex -1.887694e+001  8.297982e-001  2.470000e+001
      vertex -1.828513e+001  6.227129e-001  2.250000e+001
    endloop
  endfacet
  facet normal  3.302790e-001  9.438834e-001  -0.000000e+000
    outer loop
      vertex -1.828513e+001  6.227129e-001  2.250000e+001
      vertex -1.887694e+001  8.297982e-001  2.470000e+001
      vertex -1.828513e+001  6.227129e-001  2.470000e+001
    endloop
  endfacet
  facet normal  5.320320e-001  8.467243e-001  0.000000e+000
    outer loop
      vertex -1.828513e+001  6.227129e-001  2.250000e+001
      vertex -1.828513e+001  6.227129e-001  2.470000e+001
      vertex -1.775423e+001  2.891282e-001  2.250000e+001
    endloop
  endfacet
  facet normal  5.320320e-001  8.467243e-001  -0.000000e+000
    outer loop
      vertex -1.775423e+001  2.891282e-001  2.250000e+001
      vertex -1.828513e+001  6.227129e-001  2.470000e+001
      vertex -1.775423e+001  2.891282e-001  2.470000e+001
    endloop
  endfacet
  facet normal  7.071062e-001  7.071074e-001  0.000000e+000
    outer loop
      vertex -1.775423e+001  2.891282e-001  2.250000e+001
      vertex -1.775423e+001  2.891282e-001  2.470000e+001
      vertex -1.731087e+001 -1.542286e-001  2.250000e+001
    endloop
  endfacet
  facet normal  7.071062e-001  7.071074e-001  -0.000000e+000
    outer loop
      vertex -1.731087e+001 -1.542286e-001  2.250000e+001
      vertex -1.775423e+001  2.891282e-001  2.470000e+001
      vertex -1.731087e+001 -1.542286e-001  2.470000e+001
    endloop
  endfacet
  facet normal  8.467248e-001  5.320311e-001  0.000000e+000
    outer loop
      vertex -1.731087e+001 -1.542286e-001  2.250000e+001
      vertex -1.731087e+001 -1.542286e-001  2.470000e+001
      vertex -1.697729e+001 -6.851255e-001  2.250000e+001
    endloop
  endfacet
  facet normal  8.467248e-001  5.320311e-001  -0.000000e+000
    outer loop
      vertex -1.697729e+001 -6.851255e-001  2.250000e+001
      vertex -1.731087e+001 -1.542286e-001  2.470000e+001
      vertex -1.697729e+001 -6.851255e-001  2.470000e+001
    endloop
  endfacet
  facet normal  9.438837e-001  3.302781e-001  0.000000e+000
    outer loop
      vertex -1.697729e+001 -6.851255e-001  2.250000e+001
      vertex -1.697729e+001 -6.851255e-001  2.470000e+001
      vertex -1.677020e+001 -1.276941e+000  2.250000e+001
    endloop
  endfacet
  facet normal  9.438837e-001  3.302781e-001  -0.000000e+000
    outer loop
      vertex -1.677020e+001 -1.276941e+000  2.250000e+001
      vertex -1.697729e+001 -6.851255e-001  2.470000e+001
      vertex -1.677020e+001 -1.276941e+000  2.470000e+001
    endloop
  endfacet
  facet normal  9.937122e-001  1.119645e-001  0.000000e+000
    outer loop
      vertex -1.677020e+001 -1.276941e+000  2.250000e+001
      vertex -1.677020e+001 -1.276941e+000  2.470000e+001
      vertex -1.670000e+001 -1.900000e+000  2.250000e+001
    endloop
  endfacet
  facet normal  9.937122e-001  1.119645e-001  -0.000000e+000
    outer loop
      vertex -1.670000e+001 -1.900000e+000  2.250000e+001
      vertex -1.677020e+001 -1.276941e+000  2.470000e+001
      vertex -1.670000e+001 -1.900000e+000  2.470000e+001
    endloop
  endfacet
  facet normal  0.000000e+000  1.000000e+000  0.000000e+000
    outer loop
      vertex  5.263756e+000  1.710000e+001  2.951580e+000
      vertex  5.929479e+000  1.710000e+001  4.643061e+000
      vertex  5.660160e+000  1.710000e+001  3.772312e+000
    endloop
  endfacet
  facet normal  0.000000e+000  1.000000e+000  0.000000e+000
    outer loop
      vertex  4.071068e-001  1.710000e+001  5.292893e+000
      vertex  5.929479e+000  1.710000e+001  4.643061e+000
      vertex  8.268344e-002  1.710000e+001  5.076120e+000
    endloop
  endfacet
  facet normal  0.000000e+000  1.000000e+000  0.000000e+000
    outer loop
      vertex -6.500000e+000  1.710000e+001  8.624617e+000
      vertex -6.869240e-001  1.710000e+001  8.624617e+000
      vertex -3.000000e-001  1.710000e+001  7.000000e+000
    endloop
  endfacet
  facet normal  0.000000e+000  1.000000e+000  0.000000e+000
    outer loop
      vertex -6.500000e+000  1.710000e+001  8.624617e+000
      vertex -3.000000e-001  1.710000e+001  7.000000e+000
      vertex -6.826834e-001  1.710000e+001  6.923880e+000
    endloop
  endfacet
  facet normal  0.000000e+000  1.000000e+000  0.000000e+000
    outer loop
      vertex -6.500000e+000  1.710000e+001  8.624617e+000
      vertex -6.826834e-001  1.710000e+001  6.923880e+000
      vertex -6.500000e+000  1.710000e+001  3.375384e+000
    endloop
  endfacet
  facet normal  0.000000e+000  1.000000e+000  0.000000e+000
    outer loop
      vertex -1.200000e+001  1.710000e+001  1.200000e+001
      vertex -6.500000e+000  1.710000e+001  1.200000e+001
      vertex -6.500000e+000  1.710000e+001  8.624617e+000
    endloop
  endfacet
  facet normal  0.000000e+000  1.000000e+000  0.000000e+000
    outer loop
      vertex -1.200000e+001  1.710000e+001  1.200000e+001
      vertex -6.500000e+000  1.710000e+001  8.624617e+000
      vertex -6.500000e+000  1.710000e+001  3.375384e+000
    endloop
  endfacet
  facet normal  0.000000e+000  1.000000e+000  0.000000e+000
    outer loop
      vertex -1.200000e+001  1.710000e+001  1.200000e+001
      vertex -6.500000e+000  1.710000e+001  3.375384e+000
      vertex -6.500000e+000  1.710000e+001  1.735856e-011
    endloop
  endfacet
  facet normal  0.000000e+000  1.000000e+000  0.000000e+000
    outer loop
      vertex -1.200000e+001  1.710000e+001  1.200000e+001
      vertex -6.500000e+000  1.710000e+001  1.735856e-011
      vertex -1.200000e+001  1.710000e+001  0.000000e+000
    endloop
  endfacet
  facet normal  0.000000e+000  1.000000e+000  -0.000000e+000
    outer loop
      vertex  6.065667e+000  1.710000e+001  6.455724e+000
      vertex  6.238796e-001  1.710000e+001  6.382683e+000
      vertex  4.071068e-001  1.710000e+001  6.707107e+000
    endloop
  endfacet
  facet normal  -0.000000e+000  1.000000e+000  -0.000000e+000
    outer loop
      vertex  6.065667e+000  1.710000e+001  6.455724e+000
      vertex  4.071068e-001  1.710000e+001  6.707107e+000
      vertex  8.268344e-002  1.710000e+001  6.923880e+000
    endloop
  endfacet
  facet normal  -0.000000e+000  1.000000e+000  -0.000000e+000
    outer loop
      vertex  6.065667e+000  1.710000e+001  6.455724e+000
      vertex  8.268344e-002  1.710000e+001  6.923880e+000
      vertex -3.000000e-001  1.710000e+001  7.000000e+000
    endloop
  endfacet
  facet normal  -0.000000e+000  1.000000e+000  0.000000e+000
    outer loop
      vertex  6.065667e+000  1.710000e+001  6.455724e+000
      vertex -3.000000e-001  1.710000e+001  7.000000e+000
      vertex  5.929479e+000  1.710000e+001  7.356939e+000
    endloop
  endfacet
  facet normal  0.000000e+000  1.000000e+000  -0.000000e+000
    outer loop
      vertex  6.065667e+000  1.710000e+001  5.544276e+000
      vertex  5.929479e+000  1.710000e+001  4.643061e+000
      vertex  4.071068e-001  1.710000e+001  5.292893e+000
    endloop
  endfacet
  facet normal  0.000000e+000  1.000000e+000  0.000000e+000
    outer loop
      vertex  6.065667e+000  1.710000e+001  5.544276e+000
      vertex  4.071068e-001  1.710000e+001  5.292893e+000
      vertex  6.238796e-001  1.710000e+001  5.617317e+000
    endloop
  endfacet
  facet normal  -0.000000e+000  1.000000e+000  0.000000e+000
    outer loop
      vertex  6.065667e+000  1.710000e+001  5.544276e+000
      vertex  6.238796e-001  1.710000e+001  5.617317e+000
      vertex  7.000000e-001  1.710000e+001  6.000000e+000
    endloop
  endfacet
  facet normal  -0.000000e+000  1.000000e+000  -0.000000e+000
    outer loop
      vertex  6.065667e+000  1.710000e+001  5.544276e+000
      vertex  7.000000e-001  1.710000e+001  6.000000e+000
      vertex  6.238796e-001  1.710000e+001  6.382683e+000
    endloop
  endfacet
  facet normal  -0.000000e+000  1.000000e+000  0.000000e+000
    outer loop
      vertex  6.065667e+000  1.710000e+001  5.544276e+000
      vertex  6.238796e-001  1.710000e+001  6.382683e+000
      vertex  6.065667e+000  1.710000e+001  6.455724e+000
    endloop
  endfacet
  facet normal  0.000000e+000  9.999999e-001  0.000000e+000
    outer loop
      vertex -6.500000e+000  1.710000e+001  3.375384e+000
      vertex -6.826834e-001  1.710000e+001  6.923880e+000
      vertex -1.007107e+000  1.710000e+001  6.707107e+000
    endloop
  endfacet
  facet normal  0.000000e+000  1.000000e+000  0.000000e+000
    outer loop
      vertex -6.500000e+000  1.710000e+001  3.375384e+000
      vertex -1.007107e+000  1.710000e+001  6.707107e+000
      vertex -1.223880e+000  1.710000e+001  6.382683e+000
    endloop
  endfacet
  facet normal  0.000000e+000  1.000000e+000  0.000000e+000
    outer loop
      vertex -6.500000e+000  1.710000e+001  3.375384e+000
      vertex -1.223880e+000  1.710000e+001  6.382683e+000
      vertex -1.300000e+000  1.710000e+001  6.000000e+000
    endloop
  endfacet
  facet normal  0.000000e+000  1.000000e+000  0.000000e+000
    outer loop
      vertex -6.500000e+000  1.710000e+001  3.375384e+000
      vertex -1.300000e+000  1.710000e+001  6.000000e+000
      vertex -1.223880e+000  1.710000e+001  5.617317e+000
    endloop
  endfacet
  facet normal  0.000000e+000  1.000000e+000  0.000000e+000
    outer loop
      vertex -6.500000e+000  1.710000e+001  3.375384e+000
      vertex -1.223880e+000  1.710000e+001  5.617317e+000
      vertex -1.007107e+000  1.710000e+001  5.292893e+000
    endloop
  endfacet
  facet normal  0.000000e+000  1.000000e+000  0.000000e+000
    outer loop
      vertex -6.500000e+000  1.710000e+001  3.375384e+000
      vertex -1.007107e+000  1.710000e+001  5.292893e+000
      vertex -6.826834e-001  1.710000e+001  5.076120e+000
    endloop
  endfacet
  facet normal  0.000000e+000  1.000000e+000  0.000000e+000
    outer loop
      vertex -6.500000e+000  1.710000e+001  3.375384e+000
      vertex -6.826834e-001  1.710000e+001  5.076120e+000
      vertex -3.000000e-001  1.710000e+001  5.000000e+000
    endloop
  endfacet
  facet normal  0.000000e+000  1.000000e+000  0.000000e+000
    outer loop
      vertex -6.500000e+000  1.710000e+001  3.375384e+000
      vertex -3.000000e-001  1.710000e+001  5.000000e+000
      vertex -6.869238e-001  1.710000e+001  3.375384e+000
    endloop
  endfacet
  facet normal  -0.000000e+000  9.999999e-001  0.000000e+000
    outer loop
      vertex  5.263756e+000  1.710000e+001  2.951580e+000
      vertex -6.869238e-001  1.710000e+001  3.375384e+000
      vertex  5.929479e+000  1.710000e+001  4.643061e+000
    endloop
  endfacet
  facet normal  0.000000e+000  1.000000e+000  0.000000e+000
    outer loop
      vertex  5.929479e+000  1.710000e+001  4.643061e+000
      vertex -6.869238e-001  1.710000e+001  3.375384e+000
      vertex -3.000000e-001  1.710000e+001  5.000000e+000
    endloop
  endfacet
  facet normal  -0.000000e+000  1.000000e+000  0.000000e+000
    outer loop
      vertex  5.929479e+000  1.710000e+001  4.643061e+000
      vertex -3.000000e-001  1.710000e+001  5.000000e+000
      vertex  8.268344e-002  1.710000e+001  5.076120e+000
    endloop
  endfacet
  facet normal  0.000000e+000  1.000000e+000  0.000000e+000
    outer loop
      vertex -6.869240e-001  1.710000e+001  8.624617e+000
      vertex  5.263756e+000  1.710000e+001  9.048421e+000
      vertex -3.000000e-001  1.710000e+001  7.000000e+000
    endloop
  endfacet
  facet normal  0.000000e+000  1.000000e+000  0.000000e+000
    outer loop
      vertex -3.000000e-001  1.710000e+001  7.000000e+000
      vertex  5.263756e+000  1.710000e+001  9.048421e+000
      vertex  5.660160e+000  1.710000e+001  8.227689e+000
    endloop
  endfacet
  facet normal  0.000000e+000  1.000000e+000  0.000000e+000
    outer loop
      vertex -3.000000e-001  1.710000e+001  7.000000e+000
      vertex  5.660160e+000  1.710000e+001  8.227689e+000
      vertex  5.929479e+000  1.710000e+001  7.356939e+000
    endloop
  endfacet
  facet normal  0.000000e+000 -1.000000e+000  0.000000e+000
    outer loop
      vertex  6.082564e+000  1.510000e+001  6.049081e+000
      vertex  8.268344e-002  1.510000e+001  6.923880e+000
      vertex  4.071068e-001  1.510000e+001  6.707107e+000
    endloop
  endfacet
  facet normal  0.000000e+000 -1.000000e+000  0.000000e+000
    outer loop
      vertex  6.082564e+000  1.510000e+001  6.049081e+000
      vertex  4.071068e-001  1.510000e+001  6.707107e+000
      vertex  6.238796e-001  1.510000e+001  6.382683e+000
    endloop
  endfacet
  facet normal  -0.000000e+000 -1.000000e+000  0.000000e+000
    outer loop
      vertex  7.000000e-001  1.510000e+001  6.000000e+000
      vertex  6.082564e+000  1.510000e+001  6.049081e+000
      vertex  6.238796e-001  1.510000e+001  6.382683e+000
    endloop
  endfacet
  facet normal  0.000000e+000 -1.000000e+000  0.000000e+000
    outer loop
      vertex  4.071068e-001  1.510000e+001  5.292893e+000
      vertex  8.268344e-002  1.510000e+001  5.076120e+000
      vertex  6.015356e+000  1.510000e+001  5.096954e+000
    endloop
  endfacet
  facet normal  0.000000e+000 -1.000000e+000  0.000000e+000
    outer loop
      vertex -3.000000e-001  1.510000e+001  5.000000e+000
      vertex -9.000000e+000  1.510000e+001  0.000000e+000
      vertex  1.000000e+000  1.510000e+001 -1.755362e-012
    endloop
  endfacet
  facet normal  0.000000e+000 -1.000000e+000  0.000000e+000
    outer loop
      vertex -3.000000e-001  1.510000e+001  5.000000e+000
      vertex  1.000000e+000  1.510000e+001 -1.755362e-012
      vertex  1.926295e+000  1.510000e+001  2.303044e-001
    endloop
  endfacet
  facet normal  0.000000e+000 -9.999999e-001  0.000000e+000
    outer loop
      vertex -3.000000e-001  1.510000e+001  5.000000e+000
      vertex  1.926295e+000  1.510000e+001  2.303044e-001
      vertex  2.805158e+000  1.510000e+001  6.026779e-001
    endloop
  endfacet
  facet normal  0.000000e+000 -1.000000e+000  0.000000e+000
    outer loop
      vertex -3.000000e-001  1.510000e+001  5.000000e+000
      vertex  2.805158e+000  1.510000e+001  6.026779e-001
      vertex  3.614949e+000  1.510000e+001  1.107951e+000
    endloop
  endfacet
  facet normal  0.000000e+000 -1.000000e+000  0.000000e+000
    outer loop
      vertex -3.000000e-001  1.510000e+001  5.000000e+000
      vertex  3.614949e+000  1.510000e+001  1.107951e+000
      vertex  4.335729e+000  1.510000e+001  1.733683e+000
    endloop
  endfacet
  facet normal  0.000000e+000 -1.000000e+000  0.000000e+000
    outer loop
      vertex -3.000000e-001  1.510000e+001  5.000000e+000
      vertex  4.335729e+000  1.510000e+001  1.733683e+000
      vertex  4.949748e+000  1.510000e+001  2.464466e+000
    endloop
  endfacet
  facet normal  0.000000e+000 -1.000000e+000  0.000000e+000
    outer loop
      vertex -3.000000e-001  1.510000e+001  5.000000e+000
      vertex  4.949748e+000  1.510000e+001  2.464466e+000
      vertex  5.441887e+000  1.510000e+001  3.282305e+000
    endloop
  endfacet
  facet normal  0.000000e+000 -9.999999e-001  0.000000e+000
    outer loop
      vertex -3.000000e-001  1.510000e+001  5.000000e+000
      vertex  5.441887e+000  1.510000e+001  3.282305e+000
      vertex  5.800030e+000  1.510000e+001  4.167064e+000
    endloop
  endfacet
  facet normal  0.000000e+000 -1.000000e+000  0.000000e+000
    outer loop
      vertex -3.000000e-001  1.510000e+001  5.000000e+000
      vertex  5.800030e+000  1.510000e+001  4.167064e+000
      vertex  6.015356e+000  1.510000e+001  5.096954e+000
    endloop
  endfacet
  facet normal  0.000000e+000 -1.000000e+000  0.000000e+000
    outer loop
      vertex -3.000000e-001  1.510000e+001  5.000000e+000
      vertex  6.015356e+000  1.510000e+001  5.096954e+000
      vertex  8.268344e-002  1.510000e+001  5.076120e+000
    endloop
  endfacet
  facet normal  -0.000000e+000 -1.000000e+000  0.000000e+000
    outer loop
      vertex -9.000000e+000  1.510000e+001  0.000000e+000
      vertex -3.000000e-001  1.510000e+001  5.000000e+000
      vertex -6.826834e-001  1.510000e+001  5.076120e+000
    endloop
  endfacet
  facet normal  -0.000000e+000 -1.000000e+000  0.000000e+000
    outer loop
      vertex -9.000000e+000  1.510000e+001  0.000000e+000
      vertex -6.826834e-001  1.510000e+001  5.076120e+000
      vertex -1.007107e+000  1.510000e+001  5.292893e+000
    endloop
  endfacet
  facet normal  -0.000000e+000 -1.000000e+000  0.000000e+000
    outer loop
      vertex -9.000000e+000  1.510000e+001  0.000000e+000
      vertex -1.007107e+000  1.510000e+001  5.292893e+000
      vertex -1.223880e+000  1.510000e+001  5.617317e+000
    endloop
  endfacet
  facet normal  -0.000000e+000 -9.999999e-001  0.000000e+000
    outer loop
      vertex -9.000000e+000  1.510000e+001  0.000000e+000
      vertex -1.223880e+000  1.510000e+001  5.617317e+000
      vertex -1.300000e+000  1.510000e+001  6.000000e+000
    endloop
  endfacet
  facet normal  -0.000000e+000 -1.000000e+000  0.000000e+000
    outer loop
      vertex -9.000000e+000  1.510000e+001  0.000000e+000
      vertex -1.300000e+000  1.510000e+001  6.000000e+000
      vertex -1.223880e+000  1.510000e+001  6.382683e+000
    endloop
  endfacet
  facet normal  -0.000000e+000 -1.000000e+000  0.000000e+000
    outer loop
      vertex -9.000000e+000  1.510000e+001  0.000000e+000
      vertex -1.223880e+000  1.510000e+001  6.382683e+000
      vertex -1.007107e+000  1.510000e+001  6.707107e+000
    endloop
  endfacet
  facet normal  0.000000e+000 -1.000000e+000  0.000000e+000
    outer loop
      vertex -9.000000e+000  1.510000e+001  1.200000e+001
      vertex -9.000000e+000  1.510000e+001  0.000000e+000
      vertex -1.007107e+000  1.510000e+001  6.707107e+000
    endloop
  endfacet
  facet normal  0.000000e+000 -1.000000e+000  0.000000e+000
    outer loop
      vertex -9.000000e+000  1.510000e+001  1.200000e+001
      vertex -1.007107e+000  1.510000e+001  6.707107e+000
      vertex -6.826834e-001  1.510000e+001  6.923880e+000
    endloop
  endfacet
  facet normal  0.000000e+000 -1.000000e+000  0.000000e+000
    outer loop
      vertex -9.000000e+000  1.510000e+001  1.200000e+001
      vertex -6.826834e-001  1.510000e+001  6.923880e+000
      vertex -3.000000e-001  1.510000e+001  7.000000e+000
    endloop
  endfacet
  facet normal  0.000000e+000 -1.000000e+000  0.000000e+000
    outer loop
      vertex -9.000000e+000  1.510000e+001  1.200000e+001
      vertex -3.000000e-001  1.510000e+001  7.000000e+000
      vertex -1.000000e+000  1.510000e+001  1.200000e+001
    endloop
  endfacet
  facet normal  0.000000e+000 -1.000000e+000  0.000000e+000
    outer loop
      vertex -3.000000e-001  1.510000e+001  7.000000e+000
      vertex  8.268344e-002  1.510000e+001  6.923880e+000
      vertex  6.082564e+000  1.510000e+001  6.049081e+000
    endloop
  endfacet
  facet normal  0.000000e+000 -9.999999e-001  0.000000e+000
    outer loop
      vertex -3.000000e-001  1.510000e+001  7.000000e+000
      vertex  6.082564e+000  1.510000e+001  6.049081e+000
      vertex  6.000000e+000  1.510000e+001  7.000000e+000
    endloop
  endfacet
  facet normal  0.000000e+000 -1.000000e+000  0.000000e+000
    outer loop
      vertex -3.000000e-001  1.510000e+001  7.000000e+000
      vertex  6.000000e+000  1.510000e+001  7.000000e+000
      vertex  5.769696e+000  1.510000e+001  7.926295e+000
    endloop
  endfacet
  facet normal  -0.000000e+000 -9.999999e-001  0.000000e+000
    outer loop
      vertex -3.000000e-001  1.510000e+001  7.000000e+000
      vertex  5.769696e+000  1.510000e+001  7.926295e+000
      vertex  5.397322e+000  1.510000e+001  8.805159e+000
    endloop
  endfacet
  facet normal  -0.000000e+000 -1.000000e+000  0.000000e+000
    outer loop
      vertex -3.000000e-001  1.510000e+001  7.000000e+000
      vertex  5.397322e+000  1.510000e+001  8.805159e+000
      vertex  4.892049e+000  1.510000e+001  9.614949e+000
    endloop
  endfacet
  facet normal  -0.000000e+000 -1.000000e+000  0.000000e+000
    outer loop
      vertex -3.000000e-001  1.510000e+001  7.000000e+000
      vertex  4.892049e+000  1.510000e+001  9.614949e+000
      vertex  4.266317e+000  1.510000e+001  1.033573e+001
    endloop
  endfacet
  facet normal  -0.000000e+000 -1.000000e+000  0.000000e+000
    outer loop
      vertex -3.000000e-001  1.510000e+001  7.000000e+000
      vertex  4.266317e+000  1.510000e+001  1.033573e+001
      vertex  3.535534e+000  1.510000e+001  1.094975e+001
    endloop
  endfacet
  facet normal  -0.000000e+000 -1.000000e+000  0.000000e+000
    outer loop
      vertex -3.000000e-001  1.510000e+001  7.000000e+000
      vertex  3.535534e+000  1.510000e+001  1.094975e+001
      vertex  2.717695e+000  1.510000e+001  1.144189e+001
    endloop
  endfacet
  facet normal  -0.000000e+000 -1.000000e+000  0.000000e+000
    outer loop
      vertex -3.000000e-001  1.510000e+001  7.000000e+000
      vertex  2.717695e+000  1.510000e+001  1.144189e+001
      vertex  1.832937e+000  1.510000e+001  1.180003e+001
    endloop
  endfacet
  facet normal  -0.000000e+000 -1.000000e+000  0.000000e+000
    outer loop
      vertex -3.000000e-001  1.510000e+001  7.000000e+000
      vertex  1.832937e+000  1.510000e+001  1.180003e+001
      vertex  9.030455e-001  1.510000e+001  1.201536e+001
    endloop
  endfacet
  facet normal  -0.000000e+000 -1.000000e+000  0.000000e+000
    outer loop
      vertex -3.000000e-001  1.510000e+001  7.000000e+000
      vertex  9.030455e-001  1.510000e+001  1.201536e+001
      vertex -4.908155e-002  1.510000e+001  1.208256e+001
    endloop
  endfacet
  facet normal  0.000000e+000 -9.999999e-001  0.000000e+000
    outer loop
      vertex -3.000000e-001  1.510000e+001  7.000000e+000
      vertex -4.908155e-002  1.510000e+001  1.208256e+001
      vertex -1.000000e+000  1.510000e+001  1.200000e+001
    endloop
  endfacet
  facet normal  0.000000e+000 -1.000000e+000  0.000000e+000
    outer loop
      vertex  6.082564e+000  1.510000e+001  6.049081e+000
      vertex  7.000000e-001  1.510000e+001  6.000000e+000
      vertex  6.015356e+000  1.510000e+001  5.096954e+000
    endloop
  endfacet
  facet normal  0.000000e+000 -1.000000e+000  0.000000e+000
    outer loop
      vertex  6.015356e+000  1.510000e+001  5.096954e+000
      vertex  7.000000e-001  1.510000e+001  6.000000e+000
      vertex  6.238796e-001  1.510000e+001  5.617317e+000
    endloop
  endfacet
  facet normal  0.000000e+000 -1.000000e+000  -0.000000e+000
    outer loop
      vertex  6.015356e+000  1.510000e+001  5.096954e+000
      vertex  6.238796e-001  1.510000e+001  5.617317e+000
      vertex  4.071068e-001  1.510000e+001  5.292893e+000
    endloop
  endfacet
  facet normal -9.969174e-001  7.845883e-002  0.000000e+000
    outer loop
      vertex -2.550000e+001 -1.900000e+000  2.250000e+001
      vertex -2.542613e+001 -9.613932e-001  2.250000e+001
      vertex -2.550000e+001 -1.900000e+000  1.950000e+001
    endloop
  endfacet
  facet normal  9.969173e-001  7.845883e-002  0.000000e+000
    outer loop
      vertex -1.350000e+001 -1.900000e+000  1.750000e+001
      vertex -1.357387e+001 -9.613932e-001  1.750000e+001
      vertex -1.350000e+001 -1.900000e+000  1.950000e+001
    endloop
  endfacet
  facet normal -9.969173e-001  7.845883e-002  0.000000e+000
    outer loop
      vertex -2.550000e+001 -1.900000e+000  1.750000e+001
      vertex -2.550000e+001 -1.900000e+000  1.950000e+001
      vertex -2.542613e+001 -9.613932e-001  1.750000e+001
    endloop
  endfacet
  facet normal -9.969174e-001  7.845884e-002  0.000000e+000
    outer loop
      vertex -2.542613e+001 -9.613932e-001  1.750000e+001
      vertex -2.550000e+001 -1.900000e+000  1.950000e+001
      vertex -2.542613e+001 -9.613932e-001  2.250000e+001
    endloop
  endfacet
  facet normal -9.723698e-001  2.334458e-001  0.000000e+000
    outer loop
      vertex -2.542613e+001 -9.613932e-001  1.750000e+001
      vertex -2.542613e+001 -9.613932e-001  2.250000e+001
      vertex -2.520634e+001 -4.589804e-002  1.750000e+001
    endloop
  endfacet
  facet normal -9.723698e-001  2.334458e-001  0.000000e+000
    outer loop
      vertex -2.520634e+001 -4.589804e-002  1.750000e+001
      vertex -2.542613e+001 -9.613932e-001  2.250000e+001
      vertex -2.520634e+001 -4.589804e-002  2.250000e+001
    endloop
  endfacet
  facet normal -9.238795e-001  3.826835e-001  0.000000e+000
    outer loop
      vertex -2.520634e+001 -4.589804e-002  1.750000e+001
      vertex -2.520634e+001 -4.589804e-002  2.250000e+001
      vertex -2.484604e+001  8.239430e-001  1.750000e+001
    endloop
  endfacet
  facet normal -9.238795e-001  3.826835e-001  0.000000e+000
    outer loop
      vertex -2.484604e+001  8.239430e-001  1.750000e+001
      vertex -2.520634e+001 -4.589804e-002  2.250000e+001
      vertex -2.484604e+001  8.239430e-001  2.250000e+001
    endloop
  endfacet
  facet normal -8.526400e-001  5.224990e-001  0.000000e+000
    outer loop
      vertex -2.484604e+001  8.239430e-001  1.750000e+001
      vertex -2.484604e+001  8.239430e-001  2.250000e+001
      vertex -2.435410e+001  1.626711e+000  1.750000e+001
    endloop
  endfacet
  facet normal -8.526400e-001  5.224990e-001  0.000000e+000
    outer loop
      vertex -2.435410e+001  1.626711e+000  1.750000e+001
      vertex -2.484604e+001  8.239430e-001  2.250000e+001
      vertex -2.435410e+001  1.626711e+000  2.250000e+001
    endloop
  endfacet
  facet normal -7.604068e-001  6.494471e-001  0.000000e+000
    outer loop
      vertex -2.435410e+001  1.626711e+000  1.750000e+001
      vertex -2.435410e+001  1.626711e+000  2.250000e+001
      vertex -2.374264e+001  2.342641e+000  1.750000e+001
    endloop
  endfacet
  facet normal -7.604068e-001  6.494471e-001  0.000000e+000
    outer loop
      vertex -2.374264e+001  2.342641e+000  1.750000e+001
      vertex -2.435410e+001  1.626711e+000  2.250000e+001
      vertex -2.374264e+001  2.342641e+000  2.250000e+001
    endloop
  endfacet
  facet normal -6.494482e-001  7.604059e-001  0.000000e+000
    outer loop
      vertex -2.374264e+001  2.342641e+000  1.750000e+001
      vertex -2.374264e+001  2.342641e+000  2.250000e+001
      vertex -2.302671e+001  2.954102e+000  1.750000e+001
    endloop
  endfacet
  facet normal -6.494482e-001  7.604059e-001  0.000000e+000
    outer loop
      vertex -2.302671e+001  2.954102e+000  1.750000e+001
      vertex -2.374264e+001  2.342641e+000  2.250000e+001
      vertex -2.302671e+001  2.954102e+000  2.250000e+001
    endloop
  endfacet
  facet normal -5.224985e-001  8.526403e-001  0.000000e+000
    outer loop
      vertex -2.302671e+001  2.954102e+000  1.750000e+001
      vertex -2.302671e+001  2.954102e+000  2.250000e+001
      vertex -2.222394e+001  3.446039e+000  1.750000e+001
    endloop
  endfacet
  facet normal -5.224985e-001  8.526403e-001  0.000000e+000
    outer loop
      vertex -2.222394e+001  3.446039e+000  1.750000e+001
      vertex -2.302671e+001  2.954102e+000  2.250000e+001
      vertex -2.222394e+001  3.446039e+000  2.250000e+001
    endloop
  endfacet
  facet normal -3.826827e-001  9.238798e-001  0.000000e+000
    outer loop
      vertex -2.222394e+001  3.446039e+000  1.750000e+001
      vertex -2.222394e+001  3.446039e+000  2.250000e+001
      vertex -2.135410e+001  3.806339e+000  1.750000e+001
    endloop
  endfacet
  facet normal -3.826827e-001  9.238798e-001  0.000000e+000
    outer loop
      vertex -2.135410e+001  3.806339e+000  1.750000e+001
      vertex -2.222394e+001  3.446039e+000  2.250000e+001
      vertex -2.135410e+001  3.806339e+000  2.250000e+001
    endloop
  endfacet
  facet normal -2.334457e-001  9.723698e-001  0.000000e+000
    outer loop
      vertex -2.135410e+001  3.806339e+000  1.750000e+001
      vertex -2.135410e+001  3.806339e+000  2.250000e+001
      vertex -2.043861e+001  4.026130e+000  1.750000e+001
    endloop
  endfacet
  facet normal -2.334457e-001  9.723698e-001  0.000000e+000
    outer loop
      vertex -2.043861e+001  4.026130e+000  1.750000e+001
      vertex -2.135410e+001  3.806339e+000  2.250000e+001
      vertex -2.043861e+001  4.026130e+000  2.250000e+001
    endloop
  endfacet
  facet normal -7.845888e-002  9.969174e-001  0.000000e+000
    outer loop
      vertex -2.043861e+001  4.026130e+000  1.750000e+001
      vertex -2.043861e+001  4.026130e+000  2.250000e+001
      vertex -1.950000e+001  4.100000e+000  1.750000e+001
    endloop
  endfacet
  facet normal -7.845888e-002  9.969174e-001  0.000000e+000
    outer loop
      vertex -1.950000e+001  4.100000e+000  1.750000e+001
      vertex -2.043861e+001  4.026130e+000  2.250000e+001
      vertex -1.950000e+001  4.100000e+000  2.250000e+001
    endloop
  endfacet
  facet normal  7.845888e-002  9.969174e-001  0.000000e+000
    outer loop
      vertex -1.950000e+001  4.100000e+000  1.750000e+001
      vertex -1.950000e+001  4.100000e+000  2.250000e+001
      vertex -1.856139e+001  4.026130e+000  1.750000e+001
    endloop
  endfacet
  facet normal  7.845888e-002  9.969174e-001  -0.000000e+000
    outer loop
      vertex -1.856139e+001  4.026130e+000  1.750000e+001
      vertex -1.950000e+001  4.100000e+000  2.250000e+001
      vertex -1.856139e+001  4.026130e+000  2.250000e+001
    endloop
  endfacet
  facet normal  2.334457e-001  9.723698e-001  0.000000e+000
    outer loop
      vertex -1.856139e+001  4.026130e+000  1.750000e+001
      vertex -1.856139e+001  4.026130e+000  2.250000e+001
      vertex -1.764590e+001  3.806339e+000  1.750000e+001
    endloop
  endfacet
  facet normal  2.334457e-001  9.723698e-001  -0.000000e+000
    outer loop
      vertex -1.764590e+001  3.806339e+000  1.750000e+001
      vertex -1.856139e+001  4.026130e+000  2.250000e+001
      vertex -1.764590e+001  3.806339e+000  2.250000e+001
    endloop
  endfacet
  facet normal  3.826827e-001  9.238798e-001  0.000000e+000
    outer loop
      vertex -1.764590e+001  3.806339e+000  1.750000e+001
      vertex -1.764590e+001  3.806339e+000  2.250000e+001
      vertex -1.677606e+001  3.446039e+000  1.750000e+001
    endloop
  endfacet
  facet normal  3.826827e-001  9.238798e-001  -0.000000e+000
    outer loop
      vertex -1.677606e+001  3.446039e+000  1.750000e+001
      vertex -1.764590e+001  3.806339e+000  2.250000e+001
      vertex -1.677606e+001  3.446039e+000  2.250000e+001
    endloop
  endfacet
  facet normal  5.224989e-001  8.526400e-001  0.000000e+000
    outer loop
      vertex -1.677606e+001  3.446039e+000  1.750000e+001
      vertex -1.677606e+001  3.446039e+000  2.250000e+001
      vertex -1.597329e+001  2.954102e+000  1.750000e+001
    endloop
  endfacet
  facet normal  5.224989e-001  8.526400e-001  -0.000000e+000
    outer loop
      vertex -1.597329e+001  2.954102e+000  1.750000e+001
      vertex -1.677606e+001  3.446039e+000  2.250000e+001
      vertex -1.597329e+001  2.954102e+000  2.250000e+001
    endloop
  endfacet
  facet normal  6.494482e-001  7.604059e-001  0.000000e+000
    outer loop
      vertex -1.597329e+001  2.954102e+000  1.750000e+001
      vertex -1.597329e+001  2.954102e+000  2.250000e+001
      vertex -1.525736e+001  2.342641e+000  1.750000e+001
    endloop
  endfacet
  facet normal  6.494482e-001  7.604059e-001  -0.000000e+000
    outer loop
      vertex -1.525736e+001  2.342641e+000  1.750000e+001
      vertex -1.597329e+001  2.954102e+000  2.250000e+001
      vertex -1.525736e+001  2.342641e+000  2.250000e+001
    endloop
  endfacet
  facet normal  7.604058e-001  6.494483e-001  0.000000e+000
    outer loop
      vertex -1.525736e+001  2.342641e+000  1.750000e+001
      vertex -1.525736e+001  2.342641e+000  2.250000e+001
      vertex -1.464590e+001  1.626711e+000  1.750000e+001
    endloop
  endfacet
  facet normal  7.604058e-001  6.494483e-001  -0.000000e+000
    outer loop
      vertex -1.464590e+001  1.626711e+000  1.750000e+001
      vertex -1.525736e+001  2.342641e+000  2.250000e+001
      vertex -1.464590e+001  1.626711e+000  2.250000e+001
    endloop
  endfacet
  facet normal  8.526405e-001  5.224982e-001  0.000000e+000
    outer loop
      vertex -1.464590e+001  1.626711e+000  1.750000e+001
      vertex -1.464590e+001  1.626711e+000  2.250000e+001
      vertex -1.415396e+001  8.239430e-001  1.750000e+001
    endloop
  endfacet
  facet normal  8.526405e-001  5.224982e-001  -0.000000e+000
    outer loop
      vertex -1.415396e+001  8.239430e-001  1.750000e+001
      vertex -1.464590e+001  1.626711e+000  2.250000e+001
      vertex -1.415396e+001  8.239430e-001  2.250000e+001
    endloop
  endfacet
  facet normal  9.238795e-001  3.826835e-001  0.000000e+000
    outer loop
      vertex -1.415396e+001  8.239430e-001  1.750000e+001
      vertex -1.415396e+001  8.239430e-001  2.250000e+001
      vertex -1.379366e+001 -4.589804e-002  1.750000e+001
    endloop
  endfacet
  facet normal  9.238795e-001  3.826835e-001  -0.000000e+000
    outer loop
      vertex -1.379366e+001 -4.589804e-002  1.750000e+001
      vertex -1.415396e+001  8.239430e-001  2.250000e+001
      vertex -1.379366e+001 -4.589804e-002  2.250000e+001
    endloop
  endfacet
  facet normal  9.723698e-001  2.334458e-001  0.000000e+000
    outer loop
      vertex -1.379366e+001 -4.589804e-002  1.750000e+001
      vertex -1.379366e+001 -4.589804e-002  2.250000e+001
      vertex -1.357387e+001 -9.613932e-001  1.750000e+001
    endloop
  endfacet
  facet normal  9.723698e-001  2.334458e-001  -0.000000e+000
    outer loop
      vertex -1.357387e+001 -9.613932e-001  1.750000e+001
      vertex -1.379366e+001 -4.589804e-002  2.250000e+001
      vertex -1.357387e+001 -9.613932e-001  2.250000e+001
    endloop
  endfacet
  facet normal  9.969174e-001  7.845884e-002  0.000000e+000
    outer loop
      vertex -1.357387e+001 -9.613932e-001  1.750000e+001
      vertex -1.357387e+001 -9.613932e-001  2.250000e+001
      vertex -1.350000e+001 -1.900000e+000  1.950000e+001
    endloop
  endfacet
  facet normal  9.969174e-001  7.845883e-002  -0.000000e+000
    outer loop
      vertex -1.350000e+001 -1.900000e+000  1.950000e+001
      vertex -1.357387e+001 -9.613932e-001  2.250000e+001
      vertex -1.350000e+001 -1.900000e+000  2.250000e+001
    endloop
  endfacet
  facet normal  0.000000e+000  0.000000e+000 -1.000000e+000
    outer loop
      vertex -1.950000e+001  4.100000e+000  1.750000e+001
      vertex -1.856139e+001  4.026130e+000  1.750000e+001
      vertex -2.043861e+001  4.026130e+000  1.750000e+001
    endloop
  endfacet
  facet normal  0.000000e+000  0.000000e+000 -1.000000e+000
    outer loop
      vertex -2.043861e+001  4.026130e+000  1.750000e+001
      vertex -1.856139e+001  4.026130e+000  1.750000e+001
      vertex -1.764590e+001  3.806339e+000  1.750000e+001
    endloop
  endfacet
  facet normal  0.000000e+000  0.000000e+000 -1.000000e+000
    outer loop
      vertex -2.043861e+001  4.026130e+000  1.750000e+001
      vertex -1.764590e+001  3.806339e+000  1.750000e+001
      vertex -2.135410e+001  3.806339e+000  1.750000e+001
    endloop
  endfacet
  facet normal  0.000000e+000  0.000000e+000 -1.000000e+000
    outer loop
      vertex -2.135410e+001  3.806339e+000  1.750000e+001
      vertex -1.764590e+001  3.806339e+000  1.750000e+001
      vertex -1.677606e+001  3.446039e+000  1.750000e+001
    endloop
  endfacet
  facet normal  0.000000e+000  0.000000e+000 -1.000000e+000
    outer loop
      vertex -2.135410e+001  3.806339e+000  1.750000e+001
      vertex -1.677606e+001  3.446039e+000  1.750000e+001
      vertex -2.222394e+001  3.446039e+000  1.750000e+001
    endloop
  endfacet
  facet normal  0.000000e+000  0.000000e+000 -9.999999e-001
    outer loop
      vertex -2.222394e+001  3.446039e+000  1.750000e+001
      vertex -1.677606e+001  3.446039e+000  1.750000e+001
      vertex -1.597329e+001  2.954102e+000  1.750000e+001
    endloop
  endfacet
  facet normal  0.000000e+000  0.000000e+000 -1.000000e+000
    outer loop
      vertex -2.222394e+001  3.446039e+000  1.750000e+001
      vertex -1.597329e+001  2.954102e+000  1.750000e+001
      vertex -2.302671e+001  2.954102e+000  1.750000e+001
    endloop
  endfacet
  facet normal  0.000000e+000  0.000000e+000 -1.000000e+000
    outer loop
      vertex -2.302671e+001  2.954102e+000  1.750000e+001
      vertex -1.597329e+001  2.954102e+000  1.750000e+001
      vertex -1.525736e+001  2.342641e+000  1.750000e+001
    endloop
  endfacet
  facet normal  0.000000e+000  0.000000e+000 -1.000000e+000
    outer loop
      vertex -2.302671e+001  2.954102e+000  1.750000e+001
      vertex -1.525736e+001  2.342641e+000  1.750000e+001
      vertex -2.374264e+001  2.342641e+000  1.750000e+001
    endloop
  endfacet
  facet normal  0.000000e+000  0.000000e+000 -1.000000e+000
    outer loop
      vertex -2.374264e+001  2.342641e+000  1.750000e+001
      vertex -1.525736e+001  2.342641e+000  1.750000e+001
      vertex -1.464590e+001  1.626711e+000  1.750000e+001
    endloop
  endfacet
  facet normal  0.000000e+000  0.000000e+000 -1.000000e+000
    outer loop
      vertex -2.374264e+001  2.342641e+000  1.750000e+001
      vertex -1.464590e+001  1.626711e+000  1.750000e+001
      vertex -2.435410e+001  1.626711e+000  1.750000e+001
    endloop
  endfacet
  facet normal  0.000000e+000  0.000000e+000 -1.000000e+000
    outer loop
      vertex -2.435410e+001  1.626711e+000  1.750000e+001
      vertex -1.464590e+001  1.626711e+000  1.750000e+001
      vertex -1.415396e+001  8.239430e-001  1.750000e+001
    endloop
  endfacet
  facet normal  0.000000e+000  0.000000e+000 -1.000000e+000
    outer loop
      vertex -2.435410e+001  1.626711e+000  1.750000e+001
      vertex -1.415396e+001  8.239430e-001  1.750000e+001
      vertex -2.484604e+001  8.239430e-001  1.750000e+001
    endloop
  endfacet
  facet normal  0.000000e+000  0.000000e+000 -1.000000e+000
    outer loop
      vertex -2.484604e+001  8.239430e-001  1.750000e+001
      vertex -1.415396e+001  8.239430e-001  1.750000e+001
      vertex -1.379366e+001 -4.589804e-002  1.750000e+001
    endloop
  endfacet
  facet normal  0.000000e+000  0.000000e+000 -1.000000e+000
    outer loop
      vertex -2.484604e+001  8.239430e-001  1.750000e+001
      vertex -1.379366e+001 -4.589804e-002  1.750000e+001
      vertex -2.520634e+001 -4.589804e-002  1.750000e+001
    endloop
  endfacet
  facet normal  0.000000e+000  0.000000e+000 -1.000000e+000
    outer loop
      vertex -2.520634e+001 -4.589804e-002  1.750000e+001
      vertex -1.379366e+001 -4.589804e-002  1.750000e+001
      vertex -1.357387e+001 -9.613932e-001  1.750000e+001
    endloop
  endfacet
  facet normal  0.000000e+000  0.000000e+000 -1.000000e+000
    outer loop
      vertex -2.520634e+001 -4.589804e-002  1.750000e+001
      vertex -1.357387e+001 -9.613932e-001  1.750000e+001
      vertex -2.542613e+001 -9.613932e-001  1.750000e+001
    endloop
  endfacet
  facet normal  0.000000e+000  0.000000e+000 -1.000000e+000
    outer loop
      vertex -2.542613e+001 -9.613932e-001  1.750000e+001
      vertex -1.357387e+001 -9.613932e-001  1.750000e+001
      vertex -1.350000e+001 -1.900000e+000  1.750000e+001
    endloop
  endfacet
  facet normal  0.000000e+000  0.000000e+000 -1.000000e+000
    outer loop
      vertex -2.542613e+001 -9.613932e-001  1.750000e+001
      vertex -1.350000e+001 -1.900000e+000  1.750000e+001
      vertex -2.550000e+001 -1.900000e+000  1.750000e+001
    endloop
  endfacet
  facet normal  0.000000e+000  0.000000e+000 -1.000000e+000
    outer loop
      vertex -2.550000e+001 -1.900000e+000  1.750000e+001
      vertex -1.350000e+001 -1.900000e+000  1.750000e+001
      vertex -1.350000e+001 -7.900000e+000  1.750000e+001
    endloop
  endfacet
  facet normal  0.000000e+000  0.000000e+000 -1.000000e+000
    outer loop
      vertex -2.550000e+001 -1.900000e+000  1.750000e+001
      vertex -1.350000e+001 -7.900000e+000  1.750000e+001
      vertex -2.550000e+001 -7.900000e+000  1.750000e+001
    endloop
  endfacet
  facet normal  0.000000e+000  0.000000e+000 -1.000000e+000
    outer loop
      vertex -2.550000e+001 -7.900000e+000  1.750000e+001
      vertex -1.350000e+001 -7.900000e+000  1.750000e+001
      vertex -1.350000e+001 -1.868000e+001  1.750000e+001
    endloop
  endfacet
  facet normal  0.000000e+000  0.000000e+000 -1.000000e+000
    outer loop
      vertex -2.550000e+001 -7.900000e+000  1.750000e+001
      vertex -1.350000e+001 -1.868000e+001  1.750000e+001
      vertex -2.550000e+001 -1.868000e+001  1.750000e+001
    endloop
  endfacet
  facet normal  9.969174e-001 -7.845882e-002  0.000000e+000
    outer loop
      vertex -1.350000e+001 -1.900000e+000  1.950000e+001
      vertex -1.350000e+001 -1.900000e+000  2.250000e+001
      vertex -1.357387e+001 -2.838607e+000  1.950000e+001
    endloop
  endfacet
  facet normal  9.969174e-001 -7.845882e-002  0.000000e+000
    outer loop
      vertex -1.357387e+001 -2.838607e+000  1.950000e+001
      vertex -1.350000e+001 -1.900000e+000  2.250000e+001
      vertex -1.357387e+001 -2.838607e+000  2.250000e+001
    endloop
  endfacet
  facet normal  9.723698e-001 -2.334458e-001  0.000000e+000
    outer loop
      vertex -1.357387e+001 -2.838607e+000  1.950000e+001
      vertex -1.357387e+001 -2.838607e+000  2.250000e+001
      vertex -1.379366e+001 -3.754102e+000  1.950000e+001
    endloop
  endfacet
  facet normal  9.723698e-001 -2.334458e-001  0.000000e+000
    outer loop
      vertex -1.379366e+001 -3.754102e+000  1.950000e+001
      vertex -1.357387e+001 -2.838607e+000  2.250000e+001
      vertex -1.379366e+001 -3.754102e+000  2.250000e+001
    endloop
  endfacet
  facet normal  9.238795e-001 -3.826836e-001  0.000000e+000
    outer loop
      vertex -1.379366e+001 -3.754102e+000  1.950000e+001
      vertex -1.379366e+001 -3.754102e+000  2.250000e+001
      vertex -1.415396e+001 -4.623943e+000  1.950000e+001
    endloop
  endfacet
  facet normal  9.238795e-001 -3.826836e-001  0.000000e+000
    outer loop
      vertex -1.415396e+001 -4.623943e+000  1.950000e+001
      vertex -1.379366e+001 -3.754102e+000  2.250000e+001
      vertex -1.415396e+001 -4.623943e+000  2.250000e+001
    endloop
  endfacet
  facet normal  8.526405e-001 -5.224981e-001  0.000000e+000
    outer loop
      vertex -1.415396e+001 -4.623943e+000  1.950000e+001
      vertex -1.415396e+001 -4.623943e+000  2.250000e+001
      vertex -1.464590e+001 -5.426712e+000  1.950000e+001
    endloop
  endfacet
  facet normal  8.526405e-001 -5.224981e-001  0.000000e+000
    outer loop
      vertex -1.464590e+001 -5.426712e+000  1.950000e+001
      vertex -1.415396e+001 -4.623943e+000  2.250000e+001
      vertex -1.464590e+001 -5.426712e+000  2.250000e+001
    endloop
  endfacet
  facet normal  7.604057e-001 -6.494483e-001  0.000000e+000
    outer loop
      vertex -1.464590e+001 -5.426712e+000  1.950000e+001
      vertex -1.464590e+001 -5.426712e+000  2.250000e+001
      vertex -1.525736e+001 -6.142641e+000  1.950000e+001
    endloop
  endfacet
  facet normal  7.604057e-001 -6.494483e-001  0.000000e+000
    outer loop
      vertex -1.525736e+001 -6.142641e+000  1.950000e+001
      vertex -1.464590e+001 -5.426712e+000  2.250000e+001
      vertex -1.525736e+001 -6.142641e+000  2.250000e+001
    endloop
  endfacet
  facet normal  6.494481e-001 -7.604060e-001  0.000000e+000
    outer loop
      vertex -1.525736e+001 -6.142641e+000  1.950000e+001
      vertex -1.525736e+001 -6.142641e+000  2.250000e+001
      vertex -1.597329e+001 -6.754102e+000  1.950000e+001
    endloop
  endfacet
  facet normal  6.494481e-001 -7.604060e-001  0.000000e+000
    outer loop
      vertex -1.597329e+001 -6.754102e+000  1.950000e+001
      vertex -1.525736e+001 -6.142641e+000  2.250000e+001
      vertex -1.597329e+001 -6.754102e+000  2.250000e+001
    endloop
  endfacet
  facet normal  5.224989e-001 -8.526400e-001  0.000000e+000
    outer loop
      vertex -1.597329e+001 -6.754102e+000  1.950000e+001
      vertex -1.597329e+001 -6.754102e+000  2.250000e+001
      vertex -1.677606e+001 -7.246039e+000  1.950000e+001
    endloop
  endfacet
  facet normal  5.224989e-001 -8.526400e-001  0.000000e+000
    outer loop
      vertex -1.677606e+001 -7.246039e+000  1.950000e+001
      vertex -1.597329e+001 -6.754102e+000  2.250000e+001
      vertex -1.677606e+001 -7.246039e+000  2.250000e+001
    endloop
  endfacet
  facet normal  3.826829e-001 -9.238797e-001  0.000000e+000
    outer loop
      vertex -1.677606e+001 -7.246039e+000  1.950000e+001
      vertex -1.677606e+001 -7.246039e+000  2.250000e+001
      vertex -1.764590e+001 -7.606339e+000  1.950000e+001
    endloop
  endfacet
  facet normal  3.826829e-001 -9.238797e-001  0.000000e+000
    outer loop
      vertex -1.764590e+001 -7.606339e+000  1.950000e+001
      vertex -1.677606e+001 -7.246039e+000  2.250000e+001
      vertex -1.764590e+001 -7.606339e+000  2.250000e+001
    endloop
  endfacet
  facet normal  2.334454e-001 -9.723698e-001  0.000000e+000
    outer loop
      vertex -1.764590e+001 -7.606339e+000  1.950000e+001
      vertex -1.764590e+001 -7.606339e+000  2.250000e+001
      vertex -1.856139e+001 -7.826130e+000  1.950000e+001
    endloop
  endfacet
  facet normal  2.334454e-001 -9.723698e-001  0.000000e+000
    outer loop
      vertex -1.856139e+001 -7.826130e+000  1.950000e+001
      vertex -1.764590e+001 -7.606339e+000  2.250000e+001
      vertex -1.856139e+001 -7.826130e+000  2.250000e+001
    endloop
  endfacet
  facet normal  7.845938e-002 -9.969174e-001  0.000000e+000
    outer loop
      vertex -1.856139e+001 -7.826130e+000  1.950000e+001
      vertex -1.856139e+001 -7.826130e+000  2.250000e+001
      vertex -1.950000e+001 -7.900000e+000  1.950000e+001
    endloop
  endfacet
  facet normal  7.845938e-002 -9.969174e-001  0.000000e+000
    outer loop
      vertex -1.950000e+001 -7.900000e+000  1.950000e+001
      vertex -1.856139e+001 -7.826130e+000  2.250000e+001
      vertex -1.950000e+001 -7.900000e+000  2.250000e+001
    endloop
  endfacet
  facet normal -7.845938e-002 -9.969174e-001  -0.000000e+000
    outer loop
      vertex -1.950000e+001 -7.900000e+000  1.950000e+001
      vertex -1.950000e+001 -7.900000e+000  2.250000e+001
      vertex -2.043861e+001 -7.826130e+000  1.950000e+001
    endloop
  endfacet
  facet normal -7.845938e-002 -9.969174e-001  0.000000e+000
    outer loop
      vertex -2.043861e+001 -7.826130e+000  1.950000e+001
      vertex -1.950000e+001 -7.900000e+000  2.250000e+001
      vertex -2.043861e+001 -7.826130e+000  2.250000e+001
    endloop
  endfacet
  facet normal -2.334454e-001 -9.723698e-001  -0.000000e+000
    outer loop
      vertex -2.043861e+001 -7.826130e+000  1.950000e+001
      vertex -2.043861e+001 -7.826130e+000  2.250000e+001
      vertex -2.135410e+001 -7.606339e+000  1.950000e+001
    endloop
  endfacet
  facet normal -2.334454e-001 -9.723698e-001  0.000000e+000
    outer loop
      vertex -2.135410e+001 -7.606339e+000  1.950000e+001
      vertex -2.043861e+001 -7.826130e+000  2.250000e+001
      vertex -2.135410e+001 -7.606339e+000  2.250000e+001
    endloop
  endfacet
  facet normal -3.826829e-001 -9.238797e-001  -0.000000e+000
    outer loop
      vertex -2.135410e+001 -7.606339e+000  1.950000e+001
      vertex -2.135410e+001 -7.606339e+000  2.250000e+001
      vertex -2.222394e+001 -7.246039e+000  1.950000e+001
    endloop
  endfacet
  facet normal -3.826829e-001 -9.238797e-001  0.000000e+000
    outer loop
      vertex -2.222394e+001 -7.246039e+000  1.950000e+001
      vertex -2.135410e+001 -7.606339e+000  2.250000e+001
      vertex -2.222394e+001 -7.246039e+000  2.250000e+001
    endloop
  endfacet
  facet normal -5.224984e-001 -8.526402e-001  -0.000000e+000
    outer loop
      vertex -2.222394e+001 -7.246039e+000  1.950000e+001
      vertex -2.222394e+001 -7.246039e+000  2.250000e+001
      vertex -2.302671e+001 -6.754102e+000  1.950000e+001
    endloop
  endfacet
  facet normal -5.224984e-001 -8.526402e-001  0.000000e+000
    outer loop
      vertex -2.302671e+001 -6.754102e+000  1.950000e+001
      vertex -2.222394e+001 -7.246039e+000  2.250000e+001
      vertex -2.302671e+001 -6.754102e+000  2.250000e+001
    endloop
  endfacet
  facet normal -6.494481e-001 -7.604060e-001  -0.000000e+000
    outer loop
      vertex -2.302671e+001 -6.754102e+000  1.950000e+001
      vertex -2.302671e+001 -6.754102e+000  2.250000e+001
      vertex -2.374264e+001 -6.142641e+000  1.950000e+001
    endloop
  endfacet
  facet normal -6.494481e-001 -7.604060e-001  0.000000e+000
    outer loop
      vertex -2.374264e+001 -6.142641e+000  1.950000e+001
      vertex -2.302671e+001 -6.754102e+000  2.250000e+001
      vertex -2.374264e+001 -6.142641e+000  2.250000e+001
    endloop
  endfacet
  facet normal -7.604067e-001 -6.494471e-001  -0.000000e+000
    outer loop
      vertex -2.374264e+001 -6.142641e+000  1.950000e+001
      vertex -2.374264e+001 -6.142641e+000  2.250000e+001
      vertex -2.435410e+001 -5.426712e+000  1.950000e+001
    endloop
  endfacet
  facet normal -7.604067e-001 -6.494471e-001  0.000000e+000
    outer loop
      vertex -2.435410e+001 -5.426712e+000  1.950000e+001
      vertex -2.374264e+001 -6.142641e+000  2.250000e+001
      vertex -2.435410e+001 -5.426712e+000  2.250000e+001
    endloop
  endfacet
  facet normal -8.526400e-001 -5.224988e-001  -0.000000e+000
    outer loop
      vertex -2.435410e+001 -5.426712e+000  1.950000e+001
      vertex -2.435410e+001 -5.426712e+000  2.250000e+001
      vertex -2.484604e+001 -4.623943e+000  1.950000e+001
    endloop
  endfacet
  facet normal -8.526400e-001 -5.224988e-001  0.000000e+000
    outer loop
      vertex -2.484604e+001 -4.623943e+000  1.950000e+001
      vertex -2.435410e+001 -5.426712e+000  2.250000e+001
      vertex -2.484604e+001 -4.623943e+000  2.250000e+001
    endloop
  endfacet
  facet normal -9.238795e-001 -3.826836e-001  -0.000000e+000
    outer loop
      vertex -2.484604e+001 -4.623943e+000  1.950000e+001
      vertex -2.484604e+001 -4.623943e+000  2.250000e+001
      vertex -2.520634e+001 -3.754102e+000  1.950000e+001
    endloop
  endfacet
  facet normal -9.238795e-001 -3.826836e-001  0.000000e+000
    outer loop
      vertex -2.520634e+001 -3.754102e+000  1.950000e+001
      vertex -2.484604e+001 -4.623943e+000  2.250000e+001
      vertex -2.520634e+001 -3.754102e+000  2.250000e+001
    endloop
  endfacet
  facet normal -9.723698e-001 -2.334458e-001  -0.000000e+000
    outer loop
      vertex -2.520634e+001 -3.754102e+000  1.950000e+001
      vertex -2.520634e+001 -3.754102e+000  2.250000e+001
      vertex -2.542613e+001 -2.838607e+000  1.950000e+001
    endloop
  endfacet
  facet normal -9.723698e-001 -2.334458e-001  0.000000e+000
    outer loop
      vertex -2.542613e+001 -2.838607e+000  1.950000e+001
      vertex -2.520634e+001 -3.754102e+000  2.250000e+001
      vertex -2.542613e+001 -2.838607e+000  2.250000e+001
    endloop
  endfacet
  facet normal -9.969174e-001 -7.845882e-002  -0.000000e+000
    outer loop
      vertex -2.542613e+001 -2.838607e+000  1.950000e+001
      vertex -2.542613e+001 -2.838607e+000  2.250000e+001
      vertex -2.550000e+001 -1.900000e+000  1.950000e+001
    endloop
  endfacet
  facet normal -9.969174e-001 -7.845882e-002  0.000000e+000
    outer loop
      vertex -2.550000e+001 -1.900000e+000  1.950000e+001
      vertex -2.542613e+001 -2.838607e+000  2.250000e+001
      vertex -2.550000e+001 -1.900000e+000  2.250000e+001
    endloop
  endfacet
  facet normal  0.000000e+000  0.000000e+000  1.000000e+000
    outer loop
      vertex -1.200000e+001 -1.868000e+001  1.950000e+001
      vertex -1.200000e+001 -7.900000e+000  1.950000e+001
      vertex -1.350000e+001 -7.900000e+000  1.950000e+001
    endloop
  endfacet
  facet normal  0.000000e+000  0.000000e+000  1.000000e+000
    outer loop
      vertex -1.200000e+001 -1.868000e+001  1.950000e+001
      vertex -1.350000e+001 -7.900000e+000  1.950000e+001
      vertex -1.950000e+001 -7.900000e+000  1.950000e+001
    endloop
  endfacet
  facet normal  0.000000e+000  0.000000e+000  1.000000e+000
    outer loop
      vertex -1.200000e+001 -1.868000e+001  1.950000e+001
      vertex -1.950000e+001 -7.900000e+000  1.950000e+001
      vertex -2.550000e+001 -7.900000e+000  1.950000e+001
    endloop
  endfacet
  facet normal  0.000000e+000  0.000000e+000  1.000000e+000
    outer loop
      vertex -1.200000e+001 -1.868000e+001  1.950000e+001
      vertex -2.550000e+001 -7.900000e+000  1.950000e+001
      vertex -2.700000e+001 -7.900000e+000  1.950000e+001
    endloop
  endfacet
  facet normal  0.000000e+000  0.000000e+000  1.000000e+000
    outer loop
      vertex -1.200000e+001 -1.868000e+001  1.950000e+001
      vertex -2.700000e+001 -7.900000e+000  1.950000e+001
      vertex -2.700000e+001 -1.868000e+001  1.950000e+001
    endloop
  endfacet
  facet normal  0.000000e+000  0.000000e+000  1.000000e+000
    outer loop
      vertex -1.350000e+001 -7.900000e+000  1.950000e+001
      vertex -1.350000e+001 -1.900000e+000  1.950000e+001
      vertex -1.357387e+001 -2.838607e+000  1.950000e+001
    endloop
  endfacet
  facet normal  0.000000e+000  0.000000e+000  1.000000e+000
    outer loop
      vertex -1.350000e+001 -7.900000e+000  1.950000e+001
      vertex -1.357387e+001 -2.838607e+000  1.950000e+001
      vertex -1.379366e+001 -3.754102e+000  1.950000e+001
    endloop
  endfacet
  facet normal  0.000000e+000  0.000000e+000  1.000000e+000
    outer loop
      vertex -1.350000e+001 -7.900000e+000  1.950000e+001
      vertex -1.379366e+001 -3.754102e+000  1.950000e+001
      vertex -1.415396e+001 -4.623943e+000  1.950000e+001
    endloop
  endfacet
  facet normal  0.000000e+000  0.000000e+000  1.000000e+000
    outer loop
      vertex -1.350000e+001 -7.900000e+000  1.950000e+001
      vertex -1.415396e+001 -4.623943e+000  1.950000e+001
      vertex -1.464590e+001 -5.426712e+000  1.950000e+001
    endloop
  endfacet
  facet normal  0.000000e+000  0.000000e+000  1.000000e+000
    outer loop
      vertex -1.350000e+001 -7.900000e+000  1.950000e+001
      vertex -1.464590e+001 -5.426712e+000  1.950000e+001
      vertex -1.525736e+001 -6.142641e+000  1.950000e+001
    endloop
  endfacet
  facet normal  0.000000e+000  0.000000e+000  1.000000e+000
    outer loop
      vertex -1.350000e+001 -7.900000e+000  1.950000e+001
      vertex -1.525736e+001 -6.142641e+000  1.950000e+001
      vertex -1.597329e+001 -6.754102e+000  1.950000e+001
    endloop
  endfacet
  facet normal  0.000000e+000  0.000000e+000  1.000000e+000
    outer loop
      vertex -1.350000e+001 -7.900000e+000  1.950000e+001
      vertex -1.597329e+001 -6.754102e+000  1.950000e+001
      vertex -1.677606e+001 -7.246039e+000  1.950000e+001
    endloop
  endfacet
  facet normal  0.000000e+000  0.000000e+000  9.999999e-001
    outer loop
      vertex -1.350000e+001 -7.900000e+000  1.950000e+001
      vertex -1.677606e+001 -7.246039e+000  1.950000e+001
      vertex -1.764590e+001 -7.606339e+000  1.950000e+001
    endloop
  endfacet
  facet normal  0.000000e+000  0.000000e+000  1.000000e+000
    outer loop
      vertex -1.350000e+001 -7.900000e+000  1.950000e+001
      vertex -1.764590e+001 -7.606339e+000  1.950000e+001
      vertex -1.856139e+001 -7.826130e+000  1.950000e+001
    endloop
  endfacet
  facet normal  0.000000e+000  0.000000e+000  1.000000e+000
    outer loop
      vertex -1.350000e+001 -7.900000e+000  1.950000e+001
      vertex -1.856139e+001 -7.826130e+000  1.950000e+001
      vertex -1.950000e+001 -7.900000e+000  1.950000e+001
    endloop
  endfacet
  facet normal  0.000000e+000  0.000000e+000  1.000000e+000
    outer loop
      vertex -2.550000e+001 -7.900000e+000  1.950000e+001
      vertex -1.950000e+001 -7.900000e+000  1.950000e+001
      vertex -2.043861e+001 -7.826130e+000  1.950000e+001
    endloop
  endfacet
  facet normal  0.000000e+000  0.000000e+000  1.000000e+000
    outer loop
      vertex -2.550000e+001 -7.900000e+000  1.950000e+001
      vertex -2.043861e+001 -7.826130e+000  1.950000e+001
      vertex -2.135410e+001 -7.606339e+000  1.950000e+001
    endloop
  endfacet
  facet normal  0.000000e+000  0.000000e+000  9.999999e-001
    outer loop
      vertex -2.550000e+001 -7.900000e+000  1.950000e+001
      vertex -2.135410e+001 -7.606339e+000  1.950000e+001
      vertex -2.222394e+001 -7.246039e+000  1.950000e+001
    endloop
  endfacet
  facet normal  0.000000e+000  0.000000e+000  1.000000e+000
    outer loop
      vertex -2.550000e+001 -7.900000e+000  1.950000e+001
      vertex -2.222394e+001 -7.246039e+000  1.950000e+001
      vertex -2.302671e+001 -6.754102e+000  1.950000e+001
    endloop
  endfacet
  facet normal  0.000000e+000  0.000000e+000  1.000000e+000
    outer loop
      vertex -2.550000e+001 -7.900000e+000  1.950000e+001
      vertex -2.302671e+001 -6.754102e+000  1.950000e+001
      vertex -2.374264e+001 -6.142641e+000  1.950000e+001
    endloop
  endfacet
  facet normal  0.000000e+000  0.000000e+000  1.000000e+000
    outer loop
      vertex -2.550000e+001 -7.900000e+000  1.950000e+001
      vertex -2.374264e+001 -6.142641e+000  1.950000e+001
      vertex -2.435410e+001 -5.426712e+000  1.950000e+001
    endloop
  endfacet
  facet normal  0.000000e+000  0.000000e+000  1.000000e+000
    outer loop
      vertex -2.550000e+001 -7.900000e+000  1.950000e+001
      vertex -2.435410e+001 -5.426712e+000  1.950000e+001
      vertex -2.484604e+001 -4.623943e+000  1.950000e+001
    endloop
  endfacet
  facet normal  0.000000e+000  0.000000e+000  1.000000e+000
    outer loop
      vertex -2.550000e+001 -7.900000e+000  1.950000e+001
      vertex -2.484604e+001 -4.623943e+000  1.950000e+001
      vertex -2.520634e+001 -3.754102e+000  1.950000e+001
    endloop
  endfacet
  facet normal  0.000000e+000  0.000000e+000  1.000000e+000
    outer loop
      vertex -2.550000e+001 -7.900000e+000  1.950000e+001
      vertex -2.520634e+001 -3.754102e+000  1.950000e+001
      vertex -2.542613e+001 -2.838607e+000  1.950000e+001
    endloop
  endfacet
  facet normal  0.000000e+000  0.000000e+000  1.000000e+000
    outer loop
      vertex -2.550000e+001 -7.900000e+000  1.950000e+001
      vertex -2.542613e+001 -2.838607e+000  1.950000e+001
      vertex -2.550000e+001 -1.900000e+000  1.950000e+001
    endloop
  endfacet
  facet normal  1.000000e+000  0.000000e+000  0.000000e+000
    outer loop
      vertex -1.350000e+001 -7.900000e+000  1.750000e+001
      vertex -1.350000e+001 -1.900000e+000  1.750000e+001
      vertex -1.350000e+001 -7.900000e+000  1.950000e+001
    endloop
  endfacet
  facet normal  1.000000e+000  -0.000000e+000  0.000000e+000
    outer loop
      vertex -1.350000e+001 -7.900000e+000  1.950000e+001
      vertex -1.350000e+001 -1.900000e+000  1.750000e+001
      vertex -1.350000e+001 -1.900000e+000  1.950000e+001
    endloop
  endfacet
  facet normal -1.000000e+000  -0.000000e+000  0.000000e+000
    outer loop
      vertex -2.550000e+001 -7.900000e+000  1.950000e+001
      vertex -2.550000e+001 -1.900000e+000  1.950000e+001
      vertex -2.550000e+001 -7.900000e+000  1.750000e+001
    endloop
  endfacet
  facet normal -1.000000e+000  0.000000e+000  0.000000e+000
    outer loop
      vertex -2.550000e+001 -7.900000e+000  1.750000e+001
      vertex -2.550000e+001 -1.900000e+000  1.950000e+001
      vertex -2.550000e+001 -1.900000e+000  1.750000e+001
    endloop
  endfacet
  facet normal  0.000000e+000  1.000000e+000  0.000000e+000
    outer loop
      vertex -2.550000e+001 -7.900000e+000  1.200000e+001
      vertex -2.700000e+001 -7.900000e+000  1.200000e+001
      vertex -2.550000e+001 -7.900000e+000  1.750000e+001
    endloop
  endfacet
  facet normal  0.000000e+000  1.000000e+000  0.000000e+000
    outer loop
      vertex -2.550000e+001 -7.900000e+000  1.750000e+001
      vertex -2.700000e+001 -7.900000e+000  1.200000e+001
      vertex -2.700000e+001 -7.900000e+000  1.950000e+001
    endloop
  endfacet
  facet normal  -0.000000e+000  1.000000e+000  0.000000e+000
    outer loop
      vertex -2.550000e+001 -7.900000e+000  1.750000e+001
      vertex -2.700000e+001 -7.900000e+000  1.950000e+001
      vertex -2.550000e+001 -7.900000e+000  1.950000e+001
    endloop
  endfacet
  facet normal  0.000000e+000  1.000000e+000  0.000000e+000
    outer loop
      vertex -1.350000e+001 -7.900000e+000  1.200000e+001
      vertex -1.350000e+001 -7.900000e+000  1.750000e+001
      vertex -1.200000e+001 -7.900000e+000  1.200000e+001
    endloop
  endfacet
  facet normal  0.000000e+000  1.000000e+000  0.000000e+000
    outer loop
      vertex -1.200000e+001 -7.900000e+000  1.200000e+001
      vertex -1.350000e+001 -7.900000e+000  1.750000e+001
      vertex -1.350000e+001 -7.900000e+000  1.950000e+001
    endloop
  endfacet
  facet normal  -0.000000e+000  1.000000e+000  0.000000e+000
    outer loop
      vertex -1.200000e+001 -7.900000e+000  1.200000e+001
      vertex -1.350000e+001 -7.900000e+000  1.950000e+001
      vertex -1.200000e+001 -7.900000e+000  1.950000e+001
    endloop
  endfacet
  facet normal -1.000000e+000  0.000000e+000  0.000000e+000
    outer loop
      vertex -1.350000e+001 -1.868000e+001  1.200000e+001
      vertex -1.350000e+001 -1.868000e+001  1.750000e+001
      vertex -1.350000e+001 -7.900000e+000  1.200000e+001
    endloop
  endfacet
  facet normal -1.000000e+000  0.000000e+000  0.000000e+000
    outer loop
      vertex -1.350000e+001 -7.900000e+000  1.200000e+001
      vertex -1.350000e+001 -1.868000e+001  1.750000e+001
      vertex -1.350000e+001 -7.900000e+000  1.750000e+001
    endloop
  endfacet
  facet normal  1.000000e+000  0.000000e+000  0.000000e+000
    outer loop
      vertex -2.550000e+001 -1.868000e+001  1.750000e+001
      vertex -2.550000e+001 -1.868000e+001  1.200000e+001
      vertex -2.550000e+001 -7.900000e+000  1.750000e+001
    endloop
  endfacet
  facet normal  1.000000e+000  0.000000e+000  0.000000e+000
    outer loop
      vertex -2.550000e+001 -7.900000e+000  1.750000e+001
      vertex -2.550000e+001 -1.868000e+001  1.200000e+001
      vertex -2.550000e+001 -7.900000e+000  1.200000e+001
    endloop
  endfacet
  facet normal  0.000000e+000  -0.000000e+000  1.000000e+000
    outer loop
      vertex -7.000000e+000 -1.868000e+001  1.200000e+001
      vertex  1.450000e+001 -1.868000e+001  1.200000e+001
      vertex  1.450000e+001 -1.768000e+001  1.200000e+001
    endloop
  endfacet
  facet normal  -0.000000e+000  0.000000e+000  1.000000e+000
    outer loop
      vertex  1.450000e+001 -1.488000e+001  1.200000e+001
      vertex  9.500000e+000 -1.488000e+001  1.200000e+001
      vertex  1.450000e+001 -1.768000e+001  1.200000e+001
    endloop
  endfacet
  facet normal  0.000000e+000  0.000000e+000  1.000000e+000
    outer loop
      vertex  1.450000e+001 -1.768000e+001  1.200000e+001
      vertex  9.500000e+000 -1.488000e+001  1.200000e+001
      vertex  9.500000e+000 -1.618000e+001  1.200000e+001
    endloop
  endfacet
  facet normal  0.000000e+000  0.000000e+000  1.000000e+000
    outer loop
      vertex  1.450000e+001 -1.768000e+001  1.200000e+001
      vertex  9.500000e+000 -1.618000e+001  1.200000e+001
      vertex -7.000000e+000 -1.868000e+001  1.200000e+001
    endloop
  endfacet
  facet normal  0.000000e+000  0.000000e+000  9.999999e-001
    outer loop
      vertex -7.000000e+000 -1.868000e+001  1.200000e+001
      vertex  9.500000e+000 -1.618000e+001  1.200000e+001
      vertex -7.000000e+000 -1.618000e+001  1.200000e+001
    endloop
  endfacet
  facet normal  9.999999e-001  0.000000e+000  0.000000e+000
    outer loop
      vertex -1.200000e+001 -7.900000e+000  1.200000e+001
      vertex -1.200000e+001 -7.900000e+000  1.950000e+001
      vertex -1.200000e+001 -1.118000e+001  1.700000e+001
    endloop
  endfacet
  facet normal  1.000000e+000  0.000000e+000  0.000000e+000
    outer loop
      vertex -1.200000e+001 -7.900000e+000  1.200000e+001
      vertex -1.200000e+001 -1.118000e+001  1.700000e+001
      vertex -1.200000e+001 -1.118000e+001  0.000000e+000
    endloop
  endfacet
  facet normal  1.000000e+000  0.000000e+000  0.000000e+000
    outer loop
      vertex -1.200000e+001 -7.900000e+000  1.200000e+001
      vertex -1.200000e+001 -1.118000e+001  0.000000e+000
      vertex -1.200000e+001  1.210000e+001  0.000000e+000
    endloop
  endfacet
  facet normal  1.000000e+000  0.000000e+000  -0.000000e+000
    outer loop
      vertex -1.200000e+001 -7.900000e+000  1.200000e+001
      vertex -1.200000e+001  1.210000e+001  0.000000e+000
      vertex -1.200000e+001  1.210000e+001  1.200000e+001
    endloop
  endfacet
  facet normal  1.000000e+000  0.000000e+000  0.000000e+000
    outer loop
      vertex -1.200000e+001 -1.868000e+001  1.700000e+001
      vertex -1.200000e+001 -1.118000e+001  1.700000e+001
      vertex -1.200000e+001 -1.868000e+001  1.950000e+001
    endloop
  endfacet
  facet normal  1.000000e+000  -0.000000e+000  0.000000e+000
    outer loop
      vertex -1.200000e+001 -1.868000e+001  1.950000e+001
      vertex -1.200000e+001 -1.118000e+001  1.700000e+001
      vertex -1.200000e+001 -7.900000e+000  1.950000e+001
    endloop
  endfacet
  facet normal  0.000000e+000  1.000000e+000  0.000000e+000
    outer loop
      vertex -7.000000e+000 -1.618000e+001  1.200000e+001
      vertex  9.500000e+000 -1.618000e+001  1.200000e+001
      vertex  8.631759e+000 -1.618000e+001  1.192404e+001
    endloop
  endfacet
  facet normal  0.000000e+000  1.000000e+000  0.000000e+000
    outer loop
      vertex -7.000000e+000 -1.618000e+001  1.200000e+001
      vertex  8.631759e+000 -1.618000e+001  1.192404e+001
      vertex  7.789899e+000 -1.618000e+001  1.169846e+001
    endloop
  endfacet
  facet normal  0.000000e+000  9.999999e-001  0.000000e+000
    outer loop
      vertex -7.000000e+000 -1.618000e+001  1.200000e+001
      vertex  7.789899e+000 -1.618000e+001  1.169846e+001
      vertex  7.000000e+000 -1.618000e+001  1.133013e+001
    endloop
  endfacet
  facet normal  0.000000e+000  9.999999e-001  0.000000e+000
    outer loop
      vertex -7.000000e+000 -1.618000e+001  1.200000e+001
      vertex  7.000000e+000 -1.618000e+001  1.133013e+001
      vertex  6.286062e+000 -1.618000e+001  1.083022e+001
    endloop
  endfacet
  facet normal  0.000000e+000  1.000000e+000  0.000000e+000
    outer loop
      vertex -7.000000e+000 -1.618000e+001  1.200000e+001
      vertex  6.286062e+000 -1.618000e+001  1.083022e+001
      vertex  5.669778e+000 -1.618000e+001  1.021394e+001
    endloop
  endfacet
  facet normal  0.000000e+000  1.000000e+000  0.000000e+000
    outer loop
      vertex -7.000000e+000 -1.618000e+001  1.200000e+001
      vertex  5.669778e+000 -1.618000e+001  1.021394e+001
      vertex  5.169873e+000 -1.618000e+001  9.500000e+000
    endloop
  endfacet
  facet normal  0.000000e+000  9.999999e-001  0.000000e+000
    outer loop
      vertex -7.000000e+000 -1.618000e+001  1.200000e+001
      vertex  5.169873e+000 -1.618000e+001  9.500000e+000
      vertex  4.801537e+000 -1.618000e+001  8.710101e+000
    endloop
  endfacet
  facet normal  0.000000e+000  1.000000e+000  0.000000e+000
    outer loop
      vertex -7.000000e+000 -1.618000e+001  1.200000e+001
      vertex  4.801537e+000 -1.618000e+001  8.710101e+000
      vertex  4.575961e+000 -1.618000e+001  7.868241e+000
    endloop
  endfacet
  facet normal  0.000000e+000  1.000000e+000  0.000000e+000
    outer loop
      vertex -7.000000e+000 -1.618000e+001  1.200000e+001
      vertex  4.575961e+000 -1.618000e+001  7.868241e+000
      vertex  4.500000e+000 -1.618000e+001  7.000000e+000
    endloop
  endfacet
  facet normal  0.000000e+000  1.000000e+000  0.000000e+000
    outer loop
      vertex -7.000000e+000 -1.618000e+001  1.200000e+001
      vertex  4.500000e+000 -1.618000e+001  7.000000e+000
      vertex  4.500000e+000 -1.618000e+001  5.000000e+000
    endloop
  endfacet
  facet normal  0.000000e+000  1.000000e+000  0.000000e+000
    outer loop
      vertex -7.000000e+000 -1.618000e+001  1.200000e+001
      vertex  4.500000e+000 -1.618000e+001  5.000000e+000
      vertex -7.000000e+000 -1.618000e+001  0.000000e+000
    endloop
  endfacet
  facet normal  0.000000e+000  1.000000e+000  0.000000e+000
    outer loop
      vertex -7.000000e+000 -1.618000e+001  0.000000e+000
      vertex  4.500000e+000 -1.618000e+001  5.000000e+000
      vertex  4.575961e+000 -1.618000e+001  4.131759e+000
    endloop
  endfacet
  facet normal  0.000000e+000  1.000000e+000  0.000000e+000
    outer loop
      vertex -7.000000e+000 -1.618000e+001  0.000000e+000
      vertex  4.575961e+000 -1.618000e+001  4.131759e+000
      vertex  4.801537e+000 -1.618000e+001  3.289899e+000
    endloop
  endfacet
  facet normal  0.000000e+000  1.000000e+000  0.000000e+000
    outer loop
      vertex -7.000000e+000 -1.618000e+001  0.000000e+000
      vertex  4.801537e+000 -1.618000e+001  3.289899e+000
      vertex  5.169873e+000 -1.618000e+001  2.500000e+000
    endloop
  endfacet
  facet normal  0.000000e+000  1.000000e+000  0.000000e+000
    outer loop
      vertex -7.000000e+000 -1.618000e+001  0.000000e+000
      vertex  5.169873e+000 -1.618000e+001  2.500000e+000
      vertex  5.669778e+000 -1.618000e+001  1.786062e+000
    endloop
  endfacet
  facet normal  0.000000e+000  1.000000e+000  0.000000e+000
    outer loop
      vertex -7.000000e+000 -1.618000e+001  0.000000e+000
      vertex  5.669778e+000 -1.618000e+001  1.786062e+000
      vertex  6.286062e+000 -1.618000e+001  1.169778e+000
    endloop
  endfacet
  facet normal  0.000000e+000  1.000000e+000  0.000000e+000
    outer loop
      vertex -7.000000e+000 -1.618000e+001  0.000000e+000
      vertex  6.286062e+000 -1.618000e+001  1.169778e+000
      vertex  7.000000e+000 -1.618000e+001  6.698730e-001
    endloop
  endfacet
  facet normal  0.000000e+000  1.000000e+000  0.000000e+000
    outer loop
      vertex -7.000000e+000 -1.618000e+001  0.000000e+000
      vertex  7.000000e+000 -1.618000e+001  6.698730e-001
      vertex  7.789899e+000 -1.618000e+001  3.015369e-001
    endloop
  endfacet
  facet normal  0.000000e+000  1.000000e+000  0.000000e+000
    outer loop
      vertex -7.000000e+000 -1.618000e+001  0.000000e+000
      vertex  7.789899e+000 -1.618000e+001  3.015369e-001
      vertex  8.631759e+000 -1.618000e+001  7.596123e-002
    endloop
  endfacet
  facet normal  0.000000e+000  1.000000e+000  0.000000e+000
    outer loop
      vertex -7.000000e+000 -1.618000e+001  0.000000e+000
      vertex  8.631759e+000 -1.618000e+001  7.596123e-002
      vertex  9.500000e+000 -1.618000e+001 -1.687230e-031
    endloop
  endfacet
  facet normal  -0.000000e+000  0.000000e+000 -1.000000e+000
    outer loop
      vertex -2.550000e+001  1.610000e+001  0.000000e+000
      vertex -2.550000e+001 -7.900000e+000  0.000000e+000
      vertex -2.700000e+001 -1.868000e+001  0.000000e+000
    endloop
  endfacet
  facet normal  -0.000000e+000  0.000000e+000 -1.000000e+000
    outer loop
      vertex -2.550000e+001 -7.900000e+000  0.000000e+000
      vertex -1.950000e+001 -9.050000e+000  0.000000e+000
      vertex -1.982528e+001 -9.114702e+000  0.000000e+000
    endloop
  endfacet
  facet normal  -0.000000e+000  0.000000e+000 -9.999999e-001
    outer loop
      vertex -2.550000e+001 -7.900000e+000  0.000000e+000
      vertex -1.982528e+001 -9.114702e+000  0.000000e+000
      vertex -2.010104e+001 -9.298959e+000  0.000000e+000
    endloop
  endfacet
  facet normal  -0.000000e+000  0.000000e+000 -1.000000e+000
    outer loop
      vertex -2.550000e+001 -7.900000e+000  0.000000e+000
      vertex -2.010104e+001 -9.298959e+000  0.000000e+000
      vertex -2.700000e+001 -1.868000e+001  0.000000e+000
    endloop
  endfacet
  facet normal  0.000000e+000  0.000000e+000 -9.999999e-001
    outer loop
      vertex  1.450000e+001 -1.768000e+001  0.000000e+000
      vertex  1.450000e+001 -1.868000e+001  0.000000e+000
      vertex -2.700000e+001 -1.868000e+001  0.000000e+000
    endloop
  endfacet
  facet normal  0.000000e+000  0.000000e+000 -1.000000e+000
    outer loop
      vertex  1.450000e+001 -1.768000e+001  0.000000e+000
      vertex -2.700000e+001 -1.868000e+001  0.000000e+000
      vertex -7.000000e+000 -1.618000e+001  0.000000e+000
    endloop
  endfacet
  facet normal -1.022563e-032 -1.465674e-031 -1.000000e+000
    outer loop
      vertex  1.450000e+001 -1.768000e+001  0.000000e+000
      vertex -7.000000e+000 -1.618000e+001  0.000000e+000
      vertex  9.500000e+000 -1.618000e+001 -1.687230e-031
    endloop
  endfacet
  facet normal  3.374460e-032  0.000000e+000 -1.000000e+000
    outer loop
      vertex  1.450000e+001 -1.768000e+001  0.000000e+000
      vertex  9.500000e+000 -1.618000e+001 -1.687230e-031
      vertex  9.500000e+000 -1.518000e+001 -1.687230e-031
    endloop
  endfacet
  facet normal  3.374459e-032  0.000000e+000 -1.000000e+000
    outer loop
      vertex  1.450000e+001 -1.768000e+001  0.000000e+000
      vertex  9.500000e+000 -1.518000e+001 -1.687230e-031
      vertex  9.500000e+000 -1.488000e+001 -1.687230e-031
    endloop
  endfacet
  facet normal  3.374460e-032  0.000000e+000 -1.000000e+000
    outer loop
      vertex  1.450000e+001 -1.768000e+001  0.000000e+000
      vertex  9.500000e+000 -1.488000e+001 -1.687230e-031
      vertex  1.450000e+001 -1.488000e+001  0.000000e+000
    endloop
  endfacet
  facet normal  0.000000e+000  -0.000000e+000 -1.000000e+000
    outer loop
      vertex -2.700000e+001  1.810000e+001  0.000000e+000
      vertex -2.400000e+001  2.110000e+001  0.000000e+000
      vertex -1.500000e+001  2.110000e+001  0.000000e+000
    endloop
  endfacet
  facet normal  0.000000e+000  0.000000e+000 -9.999999e-001
    outer loop
      vertex -2.700000e+001  1.810000e+001  0.000000e+000
      vertex -1.500000e+001  2.110000e+001  0.000000e+000
      vertex -1.950000e+001  1.895000e+001  0.000000e+000
    endloop
  endfacet
  facet normal  0.000000e+000  0.000000e+000 -1.000000e+000
    outer loop
      vertex -2.700000e+001  1.810000e+001  0.000000e+000
      vertex -1.950000e+001  1.895000e+001  0.000000e+000
      vertex -1.982528e+001  1.888530e+001  0.000000e+000
    endloop
  endfacet
  facet normal  0.000000e+000  0.000000e+000 -1.000000e+000
    outer loop
      vertex -2.700000e+001  1.810000e+001  0.000000e+000
      vertex -1.982528e+001  1.888530e+001  0.000000e+000
      vertex -2.010104e+001  1.870104e+001  0.000000e+000
    endloop
  endfacet
  facet normal  0.000000e+000  0.000000e+000 -1.000000e+000
    outer loop
      vertex -2.700000e+001  1.810000e+001  0.000000e+000
      vertex -2.010104e+001  1.870104e+001  0.000000e+000
      vertex -2.028530e+001  1.842528e+001  0.000000e+000
    endloop
  endfacet
  facet normal  0.000000e+000  0.000000e+000 -1.000000e+000
    outer loop
      vertex -2.700000e+001  1.810000e+001  0.000000e+000
      vertex -2.028530e+001  1.842528e+001  0.000000e+000
      vertex -2.035000e+001  1.810000e+001  0.000000e+000
    endloop
  endfacet
  facet normal  -0.000000e+000  0.000000e+000 -1.000000e+000
    outer loop
      vertex -2.700000e+001  1.810000e+001  0.000000e+000
      vertex -2.035000e+001  1.810000e+001  0.000000e+000
      vertex -2.550000e+001  1.610000e+001  0.000000e+000
    endloop
  endfacet
  facet normal  -0.000000e+000  0.000000e+000 -9.999999e-001
    outer loop
      vertex -2.700000e+001  1.810000e+001  0.000000e+000
      vertex -2.550000e+001  1.610000e+001  0.000000e+000
      vertex -2.700000e+001 -1.868000e+001  0.000000e+000
    endloop
  endfacet
  facet normal  0.000000e+000  0.000000e+000 -1.000000e+000
    outer loop
      vertex -2.700000e+001 -1.868000e+001  0.000000e+000
      vertex -2.010104e+001 -9.298959e+000  0.000000e+000
      vertex -2.028530e+001 -9.574719e+000  0.000000e+000
    endloop
  endfacet
  facet normal  0.000000e+000  0.000000e+000 -1.000000e+000
    outer loop
      vertex -2.700000e+001 -1.868000e+001  0.000000e+000
      vertex -2.028530e+001 -9.574719e+000  0.000000e+000
      vertex -2.035000e+001 -9.900000e+000  0.000000e+000
    endloop
  endfacet
  facet normal  0.000000e+000  -0.000000e+000 -1.000000e+000
    outer loop
      vertex -2.700000e+001 -1.868000e+001  0.000000e+000
      vertex -2.035000e+001 -9.900000e+000  0.000000e+000
      vertex -2.028530e+001 -1.022528e+001  0.000000e+000
    endloop
  endfacet
  facet normal  0.000000e+000  -0.000000e+000 -1.000000e+000
    outer loop
      vertex -2.700000e+001 -1.868000e+001  0.000000e+000
      vertex -2.028530e+001 -1.022528e+001  0.000000e+000
      vertex -2.010104e+001 -1.050104e+001  0.000000e+000
    endloop
  endfacet
  facet normal  0.000000e+000  -0.000000e+000 -1.000000e+000
    outer loop
      vertex -2.700000e+001 -1.868000e+001  0.000000e+000
      vertex -2.010104e+001 -1.050104e+001  0.000000e+000
      vertex -1.982528e+001 -1.068530e+001  0.000000e+000
    endloop
  endfacet
  facet normal  0.000000e+000  -0.000000e+000 -1.000000e+000
    outer loop
      vertex -2.700000e+001 -1.868000e+001  0.000000e+000
      vertex -1.982528e+001 -1.068530e+001  0.000000e+000
      vertex -1.950000e+001 -1.075000e+001  0.000000e+000
    endloop
  endfacet
  facet normal  0.000000e+000  -0.000000e+000 -1.000000e+000
    outer loop
      vertex -2.700000e+001 -1.868000e+001  0.000000e+000
      vertex -1.950000e+001 -1.075000e+001  0.000000e+000
      vertex -1.200000e+001 -1.118000e+001  0.000000e+000
    endloop
  endfacet
  facet normal  0.000000e+000  -0.000000e+000 -1.000000e+000
    outer loop
      vertex -2.700000e+001 -1.868000e+001  0.000000e+000
      vertex -1.200000e+001 -1.118000e+001  0.000000e+000
      vertex -1.192404e+001 -1.204824e+001  0.000000e+000
    endloop
  endfacet
  facet normal  0.000000e+000  -0.000000e+000 -1.000000e+000
    outer loop
      vertex -2.700000e+001 -1.868000e+001  0.000000e+000
      vertex -1.192404e+001 -1.204824e+001  0.000000e+000
      vertex -1.169846e+001 -1.289010e+001  0.000000e+000
    endloop
  endfacet
  facet normal  0.000000e+000  -0.000000e+000 -9.999999e-001
    outer loop
      vertex -2.700000e+001 -1.868000e+001  0.000000e+000
      vertex -1.169846e+001 -1.289010e+001  0.000000e+000
      vertex -1.133013e+001 -1.368000e+001  0.000000e+000
    endloop
  endfacet
  facet normal  0.000000e+000  -0.000000e+000 -1.000000e+000
    outer loop
      vertex -2.700000e+001 -1.868000e+001  0.000000e+000
      vertex -1.133013e+001 -1.368000e+001  0.000000e+000
      vertex -1.083022e+001 -1.439394e+001  0.000000e+000
    endloop
  endfacet
  facet normal  0.000000e+000  -0.000000e+000 -1.000000e+000
    outer loop
      vertex -2.700000e+001 -1.868000e+001  0.000000e+000
      vertex -1.083022e+001 -1.439394e+001  0.000000e+000
      vertex -1.021394e+001 -1.501022e+001  0.000000e+000
    endloop
  endfacet
  facet normal  0.000000e+000  -0.000000e+000 -1.000000e+000
    outer loop
      vertex -2.700000e+001 -1.868000e+001  0.000000e+000
      vertex -1.021394e+001 -1.501022e+001  0.000000e+000
      vertex -9.500000e+000 -1.551013e+001  0.000000e+000
    endloop
  endfacet
  facet normal  0.000000e+000  -0.000000e+000 -1.000000e+000
    outer loop
      vertex -2.700000e+001 -1.868000e+001  0.000000e+000
      vertex -9.500000e+000 -1.551013e+001  0.000000e+000
      vertex -8.710101e+000 -1.587846e+001  0.000000e+000
    endloop
  endfacet
  facet normal  0.000000e+000  -0.000000e+000 -1.000000e+000
    outer loop
      vertex -2.700000e+001 -1.868000e+001  0.000000e+000
      vertex -8.710101e+000 -1.587846e+001  0.000000e+000
      vertex -7.868241e+000 -1.610404e+001  0.000000e+000
    endloop
  endfacet
  facet normal  0.000000e+000  -0.000000e+000 -9.999999e-001
    outer loop
      vertex -2.700000e+001 -1.868000e+001  0.000000e+000
      vertex -7.868241e+000 -1.610404e+001  0.000000e+000
      vertex -7.000000e+000 -1.618000e+001  0.000000e+000
    endloop
  endfacet
  facet normal  0.000000e+000  -0.000000e+000 -1.000000e+000
    outer loop
      vertex -1.350000e+001 -7.900000e+000  0.000000e+000
      vertex -1.200000e+001  1.210000e+001  0.000000e+000
      vertex -1.200000e+001 -1.118000e+001  0.000000e+000
    endloop
  endfacet
  facet normal  0.000000e+000  0.000000e+000 -1.000000e+000
    outer loop
      vertex -1.350000e+001 -7.900000e+000  0.000000e+000
      vertex -1.200000e+001 -1.118000e+001  0.000000e+000
      vertex -1.917472e+001 -9.114702e+000  0.000000e+000
    endloop
  endfacet
  facet normal  0.000000e+000  0.000000e+000 -1.000000e+000
    outer loop
      vertex -1.350000e+001 -7.900000e+000  0.000000e+000
      vertex -1.917472e+001 -9.114702e+000  0.000000e+000
      vertex -1.950000e+001 -9.050000e+000  0.000000e+000
    endloop
  endfacet
  facet normal  0.000000e+000  0.000000e+000 -1.000000e+000
    outer loop
      vertex -1.350000e+001 -7.900000e+000  0.000000e+000
      vertex -1.950000e+001 -9.050000e+000  0.000000e+000
      vertex -2.550000e+001 -7.900000e+000  0.000000e+000
    endloop
  endfacet
  facet normal  0.000000e+000  -0.000000e+000 -1.000000e+000
    outer loop
      vertex -2.550000e+001  1.610000e+001  0.000000e+000
      vertex -2.035000e+001  1.810000e+001  0.000000e+000
      vertex -2.028530e+001  1.777472e+001  0.000000e+000
    endloop
  endfacet
  facet normal  0.000000e+000  -0.000000e+000 -1.000000e+000
    outer loop
      vertex -2.550000e+001  1.610000e+001  0.000000e+000
      vertex -2.028530e+001  1.777472e+001  0.000000e+000
      vertex -2.010104e+001  1.749896e+001  0.000000e+000
    endloop
  endfacet
  facet normal  0.000000e+000  -0.000000e+000 -1.000000e+000
    outer loop
      vertex -2.550000e+001  1.610000e+001  0.000000e+000
      vertex -2.010104e+001  1.749896e+001  0.000000e+000
      vertex -1.982528e+001  1.731470e+001  0.000000e+000
    endloop
  endfacet
  facet normal  0.000000e+000  -0.000000e+000 -9.999999e-001
    outer loop
      vertex -2.550000e+001  1.610000e+001  0.000000e+000
      vertex -1.982528e+001  1.731470e+001  0.000000e+000
      vertex -1.950000e+001  1.725000e+001  0.000000e+000
    endloop
  endfacet
  facet normal  0.000000e+000  -0.000000e+000 -1.000000e+000
    outer loop
      vertex -2.550000e+001  1.610000e+001  0.000000e+000
      vertex -1.950000e+001  1.725000e+001  0.000000e+000
      vertex -1.200000e+001  1.710000e+001  0.000000e+000
    endloop
  endfacet
  facet normal  0.000000e+000  0.000000e+000 -1.000000e+000
    outer loop
      vertex -2.550000e+001  1.610000e+001  0.000000e+000
      vertex -1.200000e+001  1.710000e+001  0.000000e+000
      vertex -1.350000e+001  1.610000e+001  0.000000e+000
    endloop
  endfacet
  facet normal  0.000000e+000  0.000000e+000 -1.000000e+000
    outer loop
      vertex -1.200000e+001  1.810000e+001  0.000000e+000
      vertex -1.200000e+001  1.710000e+001  0.000000e+000
      vertex -1.871470e+001  1.777472e+001  0.000000e+000
    endloop
  endfacet
  facet normal  0.000000e+000  0.000000e+000 -1.000000e+000
    outer loop
      vertex -1.200000e+001  1.810000e+001  0.000000e+000
      vertex -1.871470e+001  1.777472e+001  0.000000e+000
      vertex -1.865000e+001  1.810000e+001  0.000000e+000
    endloop
  endfacet
  facet normal  0.000000e+000  0.000000e+000 -1.000000e+000
    outer loop
      vertex -1.200000e+001  1.810000e+001  0.000000e+000
      vertex -1.865000e+001  1.810000e+001  0.000000e+000
      vertex -1.871470e+001  1.842528e+001  0.000000e+000
    endloop
  endfacet
  facet normal  0.000000e+000  0.000000e+000 -1.000000e+000
    outer loop
      vertex -1.200000e+001  1.810000e+001  0.000000e+000
      vertex -1.871470e+001  1.842528e+001  0.000000e+000
      vertex -1.889896e+001  1.870104e+001  0.000000e+000
    endloop
  endfacet
  facet normal  0.000000e+000  0.000000e+000 -1.000000e+000
    outer loop
      vertex -1.200000e+001  1.810000e+001  0.000000e+000
      vertex -1.889896e+001  1.870104e+001  0.000000e+000
      vertex -1.917472e+001  1.888530e+001  0.000000e+000
    endloop
  endfacet
  facet normal  0.000000e+000  0.000000e+000 -1.000000e+000
    outer loop
      vertex -1.200000e+001  1.810000e+001  0.000000e+000
      vertex -1.917472e+001  1.888530e+001  0.000000e+000
      vertex -1.950000e+001  1.895000e+001  0.000000e+000
    endloop
  endfacet
  facet normal  0.000000e+000  0.000000e+000 -1.000000e+000
    outer loop
      vertex -1.200000e+001  1.810000e+001  0.000000e+000
      vertex -1.950000e+001  1.895000e+001  0.000000e+000
      vertex -1.500000e+001  2.110000e+001  0.000000e+000
    endloop
  endfacet
  facet normal  0.000000e+000  0.000000e+000 -1.000000e+000
    outer loop
      vertex -1.200000e+001  1.710000e+001  0.000000e+000
      vertex -1.950000e+001  1.725000e+001  0.000000e+000
      vertex -1.917472e+001  1.731470e+001  0.000000e+000
    endloop
  endfacet
  facet normal  0.000000e+000  0.000000e+000 -1.000000e+000
    outer loop
      vertex -1.200000e+001  1.710000e+001  0.000000e+000
      vertex -1.917472e+001  1.731470e+001  0.000000e+000
      vertex -1.889896e+001  1.749896e+001  0.000000e+000
    endloop
  endfacet
  facet normal  0.000000e+000  0.000000e+000 -1.000000e+000
    outer loop
      vertex -1.200000e+001  1.710000e+001  0.000000e+000
      vertex -1.889896e+001  1.749896e+001  0.000000e+000
      vertex -1.871470e+001  1.777472e+001  0.000000e+000
    endloop
  endfacet
  facet normal  0.000000e+000  0.000000e+000 -1.000000e+000
    outer loop
      vertex -1.200000e+001 -1.118000e+001  0.000000e+000
      vertex -1.950000e+001 -1.075000e+001  0.000000e+000
      vertex -1.917472e+001 -1.068530e+001  0.000000e+000
    endloop
  endfacet
  facet normal  0.000000e+000  0.000000e+000 -1.000000e+000
    outer loop
      vertex -1.200000e+001 -1.118000e+001  0.000000e+000
      vertex -1.917472e+001 -1.068530e+001  0.000000e+000
      vertex -1.889896e+001 -1.050104e+001  0.000000e+000
    endloop
  endfacet
  facet normal  0.000000e+000  0.000000e+000 -1.000000e+000
    outer loop
      vertex -1.200000e+001 -1.118000e+001  0.000000e+000
      vertex -1.889896e+001 -1.050104e+001  0.000000e+000
      vertex -1.871470e+001 -1.022528e+001  0.000000e+000
    endloop
  endfacet
  facet normal  0.000000e+000  0.000000e+000 -1.000000e+000
    outer loop
      vertex -1.200000e+001 -1.118000e+001  0.000000e+000
      vertex -1.871470e+001 -1.022528e+001  0.000000e+000
      vertex -1.865000e+001 -9.900000e+000  0.000000e+000
    endloop
  endfacet
  facet normal  0.000000e+000  0.000000e+000 -1.000000e+000
    outer loop
      vertex -1.200000e+001 -1.118000e+001  0.000000e+000
      vertex -1.865000e+001 -9.900000e+000  0.000000e+000
      vertex -1.871470e+001 -9.574719e+000  0.000000e+000
    endloop
  endfacet
  facet normal  0.000000e+000  0.000000e+000 -1.000000e+000
    outer loop
      vertex -1.200000e+001 -1.118000e+001  0.000000e+000
      vertex -1.871470e+001 -9.574719e+000  0.000000e+000
      vertex -1.889896e+001 -9.298959e+000  0.000000e+000
    endloop
  endfacet
  facet normal  0.000000e+000  0.000000e+000 -1.000000e+000
    outer loop
      vertex -1.200000e+001 -1.118000e+001  0.000000e+000
      vertex -1.889896e+001 -9.298959e+000  0.000000e+000
      vertex -1.917472e+001 -9.114702e+000  0.000000e+000
    endloop
  endfacet
  facet normal  3.156102e-012 -4.734153e-012 -1.000000e+000
    outer loop
      vertex -1.350000e+001  1.610000e+001  0.000000e+000
      vertex -1.200000e+001  1.710000e+001  0.000000e+000
      vertex -6.500000e+000  1.710000e+001  1.735856e-011
    endloop
  endfacet
  facet normal -2.592399e-012  3.550535e-011 -1.000000e+000
    outer loop
      vertex -1.350000e+001  1.610000e+001  0.000000e+000
      vertex -6.500000e+000  1.710000e+001  1.735856e-011
      vertex  1.000000e+000  1.710000e+001 -2.084432e-012
    endloop
  endfacet
  facet normal -1.324067e-013 -1.645351e-013 -1.000000e+000
    outer loop
      vertex -1.350000e+001  1.610000e+001  0.000000e+000
      vertex  1.000000e+000  1.710000e+001 -2.084432e-012
      vertex  1.000000e+000  1.510000e+001 -1.755362e-012
    endloop
  endfacet
  facet normal -1.755362e-013 -7.899129e-013 -1.000000e+000
    outer loop
      vertex -1.350000e+001  1.610000e+001  0.000000e+000
      vertex  1.000000e+000  1.510000e+001 -1.755362e-012
      vertex -9.000000e+000  1.510000e+001  0.000000e+000
    endloop
  endfacet
  facet normal  -0.000000e+000  0.000000e+000 -1.000000e+000
    outer loop
      vertex -1.350000e+001  1.610000e+001  0.000000e+000
      vertex -9.000000e+000  1.510000e+001  0.000000e+000
      vertex -9.667562e+000  1.502478e+001  0.000000e+000
    endloop
  endfacet
  facet normal  -0.000000e+000  0.000000e+000 -1.000000e+000
    outer loop
      vertex -1.350000e+001  1.610000e+001  0.000000e+000
      vertex -9.667562e+000  1.502478e+001  0.000000e+000
      vertex -1.030165e+001  1.480291e+001  0.000000e+000
    endloop
  endfacet
  facet normal  -0.000000e+000  0.000000e+000 -1.000000e+000
    outer loop
      vertex -1.350000e+001  1.610000e+001  0.000000e+000
      vertex -1.030165e+001  1.480291e+001  0.000000e+000
      vertex -1.087047e+001  1.444549e+001  0.000000e+000
    endloop
  endfacet
  facet normal  -0.000000e+000  0.000000e+000 -1.000000e+000
    outer loop
      vertex -1.350000e+001  1.610000e+001  0.000000e+000
      vertex -1.087047e+001  1.444549e+001  0.000000e+000
      vertex -1.134549e+001  1.397047e+001  0.000000e+000
    endloop
  endfacet
  facet normal  -0.000000e+000  0.000000e+000 -1.000000e+000
    outer loop
      vertex -1.350000e+001  1.610000e+001  0.000000e+000
      vertex -1.134549e+001  1.397047e+001  0.000000e+000
      vertex -1.170291e+001  1.340165e+001  0.000000e+000
    endloop
  endfacet
  facet normal  -0.000000e+000  0.000000e+000 -1.000000e+000
    outer loop
      vertex -1.350000e+001  1.610000e+001  0.000000e+000
      vertex -1.170291e+001  1.340165e+001  0.000000e+000
      vertex -1.192478e+001  1.276756e+001  0.000000e+000
    endloop
  endfacet
  facet normal  -0.000000e+000  0.000000e+000 -9.999999e-001
    outer loop
      vertex -1.350000e+001  1.610000e+001  0.000000e+000
      vertex -1.192478e+001  1.276756e+001  0.000000e+000
      vertex -1.200000e+001  1.210000e+001  0.000000e+000
    endloop
  endfacet
  facet normal  -0.000000e+000  0.000000e+000 -1.000000e+000
    outer loop
      vertex -1.350000e+001  1.610000e+001  0.000000e+000
      vertex -1.200000e+001  1.210000e+001  0.000000e+000
      vertex -1.350000e+001 -7.900000e+000  0.000000e+000
    endloop
  endfacet
  facet normal  0.000000e+000 -1.000000e+000  0.000000e+000
    outer loop
      vertex  1.516756e+001 -1.868000e+001  8.924784e+000
      vertex  1.580165e+001 -1.868000e+001  8.702907e+000
      vertex  1.984604e+001 -1.868000e+001  8.723943e+000
    endloop
  endfacet
  facet normal  0.000000e+000 -9.999999e-001  -0.000000e+000
    outer loop
      vertex -7.000000e+000 -1.868000e+001  1.200000e+001
      vertex -7.868241e+000 -1.868000e+001  1.207596e+001
      vertex -1.350000e+001 -1.868000e+001  1.200000e+001
    endloop
  endfacet
  facet normal  0.000000e+000 -1.000000e+000  0.000000e+000
    outer loop
      vertex -7.000000e+000 -1.868000e+001  1.200000e+001
      vertex -1.350000e+001 -1.868000e+001  1.200000e+001
      vertex  1.450000e+001 -1.868000e+001  9.000000e+000
    endloop
  endfacet
  facet normal  0.000000e+000 -1.000000e+000  0.000000e+000
    outer loop
      vertex -7.000000e+000 -1.868000e+001  1.200000e+001
      vertex  1.450000e+001 -1.868000e+001  9.000000e+000
      vertex  1.450000e+001 -1.868000e+001  1.200000e+001
    endloop
  endfacet
  facet normal  0.000000e+000 -9.999999e-001  0.000000e+000
    outer loop
      vertex -2.700000e+001 -1.868000e+001  0.000000e+000
      vertex  1.450000e+001 -1.868000e+001  0.000000e+000
      vertex  1.450000e+001 -1.868000e+001  3.000000e+000
    endloop
  endfacet
  facet normal  -0.000000e+000 -1.000000e+000  0.000000e+000
    outer loop
      vertex -2.700000e+001 -1.868000e+001  0.000000e+000
      vertex  1.450000e+001 -1.868000e+001  3.000000e+000
      vertex  1.383244e+001 -1.868000e+001  3.075216e+000
    endloop
  endfacet
  facet normal  -0.000000e+000 -1.000000e+000  0.000000e+000
    outer loop
      vertex -2.700000e+001 -1.868000e+001  0.000000e+000
      vertex  1.383244e+001 -1.868000e+001  3.075216e+000
      vertex  1.319835e+001 -1.868000e+001  3.297093e+000
    endloop
  endfacet
  facet normal  -0.000000e+000 -1.000000e+000  0.000000e+000
    outer loop
      vertex -2.700000e+001 -1.868000e+001  0.000000e+000
      vertex  1.319835e+001 -1.868000e+001  3.297093e+000
      vertex  1.262953e+001 -1.868000e+001  3.654505e+000
    endloop
  endfacet
  facet normal  -0.000000e+000 -1.000000e+000  0.000000e+000
    outer loop
      vertex -2.700000e+001 -1.868000e+001  0.000000e+000
      vertex  1.262953e+001 -1.868000e+001  3.654505e+000
      vertex  1.215451e+001 -1.868000e+001  4.129530e+000
    endloop
  endfacet
  facet normal  -0.000000e+000 -1.000000e+000  0.000000e+000
    outer loop
      vertex -2.700000e+001 -1.868000e+001  0.000000e+000
      vertex  1.215451e+001 -1.868000e+001  4.129530e+000
      vertex  1.179709e+001 -1.868000e+001  4.698349e+000
    endloop
  endfacet
  facet normal  -0.000000e+000 -9.999999e-001  0.000000e+000
    outer loop
      vertex -2.700000e+001 -1.868000e+001  0.000000e+000
      vertex  1.179709e+001 -1.868000e+001  4.698349e+000
      vertex  1.157522e+001 -1.868000e+001  5.332437e+000
    endloop
  endfacet
  facet normal  -0.000000e+000 -9.999999e-001  0.000000e+000
    outer loop
      vertex -2.700000e+001 -1.868000e+001  0.000000e+000
      vertex  1.157522e+001 -1.868000e+001  5.332437e+000
      vertex  1.150000e+001 -1.868000e+001  6.000000e+000
    endloop
  endfacet
  facet normal  -0.000000e+000 -1.000000e+000  0.000000e+000
    outer loop
      vertex -2.700000e+001 -1.868000e+001  0.000000e+000
      vertex  1.150000e+001 -1.868000e+001  6.000000e+000
      vertex -1.350000e+001 -1.868000e+001  1.200000e+001
    endloop
  endfacet
  facet normal  -0.000000e+000 -1.000000e+000  0.000000e+000
    outer loop
      vertex -2.700000e+001 -1.868000e+001  0.000000e+000
      vertex -1.350000e+001 -1.868000e+001  1.200000e+001
      vertex -2.550000e+001 -1.868000e+001  1.200000e+001
    endloop
  endfacet
  facet normal  -0.000000e+000 -1.000000e+000  0.000000e+000
    outer loop
      vertex -2.700000e+001 -1.868000e+001  0.000000e+000
      vertex -2.550000e+001 -1.868000e+001  1.200000e+001
      vertex -2.550000e+001 -1.868000e+001  1.750000e+001
    endloop
  endfacet
  facet normal  -0.000000e+000 -1.000000e+000  0.000000e+000
    outer loop
      vertex -2.700000e+001 -1.868000e+001  0.000000e+000
      vertex -2.550000e+001 -1.868000e+001  1.750000e+001
      vertex -2.700000e+001 -1.868000e+001  1.950000e+001
    endloop
  endfacet
  facet normal  0.000000e+000 -1.000000e+000  0.000000e+000
    outer loop
      vertex -1.350000e+001 -1.868000e+001  1.200000e+001
      vertex  1.150000e+001 -1.868000e+001  6.000000e+000
      vertex  1.157522e+001 -1.868000e+001  6.667563e+000
    endloop
  endfacet
  facet normal  0.000000e+000 -1.000000e+000  0.000000e+000
    outer loop
      vertex -1.350000e+001 -1.868000e+001  1.200000e+001
      vertex  1.157522e+001 -1.868000e+001  6.667563e+000
      vertex  1.179709e+001 -1.868000e+001  7.301651e+000
    endloop
  endfacet
  facet normal  0.000000e+000 -1.000000e+000  0.000000e+000
    outer loop
      vertex -1.350000e+001 -1.868000e+001  1.200000e+001
      vertex  1.179709e+001 -1.868000e+001  7.301651e+000
      vertex  1.215451e+001 -1.868000e+001  7.870470e+000
    endloop
  endfacet
  facet normal  0.000000e+000 -1.000000e+000  0.000000e+000
    outer loop
      vertex -1.350000e+001 -1.868000e+001  1.200000e+001
      vertex  1.215451e+001 -1.868000e+001  7.870470e+000
      vertex  1.262953e+001 -1.868000e+001  8.345494e+000
    endloop
  endfacet
  facet normal  0.000000e+000 -1.000000e+000  0.000000e+000
    outer loop
      vertex -1.350000e+001 -1.868000e+001  1.200000e+001
      vertex  1.262953e+001 -1.868000e+001  8.345494e+000
      vertex  1.319835e+001 -1.868000e+001  8.702907e+000
    endloop
  endfacet
  facet normal  0.000000e+000 -1.000000e+000  0.000000e+000
    outer loop
      vertex -1.350000e+001 -1.868000e+001  1.200000e+001
      vertex  1.319835e+001 -1.868000e+001  8.702907e+000
      vertex  1.383244e+001 -1.868000e+001  8.924784e+000
    endloop
  endfacet
  facet normal  0.000000e+000 -1.000000e+000  0.000000e+000
    outer loop
      vertex -1.350000e+001 -1.868000e+001  1.200000e+001
      vertex  1.383244e+001 -1.868000e+001  8.924784e+000
      vertex  1.450000e+001 -1.868000e+001  9.000000e+000
    endloop
  endfacet
  facet normal  -0.000000e+000 -1.000000e+000  0.000000e+000
    outer loop
      vertex -1.350000e+001 -1.868000e+001  1.200000e+001
      vertex -7.868241e+000 -1.868000e+001  1.207596e+001
      vertex -8.710101e+000 -1.868000e+001  1.230154e+001
    endloop
  endfacet
  facet normal  -0.000000e+000 -1.000000e+000  0.000000e+000
    outer loop
      vertex -1.350000e+001 -1.868000e+001  1.200000e+001
      vertex -8.710101e+000 -1.868000e+001  1.230154e+001
      vertex -9.500000e+000 -1.868000e+001  1.266987e+001
    endloop
  endfacet
  facet normal  -0.000000e+000 -1.000000e+000  0.000000e+000
    outer loop
      vertex -1.350000e+001 -1.868000e+001  1.200000e+001
      vertex -9.500000e+000 -1.868000e+001  1.266987e+001
      vertex -1.021394e+001 -1.868000e+001  1.316978e+001
    endloop
  endfacet
  facet normal  -0.000000e+000 -1.000000e+000  0.000000e+000
    outer loop
      vertex -1.350000e+001 -1.868000e+001  1.200000e+001
      vertex -1.021394e+001 -1.868000e+001  1.316978e+001
      vertex -1.083022e+001 -1.868000e+001  1.378606e+001
    endloop
  endfacet
  facet normal  -0.000000e+000 -1.000000e+000  0.000000e+000
    outer loop
      vertex -1.350000e+001 -1.868000e+001  1.200000e+001
      vertex -1.083022e+001 -1.868000e+001  1.378606e+001
      vertex -1.133013e+001 -1.868000e+001  1.450000e+001
    endloop
  endfacet
  facet normal  -0.000000e+000 -9.999999e-001  0.000000e+000
    outer loop
      vertex -1.350000e+001 -1.868000e+001  1.200000e+001
      vertex -1.133013e+001 -1.868000e+001  1.450000e+001
      vertex -1.169846e+001 -1.868000e+001  1.528990e+001
    endloop
  endfacet
  facet normal  -0.000000e+000 -1.000000e+000  0.000000e+000
    outer loop
      vertex -1.350000e+001 -1.868000e+001  1.200000e+001
      vertex -1.169846e+001 -1.868000e+001  1.528990e+001
      vertex -1.192404e+001 -1.868000e+001  1.613176e+001
    endloop
  endfacet
  facet normal  -0.000000e+000 -1.000000e+000  0.000000e+000
    outer loop
      vertex -1.350000e+001 -1.868000e+001  1.200000e+001
      vertex -1.192404e+001 -1.868000e+001  1.613176e+001
      vertex -1.200000e+001 -1.868000e+001  1.700000e+001
    endloop
  endfacet
  facet normal  -0.000000e+000 -1.000000e+000  0.000000e+000
    outer loop
      vertex -1.350000e+001 -1.868000e+001  1.200000e+001
      vertex -1.200000e+001 -1.868000e+001  1.700000e+001
      vertex -1.350000e+001 -1.868000e+001  1.750000e+001
    endloop
  endfacet
  facet normal  0.000000e+000 -1.000000e+000  0.000000e+000
    outer loop
      vertex  1.450000e+001 -1.868000e+001  9.000000e+000
      vertex  1.516756e+001 -1.868000e+001  8.924784e+000
      vertex  1.984604e+001 -1.868000e+001  8.723943e+000
    endloop
  endfacet
  facet normal  0.000000e+000 -1.000000e+000  0.000000e+000
    outer loop
      vertex  1.450000e+001 -1.868000e+001  9.000000e+000
      vertex  1.984604e+001 -1.868000e+001  8.723943e+000
      vertex  1.935410e+001 -1.868000e+001  9.526711e+000
    endloop
  endfacet
  facet normal  -0.000000e+000 -1.000000e+000  0.000000e+000
    outer loop
      vertex  1.450000e+001 -1.868000e+001  9.000000e+000
      vertex  1.935410e+001 -1.868000e+001  9.526711e+000
      vertex  1.874264e+001 -1.868000e+001  1.024264e+001
    endloop
  endfacet
  facet normal  -0.000000e+000 -1.000000e+000  0.000000e+000
    outer loop
      vertex  1.450000e+001 -1.868000e+001  9.000000e+000
      vertex  1.874264e+001 -1.868000e+001  1.024264e+001
      vertex  1.802671e+001 -1.868000e+001  1.085410e+001
    endloop
  endfacet
  facet normal  -0.000000e+000 -1.000000e+000  0.000000e+000
    outer loop
      vertex  1.450000e+001 -1.868000e+001  9.000000e+000
      vertex  1.802671e+001 -1.868000e+001  1.085410e+001
      vertex  1.722394e+001 -1.868000e+001  1.134604e+001
    endloop
  endfacet
  facet normal  -0.000000e+000 -1.000000e+000  0.000000e+000
    outer loop
      vertex  1.450000e+001 -1.868000e+001  9.000000e+000
      vertex  1.722394e+001 -1.868000e+001  1.134604e+001
      vertex  1.635410e+001 -1.868000e+001  1.170634e+001
    endloop
  endfacet
  facet normal  -0.000000e+000 -1.000000e+000  0.000000e+000
    outer loop
      vertex  1.450000e+001 -1.868000e+001  9.000000e+000
      vertex  1.635410e+001 -1.868000e+001  1.170634e+001
      vertex  1.543861e+001 -1.868000e+001  1.192613e+001
    endloop
  endfacet
  facet normal  -0.000000e+000 -1.000000e+000  0.000000e+000
    outer loop
      vertex  1.450000e+001 -1.868000e+001  9.000000e+000
      vertex  1.543861e+001 -1.868000e+001  1.192613e+001
      vertex  1.450000e+001 -1.868000e+001  1.200000e+001
    endloop
  endfacet
  facet normal  -0.000000e+000 -1.000000e+000  0.000000e+000
    outer loop
      vertex  1.450000e+001 -1.868000e+001  0.000000e+000
      vertex  1.543861e+001 -1.868000e+001  7.386996e-002
      vertex  1.635410e+001 -1.868000e+001  2.936609e-001
    endloop
  endfacet
  facet normal  -0.000000e+000 -1.000000e+000  0.000000e+000
    outer loop
      vertex  1.450000e+001 -1.868000e+001  0.000000e+000
      vertex  1.635410e+001 -1.868000e+001  2.936609e-001
      vertex  1.722394e+001 -1.868000e+001  6.539609e-001
    endloop
  endfacet
  facet normal  -0.000000e+000 -9.999999e-001  0.000000e+000
    outer loop
      vertex  1.450000e+001 -1.868000e+001  0.000000e+000
      vertex  1.722394e+001 -1.868000e+001  6.539609e-001
      vertex  1.802671e+001 -1.868000e+001  1.145898e+000
    endloop
  endfacet
  facet normal  -0.000000e+000 -1.000000e+000  0.000000e+000
    outer loop
      vertex  1.450000e+001 -1.868000e+001  0.000000e+000
      vertex  1.802671e+001 -1.868000e+001  1.145898e+000
      vertex  1.874264e+001 -1.868000e+001  1.757359e+000
    endloop
  endfacet
  facet normal  -0.000000e+000 -1.000000e+000  0.000000e+000
    outer loop
      vertex  1.450000e+001 -1.868000e+001  0.000000e+000
      vertex  1.874264e+001 -1.868000e+001  1.757359e+000
      vertex  1.935410e+001 -1.868000e+001  2.473289e+000
    endloop
  endfacet
  facet normal  0.000000e+000 -1.000000e+000  0.000000e+000
    outer loop
      vertex -2.700000e+001 -1.868000e+001  1.950000e+001
      vertex -2.550000e+001 -1.868000e+001  1.750000e+001
      vertex -1.200000e+001 -1.868000e+001  1.950000e+001
    endloop
  endfacet
  facet normal  0.000000e+000 -1.000000e+000  0.000000e+000
    outer loop
      vertex -1.200000e+001 -1.868000e+001  1.950000e+001
      vertex -2.550000e+001 -1.868000e+001  1.750000e+001
      vertex -1.350000e+001 -1.868000e+001  1.750000e+001
    endloop
  endfacet
  facet normal  0.000000e+000 -1.000000e+000  0.000000e+000
    outer loop
      vertex -1.200000e+001 -1.868000e+001  1.950000e+001
      vertex -1.350000e+001 -1.868000e+001  1.750000e+001
      vertex -1.200000e+001 -1.868000e+001  1.700000e+001
    endloop
  endfacet
  facet normal  0.000000e+000 -9.999999e-001  0.000000e+000
    outer loop
      vertex  1.984604e+001 -1.868000e+001  8.723943e+000
      vertex  1.580165e+001 -1.868000e+001  8.702907e+000
      vertex  2.020634e+001 -1.868000e+001  7.854102e+000
    endloop
  endfacet
  facet normal  0.000000e+000 -1.000000e+000  0.000000e+000
    outer loop
      vertex  2.020634e+001 -1.868000e+001  7.854102e+000
      vertex  1.580165e+001 -1.868000e+001  8.702907e+000
      vertex  1.637047e+001 -1.868000e+001  8.345494e+000
    endloop
  endfacet
  facet normal  0.000000e+000 -9.999999e-001  0.000000e+000
    outer loop
      vertex  2.020634e+001 -1.868000e+001  7.854102e+000
      vertex  1.637047e+001 -1.868000e+001  8.345494e+000
      vertex  1.684550e+001 -1.868000e+001  7.870470e+000
    endloop
  endfacet
  facet normal  0.000000e+000 -1.000000e+000  0.000000e+000
    outer loop
      vertex  2.020634e+001 -1.868000e+001  7.854102e+000
      vertex  1.684550e+001 -1.868000e+001  7.870470e+000
      vertex  2.042613e+001 -1.868000e+001  6.938607e+000
    endloop
  endfacet
  facet normal  0.000000e+000 -1.000000e+000  0.000000e+000
    outer loop
      vertex  2.042613e+001 -1.868000e+001  6.938607e+000
      vertex  1.684550e+001 -1.868000e+001  7.870470e+000
      vertex  1.720291e+001 -1.868000e+001  7.301651e+000
    endloop
  endfacet
  facet normal  0.000000e+000 -1.000000e+000  0.000000e+000
    outer loop
      vertex  2.042613e+001 -1.868000e+001  6.938607e+000
      vertex  1.720291e+001 -1.868000e+001  7.301651e+000
      vertex  1.742478e+001 -1.868000e+001  6.667563e+000
    endloop
  endfacet
  facet normal  0.000000e+000 -1.000000e+000  0.000000e+000
    outer loop
      vertex  2.042613e+001 -1.868000e+001  6.938607e+000
      vertex  1.742478e+001 -1.868000e+001  6.667563e+000
      vertex  2.050000e+001 -1.868000e+001  6.000000e+000
    endloop
  endfacet
  facet normal  0.000000e+000 -1.000000e+000  0.000000e+000
    outer loop
      vertex  2.050000e+001 -1.868000e+001  6.000000e+000
      vertex  1.742478e+001 -1.868000e+001  6.667563e+000
      vertex  1.750000e+001 -1.868000e+001  6.000000e+000
    endloop
  endfacet
  facet normal  0.000000e+000 -1.000000e+000  0.000000e+000
    outer loop
      vertex  2.050000e+001 -1.868000e+001  6.000000e+000
      vertex  1.750000e+001 -1.868000e+001  6.000000e+000
      vertex  2.042613e+001 -1.868000e+001  5.061393e+000
    endloop
  endfacet
  facet normal  0.000000e+000 -1.000000e+000  0.000000e+000
    outer loop
      vertex  2.042613e+001 -1.868000e+001  5.061393e+000
      vertex  1.750000e+001 -1.868000e+001  6.000000e+000
      vertex  1.742478e+001 -1.868000e+001  5.332437e+000
    endloop
  endfacet
  facet normal  0.000000e+000 -1.000000e+000  0.000000e+000
    outer loop
      vertex  2.042613e+001 -1.868000e+001  5.061393e+000
      vertex  1.742478e+001 -1.868000e+001  5.332437e+000
      vertex  2.020634e+001 -1.868000e+001  4.145898e+000
    endloop
  endfacet
  facet normal  0.000000e+000 -1.000000e+000  0.000000e+000
    outer loop
      vertex  2.020634e+001 -1.868000e+001  4.145898e+000
      vertex  1.742478e+001 -1.868000e+001  5.332437e+000
      vertex  1.720291e+001 -1.868000e+001  4.698349e+000
    endloop
  endfacet
  facet normal  0.000000e+000 -1.000000e+000  -0.000000e+000
    outer loop
      vertex  2.020634e+001 -1.868000e+001  4.145898e+000
      vertex  1.720291e+001 -1.868000e+001  4.698349e+000
      vertex  1.684550e+001 -1.868000e+001  4.129530e+000
    endloop
  endfacet
  facet normal  0.000000e+000 -1.000000e+000  0.000000e+000
    outer loop
      vertex  2.020634e+001 -1.868000e+001  4.145898e+000
      vertex  1.684550e+001 -1.868000e+001  4.129530e+000
      vertex  1.984604e+001 -1.868000e+001  3.276057e+000
    endloop
  endfacet
  facet normal  0.000000e+000 -9.999999e-001  0.000000e+000
    outer loop
      vertex  1.984604e+001 -1.868000e+001  3.276057e+000
      vertex  1.684550e+001 -1.868000e+001  4.129530e+000
      vertex  1.637047e+001 -1.868000e+001  3.654505e+000
    endloop
  endfacet
  facet normal  0.000000e+000 -1.000000e+000  -0.000000e+000
    outer loop
      vertex  1.984604e+001 -1.868000e+001  3.276057e+000
      vertex  1.637047e+001 -1.868000e+001  3.654505e+000
      vertex  1.580165e+001 -1.868000e+001  3.297093e+000
    endloop
  endfacet
  facet normal  0.000000e+000 -1.000000e+000  0.000000e+000
    outer loop
      vertex  1.984604e+001 -1.868000e+001  3.276057e+000
      vertex  1.580165e+001 -1.868000e+001  3.297093e+000
      vertex  1.935410e+001 -1.868000e+001  2.473289e+000
    endloop
  endfacet
  facet normal  0.000000e+000 -1.000000e+000  0.000000e+000
    outer loop
      vertex  1.935410e+001 -1.868000e+001  2.473289e+000
      vertex  1.580165e+001 -1.868000e+001  3.297093e+000
      vertex  1.516756e+001 -1.868000e+001  3.075216e+000
    endloop
  endfacet
  facet normal  0.000000e+000 -1.000000e+000  -0.000000e+000
    outer loop
      vertex  1.935410e+001 -1.868000e+001  2.473289e+000
      vertex  1.516756e+001 -1.868000e+001  3.075216e+000
      vertex  1.450000e+001 -1.868000e+001  0.000000e+000
    endloop
  endfacet
  facet normal  0.000000e+000 -1.000000e+000  0.000000e+000
    outer loop
      vertex  1.450000e+001 -1.868000e+001  0.000000e+000
      vertex  1.516756e+001 -1.868000e+001  3.075216e+000
      vertex  1.450000e+001 -1.868000e+001  3.000000e+000
    endloop
  endfacet
  facet normal  3.647864e-001 -4.028249e-003  9.310825e-001
    outer loop
      vertex -8.710101e+000 -1.868000e+001  1.230154e+001
      vertex -8.490836e+000 -1.595257e+001  1.222743e+001
      vertex -9.161263e+000 -1.568876e+001  1.249124e+001
    endloop
  endfacet
  facet normal  4.226107e-001  6.265603e-003  9.062897e-001
    outer loop
      vertex -9.161263e+000 -1.568876e+001  1.249124e+001
      vertex -9.500000e+000 -1.868000e+001  1.266987e+001
      vertex -8.710101e+000 -1.868000e+001  1.230154e+001
    endloop
  endfacet
  facet normal  4.685472e-001 -3.010489e-004  8.834383e-001
    outer loop
      vertex -9.521570e+000 -1.549760e+001  1.268240e+001
      vertex -9.500000e+000 -1.868000e+001  1.266987e+001
      vertex -9.161263e+000 -1.568876e+001  1.249124e+001
    endloop
  endfacet
  facet normal  7.534871e-001 -3.240011e-003  6.574547e-001
    outer loop
      vertex -1.101500e+001 -1.415989e+001  1.402011e+001
      vertex -1.083022e+001 -1.868000e+001  1.378606e+001
      vertex -1.051388e+001 -1.473706e+001  1.344294e+001
    endloop
  endfacet
  facet normal  8.191462e-001  3.787435e-003  5.735723e-001
    outer loop
      vertex -1.133013e+001 -1.868000e+001  1.450000e+001
      vertex -1.083022e+001 -1.868000e+001  1.378606e+001
      vertex -1.101500e+001 -1.415989e+001  1.402011e+001
    endloop
  endfacet
  facet normal  8.482897e-001 -2.920828e-003  5.295244e-001
    outer loop
      vertex -1.145185e+001 -1.345619e+001  1.472382e+001
      vertex -1.133013e+001 -1.868000e+001  1.450000e+001
      vertex -1.101500e+001 -1.415989e+001  1.402011e+001
    endloop
  endfacet
  facet normal  9.063033e-001  3.011482e-003  4.226171e-001
    outer loop
      vertex -1.169846e+001 -1.868000e+001  1.528990e+001
      vertex -1.133013e+001 -1.868000e+001  1.450000e+001
      vertex -1.145185e+001 -1.345619e+001  1.472382e+001
    endloop
  endfacet
  facet normal  9.231657e-001 -1.926271e-003  3.843975e-001
    outer loop
      vertex -1.175720e+001 -1.271917e+001  1.546083e+001
      vertex -1.169846e+001 -1.868000e+001  1.528990e+001
      vertex -1.145185e+001 -1.345619e+001  1.472382e+001
    endloop
  endfacet
  facet normal  9.659238e-001  2.096222e-003  2.588180e-001
    outer loop
      vertex -1.192404e+001 -1.868000e+001  1.613176e+001
      vertex -1.169846e+001 -1.868000e+001  1.528990e+001
      vertex -1.175720e+001 -1.271917e+001  1.546083e+001
    endloop
  endfacet
  facet normal  8.715560e-002  -0.000000e+000  9.961946e-001
    outer loop
      vertex -7.868241e+000 -1.868000e+001  1.207596e+001
      vertex -7.000000e+000 -1.868000e+001  1.200000e+001
      vertex -7.000000e+000 -1.618000e+001  1.200000e+001
    endloop
  endfacet
  facet normal  3.900428e-002  1.681098e-002  9.990976e-001
    outer loop
      vertex -7.868241e+000 -1.868000e+001  1.207596e+001
      vertex -7.000000e+000 -1.618000e+001  1.200000e+001
      vertex -7.383373e+000 -1.616528e+001  1.201472e+001
    endloop
  endfacet
  facet normal  1.148770e-001  2.042534e-003  9.933776e-001
    outer loop
      vertex -7.868241e+000 -1.868000e+001  1.207596e+001
      vertex -7.383373e+000 -1.616528e+001  1.201472e+001
      vertex -7.762230e+000 -1.612156e+001  1.205844e+001
    endloop
  endfacet
  facet normal  1.894012e-001 -1.124030e-003  9.818991e-001
    outer loop
      vertex -7.868241e+000 -1.868000e+001  1.207596e+001
      vertex -7.762230e+000 -1.612156e+001  1.205844e+001
      vertex -8.132526e+000 -1.605005e+001  1.212995e+001
    endloop
  endfacet
  facet normal  2.642198e-001  6.752961e-003  9.644389e-001
    outer loop
      vertex -7.868241e+000 -1.868000e+001  1.207596e+001
      vertex -8.132526e+000 -1.605005e+001  1.212995e+001
      vertex -8.490836e+000 -1.595257e+001  1.222743e+001
    endloop
  endfacet
  facet normal  2.588148e-001  5.437382e-003  9.659116e-001
    outer loop
      vertex -7.868241e+000 -1.868000e+001  1.207596e+001
      vertex -8.490836e+000 -1.595257e+001  1.222743e+001
      vertex -8.710101e+000 -1.868000e+001  1.230154e+001
    endloop
  endfacet
  facet normal  5.735763e-001  6.638409e-004  8.191519e-001
    outer loop
      vertex -1.021394e+001 -1.868000e+001  1.316978e+001
      vertex -9.500000e+000 -1.868000e+001  1.266987e+001
      vertex -9.521570e+000 -1.549760e+001  1.268240e+001
    endloop
  endfacet
  facet normal  5.429137e-001  1.048530e-002  8.397230e-001
    outer loop
      vertex -1.021394e+001 -1.868000e+001  1.316978e+001
      vertex -9.521570e+000 -1.549760e+001  1.268240e+001
      vertex -9.856134e+000 -1.528396e+001  1.289604e+001
    endloop
  endfacet
  facet normal  6.064427e-001  1.972717e-004  7.951272e-001
    outer loop
      vertex -1.021394e+001 -1.868000e+001  1.316978e+001
      vertex -9.856134e+000 -1.528396e+001  1.289604e+001
      vertex -1.020162e+001 -1.502052e+001  1.315948e+001
    endloop
  endfacet
  facet normal  6.720601e-001 -1.772828e-004  7.404966e-001
    outer loop
      vertex -1.021394e+001 -1.868000e+001  1.316978e+001
      vertex -1.020162e+001 -1.502052e+001  1.315948e+001
      vertex -1.051388e+001 -1.473706e+001  1.344294e+001
    endloop
  endfacet
  facet normal  7.070986e-001  4.801873e-003  7.070986e-001
    outer loop
      vertex -1.021394e+001 -1.868000e+001  1.316978e+001
      vertex -1.051388e+001 -1.473706e+001  1.344294e+001
      vertex -1.083022e+001 -1.868000e+001  1.378606e+001
    endloop
  endfacet
  facet normal  9.723132e-001 -9.120374e-004  2.336800e-001
    outer loop
      vertex -1.175720e+001 -1.271917e+001  1.546083e+001
      vertex -1.193848e+001 -1.196193e+001  1.621807e+001
      vertex -1.192404e+001 -1.868000e+001  1.613176e+001
    endloop
  endfacet
  facet normal  9.970079e-001  1.150232e-003  7.729091e-002
    outer loop
      vertex -1.192404e+001 -1.868000e+001  1.613176e+001
      vertex -1.193848e+001 -1.196193e+001  1.621807e+001
      vertex -1.200000e+001 -1.118000e+001  1.700000e+001
    endloop
  endfacet
  facet normal  9.961947e-001  0.000000e+000  8.715566e-002
    outer loop
      vertex -1.192404e+001 -1.868000e+001  1.613176e+001
      vertex -1.200000e+001 -1.118000e+001  1.700000e+001
      vertex -1.200000e+001 -1.868000e+001  1.700000e+001
    endloop
  endfacet
  facet normal  3.658452e-001  9.306753e-001 -9.201350e-004
    outer loop
      vertex -9.161263e+000 -1.568876e+001  1.249124e+001
      vertex -8.490836e+000 -1.595257e+001  1.222743e+001
      vertex -8.710101e+000 -1.587846e+001  0.000000e+000
    endloop
  endfacet
  facet normal  4.226177e-001  9.063068e-001  1.500462e-003
    outer loop
      vertex -9.500000e+000 -1.551013e+001  0.000000e+000
      vertex -9.161263e+000 -1.568876e+001  1.249124e+001
      vertex -8.710101e+000 -1.587846e+001  0.000000e+000
    endloop
  endfacet
  facet normal  4.686424e-001  8.833879e-001 -7.539677e-005
    outer loop
      vertex -9.500000e+000 -1.551013e+001  0.000000e+000
      vertex -9.521570e+000 -1.549760e+001  1.268240e+001
      vertex -9.161263e+000 -1.568876e+001  1.249124e+001
    endloop
  endfacet
  facet normal  8.191513e-001  5.735760e-001  1.221084e-003
    outer loop
      vertex -1.101500e+001 -1.415989e+001  1.402011e+001
      vertex -1.083022e+001 -1.439394e+001  0.000000e+000
      vertex -1.133013e+001 -1.368000e+001  0.000000e+000
    endloop
  endfacet
  facet normal  8.491512e-001  5.281487e-001 -1.008134e-003
    outer loop
      vertex -1.133013e+001 -1.368000e+001  0.000000e+000
      vertex -1.145185e+001 -1.345619e+001  1.472382e+001
      vertex -1.101500e+001 -1.415989e+001  1.402011e+001
    endloop
  endfacet
  facet normal  9.063071e-001  4.226183e-001  1.068528e-003
    outer loop
      vertex -1.145185e+001 -1.345619e+001  1.472382e+001
      vertex -1.133013e+001 -1.368000e+001  0.000000e+000
      vertex -1.169846e+001 -1.289010e+001  0.000000e+000
    endloop
  endfacet
  facet normal  9.235921e-001  3.833762e-001 -7.297269e-004
    outer loop
      vertex -1.169846e+001 -1.289010e+001  0.000000e+000
      vertex -1.175720e+001 -1.271917e+001  1.546083e+001
      vertex -1.145185e+001 -1.345619e+001  1.472382e+001
    endloop
  endfacet
  facet normal  9.659255e-001  2.588187e-001  8.082003e-004
    outer loop
      vertex -1.175720e+001 -1.271917e+001  1.546083e+001
      vertex -1.169846e+001 -1.289010e+001  0.000000e+000
      vertex -1.192404e+001 -1.204824e+001  0.000000e+000
    endloop
  endfacet
  facet normal  1.146991e-001  9.934002e-001  4.347271e-004
    outer loop
      vertex -7.762230e+000 -1.612156e+001  1.205844e+001
      vertex -7.383373e+000 -1.616528e+001  1.201472e+001
      vertex -7.868241e+000 -1.610404e+001  0.000000e+000
    endloop
  endfacet
  facet normal  3.850557e-002  9.992521e-001  3.539430e-003
    outer loop
      vertex -7.868241e+000 -1.610404e+001  0.000000e+000
      vertex -7.383373e+000 -1.616528e+001  1.201472e+001
      vertex -7.000000e+000 -1.618000e+001  1.200000e+001
    endloop
  endfacet
  facet normal  8.715669e-002  9.961945e-001  0.000000e+000
    outer loop
      vertex -7.868241e+000 -1.610404e+001  0.000000e+000
      vertex -7.000000e+000 -1.618000e+001  1.200000e+001
      vertex -7.000000e+000 -1.618000e+001  0.000000e+000
    endloop
  endfacet
  facet normal  1.895683e-001  9.818674e-001 -2.402340e-004
    outer loop
      vertex -7.762230e+000 -1.612156e+001  1.205844e+001
      vertex -7.868241e+000 -1.610404e+001  0.000000e+000
      vertex -8.132526e+000 -1.605005e+001  1.212995e+001
    endloop
  endfacet
  facet normal  2.588184e-001  9.659251e-001  1.339541e-003
    outer loop
      vertex -8.132526e+000 -1.605005e+001  1.212995e+001
      vertex -7.868241e+000 -1.610404e+001  0.000000e+000
      vertex -8.710101e+000 -1.587846e+001  0.000000e+000
    endloop
  endfacet
  facet normal  2.627981e-001  9.648502e-001  1.134842e-003
    outer loop
      vertex -8.132526e+000 -1.605005e+001  1.212995e+001
      vertex -8.710101e+000 -1.587846e+001  0.000000e+000
      vertex -8.490836e+000 -1.595257e+001  1.222743e+001
    endloop
  endfacet
  facet normal  6.063741e-001  7.951795e-001  5.490654e-005
    outer loop
      vertex -1.020162e+001 -1.502052e+001  1.315948e+001
      vertex -9.856134e+000 -1.528396e+001  1.289604e+001
      vertex -1.021394e+001 -1.501022e+001  0.000000e+000
    endloop
  endfacet
  facet normal  5.395098e-001  8.419743e-001  2.903364e-003
    outer loop
      vertex -1.021394e+001 -1.501022e+001  0.000000e+000
      vertex -9.856134e+000 -1.528396e+001  1.289604e+001
      vertex -9.521570e+000 -1.549760e+001  1.268240e+001
    endloop
  endfacet
  facet normal  5.735765e-001  8.191521e-001  1.665163e-004
    outer loop
      vertex -1.021394e+001 -1.501022e+001  0.000000e+000
      vertex -9.521570e+000 -1.549760e+001  1.268240e+001
      vertex -9.500000e+000 -1.551013e+001  0.000000e+000
    endloop
  endfacet
  facet normal  7.545973e-001  6.561875e-001 -1.008797e-003
    outer loop
      vertex -1.101500e+001 -1.415989e+001  1.402011e+001
      vertex -1.051388e+001 -1.473706e+001  1.344294e+001
      vertex -1.083022e+001 -1.439394e+001  0.000000e+000
    endloop
  endfacet
  facet normal  6.736414e-001  7.390523e-001  3.011358e-003
    outer loop
      vertex -1.083022e+001 -1.439394e+001  0.000000e+000
      vertex -1.051388e+001 -1.473706e+001  1.344294e+001
      vertex -1.020162e+001 -1.502052e+001  1.315948e+001
    endloop
  endfacet
  facet normal  7.071068e-001  7.071068e-001 -1.082794e-004
    outer loop
      vertex -1.083022e+001 -1.439394e+001  0.000000e+000
      vertex -1.020162e+001 -1.502052e+001  1.315948e+001
      vertex -1.021394e+001 -1.501022e+001  0.000000e+000
    endloop
  endfacet
  facet normal  9.724357e-001  2.331711e-001 -3.750345e-004
    outer loop
      vertex -1.175720e+001 -1.271917e+001  1.546083e+001
      vertex -1.192404e+001 -1.204824e+001  0.000000e+000
      vertex -1.193848e+001 -1.196193e+001  1.621807e+001
    endloop
  endfacet
  facet normal  9.961947e-001  8.715565e-002  4.232223e-004
    outer loop
      vertex -1.193848e+001 -1.196193e+001  1.621807e+001
      vertex -1.192404e+001 -1.204824e+001  0.000000e+000
      vertex -1.200000e+001 -1.118000e+001  0.000000e+000
    endloop
  endfacet
  facet normal  9.969193e-001  7.843455e-002  -0.000000e+000
    outer loop
      vertex -1.193848e+001 -1.196193e+001  1.621807e+001
      vertex -1.200000e+001 -1.118000e+001  0.000000e+000
      vertex -1.200000e+001 -1.118000e+001  1.700000e+001
    endloop
  endfacet
  facet normal  0.000000e+000  1.000000e+000  0.000000e+000
    outer loop
      vertex  1.516756e+001 -1.488000e+001  8.924784e+000
      vertex  1.984604e+001 -1.488000e+001  8.723943e+000
      vertex  1.580165e+001 -1.488000e+001  8.702907e+000
    endloop
  endfacet
  facet normal  0.000000e+000  9.999999e-001  0.000000e+000
    outer loop
      vertex  1.720291e+001 -1.488000e+001  7.301651e+000
      vertex  2.042613e+001 -1.488000e+001  6.938607e+000
      vertex  1.742478e+001 -1.488000e+001  6.667563e+000
    endloop
  endfacet
  facet normal  0.000000e+000  1.000000e+000  -0.000000e+000
    outer loop
      vertex  1.383244e+001 -1.488000e+001  8.924784e+000
      vertex  1.319835e+001 -1.488000e+001  8.702907e+000
      vertex  4.801537e+000 -1.488000e+001  8.710101e+000
    endloop
  endfacet
  facet normal  -0.000000e+000  1.000000e+000  0.000000e+000
    outer loop
      vertex  4.500000e+000 -1.488000e+001  5.000000e+000
      vertex  4.500000e+000 -1.488000e+001  7.000000e+000
      vertex  1.179709e+001 -1.488000e+001  7.301651e+000
    endloop
  endfacet
  facet normal  0.000000e+000  1.000000e+000  0.000000e+000
    outer loop
      vertex  4.500000e+000 -1.488000e+001  5.000000e+000
      vertex  1.179709e+001 -1.488000e+001  7.301651e+000
      vertex  1.157522e+001 -1.488000e+001  6.667563e+000
    endloop
  endfacet
  facet normal  0.000000e+000  1.000000e+000  0.000000e+000
    outer loop
      vertex  4.500000e+000 -1.488000e+001  5.000000e+000
      vertex  1.157522e+001 -1.488000e+001  6.667563e+000
      vertex  1.150000e+001 -1.488000e+001  6.000000e+000
    endloop
  endfacet
  facet normal  0.000000e+000  1.000000e+000  0.000000e+000
    outer loop
      vertex  4.500000e+000 -1.488000e+001  5.000000e+000
      vertex  1.150000e+001 -1.488000e+001  6.000000e+000
      vertex  1.157522e+001 -1.488000e+001  5.332437e+000
    endloop
  endfacet
  facet normal  0.000000e+000  1.000000e+000  0.000000e+000
    outer loop
      vertex  4.500000e+000 -1.488000e+001  5.000000e+000
      vertex  1.157522e+001 -1.488000e+001  5.332437e+000
      vertex  1.179709e+001 -1.488000e+001  4.698349e+000
    endloop
  endfacet
  facet normal  0.000000e+000  1.000000e+000  0.000000e+000
    outer loop
      vertex  4.500000e+000 -1.488000e+001  5.000000e+000
      vertex  1.179709e+001 -1.488000e+001  4.698349e+000
      vertex  1.215451e+001 -1.488000e+001  4.129530e+000
    endloop
  endfacet
  facet normal  0.000000e+000  1.000000e+000  0.000000e+000
    outer loop
      vertex  4.500000e+000 -1.488000e+001  5.000000e+000
      vertex  1.215451e+001 -1.488000e+001  4.129530e+000
      vertex  4.575961e+000 -1.488000e+001  4.131759e+000
    endloop
  endfacet
  facet normal  0.000000e+000  1.000000e+000  -0.000000e+000
    outer loop
      vertex  1.450000e+001 -1.488000e+001  9.000000e+000
      vertex  1.383244e+001 -1.488000e+001  8.924784e+000
      vertex  4.801537e+000 -1.488000e+001  8.710101e+000
    endloop
  endfacet
  facet normal  0.000000e+000  1.000000e+000  0.000000e+000
    outer loop
      vertex  1.450000e+001 -1.488000e+001  9.000000e+000
      vertex  4.801537e+000 -1.488000e+001  8.710101e+000
      vertex  5.169873e+000 -1.488000e+001  9.500000e+000
    endloop
  endfacet
  facet normal  -0.000000e+000  1.000000e+000  0.000000e+000
    outer loop
      vertex  1.450000e+001 -1.488000e+001  9.000000e+000
      vertex  5.169873e+000 -1.488000e+001  9.500000e+000
      vertex  5.669778e+000 -1.488000e+001  1.021394e+001
    endloop
  endfacet
  facet normal  -0.000000e+000  1.000000e+000  0.000000e+000
    outer loop
      vertex  1.450000e+001 -1.488000e+001  9.000000e+000
      vertex  5.669778e+000 -1.488000e+001  1.021394e+001
      vertex  6.286062e+000 -1.488000e+001  1.083022e+001
    endloop
  endfacet
  facet normal  -0.000000e+000  1.000000e+000  0.000000e+000
    outer loop
      vertex  1.450000e+001 -1.488000e+001  9.000000e+000
      vertex  6.286062e+000 -1.488000e+001  1.083022e+001
      vertex  7.000000e+000 -1.488000e+001  1.133013e+001
    endloop
  endfacet
  facet normal  -0.000000e+000  1.000000e+000  0.000000e+000
    outer loop
      vertex  1.450000e+001 -1.488000e+001  9.000000e+000
      vertex  7.000000e+000 -1.488000e+001  1.133013e+001
      vertex  7.789899e+000 -1.488000e+001  1.169846e+001
    endloop
  endfacet
  facet normal  -0.000000e+000  1.000000e+000  0.000000e+000
    outer loop
      vertex  1.450000e+001 -1.488000e+001  9.000000e+000
      vertex  7.789899e+000 -1.488000e+001  1.169846e+001
      vertex  8.631759e+000 -1.488000e+001  1.192404e+001
    endloop
  endfacet
  facet normal  -0.000000e+000  1.000000e+000  0.000000e+000
    outer loop
      vertex  1.450000e+001 -1.488000e+001  9.000000e+000
      vertex  8.631759e+000 -1.488000e+001  1.192404e+001
      vertex  9.500000e+000 -1.488000e+001  1.200000e+001
    endloop
  endfacet
  facet normal  -0.000000e+000  1.000000e+000  0.000000e+000
    outer loop
      vertex  1.450000e+001 -1.488000e+001  9.000000e+000
      vertex  9.500000e+000 -1.488000e+001  1.200000e+001
      vertex  1.450000e+001 -1.488000e+001  1.200000e+001
    endloop
  endfacet
  facet normal  0.000000e+000  1.000000e+000  0.000000e+000
    outer loop
      vertex  1.450000e+001 -1.488000e+001  9.000000e+000
      vertex  1.450000e+001 -1.488000e+001  1.200000e+001
      vertex  1.543861e+001 -1.488000e+001  1.192613e+001
    endloop
  endfacet
  facet normal  0.000000e+000  1.000000e+000  0.000000e+000
    outer loop
      vertex  1.450000e+001 -1.488000e+001  9.000000e+000
      vertex  1.543861e+001 -1.488000e+001  1.192613e+001
      vertex  1.635410e+001 -1.488000e+001  1.170634e+001
    endloop
  endfacet
  facet normal  0.000000e+000  1.000000e+000  0.000000e+000
    outer loop
      vertex  1.450000e+001 -1.488000e+001  9.000000e+000
      vertex  1.635410e+001 -1.488000e+001  1.170634e+001
      vertex  1.722394e+001 -1.488000e+001  1.134604e+001
    endloop
  endfacet
  facet normal  0.000000e+000  1.000000e+000  0.000000e+000
    outer loop
      vertex  1.450000e+001 -1.488000e+001  9.000000e+000
      vertex  1.722394e+001 -1.488000e+001  1.134604e+001
      vertex  1.802671e+001 -1.488000e+001  1.085410e+001
    endloop
  endfacet
  facet normal  0.000000e+000  1.000000e+000  0.000000e+000
    outer loop
      vertex  1.450000e+001 -1.488000e+001  9.000000e+000
      vertex  1.802671e+001 -1.488000e+001  1.085410e+001
      vertex  1.874264e+001 -1.488000e+001  1.024264e+001
    endloop
  endfacet
  facet normal  0.000000e+000  1.000000e+000  0.000000e+000
    outer loop
      vertex  1.450000e+001 -1.488000e+001  9.000000e+000
      vertex  1.874264e+001 -1.488000e+001  1.024264e+001
      vertex  1.935410e+001 -1.488000e+001  9.526711e+000
    endloop
  endfacet
  facet normal  0.000000e+000  1.000000e+000  0.000000e+000
    outer loop
      vertex  1.450000e+001 -1.488000e+001  9.000000e+000
      vertex  1.935410e+001 -1.488000e+001  9.526711e+000
      vertex  1.984604e+001 -1.488000e+001  8.723943e+000
    endloop
  endfacet
  facet normal  0.000000e+000  9.999999e-001  0.000000e+000
    outer loop
      vertex  1.450000e+001 -1.488000e+001  9.000000e+000
      vertex  1.984604e+001 -1.488000e+001  8.723943e+000
      vertex  1.516756e+001 -1.488000e+001  8.924784e+000
    endloop
  endfacet
  facet normal  0.000000e+000  1.000000e+000  0.000000e+000
    outer loop
      vertex  2.020634e+001 -1.488000e+001  7.854102e+000
      vertex  2.042613e+001 -1.488000e+001  6.938607e+000
      vertex  1.720291e+001 -1.488000e+001  7.301651e+000
    endloop
  endfacet
  facet normal  0.000000e+000  1.000000e+000  -0.000000e+000
    outer loop
      vertex  2.020634e+001 -1.488000e+001  7.854102e+000
      vertex  1.720291e+001 -1.488000e+001  7.301651e+000
      vertex  1.684550e+001 -1.488000e+001  7.870470e+000
    endloop
  endfacet
  facet normal  -0.000000e+000  1.000000e+000  -0.000000e+000
    outer loop
      vertex  2.020634e+001 -1.488000e+001  7.854102e+000
      vertex  1.684550e+001 -1.488000e+001  7.870470e+000
      vertex  1.637047e+001 -1.488000e+001  8.345494e+000
    endloop
  endfacet
  facet normal  -0.000000e+000  1.000000e+000  -0.000000e+000
    outer loop
      vertex  2.020634e+001 -1.488000e+001  7.854102e+000
      vertex  1.637047e+001 -1.488000e+001  8.345494e+000
      vertex  1.580165e+001 -1.488000e+001  8.702907e+000
    endloop
  endfacet
  facet normal  -0.000000e+000  9.999999e-001  0.000000e+000
    outer loop
      vertex  2.020634e+001 -1.488000e+001  7.854102e+000
      vertex  1.580165e+001 -1.488000e+001  8.702907e+000
      vertex  1.984604e+001 -1.488000e+001  8.723943e+000
    endloop
  endfacet
  facet normal  -0.000000e+000  1.000000e+000  0.000000e+000
    outer loop
      vertex  1.984604e+001 -1.488000e+001  3.276057e+000
      vertex  1.580165e+001 -1.488000e+001  3.297093e+000
      vertex  1.637047e+001 -1.488000e+001  3.654505e+000
    endloop
  endfacet
  facet normal  -0.000000e+000  9.999999e-001  0.000000e+000
    outer loop
      vertex  1.984604e+001 -1.488000e+001  3.276057e+000
      vertex  1.637047e+001 -1.488000e+001  3.654505e+000
      vertex  1.684550e+001 -1.488000e+001  4.129530e+000
    endloop
  endfacet
  facet normal  -0.000000e+000  1.000000e+000  0.000000e+000
    outer loop
      vertex  1.984604e+001 -1.488000e+001  3.276057e+000
      vertex  1.684550e+001 -1.488000e+001  4.129530e+000
      vertex  2.020634e+001 -1.488000e+001  4.145898e+000
    endloop
  endfacet
  facet normal  0.000000e+000  9.999999e-001  0.000000e+000
    outer loop
      vertex  1.450000e+001 -1.488000e+001  0.000000e+000
      vertex  1.935410e+001 -1.488000e+001  2.473289e+000
      vertex  1.874264e+001 -1.488000e+001  1.757359e+000
    endloop
  endfacet
  facet normal  0.000000e+000  1.000000e+000  0.000000e+000
    outer loop
      vertex  1.450000e+001 -1.488000e+001  0.000000e+000
      vertex  1.874264e+001 -1.488000e+001  1.757359e+000
      vertex  1.802671e+001 -1.488000e+001  1.145898e+000
    endloop
  endfacet
  facet normal  0.000000e+000  1.000000e+000  0.000000e+000
    outer loop
      vertex  1.450000e+001 -1.488000e+001  0.000000e+000
      vertex  1.802671e+001 -1.488000e+001  1.145898e+000
      vertex  1.722394e+001 -1.488000e+001  6.539609e-001
    endloop
  endfacet
  facet normal  0.000000e+000  1.000000e+000  0.000000e+000
    outer loop
      vertex  1.450000e+001 -1.488000e+001  0.000000e+000
      vertex  1.722394e+001 -1.488000e+001  6.539609e-001
      vertex  1.635410e+001 -1.488000e+001  2.936609e-001
    endloop
  endfacet
  facet normal  0.000000e+000  1.000000e+000  0.000000e+000
    outer loop
      vertex  1.450000e+001 -1.488000e+001  0.000000e+000
      vertex  1.635410e+001 -1.488000e+001  2.936609e-001
      vertex  1.543861e+001 -1.488000e+001  7.386996e-002
    endloop
  endfacet
  facet normal  0.000000e+000  1.000000e+000  -0.000000e+000
    outer loop
      vertex  1.450000e+001 -1.488000e+001  0.000000e+000
      vertex  9.500000e+000 -1.488000e+001 -1.687230e-031
      vertex  8.631759e+000 -1.488000e+001  7.596123e-002
    endloop
  endfacet
  facet normal  -0.000000e+000  9.999999e-001  -0.000000e+000
    outer loop
      vertex  1.450000e+001 -1.488000e+001  0.000000e+000
      vertex  8.631759e+000 -1.488000e+001  7.596123e-002
      vertex  7.789899e+000 -1.488000e+001  3.015369e-001
    endloop
  endfacet
  facet normal  -0.000000e+000  1.000000e+000  -0.000000e+000
    outer loop
      vertex  1.450000e+001 -1.488000e+001  0.000000e+000
      vertex  7.789899e+000 -1.488000e+001  3.015369e-001
      vertex  7.000000e+000 -1.488000e+001  6.698730e-001
    endloop
  endfacet
  facet normal  -0.000000e+000  1.000000e+000  -0.000000e+000
    outer loop
      vertex  1.450000e+001 -1.488000e+001  0.000000e+000
      vertex  7.000000e+000 -1.488000e+001  6.698730e-001
      vertex  6.286062e+000 -1.488000e+001  1.169778e+000
    endloop
  endfacet
  facet normal  -0.000000e+000  1.000000e+000  -0.000000e+000
    outer loop
      vertex  1.450000e+001 -1.488000e+001  0.000000e+000
      vertex  6.286062e+000 -1.488000e+001  1.169778e+000
      vertex  5.669778e+000 -1.488000e+001  1.786062e+000
    endloop
  endfacet
  facet normal  -0.000000e+000  1.000000e+000  -0.000000e+000
    outer loop
      vertex  1.450000e+001 -1.488000e+001  0.000000e+000
      vertex  5.669778e+000 -1.488000e+001  1.786062e+000
      vertex  5.169873e+000 -1.488000e+001  2.500000e+000
    endloop
  endfacet
  facet normal  0.000000e+000  1.000000e+000  0.000000e+000
    outer loop
      vertex  1.742478e+001 -1.488000e+001  6.667563e+000
      vertex  2.042613e+001 -1.488000e+001  6.938607e+000
      vertex  1.750000e+001 -1.488000e+001  6.000000e+000
    endloop
  endfacet
  facet normal  0.000000e+000  1.000000e+000  0.000000e+000
    outer loop
      vertex  1.750000e+001 -1.488000e+001  6.000000e+000
      vertex  2.042613e+001 -1.488000e+001  6.938607e+000
      vertex  2.050000e+001 -1.488000e+001  6.000000e+000
    endloop
  endfacet
  facet normal  0.000000e+000  1.000000e+000  0.000000e+000
    outer loop
      vertex  1.750000e+001 -1.488000e+001  6.000000e+000
      vertex  2.050000e+001 -1.488000e+001  6.000000e+000
      vertex  1.742478e+001 -1.488000e+001  5.332437e+000
    endloop
  endfacet
  facet normal  -0.000000e+000  1.000000e+000  0.000000e+000
    outer loop
      vertex  1.742478e+001 -1.488000e+001  5.332437e+000
      vertex  2.050000e+001 -1.488000e+001  6.000000e+000
      vertex  2.042613e+001 -1.488000e+001  5.061393e+000
    endloop
  endfacet
  facet normal  0.000000e+000  9.999999e-001  0.000000e+000
    outer loop
      vertex  1.742478e+001 -1.488000e+001  5.332437e+000
      vertex  2.042613e+001 -1.488000e+001  5.061393e+000
      vertex  1.720291e+001 -1.488000e+001  4.698349e+000
    endloop
  endfacet
  facet normal  -0.000000e+000  1.000000e+000  0.000000e+000
    outer loop
      vertex  1.720291e+001 -1.488000e+001  4.698349e+000
      vertex  2.042613e+001 -1.488000e+001  5.061393e+000
      vertex  2.020634e+001 -1.488000e+001  4.145898e+000
    endloop
  endfacet
  facet normal  0.000000e+000  1.000000e+000  0.000000e+000
    outer loop
      vertex  1.720291e+001 -1.488000e+001  4.698349e+000
      vertex  2.020634e+001 -1.488000e+001  4.145898e+000
      vertex  1.684550e+001 -1.488000e+001  4.129530e+000
    endloop
  endfacet
  facet normal  0.000000e+000  1.000000e+000  0.000000e+000
    outer loop
      vertex  1.580165e+001 -1.488000e+001  3.297093e+000
      vertex  1.984604e+001 -1.488000e+001  3.276057e+000
      vertex  1.516756e+001 -1.488000e+001  3.075216e+000
    endloop
  endfacet
  facet normal  -0.000000e+000  1.000000e+000  0.000000e+000
    outer loop
      vertex  1.516756e+001 -1.488000e+001  3.075216e+000
      vertex  1.984604e+001 -1.488000e+001  3.276057e+000
      vertex  1.935410e+001 -1.488000e+001  2.473289e+000
    endloop
  endfacet
  facet normal  0.000000e+000  1.000000e+000  0.000000e+000
    outer loop
      vertex  1.516756e+001 -1.488000e+001  3.075216e+000
      vertex  1.935410e+001 -1.488000e+001  2.473289e+000
      vertex  1.450000e+001 -1.488000e+001  3.000000e+000
    endloop
  endfacet
  facet normal  0.000000e+000  9.999999e-001  0.000000e+000
    outer loop
      vertex  1.450000e+001 -1.488000e+001  3.000000e+000
      vertex  1.935410e+001 -1.488000e+001  2.473289e+000
      vertex  1.450000e+001 -1.488000e+001  0.000000e+000
    endloop
  endfacet
  facet normal  0.000000e+000  1.000000e+000  -0.000000e+000
    outer loop
      vertex  1.450000e+001 -1.488000e+001  3.000000e+000
      vertex  1.450000e+001 -1.488000e+001  0.000000e+000
      vertex  1.383244e+001 -1.488000e+001  3.075216e+000
    endloop
  endfacet
  facet normal  0.000000e+000  9.999999e-001  0.000000e+000
    outer loop
      vertex  1.383244e+001 -1.488000e+001  3.075216e+000
      vertex  1.450000e+001 -1.488000e+001  0.000000e+000
      vertex  5.169873e+000 -1.488000e+001  2.500000e+000
    endloop
  endfacet
  facet normal  0.000000e+000  1.000000e+000  0.000000e+000
    outer loop
      vertex  1.383244e+001 -1.488000e+001  3.075216e+000
      vertex  5.169873e+000 -1.488000e+001  2.500000e+000
      vertex  1.319835e+001 -1.488000e+001  3.297093e+000
    endloop
  endfacet
  facet normal  0.000000e+000  9.999999e-001  0.000000e+000
    outer loop
      vertex  1.319835e+001 -1.488000e+001  3.297093e+000
      vertex  5.169873e+000 -1.488000e+001  2.500000e+000
      vertex  4.801537e+000 -1.488000e+001  3.289899e+000
    endloop
  endfacet
  facet normal  0.000000e+000  1.000000e+000  0.000000e+000
    outer loop
      vertex  1.319835e+001 -1.488000e+001  3.297093e+000
      vertex  4.801537e+000 -1.488000e+001  3.289899e+000
      vertex  1.262953e+001 -1.488000e+001  3.654505e+000
    endloop
  endfacet
  facet normal  0.000000e+000  1.000000e+000  0.000000e+000
    outer loop
      vertex  4.801537e+000 -1.488000e+001  8.710101e+000
      vertex  1.319835e+001 -1.488000e+001  8.702907e+000
      vertex  4.575961e+000 -1.488000e+001  7.868241e+000
    endloop
  endfacet
  facet normal  0.000000e+000  9.999999e-001  0.000000e+000
    outer loop
      vertex  4.575961e+000 -1.488000e+001  7.868241e+000
      vertex  1.319835e+001 -1.488000e+001  8.702907e+000
      vertex  1.262953e+001 -1.488000e+001  8.345494e+000
    endloop
  endfacet
  facet normal  0.000000e+000  9.999999e-001  0.000000e+000
    outer loop
      vertex  4.575961e+000 -1.488000e+001  7.868241e+000
      vertex  1.262953e+001 -1.488000e+001  8.345494e+000
      vertex  1.215451e+001 -1.488000e+001  7.870470e+000
    endloop
  endfacet
  facet normal  0.000000e+000  1.000000e+000  0.000000e+000
    outer loop
      vertex  1.179709e+001 -1.488000e+001  7.301651e+000
      vertex  4.500000e+000 -1.488000e+001  7.000000e+000
      vertex  1.215451e+001 -1.488000e+001  7.870470e+000
    endloop
  endfacet
  facet normal  0.000000e+000  1.000000e+000  0.000000e+000
    outer loop
      vertex  1.215451e+001 -1.488000e+001  7.870470e+000
      vertex  4.500000e+000 -1.488000e+001  7.000000e+000
      vertex  4.575961e+000 -1.488000e+001  7.868241e+000
    endloop
  endfacet
  facet normal  0.000000e+000  1.000000e+000  0.000000e+000
    outer loop
      vertex  1.215451e+001 -1.488000e+001  4.129530e+000
      vertex  1.262953e+001 -1.488000e+001  3.654505e+000
      vertex  4.575961e+000 -1.488000e+001  4.131759e+000
    endloop
  endfacet
  facet normal  0.000000e+000  1.000000e+000  0.000000e+000
    outer loop
      vertex  4.575961e+000 -1.488000e+001  4.131759e+000
      vertex  1.262953e+001 -1.488000e+001  3.654505e+000
      vertex  4.801537e+000 -1.488000e+001  3.289899e+000
    endloop
  endfacet
  facet normal  1.119646e-001  0.000000e+000  9.937122e-001
    outer loop
      vertex  1.450000e+001 -1.518000e+001  3.000000e+000
      vertex  1.383244e+001 -1.488000e+001  3.075216e+000
      vertex  1.383244e+001 -1.518000e+001  3.075216e+000
    endloop
  endfacet
  facet normal  3.302790e-001  -0.000000e+000  9.438833e-001
    outer loop
      vertex  1.383244e+001 -1.518000e+001  3.075216e+000
      vertex  1.383244e+001 -1.488000e+001  3.075216e+000
      vertex  1.319835e+001 -1.488000e+001  3.297093e+000
    endloop
  endfacet
  facet normal  3.302790e-001  0.000000e+000  9.438833e-001
    outer loop
      vertex  1.383244e+001 -1.518000e+001  3.075216e+000
      vertex  1.319835e+001 -1.488000e+001  3.297093e+000
      vertex  1.319835e+001 -1.518000e+001  3.297093e+000
    endloop
  endfacet
  facet normal  5.320321e-001  -0.000000e+000  8.467242e-001
    outer loop
      vertex  1.319835e+001 -1.518000e+001  3.297093e+000
      vertex  1.319835e+001 -1.488000e+001  3.297093e+000
      vertex  1.262953e+001 -1.488000e+001  3.654505e+000
    endloop
  endfacet
  facet normal  5.320321e-001  0.000000e+000  8.467242e-001
    outer loop
      vertex  1.319835e+001 -1.518000e+001  3.297093e+000
      vertex  1.262953e+001 -1.488000e+001  3.654505e+000
      vertex  1.262953e+001 -1.518000e+001  3.654505e+000
    endloop
  endfacet
  facet normal  7.071066e-001  -0.000000e+000  7.071070e-001
    outer loop
      vertex  1.262953e+001 -1.518000e+001  3.654505e+000
      vertex  1.262953e+001 -1.488000e+001  3.654505e+000
      vertex  1.215451e+001 -1.488000e+001  4.129530e+000
    endloop
  endfacet
  facet normal  7.071066e-001  0.000000e+000  7.071070e-001
    outer loop
      vertex  1.262953e+001 -1.518000e+001  3.654505e+000
      vertex  1.215451e+001 -1.488000e+001  4.129530e+000
      vertex  1.215451e+001 -1.518000e+001  4.129530e+000
    endloop
  endfacet
  facet normal  8.467243e-001  -0.000000e+000  5.320320e-001
    outer loop
      vertex  1.215451e+001 -1.518000e+001  4.129530e+000
      vertex  1.215451e+001 -1.488000e+001  4.129530e+000
      vertex  1.179709e+001 -1.488000e+001  4.698349e+000
    endloop
  endfacet
  facet normal  8.467243e-001  0.000000e+000  5.320320e-001
    outer loop
      vertex  1.215451e+001 -1.518000e+001  4.129530e+000
      vertex  1.179709e+001 -1.488000e+001  4.698349e+000
      vertex  1.179709e+001 -1.518000e+001  4.698349e+000
    endloop
  endfacet
  facet normal  9.438833e-001  -0.000000e+000  3.302792e-001
    outer loop
      vertex  1.179709e+001 -1.518000e+001  4.698349e+000
      vertex  1.179709e+001 -1.488000e+001  4.698349e+000
      vertex  1.157522e+001 -1.488000e+001  5.332437e+000
    endloop
  endfacet
  facet normal  9.438833e-001  0.000000e+000  3.302792e-001
    outer loop
      vertex  1.179709e+001 -1.518000e+001  4.698349e+000
      vertex  1.157522e+001 -1.488000e+001  5.332437e+000
      vertex  1.157522e+001 -1.518000e+001  5.332437e+000
    endloop
  endfacet
  facet normal  9.937122e-001  -0.000000e+000  1.119645e-001
    outer loop
      vertex  1.157522e+001 -1.518000e+001  5.332437e+000
      vertex  1.157522e+001 -1.488000e+001  5.332437e+000
      vertex  1.150000e+001 -1.488000e+001  6.000000e+000
    endloop
  endfacet
  facet normal  9.937122e-001  0.000000e+000  1.119645e-001
    outer loop
      vertex  1.157522e+001 -1.518000e+001  5.332437e+000
      vertex  1.150000e+001 -1.488000e+001  6.000000e+000
      vertex  1.150000e+001 -1.518000e+001  6.000000e+000
    endloop
  endfacet
  facet normal  1.119646e-001  -0.000000e+000  9.937122e-001
    outer loop
      vertex  1.383244e+001 -1.488000e+001  3.075216e+000
      vertex  1.450000e+001 -1.518000e+001  3.000000e+000
      vertex  1.450000e+001 -1.488000e+001  3.000000e+000
    endloop
  endfacet
  facet normal -1.119646e-001  0.000000e+000  9.937122e-001
    outer loop
      vertex  1.450000e+001 -1.488000e+001  3.000000e+000
      vertex  1.450000e+001 -1.518000e+001  3.000000e+000
      vertex  1.516756e+001 -1.518000e+001  3.075216e+000
    endloop
  endfacet
  facet normal -1.119646e-001  0.000000e+000  9.937122e-001
    outer loop
      vertex  1.450000e+001 -1.488000e+001  3.000000e+000
      vertex  1.516756e+001 -1.518000e+001  3.075216e+000
      vertex  1.516756e+001 -1.488000e+001  3.075216e+000
    endloop
  endfacet
  facet normal -3.302790e-001  0.000000e+000  9.438833e-001
    outer loop
      vertex  1.516756e+001 -1.488000e+001  3.075216e+000
      vertex  1.516756e+001 -1.518000e+001  3.075216e+000
      vertex  1.580165e+001 -1.518000e+001  3.297093e+000
    endloop
  endfacet
  facet normal -3.302790e-001  0.000000e+000  9.438833e-001
    outer loop
      vertex  1.516756e+001 -1.488000e+001  3.075216e+000
      vertex  1.580165e+001 -1.518000e+001  3.297093e+000
      vertex  1.580165e+001 -1.488000e+001  3.297093e+000
    endloop
  endfacet
  facet normal -5.320314e-001  0.000000e+000  8.467246e-001
    outer loop
      vertex  1.580165e+001 -1.488000e+001  3.297093e+000
      vertex  1.580165e+001 -1.518000e+001  3.297093e+000
      vertex  1.637047e+001 -1.518000e+001  3.654505e+000
    endloop
  endfacet
  facet normal -5.320314e-001  0.000000e+000  8.467246e-001
    outer loop
      vertex  1.580165e+001 -1.488000e+001  3.297093e+000
      vertex  1.637047e+001 -1.518000e+001  3.654505e+000
      vertex  1.637047e+001 -1.488000e+001  3.654505e+000
    endloop
  endfacet
  facet normal -7.071066e-001  0.000000e+000  7.071070e-001
    outer loop
      vertex  1.637047e+001 -1.488000e+001  3.654505e+000
      vertex  1.637047e+001 -1.518000e+001  3.654505e+000
      vertex  1.684550e+001 -1.518000e+001  4.129530e+000
    endloop
  endfacet
  facet normal -7.071066e-001  0.000000e+000  7.071070e-001
    outer loop
      vertex  1.637047e+001 -1.488000e+001  3.654505e+000
      vertex  1.684550e+001 -1.518000e+001  4.129530e+000
      vertex  1.684550e+001 -1.488000e+001  4.129530e+000
    endloop
  endfacet
  facet normal -8.467255e-001  0.000000e+000  5.320299e-001
    outer loop
      vertex  1.684550e+001 -1.488000e+001  4.129530e+000
      vertex  1.684550e+001 -1.518000e+001  4.129530e+000
      vertex  1.720291e+001 -1.518000e+001  4.698349e+000
    endloop
  endfacet
  facet normal -8.467255e-001  0.000000e+000  5.320299e-001
    outer loop
      vertex  1.684550e+001 -1.488000e+001  4.129530e+000
      vertex  1.720291e+001 -1.518000e+001  4.698349e+000
      vertex  1.720291e+001 -1.488000e+001  4.698349e+000
    endloop
  endfacet
  facet normal -9.438828e-001  0.000000e+000  3.302805e-001
    outer loop
      vertex  1.720291e+001 -1.488000e+001  4.698349e+000
      vertex  1.720291e+001 -1.518000e+001  4.698349e+000
      vertex  1.742478e+001 -1.518000e+001  5.332437e+000
    endloop
  endfacet
  facet normal -9.438828e-001  0.000000e+000  3.302805e-001
    outer loop
      vertex  1.720291e+001 -1.488000e+001  4.698349e+000
      vertex  1.742478e+001 -1.518000e+001  5.332437e+000
      vertex  1.742478e+001 -1.488000e+001  5.332437e+000
    endloop
  endfacet
  facet normal -9.937122e-001  0.000000e+000  1.119645e-001
    outer loop
      vertex  1.742478e+001 -1.488000e+001  5.332437e+000
      vertex  1.742478e+001 -1.518000e+001  5.332437e+000
      vertex  1.750000e+001 -1.518000e+001  6.000000e+000
    endloop
  endfacet
  facet normal -9.937122e-001  0.000000e+000  1.119645e-001
    outer loop
      vertex  1.742478e+001 -1.488000e+001  5.332437e+000
      vertex  1.750000e+001 -1.518000e+001  6.000000e+000
      vertex  1.750000e+001 -1.488000e+001  6.000000e+000
    endloop
  endfacet
  facet normal -1.119646e-001  -0.000000e+000 -9.937122e-001
    outer loop
      vertex  1.450000e+001 -1.518000e+001  9.000000e+000
      vertex  1.516756e+001 -1.488000e+001  8.924784e+000
      vertex  1.516756e+001 -1.518000e+001  8.924784e+000
    endloop
  endfacet
  facet normal -3.302790e-001  0.000000e+000 -9.438833e-001
    outer loop
      vertex  1.516756e+001 -1.518000e+001  8.924784e+000
      vertex  1.516756e+001 -1.488000e+001  8.924784e+000
      vertex  1.580165e+001 -1.488000e+001  8.702907e+000
    endloop
  endfacet
  facet normal -3.302790e-001  -0.000000e+000 -9.438833e-001
    outer loop
      vertex  1.516756e+001 -1.518000e+001  8.924784e+000
      vertex  1.580165e+001 -1.488000e+001  8.702907e+000
      vertex  1.580165e+001 -1.518000e+001  8.702907e+000
    endloop
  endfacet
  facet normal -5.320318e-001  0.000000e+000 -8.467245e-001
    outer loop
      vertex  1.580165e+001 -1.518000e+001  8.702907e+000
      vertex  1.580165e+001 -1.488000e+001  8.702907e+000
      vertex  1.637047e+001 -1.488000e+001  8.345494e+000
    endloop
  endfacet
  facet normal -5.320318e-001  -0.000000e+000 -8.467245e-001
    outer loop
      vertex  1.580165e+001 -1.518000e+001  8.702907e+000
      vertex  1.637047e+001 -1.488000e+001  8.345494e+000
      vertex  1.637047e+001 -1.518000e+001  8.345494e+000
    endloop
  endfacet
  facet normal -7.071064e-001  0.000000e+000 -7.071071e-001
    outer loop
      vertex  1.637047e+001 -1.518000e+001  8.345494e+000
      vertex  1.637047e+001 -1.488000e+001  8.345494e+000
      vertex  1.684550e+001 -1.488000e+001  7.870470e+000
    endloop
  endfacet
  facet normal -7.071064e-001  -0.000000e+000 -7.071071e-001
    outer loop
      vertex  1.637047e+001 -1.518000e+001  8.345494e+000
      vertex  1.684550e+001 -1.488000e+001  7.870470e+000
      vertex  1.684550e+001 -1.518000e+001  7.870470e+000
    endloop
  endfacet
  facet normal -8.467255e-001  0.000000e+000 -5.320299e-001
    outer loop
      vertex  1.684550e+001 -1.518000e+001  7.870470e+000
      vertex  1.684550e+001 -1.488000e+001  7.870470e+000
      vertex  1.720291e+001 -1.488000e+001  7.301651e+000
    endloop
  endfacet
  facet normal -8.467255e-001  -0.000000e+000 -5.320299e-001
    outer loop
      vertex  1.684550e+001 -1.518000e+001  7.870470e+000
      vertex  1.720291e+001 -1.488000e+001  7.301651e+000
      vertex  1.720291e+001 -1.518000e+001  7.301651e+000
    endloop
  endfacet
  facet normal -9.438828e-001  0.000000e+000 -3.302805e-001
    outer loop
      vertex  1.720291e+001 -1.518000e+001  7.301651e+000
      vertex  1.720291e+001 -1.488000e+001  7.301651e+000
      vertex  1.742478e+001 -1.488000e+001  6.667563e+000
    endloop
  endfacet
  facet normal -9.438828e-001  -0.000000e+000 -3.302805e-001
    outer loop
      vertex  1.720291e+001 -1.518000e+001  7.301651e+000
      vertex  1.742478e+001 -1.488000e+001  6.667563e+000
      vertex  1.742478e+001 -1.518000e+001  6.667563e+000
    endloop
  endfacet
  facet normal -9.937122e-001  0.000000e+000 -1.119645e-001
    outer loop
      vertex  1.742478e+001 -1.518000e+001  6.667563e+000
      vertex  1.742478e+001 -1.488000e+001  6.667563e+000
      vertex  1.750000e+001 -1.488000e+001  6.000000e+000
    endloop
  endfacet
  facet normal -9.937122e-001  -0.000000e+000 -1.119645e-001
    outer loop
      vertex  1.742478e+001 -1.518000e+001  6.667563e+000
      vertex  1.750000e+001 -1.488000e+001  6.000000e+000
      vertex  1.750000e+001 -1.518000e+001  6.000000e+000
    endloop
  endfacet
  facet normal -1.119646e-001  0.000000e+000 -9.937122e-001
    outer loop
      vertex  1.516756e+001 -1.488000e+001  8.924784e+000
      vertex  1.450000e+001 -1.518000e+001  9.000000e+000
      vertex  1.450000e+001 -1.488000e+001  9.000000e+000
    endloop
  endfacet
  facet normal  1.119646e-001  0.000000e+000 -9.937122e-001
    outer loop
      vertex  1.450000e+001 -1.488000e+001  9.000000e+000
      vertex  1.450000e+001 -1.518000e+001  9.000000e+000
      vertex  1.383244e+001 -1.518000e+001  8.924784e+000
    endloop
  endfacet
  facet normal  1.119646e-001  0.000000e+000 -9.937122e-001
    outer loop
      vertex  1.450000e+001 -1.488000e+001  9.000000e+000
      vertex  1.383244e+001 -1.518000e+001  8.924784e+000
      vertex  1.383244e+001 -1.488000e+001  8.924784e+000
    endloop
  endfacet
  facet normal  3.302790e-001  0.000000e+000 -9.438833e-001
    outer loop
      vertex  1.383244e+001 -1.488000e+001  8.924784e+000
      vertex  1.383244e+001 -1.518000e+001  8.924784e+000
      vertex  1.319835e+001 -1.518000e+001  8.702907e+000
    endloop
  endfacet
  facet normal  3.302790e-001  0.000000e+000 -9.438833e-001
    outer loop
      vertex  1.383244e+001 -1.488000e+001  8.924784e+000
      vertex  1.319835e+001 -1.518000e+001  8.702907e+000
      vertex  1.319835e+001 -1.488000e+001  8.702907e+000
    endloop
  endfacet
  facet normal  5.320323e-001  0.000000e+000 -8.467240e-001
    outer loop
      vertex  1.319835e+001 -1.488000e+001  8.702907e+000
      vertex  1.319835e+001 -1.518000e+001  8.702907e+000
      vertex  1.262953e+001 -1.518000e+001  8.345494e+000
    endloop
  endfacet
  facet normal  5.320323e-001  0.000000e+000 -8.467240e-001
    outer loop
      vertex  1.319835e+001 -1.488000e+001  8.702907e+000
      vertex  1.262953e+001 -1.518000e+001  8.345494e+000
      vertex  1.262953e+001 -1.488000e+001  8.345494e+000
    endloop
  endfacet
  facet normal  7.071064e-001  0.000000e+000 -7.071071e-001
    outer loop
      vertex  1.262953e+001 -1.488000e+001  8.345494e+000
      vertex  1.262953e+001 -1.518000e+001  8.345494e+000
      vertex  1.215451e+001 -1.518000e+001  7.870470e+000
    endloop
  endfacet
  facet normal  7.071064e-001  0.000000e+000 -7.071071e-001
    outer loop
      vertex  1.262953e+001 -1.488000e+001  8.345494e+000
      vertex  1.215451e+001 -1.518000e+001  7.870470e+000
      vertex  1.215451e+001 -1.488000e+001  7.870470e+000
    endloop
  endfacet
  facet normal  8.467243e-001  0.000000e+000 -5.320320e-001
    outer loop
      vertex  1.215451e+001 -1.488000e+001  7.870470e+000
      vertex  1.215451e+001 -1.518000e+001  7.870470e+000
      vertex  1.179709e+001 -1.518000e+001  7.301651e+000
    endloop
  endfacet
  facet normal  8.467243e-001  0.000000e+000 -5.320320e-001
    outer loop
      vertex  1.215451e+001 -1.488000e+001  7.870470e+000
      vertex  1.179709e+001 -1.518000e+001  7.301651e+000
      vertex  1.179709e+001 -1.488000e+001  7.301651e+000
    endloop
  endfacet
  facet normal  9.438833e-001  0.000000e+000 -3.302792e-001
    outer loop
      vertex  1.179709e+001 -1.488000e+001  7.301651e+000
      vertex  1.179709e+001 -1.518000e+001  7.301651e+000
      vertex  1.157522e+001 -1.518000e+001  6.667563e+000
    endloop
  endfacet
  facet normal  9.438833e-001  0.000000e+000 -3.302792e-001
    outer loop
      vertex  1.179709e+001 -1.488000e+001  7.301651e+000
      vertex  1.157522e+001 -1.518000e+001  6.667563e+000
      vertex  1.157522e+001 -1.488000e+001  6.667563e+000
    endloop
  endfacet
  facet normal  9.937122e-001  0.000000e+000 -1.119645e-001
    outer loop
      vertex  1.157522e+001 -1.488000e+001  6.667563e+000
      vertex  1.157522e+001 -1.518000e+001  6.667563e+000
      vertex  1.150000e+001 -1.518000e+001  6.000000e+000
    endloop
  endfacet
  facet normal  9.937122e-001  0.000000e+000 -1.119645e-001
    outer loop
      vertex  1.157522e+001 -1.488000e+001  6.667563e+000
      vertex  1.150000e+001 -1.518000e+001  6.000000e+000
      vertex  1.150000e+001 -1.488000e+001  6.000000e+000
    endloop
  endfacet
  facet normal  7.845879e-002  0.000000e+000  9.969174e-001
    outer loop
      vertex  1.450000e+001 -1.868000e+001  1.200000e+001
      vertex  1.543861e+001 -1.868000e+001  1.192613e+001
      vertex  1.450000e+001 -1.768000e+001  1.200000e+001
    endloop
  endfacet
  facet normal  7.845906e-002  0.000000e+000 -9.969174e-001
    outer loop
      vertex  1.450000e+001 -1.488000e+001  0.000000e+000
      vertex  1.543861e+001 -1.488000e+001  7.386996e-002
      vertex  1.450000e+001 -1.768000e+001  0.000000e+000
    endloop
  endfacet
  facet normal  7.845879e-002  -0.000000e+000  9.969174e-001
    outer loop
      vertex  1.450000e+001 -1.488000e+001  1.200000e+001
      vertex  1.450000e+001 -1.768000e+001  1.200000e+001
      vertex  1.543861e+001 -1.488000e+001  1.192613e+001
    endloop
  endfacet
  facet normal  7.845879e-002  0.000000e+000  9.969174e-001
    outer loop
      vertex  1.543861e+001 -1.488000e+001  1.192613e+001
      vertex  1.450000e+001 -1.768000e+001  1.200000e+001
      vertex  1.543861e+001 -1.868000e+001  1.192613e+001
    endloop
  endfacet
  facet normal  2.334461e-001  -0.000000e+000  9.723697e-001
    outer loop
      vertex  1.543861e+001 -1.488000e+001  1.192613e+001
      vertex  1.543861e+001 -1.868000e+001  1.192613e+001
      vertex  1.635410e+001 -1.488000e+001  1.170634e+001
    endloop
  endfacet
  facet normal  2.334461e-001  0.000000e+000  9.723697e-001
    outer loop
      vertex  1.635410e+001 -1.488000e+001  1.170634e+001
      vertex  1.543861e+001 -1.868000e+001  1.192613e+001
      vertex  1.635410e+001 -1.868000e+001  1.170634e+001
    endloop
  endfacet
  facet normal  3.826829e-001  -0.000000e+000  9.238797e-001
    outer loop
      vertex  1.635410e+001 -1.488000e+001  1.170634e+001
      vertex  1.635410e+001 -1.868000e+001  1.170634e+001
      vertex  1.722394e+001 -1.488000e+001  1.134604e+001
    endloop
  endfacet
  facet normal  3.826829e-001  0.000000e+000  9.238797e-001
    outer loop
      vertex  1.722394e+001 -1.488000e+001  1.134604e+001
      vertex  1.635410e+001 -1.868000e+001  1.170634e+001
      vertex  1.722394e+001 -1.868000e+001  1.134604e+001
    endloop
  endfacet
  facet normal  5.224981e-001  -0.000000e+000  8.526404e-001
    outer loop
      vertex  1.722394e+001 -1.488000e+001  1.134604e+001
      vertex  1.722394e+001 -1.868000e+001  1.134604e+001
      vertex  1.802671e+001 -1.488000e+001  1.085410e+001
    endloop
  endfacet
  facet normal  5.224981e-001  0.000000e+000  8.526404e-001
    outer loop
      vertex  1.802671e+001 -1.488000e+001  1.085410e+001
      vertex  1.722394e+001 -1.868000e+001  1.134604e+001
      vertex  1.802671e+001 -1.868000e+001  1.085410e+001
    endloop
  endfacet
  facet normal  6.494483e-001  -0.000000e+000  7.604057e-001
    outer loop
      vertex  1.802671e+001 -1.488000e+001  1.085410e+001
      vertex  1.802671e+001 -1.868000e+001  1.085410e+001
      vertex  1.874264e+001 -1.488000e+001  1.024264e+001
    endloop
  endfacet
  facet normal  6.494483e-001  0.000000e+000  7.604057e-001
    outer loop
      vertex  1.874264e+001 -1.488000e+001  1.024264e+001
      vertex  1.802671e+001 -1.868000e+001  1.085410e+001
      vertex  1.874264e+001 -1.868000e+001  1.024264e+001
    endloop
  endfacet
  facet normal  7.604067e-001  -0.000000e+000  6.494471e-001
    outer loop
      vertex  1.874264e+001 -1.488000e+001  1.024264e+001
      vertex  1.874264e+001 -1.868000e+001  1.024264e+001
      vertex  1.935410e+001 -1.488000e+001  9.526711e+000
    endloop
  endfacet
  facet normal  7.604067e-001  0.000000e+000  6.494471e-001
    outer loop
      vertex  1.935410e+001 -1.488000e+001  9.526711e+000
      vertex  1.874264e+001 -1.868000e+001  1.024264e+001
      vertex  1.935410e+001 -1.868000e+001  9.526711e+000
    endloop
  endfacet
  facet normal  8.526400e-001  -0.000000e+000  5.224988e-001
    outer loop
      vertex  1.935410e+001 -1.488000e+001  9.526711e+000
      vertex  1.935410e+001 -1.868000e+001  9.526711e+000
      vertex  1.984604e+001 -1.488000e+001  8.723943e+000
    endloop
  endfacet
  facet normal  8.526400e-001  0.000000e+000  5.224988e-001
    outer loop
      vertex  1.984604e+001 -1.488000e+001  8.723943e+000
      vertex  1.935410e+001 -1.868000e+001  9.526711e+000
      vertex  1.984604e+001 -1.868000e+001  8.723943e+000
    endloop
  endfacet
  facet normal  9.238794e-001  -0.000000e+000  3.826837e-001
    outer loop
      vertex  1.984604e+001 -1.488000e+001  8.723943e+000
      vertex  1.984604e+001 -1.868000e+001  8.723943e+000
      vertex  2.020634e+001 -1.488000e+001  7.854102e+000
    endloop
  endfacet
  facet normal  9.238794e-001  0.000000e+000  3.826837e-001
    outer loop
      vertex  2.020634e+001 -1.488000e+001  7.854102e+000
      vertex  1.984604e+001 -1.868000e+001  8.723943e+000
      vertex  2.020634e+001 -1.868000e+001  7.854102e+000
    endloop
  endfacet
  facet normal  9.723697e-001  -0.000000e+000  2.334457e-001
    outer loop
      vertex  2.020634e+001 -1.488000e+001  7.854102e+000
      vertex  2.020634e+001 -1.868000e+001  7.854102e+000
      vertex  2.042613e+001 -1.488000e+001  6.938607e+000
    endloop
  endfacet
  facet normal  9.723697e-001  0.000000e+000  2.334457e-001
    outer loop
      vertex  2.042613e+001 -1.488000e+001  6.938607e+000
      vertex  2.020634e+001 -1.868000e+001  7.854102e+000
      vertex  2.042613e+001 -1.868000e+001  6.938607e+000
    endloop
  endfacet
  facet normal  9.969174e-001  -0.000000e+000  7.845883e-002
    outer loop
      vertex  2.042613e+001 -1.488000e+001  6.938607e+000
      vertex  2.042613e+001 -1.868000e+001  6.938607e+000
      vertex  2.050000e+001 -1.488000e+001  6.000000e+000
    endloop
  endfacet
  facet normal  9.969174e-001  0.000000e+000  7.845883e-002
    outer loop
      vertex  2.050000e+001 -1.488000e+001  6.000000e+000
      vertex  2.042613e+001 -1.868000e+001  6.938607e+000
      vertex  2.050000e+001 -1.868000e+001  6.000000e+000
    endloop
  endfacet
  facet normal  9.969174e-001  0.000000e+000 -7.845883e-002
    outer loop
      vertex  2.050000e+001 -1.488000e+001  6.000000e+000
      vertex  2.050000e+001 -1.868000e+001  6.000000e+000
      vertex  2.042613e+001 -1.488000e+001  5.061393e+000
    endloop
  endfacet
  facet normal  9.969174e-001  0.000000e+000 -7.845883e-002
    outer loop
      vertex  2.042613e+001 -1.488000e+001  5.061393e+000
      vertex  2.050000e+001 -1.868000e+001  6.000000e+000
      vertex  2.042613e+001 -1.868000e+001  5.061393e+000
    endloop
  endfacet
  facet normal  9.723697e-001  0.000000e+000 -2.334457e-001
    outer loop
      vertex  2.042613e+001 -1.488000e+001  5.061393e+000
      vertex  2.042613e+001 -1.868000e+001  5.061393e+000
      vertex  2.020634e+001 -1.488000e+001  4.145898e+000
    endloop
  endfacet
  facet normal  9.723697e-001  0.000000e+000 -2.334457e-001
    outer loop
      vertex  2.020634e+001 -1.488000e+001  4.145898e+000
      vertex  2.042613e+001 -1.868000e+001  5.061393e+000
      vertex  2.020634e+001 -1.868000e+001  4.145898e+000
    endloop
  endfacet
  facet normal  9.238794e-001  0.000000e+000 -3.826836e-001
    outer loop
      vertex  2.020634e+001 -1.488000e+001  4.145898e+000
      vertex  2.020634e+001 -1.868000e+001  4.145898e+000
      vertex  1.984604e+001 -1.488000e+001  3.276057e+000
    endloop
  endfacet
  facet normal  9.238794e-001  0.000000e+000 -3.826836e-001
    outer loop
      vertex  1.984604e+001 -1.488000e+001  3.276057e+000
      vertex  2.020634e+001 -1.868000e+001  4.145898e+000
      vertex  1.984604e+001 -1.868000e+001  3.276057e+000
    endloop
  endfacet
  facet normal  8.526399e-001  0.000000e+000 -5.224989e-001
    outer loop
      vertex  1.984604e+001 -1.488000e+001  3.276057e+000
      vertex  1.984604e+001 -1.868000e+001  3.276057e+000
      vertex  1.935410e+001 -1.488000e+001  2.473289e+000
    endloop
  endfacet
  facet normal  8.526399e-001  0.000000e+000 -5.224989e-001
    outer loop
      vertex  1.935410e+001 -1.488000e+001  2.473289e+000
      vertex  1.984604e+001 -1.868000e+001  3.276057e+000
      vertex  1.935410e+001 -1.868000e+001  2.473289e+000
    endloop
  endfacet
  facet normal  7.604068e-001  0.000000e+000 -6.494470e-001
    outer loop
      vertex  1.935410e+001 -1.488000e+001  2.473289e+000
      vertex  1.935410e+001 -1.868000e+001  2.473289e+000
      vertex  1.874264e+001 -1.488000e+001  1.757359e+000
    endloop
  endfacet
  facet normal  7.604068e-001  0.000000e+000 -6.494470e-001
    outer loop
      vertex  1.874264e+001 -1.488000e+001  1.757359e+000
      vertex  1.935410e+001 -1.868000e+001  2.473289e+000
      vertex  1.874264e+001 -1.868000e+001  1.757359e+000
    endloop
  endfacet
  facet normal  6.494482e-001  0.000000e+000 -7.604059e-001
    outer loop
      vertex  1.874264e+001 -1.488000e+001  1.757359e+000
      vertex  1.874264e+001 -1.868000e+001  1.757359e+000
      vertex  1.802671e+001 -1.488000e+001  1.145898e+000
    endloop
  endfacet
  facet normal  6.494482e-001  0.000000e+000 -7.604059e-001
    outer loop
      vertex  1.802671e+001 -1.488000e+001  1.145898e+000
      vertex  1.874264e+001 -1.868000e+001  1.757359e+000
      vertex  1.802671e+001 -1.868000e+001  1.145898e+000
    endloop
  endfacet
  facet normal  5.224984e-001  0.000000e+000 -8.526402e-001
    outer loop
      vertex  1.802671e+001 -1.488000e+001  1.145898e+000
      vertex  1.802671e+001 -1.868000e+001  1.145898e+000
      vertex  1.722394e+001 -1.488000e+001  6.539609e-001
    endloop
  endfacet
  facet normal  5.224984e-001  0.000000e+000 -8.526402e-001
    outer loop
      vertex  1.722394e+001 -1.488000e+001  6.539609e-001
      vertex  1.802671e+001 -1.868000e+001  1.145898e+000
      vertex  1.722394e+001 -1.868000e+001  6.539609e-001
    endloop
  endfacet
  facet normal  3.826829e-001  0.000000e+000 -9.238797e-001
    outer loop
      vertex  1.722394e+001 -1.488000e+001  6.539609e-001
      vertex  1.722394e+001 -1.868000e+001  6.539609e-001
      vertex  1.635410e+001 -1.488000e+001  2.936609e-001
    endloop
  endfacet
  facet normal  3.826829e-001  0.000000e+000 -9.238797e-001
    outer loop
      vertex  1.635410e+001 -1.488000e+001  2.936609e-001
      vertex  1.722394e+001 -1.868000e+001  6.539609e-001
      vertex  1.635410e+001 -1.868000e+001  2.936609e-001
    endloop
  endfacet
  facet normal  2.334456e-001  0.000000e+000 -9.723698e-001
    outer loop
      vertex  1.635410e+001 -1.488000e+001  2.936609e-001
      vertex  1.635410e+001 -1.868000e+001  2.936609e-001
      vertex  1.543861e+001 -1.488000e+001  7.386996e-002
    endloop
  endfacet
  facet normal  2.334456e-001  0.000000e+000 -9.723698e-001
    outer loop
      vertex  1.543861e+001 -1.488000e+001  7.386996e-002
      vertex  1.635410e+001 -1.868000e+001  2.936609e-001
      vertex  1.543861e+001 -1.868000e+001  7.386996e-002
    endloop
  endfacet
  facet normal  7.845907e-002  0.000000e+000 -9.969174e-001
    outer loop
      vertex  1.543861e+001 -1.488000e+001  7.386996e-002
      vertex  1.543861e+001 -1.868000e+001  7.386996e-002
      vertex  1.450000e+001 -1.768000e+001  0.000000e+000
    endloop
  endfacet
  facet normal  7.845907e-002  0.000000e+000 -9.969174e-001
    outer loop
      vertex  1.450000e+001 -1.768000e+001  0.000000e+000
      vertex  1.543861e+001 -1.868000e+001  7.386996e-002
      vertex  1.450000e+001 -1.868000e+001  0.000000e+000
    endloop
  endfacet
  facet normal -8.715570e-002  0.000000e+000 -9.961947e-001
    outer loop
      vertex  9.500000e+000 -1.618000e+001 -1.687230e-031
      vertex  8.631759e+000 -1.618000e+001  7.596123e-002
      vertex  9.500000e+000 -1.518000e+001 -1.687230e-031
    endloop
  endfacet
  facet normal -9.961947e-001  -0.000000e+000 -8.715561e-002
    outer loop
      vertex  4.500000e+000 -1.618000e+001  5.000000e+000
      vertex  4.500000e+000 -1.488000e+001  5.000000e+000
      vertex  4.575961e+000 -1.618000e+001  4.131759e+000
    endloop
  endfacet
  facet normal -9.961947e-001  0.000000e+000 -8.715561e-002
    outer loop
      vertex  4.575961e+000 -1.618000e+001  4.131759e+000
      vertex  4.500000e+000 -1.488000e+001  5.000000e+000
      vertex  4.575961e+000 -1.488000e+001  4.131759e+000
    endloop
  endfacet
  facet normal -9.659257e-001  -0.000000e+000 -2.588193e-001
    outer loop
      vertex  4.575961e+000 -1.618000e+001  4.131759e+000
      vertex  4.575961e+000 -1.488000e+001  4.131759e+000
      vertex  4.801537e+000 -1.618000e+001  3.289899e+000
    endloop
  endfacet
  facet normal -9.659257e-001  0.000000e+000 -2.588193e-001
    outer loop
      vertex  4.801537e+000 -1.618000e+001  3.289899e+000
      vertex  4.575961e+000 -1.488000e+001  4.131759e+000
      vertex  4.801537e+000 -1.488000e+001  3.289899e+000
    endloop
  endfacet
  facet normal -9.063079e-001  -0.000000e+000 -4.226179e-001
    outer loop
      vertex  4.801537e+000 -1.618000e+001  3.289899e+000
      vertex  4.801537e+000 -1.488000e+001  3.289899e+000
      vertex  5.169873e+000 -1.618000e+001  2.500000e+000
    endloop
  endfacet
  facet normal -9.063079e-001  0.000000e+000 -4.226179e-001
    outer loop
      vertex  5.169873e+000 -1.618000e+001  2.500000e+000
      vertex  4.801537e+000 -1.488000e+001  3.289899e+000
      vertex  5.169873e+000 -1.488000e+001  2.500000e+000
    endloop
  endfacet
  facet normal -8.191518e-001  -0.000000e+000 -5.735767e-001
    outer loop
      vertex  5.169873e+000 -1.618000e+001  2.500000e+000
      vertex  5.169873e+000 -1.488000e+001  2.500000e+000
      vertex  5.669778e+000 -1.618000e+001  1.786062e+000
    endloop
  endfacet
  facet normal -8.191518e-001  0.000000e+000 -5.735767e-001
    outer loop
      vertex  5.669778e+000 -1.618000e+001  1.786062e+000
      vertex  5.169873e+000 -1.488000e+001  2.500000e+000
      vertex  5.669778e+000 -1.488000e+001  1.786062e+000
    endloop
  endfacet
  facet normal -7.071070e-001  -0.000000e+000 -7.071066e-001
    outer loop
      vertex  5.669778e+000 -1.618000e+001  1.786062e+000
      vertex  5.669778e+000 -1.488000e+001  1.786062e+000
      vertex  6.286062e+000 -1.618000e+001  1.169778e+000
    endloop
  endfacet
  facet normal -7.071070e-001  0.000000e+000 -7.071066e-001
    outer loop
      vertex  6.286062e+000 -1.618000e+001  1.169778e+000
      vertex  5.669778e+000 -1.488000e+001  1.786062e+000
      vertex  6.286062e+000 -1.488000e+001  1.169778e+000
    endloop
  endfacet
  facet normal -5.735763e-001  -0.000000e+000 -8.191521e-001
    outer loop
      vertex  6.286062e+000 -1.618000e+001  1.169778e+000
      vertex  6.286062e+000 -1.488000e+001  1.169778e+000
      vertex  7.000000e+000 -1.618000e+001  6.698730e-001
    endloop
  endfacet
  facet normal -5.735763e-001  0.000000e+000 -8.191521e-001
    outer loop
      vertex  7.000000e+000 -1.618000e+001  6.698730e-001
      vertex  6.286062e+000 -1.488000e+001  1.169778e+000
      vertex  7.000000e+000 -1.488000e+001  6.698730e-001
    endloop
  endfacet
  facet normal -4.226182e-001  -0.000000e+000 -9.063078e-001
    outer loop
      vertex  7.000000e+000 -1.618000e+001  6.698730e-001
      vertex  7.000000e+000 -1.488000e+001  6.698730e-001
      vertex  7.789899e+000 -1.618000e+001  3.015369e-001
    endloop
  endfacet
  facet normal -4.226182e-001  0.000000e+000 -9.063078e-001
    outer loop
      vertex  7.789899e+000 -1.618000e+001  3.015369e-001
      vertex  7.000000e+000 -1.488000e+001  6.698730e-001
      vertex  7.789899e+000 -1.488000e+001  3.015369e-001
    endloop
  endfacet
  facet normal -2.588192e-001  -0.000000e+000 -9.659258e-001
    outer loop
      vertex  7.789899e+000 -1.618000e+001  3.015369e-001
      vertex  7.789899e+000 -1.488000e+001  3.015369e-001
      vertex  8.631759e+000 -1.618000e+001  7.596123e-002
    endloop
  endfacet
  facet normal -2.588192e-001  0.000000e+000 -9.659258e-001
    outer loop
      vertex  8.631759e+000 -1.618000e+001  7.596123e-002
      vertex  7.789899e+000 -1.488000e+001  3.015369e-001
      vertex  8.631759e+000 -1.488000e+001  7.596123e-002
    endloop
  endfacet
  facet normal -8.715571e-002  -0.000000e+000 -9.961948e-001
    outer loop
      vertex  8.631759e+000 -1.618000e+001  7.596123e-002
      vertex  8.631759e+000 -1.488000e+001  7.596123e-002
      vertex  9.500000e+000 -1.518000e+001 -1.687230e-031
    endloop
  endfacet
  facet normal -8.715570e-002  0.000000e+000 -9.961947e-001
    outer loop
      vertex  9.500000e+000 -1.518000e+001 -1.687230e-031
      vertex  8.631759e+000 -1.488000e+001  7.596123e-002
      vertex  9.500000e+000 -1.488000e+001 -1.687230e-031
    endloop
  endfacet
  facet normal -1.000000e+000  -0.000000e+000  0.000000e+000
    outer loop
      vertex  4.500000e+000 -1.618000e+001  7.000000e+000
      vertex  4.500000e+000 -1.518000e+001  7.000000e+000
      vertex  4.500000e+000 -1.618000e+001  5.000000e+000
    endloop
  endfacet
  facet normal -9.999999e-001  0.000000e+000  0.000000e+000
    outer loop
      vertex  4.500000e+000 -1.618000e+001  5.000000e+000
      vertex  4.500000e+000 -1.518000e+001  7.000000e+000
      vertex  4.500000e+000 -1.488000e+001  7.000000e+000
    endloop
  endfacet
  facet normal -1.000000e+000  0.000000e+000  -0.000000e+000
    outer loop
      vertex  4.500000e+000 -1.618000e+001  5.000000e+000
      vertex  4.500000e+000 -1.488000e+001  7.000000e+000
      vertex  4.500000e+000 -1.488000e+001  5.000000e+000
    endloop
  endfacet
  facet normal -9.961947e-001  0.000000e+000  8.715561e-002
    outer loop
      vertex  4.500000e+000 -1.618000e+001  7.000000e+000
      vertex  4.575961e+000 -1.618000e+001  7.868241e+000
      vertex  4.500000e+000 -1.518000e+001  7.000000e+000
    endloop
  endfacet
  facet normal -8.715557e-002  0.000000e+000  9.961948e-001
    outer loop
      vertex  9.500000e+000 -1.618000e+001  1.200000e+001
      vertex  9.500000e+000 -1.488000e+001  1.200000e+001
      vertex  8.631759e+000 -1.618000e+001  1.192404e+001
    endloop
  endfacet
  facet normal -8.715557e-002  0.000000e+000  9.961948e-001
    outer loop
      vertex  8.631759e+000 -1.618000e+001  1.192404e+001
      vertex  9.500000e+000 -1.488000e+001  1.200000e+001
      vertex  8.631759e+000 -1.488000e+001  1.192404e+001
    endloop
  endfacet
  facet normal -2.588189e-001  0.000000e+000  9.659258e-001
    outer loop
      vertex  8.631759e+000 -1.618000e+001  1.192404e+001
      vertex  8.631759e+000 -1.488000e+001  1.192404e+001
      vertex  7.789899e+000 -1.618000e+001  1.169846e+001
    endloop
  endfacet
  facet normal -2.588189e-001  0.000000e+000  9.659258e-001
    outer loop
      vertex  7.789899e+000 -1.618000e+001  1.169846e+001
      vertex  8.631759e+000 -1.488000e+001  1.192404e+001
      vertex  7.789899e+000 -1.488000e+001  1.169846e+001
    endloop
  endfacet
  facet normal -4.226188e-001  0.000000e+000  9.063076e-001
    outer loop
      vertex  7.789899e+000 -1.618000e+001  1.169846e+001
      vertex  7.789899e+000 -1.488000e+001  1.169846e+001
      vertex  7.000000e+000 -1.618000e+001  1.133013e+001
    endloop
  endfacet
  facet normal -4.226188e-001  0.000000e+000  9.063076e-001
    outer loop
      vertex  7.000000e+000 -1.618000e+001  1.133013e+001
      vertex  7.789899e+000 -1.488000e+001  1.169846e+001
      vertex  7.000000e+000 -1.488000e+001  1.133013e+001
    endloop
  endfacet
  facet normal -5.735762e-001  0.000000e+000  8.191522e-001
    outer loop
      vertex  7.000000e+000 -1.618000e+001  1.133013e+001
      vertex  7.000000e+000 -1.488000e+001  1.133013e+001
      vertex  6.286062e+000 -1.618000e+001  1.083022e+001
    endloop
  endfacet
  facet normal -5.735762e-001  0.000000e+000  8.191522e-001
    outer loop
      vertex  6.286062e+000 -1.618000e+001  1.083022e+001
      vertex  7.000000e+000 -1.488000e+001  1.133013e+001
      vertex  6.286062e+000 -1.488000e+001  1.083022e+001
    endloop
  endfacet
  facet normal -7.071071e-001  0.000000e+000  7.071065e-001
    outer loop
      vertex  6.286062e+000 -1.618000e+001  1.083022e+001
      vertex  6.286062e+000 -1.488000e+001  1.083022e+001
      vertex  5.669778e+000 -1.618000e+001  1.021394e+001
    endloop
  endfacet
  facet normal -7.071071e-001  0.000000e+000  7.071065e-001
    outer loop
      vertex  5.669778e+000 -1.618000e+001  1.021394e+001
      vertex  6.286062e+000 -1.488000e+001  1.083022e+001
      vertex  5.669778e+000 -1.488000e+001  1.021394e+001
    endloop
  endfacet
  facet normal -8.191518e-001  0.000000e+000  5.735768e-001
    outer loop
      vertex  5.669778e+000 -1.618000e+001  1.021394e+001
      vertex  5.669778e+000 -1.488000e+001  1.021394e+001
      vertex  5.169873e+000 -1.618000e+001  9.500000e+000
    endloop
  endfacet
  facet normal -8.191518e-001  0.000000e+000  5.735768e-001
    outer loop
      vertex  5.169873e+000 -1.618000e+001  9.500000e+000
      vertex  5.669778e+000 -1.488000e+001  1.021394e+001
      vertex  5.169873e+000 -1.488000e+001  9.500000e+000
    endloop
  endfacet
  facet normal -9.063078e-001  0.000000e+000  4.226181e-001
    outer loop
      vertex  5.169873e+000 -1.618000e+001  9.500000e+000
      vertex  5.169873e+000 -1.488000e+001  9.500000e+000
      vertex  4.801537e+000 -1.618000e+001  8.710101e+000
    endloop
  endfacet
  facet normal -9.063078e-001  0.000000e+000  4.226181e-001
    outer loop
      vertex  4.801537e+000 -1.618000e+001  8.710101e+000
      vertex  5.169873e+000 -1.488000e+001  9.500000e+000
      vertex  4.801537e+000 -1.488000e+001  8.710101e+000
    endloop
  endfacet
  facet normal -9.659257e-001  0.000000e+000  2.588192e-001
    outer loop
      vertex  4.801537e+000 -1.618000e+001  8.710101e+000
      vertex  4.801537e+000 -1.488000e+001  8.710101e+000
      vertex  4.575961e+000 -1.618000e+001  7.868241e+000
    endloop
  endfacet
  facet normal -9.659257e-001  0.000000e+000  2.588192e-001
    outer loop
      vertex  4.575961e+000 -1.618000e+001  7.868241e+000
      vertex  4.801537e+000 -1.488000e+001  8.710101e+000
      vertex  4.575961e+000 -1.488000e+001  7.868241e+000
    endloop
  endfacet
  facet normal -9.961947e-001  0.000000e+000  8.715561e-002
    outer loop
      vertex  4.575961e+000 -1.618000e+001  7.868241e+000
      vertex  4.575961e+000 -1.488000e+001  7.868241e+000
      vertex  4.500000e+000 -1.518000e+001  7.000000e+000
    endloop
  endfacet
  facet normal -9.961947e-001  0.000000e+000  8.715561e-002
    outer loop
      vertex  4.500000e+000 -1.518000e+001  7.000000e+000
      vertex  4.575961e+000 -1.488000e+001  7.868241e+000
      vertex  4.500000e+000 -1.488000e+001  7.000000e+000
    endloop
  endfacet
  facet normal  5.320323e-001 -8.467240e-001  0.000000e+000
    outer loop
      vertex -1.087047e+001  1.444549e+001  1.200000e+001
      vertex -1.030165e+001  1.480291e+001  0.000000e+000
      vertex -1.030165e+001  1.480291e+001  1.200000e+001
    endloop
  endfacet
  facet normal  3.302790e-001 -9.438834e-001  0.000000e+000
    outer loop
      vertex -1.030165e+001  1.480291e+001  1.200000e+001
      vertex -1.030165e+001  1.480291e+001  0.000000e+000
      vertex -9.667562e+000  1.502478e+001  0.000000e+000
    endloop
  endfacet
  facet normal  3.302790e-001 -9.438834e-001  0.000000e+000
    outer loop
      vertex -1.030165e+001  1.480291e+001  1.200000e+001
      vertex -9.667562e+000  1.502478e+001  0.000000e+000
      vertex -9.667562e+000  1.502478e+001  1.200000e+001
    endloop
  endfacet
  facet normal  1.119646e-001 -9.937122e-001  0.000000e+000
    outer loop
      vertex -9.667562e+000  1.502478e+001  1.200000e+001
      vertex -9.667562e+000  1.502478e+001  0.000000e+000
      vertex -9.000000e+000  1.510000e+001  0.000000e+000
    endloop
  endfacet
  facet normal  1.119646e-001 -9.937122e-001  0.000000e+000
    outer loop
      vertex -9.667562e+000  1.502478e+001  1.200000e+001
      vertex -9.000000e+000  1.510000e+001  0.000000e+000
      vertex -9.000000e+000  1.510000e+001  1.200000e+001
    endloop
  endfacet
  facet normal  5.320323e-001 -8.467240e-001  0.000000e+000
    outer loop
      vertex -1.030165e+001  1.480291e+001  0.000000e+000
      vertex -1.087047e+001  1.444549e+001  1.200000e+001
      vertex -1.087047e+001  1.444549e+001  0.000000e+000
    endloop
  endfacet
  facet normal  7.071068e-001 -7.071068e-001  0.000000e+000
    outer loop
      vertex -1.087047e+001  1.444549e+001  0.000000e+000
      vertex -1.087047e+001  1.444549e+001  1.200000e+001
      vertex -1.134549e+001  1.397047e+001  1.200000e+001
    endloop
  endfacet
  facet normal  7.071068e-001 -7.071068e-001  0.000000e+000
    outer loop
      vertex -1.087047e+001  1.444549e+001  0.000000e+000
      vertex -1.134549e+001  1.397047e+001  1.200000e+001
      vertex -1.134549e+001  1.397047e+001  0.000000e+000
    endloop
  endfacet
  facet normal  8.467240e-001 -5.320323e-001  0.000000e+000
    outer loop
      vertex -1.134549e+001  1.397047e+001  0.000000e+000
      vertex -1.134549e+001  1.397047e+001  1.200000e+001
      vertex -1.170291e+001  1.340165e+001  1.200000e+001
    endloop
  endfacet
  facet normal  8.467240e-001 -5.320323e-001  0.000000e+000
    outer loop
      vertex -1.134549e+001  1.397047e+001  0.000000e+000
      vertex -1.170291e+001  1.340165e+001  1.200000e+001
      vertex -1.170291e+001  1.340165e+001  0.000000e+000
    endloop
  endfacet
  facet normal  9.438834e-001 -3.302790e-001  0.000000e+000
    outer loop
      vertex -1.170291e+001  1.340165e+001  0.000000e+000
      vertex -1.170291e+001  1.340165e+001  1.200000e+001
      vertex -1.192478e+001  1.276756e+001  1.200000e+001
    endloop
  endfacet
  facet normal  9.438834e-001 -3.302790e-001  0.000000e+000
    outer loop
      vertex -1.170291e+001  1.340165e+001  0.000000e+000
      vertex -1.192478e+001  1.276756e+001  1.200000e+001
      vertex -1.192478e+001  1.276756e+001  0.000000e+000
    endloop
  endfacet
  facet normal  9.937122e-001 -1.119646e-001  0.000000e+000
    outer loop
      vertex -1.192478e+001  1.276756e+001  0.000000e+000
      vertex -1.192478e+001  1.276756e+001  1.200000e+001
      vertex -1.200000e+001  1.210000e+001  1.200000e+001
    endloop
  endfacet
  facet normal  9.937122e-001 -1.119646e-001  0.000000e+000
    outer loop
      vertex -1.192478e+001  1.276756e+001  0.000000e+000
      vertex -1.200000e+001  1.210000e+001  1.200000e+001
      vertex -1.200000e+001  1.210000e+001  0.000000e+000
    endloop
  endfacet
  facet normal  0.000000e+000  0.000000e+000  1.000000e+000
    outer loop
      vertex -1.350000e+001  1.610000e+001  1.200000e+001
      vertex -1.350000e+001 -7.900000e+000  1.200000e+001
      vertex -1.200000e+001 -7.900000e+000  1.200000e+001
    endloop
  endfacet
  facet normal  0.000000e+000  -0.000000e+000  1.000000e+000
    outer loop
      vertex -1.350000e+001  1.610000e+001  1.200000e+001
      vertex -1.200000e+001 -7.900000e+000  1.200000e+001
      vertex -1.200000e+001  1.210000e+001  1.200000e+001
    endloop
  endfacet
  facet normal  0.000000e+000  -0.000000e+000  9.999999e-001
    outer loop
      vertex -1.350000e+001  1.610000e+001  1.200000e+001
      vertex -1.200000e+001  1.210000e+001  1.200000e+001
      vertex -1.192478e+001  1.276756e+001  1.200000e+001
    endloop
  endfacet
  facet normal  0.000000e+000  -0.000000e+000  1.000000e+000
    outer loop
      vertex -1.350000e+001  1.610000e+001  1.200000e+001
      vertex -1.192478e+001  1.276756e+001  1.200000e+001
      vertex -1.170291e+001  1.340165e+001  1.200000e+001
    endloop
  endfacet
  facet normal  0.000000e+000  -0.000000e+000  1.000000e+000
    outer loop
      vertex -1.350000e+001  1.610000e+001  1.200000e+001
      vertex -1.170291e+001  1.340165e+001  1.200000e+001
      vertex -1.134549e+001  1.397047e+001  1.200000e+001
    endloop
  endfacet
  facet normal  0.000000e+000  -0.000000e+000  1.000000e+000
    outer loop
      vertex -1.350000e+001  1.610000e+001  1.200000e+001
      vertex -1.134549e+001  1.397047e+001  1.200000e+001
      vertex -1.087047e+001  1.444549e+001  1.200000e+001
    endloop
  endfacet
  facet normal  0.000000e+000  -0.000000e+000  1.000000e+000
    outer loop
      vertex -1.350000e+001  1.610000e+001  1.200000e+001
      vertex -1.087047e+001  1.444549e+001  1.200000e+001
      vertex -1.030165e+001  1.480291e+001  1.200000e+001
    endloop
  endfacet
  facet normal  0.000000e+000  -0.000000e+000  1.000000e+000
    outer loop
      vertex -1.350000e+001  1.610000e+001  1.200000e+001
      vertex -1.030165e+001  1.480291e+001  1.200000e+001
      vertex -9.667562e+000  1.502478e+001  1.200000e+001
    endloop
  endfacet
  facet normal  0.000000e+000  -0.000000e+000  1.000000e+000
    outer loop
      vertex -1.350000e+001  1.610000e+001  1.200000e+001
      vertex -9.667562e+000  1.502478e+001  1.200000e+001
      vertex -9.000000e+000  1.510000e+001  1.200000e+001
    endloop
  endfacet
  facet normal  0.000000e+000  -0.000000e+000  1.000000e+000
    outer loop
      vertex -1.350000e+001  1.610000e+001  1.200000e+001
      vertex -9.000000e+000  1.510000e+001  1.200000e+001
      vertex -1.000000e+000  1.510000e+001  1.200000e+001
    endloop
  endfacet
  facet normal  0.000000e+000  -0.000000e+000  1.000000e+000
    outer loop
      vertex -1.350000e+001  1.610000e+001  1.200000e+001
      vertex -1.000000e+000  1.510000e+001  1.200000e+001
      vertex -1.000000e+000  1.710000e+001  1.200000e+001
    endloop
  endfacet
  facet normal  0.000000e+000  0.000000e+000  1.000000e+000
    outer loop
      vertex -1.350000e+001  1.610000e+001  1.200000e+001
      vertex -1.000000e+000  1.710000e+001  1.200000e+001
      vertex -6.500000e+000  1.710000e+001  1.200000e+001
    endloop
  endfacet
  facet normal  0.000000e+000  0.000000e+000  1.000000e+000
    outer loop
      vertex -1.350000e+001  1.610000e+001  1.200000e+001
      vertex -6.500000e+000  1.710000e+001  1.200000e+001
      vertex -1.200000e+001  1.710000e+001  1.200000e+001
    endloop
  endfacet
  facet normal  0.000000e+000  0.000000e+000  1.000000e+000
    outer loop
      vertex -1.350000e+001  1.610000e+001  1.200000e+001
      vertex -1.200000e+001  1.710000e+001  1.200000e+001
      vertex -1.950000e+001  1.725000e+001  1.200000e+001
    endloop
  endfacet
  facet normal  0.000000e+000  0.000000e+000  1.000000e+000
    outer loop
      vertex -1.350000e+001  1.610000e+001  1.200000e+001
      vertex -1.950000e+001  1.725000e+001  1.200000e+001
      vertex -2.550000e+001  1.610000e+001  1.200000e+001
    endloop
  endfacet
  facet normal  0.000000e+000  -0.000000e+000  1.000000e+000
    outer loop
      vertex -2.700000e+001  1.810000e+001  1.200000e+001
      vertex -2.035000e+001  1.810000e+001  1.200000e+001
      vertex -2.028530e+001  1.842528e+001  1.200000e+001
    endloop
  endfacet
  facet normal  0.000000e+000  -0.000000e+000  1.000000e+000
    outer loop
      vertex -2.700000e+001  1.810000e+001  1.200000e+001
      vertex -2.028530e+001  1.842528e+001  1.200000e+001
      vertex -2.010104e+001  1.870104e+001  1.200000e+001
    endloop
  endfacet
  facet normal  0.000000e+000  -0.000000e+000  1.000000e+000
    outer loop
      vertex -2.700000e+001  1.810000e+001  1.200000e+001
      vertex -2.010104e+001  1.870104e+001  1.200000e+001
      vertex -1.982528e+001  1.888530e+001  1.200000e+001
    endloop
  endfacet
  facet normal  0.000000e+000  -0.000000e+000  1.000000e+000
    outer loop
      vertex -2.700000e+001  1.810000e+001  1.200000e+001
      vertex -1.982528e+001  1.888530e+001  1.200000e+001
      vertex -1.950000e+001  1.895000e+001  1.200000e+001
    endloop
  endfacet
  facet normal  0.000000e+000  -0.000000e+000  1.000000e+000
    outer loop
      vertex -2.700000e+001  1.810000e+001  1.200000e+001
      vertex -1.950000e+001  1.895000e+001  1.200000e+001
      vertex -1.500000e+001  2.110000e+001  1.200000e+001
    endloop
  endfacet
  facet normal  0.000000e+000  0.000000e+000  1.000000e+000
    outer loop
      vertex -2.700000e+001  1.810000e+001  1.200000e+001
      vertex -1.500000e+001  2.110000e+001  1.200000e+001
      vertex -2.400000e+001  2.110000e+001  1.200000e+001
    endloop
  endfacet
  facet normal  0.000000e+000  0.000000e+000  9.999999e-001
    outer loop
      vertex -2.550000e+001  1.610000e+001  1.200000e+001
      vertex -1.950000e+001  1.725000e+001  1.200000e+001
      vertex -1.982528e+001  1.731470e+001  1.200000e+001
    endloop
  endfacet
  facet normal  0.000000e+000  0.000000e+000  1.000000e+000
    outer loop
      vertex -2.550000e+001  1.610000e+001  1.200000e+001
      vertex -1.982528e+001  1.731470e+001  1.200000e+001
      vertex -2.010104e+001  1.749896e+001  1.200000e+001
    endloop
  endfacet
  facet normal  0.000000e+000  0.000000e+000  1.000000e+000
    outer loop
      vertex -2.550000e+001  1.610000e+001  1.200000e+001
      vertex -2.010104e+001  1.749896e+001  1.200000e+001
      vertex -2.028530e+001  1.777472e+001  1.200000e+001
    endloop
  endfacet
  facet normal  0.000000e+000  0.000000e+000  1.000000e+000
    outer loop
      vertex -2.550000e+001  1.610000e+001  1.200000e+001
      vertex -2.028530e+001  1.777472e+001  1.200000e+001
      vertex -2.035000e+001  1.810000e+001  1.200000e+001
    endloop
  endfacet
  facet normal  0.000000e+000  0.000000e+000  1.000000e+000
    outer loop
      vertex -2.550000e+001  1.610000e+001  1.200000e+001
      vertex -2.035000e+001  1.810000e+001  1.200000e+001
      vertex -2.700000e+001  1.810000e+001  1.200000e+001
    endloop
  endfacet
  facet normal  0.000000e+000  0.000000e+000  1.000000e+000
    outer loop
      vertex -2.550000e+001  1.610000e+001  1.200000e+001
      vertex -2.700000e+001  1.810000e+001  1.200000e+001
      vertex -2.700000e+001 -7.900000e+000  1.200000e+001
    endloop
  endfacet
  facet normal  0.000000e+000  0.000000e+000  1.000000e+000
    outer loop
      vertex -2.550000e+001  1.610000e+001  1.200000e+001
      vertex -2.700000e+001 -7.900000e+000  1.200000e+001
      vertex -2.550000e+001 -7.900000e+000  1.200000e+001
    endloop
  endfacet
  facet normal  0.000000e+000  0.000000e+000  1.000000e+000
    outer loop
      vertex -1.200000e+001  1.810000e+001  1.200000e+001
      vertex -1.500000e+001  2.110000e+001  1.200000e+001
      vertex -1.950000e+001  1.895000e+001  1.200000e+001
    endloop
  endfacet
  facet normal  0.000000e+000  0.000000e+000  1.000000e+000
    outer loop
      vertex -1.200000e+001  1.810000e+001  1.200000e+001
      vertex -1.950000e+001  1.895000e+001  1.200000e+001
      vertex -1.917472e+001  1.888530e+001  1.200000e+001
    endloop
  endfacet
  facet normal  0.000000e+000  0.000000e+000  1.000000e+000
    outer loop
      vertex -1.200000e+001  1.810000e+001  1.200000e+001
      vertex -1.917472e+001  1.888530e+001  1.200000e+001
      vertex -1.889896e+001  1.870104e+001  1.200000e+001
    endloop
  endfacet
  facet normal  0.000000e+000  0.000000e+000  1.000000e+000
    outer loop
      vertex -1.200000e+001  1.810000e+001  1.200000e+001
      vertex -1.889896e+001  1.870104e+001  1.200000e+001
      vertex -1.871470e+001  1.842528e+001  1.200000e+001
    endloop
  endfacet
  facet normal  0.000000e+000  0.000000e+000  1.000000e+000
    outer loop
      vertex -1.200000e+001  1.810000e+001  1.200000e+001
      vertex -1.871470e+001  1.842528e+001  1.200000e+001
      vertex -1.865000e+001  1.810000e+001  1.200000e+001
    endloop
  endfacet
  facet normal  -0.000000e+000  0.000000e+000  1.000000e+000
    outer loop
      vertex -1.200000e+001  1.810000e+001  1.200000e+001
      vertex -1.865000e+001  1.810000e+001  1.200000e+001
      vertex -1.871470e+001  1.777472e+001  1.200000e+001
    endloop
  endfacet
  facet normal  -0.000000e+000  0.000000e+000  1.000000e+000
    outer loop
      vertex -1.200000e+001  1.810000e+001  1.200000e+001
      vertex -1.871470e+001  1.777472e+001  1.200000e+001
      vertex -1.200000e+001  1.710000e+001  1.200000e+001
    endloop
  endfacet
  facet normal  0.000000e+000  0.000000e+000  1.000000e+000
    outer loop
      vertex -1.200000e+001  1.710000e+001  1.200000e+001
      vertex -1.871470e+001  1.777472e+001  1.200000e+001
      vertex -1.889896e+001  1.749896e+001  1.200000e+001
    endloop
  endfacet
  facet normal  0.000000e+000  0.000000e+000  1.000000e+000
    outer loop
      vertex -1.200000e+001  1.710000e+001  1.200000e+001
      vertex -1.889896e+001  1.749896e+001  1.200000e+001
      vertex -1.917472e+001  1.731470e+001  1.200000e+001
    endloop
  endfacet
  facet normal  0.000000e+000  0.000000e+000  1.000000e+000
    outer loop
      vertex -1.200000e+001  1.710000e+001  1.200000e+001
      vertex -1.917472e+001  1.731470e+001  1.200000e+001
      vertex -1.950000e+001  1.725000e+001  1.200000e+001
    endloop
  endfacet
  facet normal -1.000000e+000  0.000000e+000  0.000000e+000
    outer loop
      vertex -1.350000e+001 -7.900000e+000  0.000000e+000
      vertex -1.350000e+001 -7.900000e+000  1.200000e+001
      vertex -1.350000e+001  1.610000e+001  0.000000e+000
    endloop
  endfacet
  facet normal -1.000000e+000  0.000000e+000  0.000000e+000
    outer loop
      vertex -1.350000e+001  1.610000e+001  0.000000e+000
      vertex -1.350000e+001 -7.900000e+000  1.200000e+001
      vertex -1.350000e+001  1.610000e+001  1.200000e+001
    endloop
  endfacet
  facet normal  1.000000e+000  0.000000e+000  0.000000e+000
    outer loop
      vertex -2.550000e+001 -7.900000e+000  1.200000e+001
      vertex -2.550000e+001 -7.900000e+000  0.000000e+000
      vertex -2.550000e+001  1.610000e+001  1.200000e+001
    endloop
  endfacet
  facet normal  1.000000e+000  0.000000e+000  0.000000e+000
    outer loop
      vertex -2.550000e+001  1.610000e+001  1.200000e+001
      vertex -2.550000e+001 -7.900000e+000  0.000000e+000
      vertex -2.550000e+001  1.610000e+001  0.000000e+000
    endloop
  endfacet
  facet normal  0.000000e+000  1.000000e+000  0.000000e+000
    outer loop
      vertex -2.550000e+001 -7.900000e+000  0.000000e+000
      vertex -2.550000e+001 -7.900000e+000  1.200000e+001
      vertex -1.350000e+001 -7.900000e+000  0.000000e+000
    endloop
  endfacet
  facet normal  0.000000e+000  1.000000e+000  -0.000000e+000
    outer loop
      vertex -1.350000e+001 -7.900000e+000  0.000000e+000
      vertex -2.550000e+001 -7.900000e+000  1.200000e+001
      vertex -1.350000e+001 -7.900000e+000  1.200000e+001
    endloop
  endfacet
  facet normal -7.071067e-001  7.071067e-001  0.000000e+000
    outer loop
      vertex -2.400000e+001  2.110000e+001  0.000000e+000
      vertex -2.700000e+001  1.810000e+001  0.000000e+000
      vertex -2.400000e+001  2.110000e+001  1.200000e+001
    endloop
  endfacet
  facet normal -7.071067e-001  7.071067e-001  0.000000e+000
    outer loop
      vertex -2.400000e+001  2.110000e+001  1.200000e+001
      vertex -2.700000e+001  1.810000e+001  0.000000e+000
      vertex -2.700000e+001  1.810000e+001  1.200000e+001
    endloop
  endfacet
  facet normal -9.999999e-001  -0.000000e+000  0.000000e+000
    outer loop
      vertex -2.700000e+001 -1.868000e+001  1.950000e+001
      vertex -2.700000e+001 -7.900000e+000  1.950000e+001
      vertex -2.700000e+001 -1.868000e+001  0.000000e+000
    endloop
  endfacet
  facet normal -1.000000e+000  0.000000e+000  0.000000e+000
    outer loop
      vertex -2.700000e+001 -1.868000e+001  0.000000e+000
      vertex -2.700000e+001 -7.900000e+000  1.950000e+001
      vertex -2.700000e+001 -7.900000e+000  1.200000e+001
    endloop
  endfacet
  facet normal -1.000000e+000  0.000000e+000  -0.000000e+000
    outer loop
      vertex -2.700000e+001 -1.868000e+001  0.000000e+000
      vertex -2.700000e+001 -7.900000e+000  1.200000e+001
      vertex -2.700000e+001  1.810000e+001  0.000000e+000
    endloop
  endfacet
  facet normal -1.000000e+000  0.000000e+000  0.000000e+000
    outer loop
      vertex -2.700000e+001  1.810000e+001  0.000000e+000
      vertex -2.700000e+001 -7.900000e+000  1.200000e+001
      vertex -2.700000e+001  1.810000e+001  1.200000e+001
    endloop
  endfacet
  facet normal  0.000000e+000  0.000000e+000  1.000000e+000
    outer loop
      vertex -2.550000e+001 -7.900000e+000  1.200000e+001
      vertex -2.550000e+001 -1.868000e+001  1.200000e+001
      vertex -2.028530e+001 -9.574719e+000  1.200000e+001
    endloop
  endfacet
  facet normal  0.000000e+000  -0.000000e+000  1.000000e+000
    outer loop
      vertex -2.550000e+001 -7.900000e+000  1.200000e+001
      vertex -2.028530e+001 -9.574719e+000  1.200000e+001
      vertex -2.010104e+001 -9.298959e+000  1.200000e+001
    endloop
  endfacet
  facet normal  0.000000e+000  -0.000000e+000  9.999999e-001
    outer loop
      vertex -2.550000e+001 -7.900000e+000  1.200000e+001
      vertex -2.010104e+001 -9.298959e+000  1.200000e+001
      vertex -1.982528e+001 -9.114702e+000  1.200000e+001
    endloop
  endfacet
  facet normal  0.000000e+000  -0.000000e+000  1.000000e+000
    outer loop
      vertex -2.550000e+001 -7.900000e+000  1.200000e+001
      vertex -1.982528e+001 -9.114702e+000  1.200000e+001
      vertex -1.950000e+001 -9.050000e+000  1.200000e+001
    endloop
  endfacet
  facet normal  0.000000e+000  -0.000000e+000  1.000000e+000
    outer loop
      vertex -2.550000e+001 -7.900000e+000  1.200000e+001
      vertex -1.950000e+001 -9.050000e+000  1.200000e+001
      vertex -1.350000e+001 -7.900000e+000  1.200000e+001
    endloop
  endfacet
  facet normal  0.000000e+000  0.000000e+000  1.000000e+000
    outer loop
      vertex -2.550000e+001 -1.868000e+001  1.200000e+001
      vertex -1.350000e+001 -1.868000e+001  1.200000e+001
      vertex -1.950000e+001 -1.075000e+001  1.200000e+001
    endloop
  endfacet
  facet normal  0.000000e+000  0.000000e+000  1.000000e+000
    outer loop
      vertex -2.550000e+001 -1.868000e+001  1.200000e+001
      vertex -1.950000e+001 -1.075000e+001  1.200000e+001
      vertex -1.982528e+001 -1.068530e+001  1.200000e+001
    endloop
  endfacet
  facet normal  0.000000e+000  0.000000e+000  9.999999e-001
    outer loop
      vertex -2.550000e+001 -1.868000e+001  1.200000e+001
      vertex -1.982528e+001 -1.068530e+001  1.200000e+001
      vertex -2.010104e+001 -1.050104e+001  1.200000e+001
    endloop
  endfacet
  facet normal  0.000000e+000  0.000000e+000  1.000000e+000
    outer loop
      vertex -2.550000e+001 -1.868000e+001  1.200000e+001
      vertex -2.010104e+001 -1.050104e+001  1.200000e+001
      vertex -2.028530e+001 -1.022528e+001  1.200000e+001
    endloop
  endfacet
  facet normal  0.000000e+000  0.000000e+000  1.000000e+000
    outer loop
      vertex -2.550000e+001 -1.868000e+001  1.200000e+001
      vertex -2.028530e+001 -1.022528e+001  1.200000e+001
      vertex -2.035000e+001 -9.900000e+000  1.200000e+001
    endloop
  endfacet
  facet normal  0.000000e+000  -0.000000e+000  1.000000e+000
    outer loop
      vertex -2.550000e+001 -1.868000e+001  1.200000e+001
      vertex -2.035000e+001 -9.900000e+000  1.200000e+001
      vertex -2.028530e+001 -9.574719e+000  1.200000e+001
    endloop
  endfacet
  facet normal  0.000000e+000  0.000000e+000  1.000000e+000
    outer loop
      vertex -1.350000e+001 -1.868000e+001  1.200000e+001
      vertex -1.871470e+001 -9.574719e+000  1.200000e+001
      vertex -1.865000e+001 -9.900000e+000  1.200000e+001
    endloop
  endfacet
  facet normal  0.000000e+000  0.000000e+000  1.000000e+000
    outer loop
      vertex -1.350000e+001 -1.868000e+001  1.200000e+001
      vertex -1.865000e+001 -9.900000e+000  1.200000e+001
      vertex -1.871470e+001 -1.022528e+001  1.200000e+001
    endloop
  endfacet
  facet normal  0.000000e+000  0.000000e+000  1.000000e+000
    outer loop
      vertex -1.350000e+001 -1.868000e+001  1.200000e+001
      vertex -1.871470e+001 -1.022528e+001  1.200000e+001
      vertex -1.889896e+001 -1.050104e+001  1.200000e+001
    endloop
  endfacet
  facet normal  0.000000e+000  0.000000e+000  1.000000e+000
    outer loop
      vertex -1.350000e+001 -1.868000e+001  1.200000e+001
      vertex -1.889896e+001 -1.050104e+001  1.200000e+001
      vertex -1.917472e+001 -1.068530e+001  1.200000e+001
    endloop
  endfacet
  facet normal  0.000000e+000  0.000000e+000  1.000000e+000
    outer loop
      vertex -1.350000e+001 -1.868000e+001  1.200000e+001
      vertex -1.917472e+001 -1.068530e+001  1.200000e+001
      vertex -1.950000e+001 -1.075000e+001  1.200000e+001
    endloop
  endfacet
  facet normal  -0.000000e+000  0.000000e+000  1.000000e+000
    outer loop
      vertex -1.350000e+001 -7.900000e+000  1.200000e+001
      vertex -1.950000e+001 -9.050000e+000  1.200000e+001
      vertex -1.917472e+001 -9.114702e+000  1.200000e+001
    endloop
  endfacet
  facet normal  -0.000000e+000  0.000000e+000  9.999999e-001
    outer loop
      vertex -1.350000e+001 -7.900000e+000  1.200000e+001
      vertex -1.917472e+001 -9.114702e+000  1.200000e+001
      vertex -1.889896e+001 -9.298959e+000  1.200000e+001
    endloop
  endfacet
  facet normal  -0.000000e+000  0.000000e+000  1.000000e+000
    outer loop
      vertex -1.350000e+001 -7.900000e+000  1.200000e+001
      vertex -1.889896e+001 -9.298959e+000  1.200000e+001
      vertex -1.871470e+001 -9.574719e+000  1.200000e+001
    endloop
  endfacet
  facet normal  -0.000000e+000  0.000000e+000  9.999999e-001
    outer loop
      vertex -1.350000e+001 -7.900000e+000  1.200000e+001
      vertex -1.871470e+001 -9.574719e+000  1.200000e+001
      vertex -1.350000e+001 -1.868000e+001  1.200000e+001
    endloop
  endfacet
  facet normal  1.119646e-001  0.000000e+000 -9.937122e-001
    outer loop
      vertex  1.450000e+001 -1.768000e+001  9.000000e+000
      vertex  1.383244e+001 -1.518000e+001  8.924784e+000
      vertex  1.450000e+001 -1.518000e+001  9.000000e+000
    endloop
  endfacet
  facet normal  1.119646e-001  -0.000000e+000  9.937122e-001
    outer loop
      vertex  1.383244e+001 -1.868000e+001  3.075216e+000
      vertex  1.450000e+001 -1.868000e+001  3.000000e+000
      vertex  1.450000e+001 -1.768000e+001  3.000000e+000
    endloop
  endfacet
  facet normal  1.119646e-001  -0.000000e+000  9.937122e-001
    outer loop
      vertex  1.383244e+001 -1.868000e+001  3.075216e+000
      vertex  1.450000e+001 -1.768000e+001  3.000000e+000
      vertex  1.450000e+001 -1.618000e+001  3.000000e+000
    endloop
  endfacet
  facet normal  1.119646e-001  -0.000000e+000  9.937122e-001
    outer loop
      vertex  1.383244e+001 -1.868000e+001  3.075216e+000
      vertex  1.450000e+001 -1.618000e+001  3.000000e+000
      vertex  1.450000e+001 -1.518000e+001  3.000000e+000
    endloop
  endfacet
  facet normal  1.119646e-001  0.000000e+000  9.937121e-001
    outer loop
      vertex  1.383244e+001 -1.868000e+001  3.075216e+000
      vertex  1.450000e+001 -1.518000e+001  3.000000e+000
      vertex  1.383244e+001 -1.518000e+001  3.075216e+000
    endloop
  endfacet
  facet normal  9.438832e-001  0.000000e+000 -3.302792e-001
    outer loop
      vertex  1.157522e+001 -1.868000e+001  6.667563e+000
      vertex  1.179709e+001 -1.518000e+001  7.301651e+000
      vertex  1.179709e+001 -1.868000e+001  7.301651e+000
    endloop
  endfacet
  facet normal  8.467243e-001  0.000000e+000 -5.320320e-001
    outer loop
      vertex  1.179709e+001 -1.868000e+001  7.301651e+000
      vertex  1.179709e+001 -1.518000e+001  7.301651e+000
      vertex  1.215451e+001 -1.518000e+001  7.870470e+000
    endloop
  endfacet
  facet normal  8.467243e-001  0.000000e+000 -5.320320e-001
    outer loop
      vertex  1.179709e+001 -1.868000e+001  7.301651e+000
      vertex  1.215451e+001 -1.518000e+001  7.870470e+000
      vertex  1.215451e+001 -1.868000e+001  7.870470e+000
    endloop
  endfacet
  facet normal  7.071065e-001  0.000000e+000 -7.071071e-001
    outer loop
      vertex  1.215451e+001 -1.868000e+001  7.870470e+000
      vertex  1.215451e+001 -1.518000e+001  7.870470e+000
      vertex  1.262953e+001 -1.518000e+001  8.345494e+000
    endloop
  endfacet
  facet normal  7.071065e-001  0.000000e+000 -7.071071e-001
    outer loop
      vertex  1.215451e+001 -1.868000e+001  7.870470e+000
      vertex  1.262953e+001 -1.518000e+001  8.345494e+000
      vertex  1.262953e+001 -1.868000e+001  8.345494e+000
    endloop
  endfacet
  facet normal  5.320324e-001  0.000000e+000 -8.467241e-001
    outer loop
      vertex  1.262953e+001 -1.868000e+001  8.345494e+000
      vertex  1.262953e+001 -1.518000e+001  8.345494e+000
      vertex  1.319835e+001 -1.518000e+001  8.702907e+000
    endloop
  endfacet
  facet normal  5.320324e-001  0.000000e+000 -8.467241e-001
    outer loop
      vertex  1.262953e+001 -1.868000e+001  8.345494e+000
      vertex  1.319835e+001 -1.518000e+001  8.702907e+000
      vertex  1.319835e+001 -1.868000e+001  8.702907e+000
    endloop
  endfacet
  facet normal  3.302790e-001  0.000000e+000 -9.438834e-001
    outer loop
      vertex  1.319835e+001 -1.868000e+001  8.702907e+000
      vertex  1.319835e+001 -1.518000e+001  8.702907e+000
      vertex  1.383244e+001 -1.518000e+001  8.924784e+000
    endloop
  endfacet
  facet normal  3.302790e-001  0.000000e+000 -9.438834e-001
    outer loop
      vertex  1.319835e+001 -1.868000e+001  8.702907e+000
      vertex  1.383244e+001 -1.518000e+001  8.924784e+000
      vertex  1.383244e+001 -1.868000e+001  8.924784e+000
    endloop
  endfacet
  facet normal  1.119646e-001  0.000000e+000 -9.937121e-001
    outer loop
      vertex  1.383244e+001 -1.868000e+001  8.924784e+000
      vertex  1.383244e+001 -1.518000e+001  8.924784e+000
      vertex  1.450000e+001 -1.768000e+001  9.000000e+000
    endloop
  endfacet
  facet normal  1.119646e-001  0.000000e+000 -9.937122e-001
    outer loop
      vertex  1.383244e+001 -1.868000e+001  8.924784e+000
      vertex  1.450000e+001 -1.768000e+001  9.000000e+000
      vertex  1.450000e+001 -1.868000e+001  9.000000e+000
    endloop
  endfacet
  facet normal  9.438832e-001  0.000000e+000 -3.302792e-001
    outer loop
      vertex  1.179709e+001 -1.518000e+001  7.301651e+000
      vertex  1.157522e+001 -1.868000e+001  6.667563e+000
      vertex  1.157522e+001 -1.518000e+001  6.667563e+000
    endloop
  endfacet
  facet normal  9.937122e-001  0.000000e+000 -1.119645e-001
    outer loop
      vertex  1.157522e+001 -1.518000e+001  6.667563e+000
      vertex  1.157522e+001 -1.868000e+001  6.667563e+000
      vertex  1.150000e+001 -1.868000e+001  6.000000e+000
    endloop
  endfacet
  facet normal  9.937122e-001  0.000000e+000 -1.119645e-001
    outer loop
      vertex  1.157522e+001 -1.518000e+001  6.667563e+000
      vertex  1.150000e+001 -1.868000e+001  6.000000e+000
      vertex  1.150000e+001 -1.518000e+001  6.000000e+000
    endloop
  endfacet
  facet normal  9.937122e-001  0.000000e+000  1.119645e-001
    outer loop
      vertex  1.150000e+001 -1.518000e+001  6.000000e+000
      vertex  1.150000e+001 -1.868000e+001  6.000000e+000
      vertex  1.157522e+001 -1.868000e+001  5.332437e+000
    endloop
  endfacet
  facet normal  9.937122e-001  -0.000000e+000  1.119645e-001
    outer loop
      vertex  1.150000e+001 -1.518000e+001  6.000000e+000
      vertex  1.157522e+001 -1.868000e+001  5.332437e+000
      vertex  1.157522e+001 -1.518000e+001  5.332437e+000
    endloop
  endfacet
  facet normal  9.438832e-001  0.000000e+000  3.302792e-001
    outer loop
      vertex  1.157522e+001 -1.518000e+001  5.332437e+000
      vertex  1.157522e+001 -1.868000e+001  5.332437e+000
      vertex  1.179709e+001 -1.868000e+001  4.698349e+000
    endloop
  endfacet
  facet normal  9.438832e-001  -0.000000e+000  3.302792e-001
    outer loop
      vertex  1.157522e+001 -1.518000e+001  5.332437e+000
      vertex  1.179709e+001 -1.868000e+001  4.698349e+000
      vertex  1.179709e+001 -1.518000e+001  4.698349e+000
    endloop
  endfacet
  facet normal  8.467243e-001  0.000000e+000  5.320320e-001
    outer loop
      vertex  1.179709e+001 -1.518000e+001  4.698349e+000
      vertex  1.179709e+001 -1.868000e+001  4.698349e+000
      vertex  1.215451e+001 -1.868000e+001  4.129530e+000
    endloop
  endfacet
  facet normal  8.467243e-001  -0.000000e+000  5.320320e-001
    outer loop
      vertex  1.179709e+001 -1.518000e+001  4.698349e+000
      vertex  1.215451e+001 -1.868000e+001  4.129530e+000
      vertex  1.215451e+001 -1.518000e+001  4.129530e+000
    endloop
  endfacet
  facet normal  7.071066e-001  0.000000e+000  7.071070e-001
    outer loop
      vertex  1.215451e+001 -1.518000e+001  4.129530e+000
      vertex  1.215451e+001 -1.868000e+001  4.129530e+000
      vertex  1.262953e+001 -1.868000e+001  3.654505e+000
    endloop
  endfacet
  facet normal  7.071066e-001  -0.000000e+000  7.071070e-001
    outer loop
      vertex  1.215451e+001 -1.518000e+001  4.129530e+000
      vertex  1.262953e+001 -1.868000e+001  3.654505e+000
      vertex  1.262953e+001 -1.518000e+001  3.654505e+000
    endloop
  endfacet
  facet normal  5.320321e-001  0.000000e+000  8.467242e-001
    outer loop
      vertex  1.262953e+001 -1.518000e+001  3.654505e+000
      vertex  1.262953e+001 -1.868000e+001  3.654505e+000
      vertex  1.319835e+001 -1.868000e+001  3.297093e+000
    endloop
  endfacet
  facet normal  5.320321e-001  -0.000000e+000  8.467242e-001
    outer loop
      vertex  1.262953e+001 -1.518000e+001  3.654505e+000
      vertex  1.319835e+001 -1.868000e+001  3.297093e+000
      vertex  1.319835e+001 -1.518000e+001  3.297093e+000
    endloop
  endfacet
  facet normal  3.302790e-001  0.000000e+000  9.438834e-001
    outer loop
      vertex  1.319835e+001 -1.518000e+001  3.297093e+000
      vertex  1.319835e+001 -1.868000e+001  3.297093e+000
      vertex  1.383244e+001 -1.868000e+001  3.075216e+000
    endloop
  endfacet
  facet normal  3.302790e-001  -0.000000e+000  9.438834e-001
    outer loop
      vertex  1.319835e+001 -1.518000e+001  3.297093e+000
      vertex  1.383244e+001 -1.868000e+001  3.075216e+000
      vertex  1.383244e+001 -1.518000e+001  3.075216e+000
    endloop
  endfacet
  facet normal -1.119646e-001  0.000000e+000 -9.937122e-001
    outer loop
      vertex  1.450000e+001 -1.768000e+001  9.000000e+000
      vertex  1.516756e+001 -1.868000e+001  8.924784e+000
      vertex  1.450000e+001 -1.868000e+001  9.000000e+000
    endloop
  endfacet
  facet normal -1.119646e-001  0.000000e+000  9.937122e-001
    outer loop
      vertex  1.516756e+001 -1.518000e+001  3.075216e+000
      vertex  1.450000e+001 -1.518000e+001  3.000000e+000
      vertex  1.450000e+001 -1.618000e+001  3.000000e+000
    endloop
  endfacet
  facet normal -1.119646e-001  0.000000e+000  9.937122e-001
    outer loop
      vertex  1.516756e+001 -1.518000e+001  3.075216e+000
      vertex  1.450000e+001 -1.618000e+001  3.000000e+000
      vertex  1.450000e+001 -1.768000e+001  3.000000e+000
    endloop
  endfacet
  facet normal -1.119646e-001  0.000000e+000  9.937122e-001
    outer loop
      vertex  1.516756e+001 -1.518000e+001  3.075216e+000
      vertex  1.450000e+001 -1.768000e+001  3.000000e+000
      vertex  1.450000e+001 -1.868000e+001  3.000000e+000
    endloop
  endfacet
  facet normal -1.119646e-001  0.000000e+000  9.937121e-001
    outer loop
      vertex  1.516756e+001 -1.518000e+001  3.075216e+000
      vertex  1.450000e+001 -1.868000e+001  3.000000e+000
      vertex  1.516756e+001 -1.868000e+001  3.075216e+000
    endloop
  endfacet
  facet normal -9.937122e-001  0.000000e+000  1.119645e-001
    outer loop
      vertex  1.750000e+001 -1.868000e+001  6.000000e+000
      vertex  1.742478e+001 -1.518000e+001  5.332437e+000
      vertex  1.742478e+001 -1.868000e+001  5.332437e+000
    endloop
  endfacet
  facet normal -9.438829e-001  0.000000e+000  3.302805e-001
    outer loop
      vertex  1.742478e+001 -1.868000e+001  5.332437e+000
      vertex  1.742478e+001 -1.518000e+001  5.332437e+000
      vertex  1.720291e+001 -1.518000e+001  4.698349e+000
    endloop
  endfacet
  facet normal -9.438829e-001  0.000000e+000  3.302805e-001
    outer loop
      vertex  1.742478e+001 -1.868000e+001  5.332437e+000
      vertex  1.720291e+001 -1.518000e+001  4.698349e+000
      vertex  1.720291e+001 -1.868000e+001  4.698349e+000
    endloop
  endfacet
  facet normal -8.467256e-001  0.000000e+000  5.320300e-001
    outer loop
      vertex  1.720291e+001 -1.868000e+001  4.698349e+000
      vertex  1.720291e+001 -1.518000e+001  4.698349e+000
      vertex  1.684550e+001 -1.518000e+001  4.129530e+000
    endloop
  endfacet
  facet normal -8.467256e-001  0.000000e+000  5.320300e-001
    outer loop
      vertex  1.720291e+001 -1.868000e+001  4.698349e+000
      vertex  1.684550e+001 -1.518000e+001  4.129530e+000
      vertex  1.684550e+001 -1.868000e+001  4.129530e+000
    endloop
  endfacet
  facet normal -7.071066e-001  0.000000e+000  7.071070e-001
    outer loop
      vertex  1.684550e+001 -1.868000e+001  4.129530e+000
      vertex  1.684550e+001 -1.518000e+001  4.129530e+000
      vertex  1.637047e+001 -1.518000e+001  3.654505e+000
    endloop
  endfacet
  facet normal -7.071066e-001  0.000000e+000  7.071070e-001
    outer loop
      vertex  1.684550e+001 -1.868000e+001  4.129530e+000
      vertex  1.637047e+001 -1.518000e+001  3.654505e+000
      vertex  1.637047e+001 -1.868000e+001  3.654505e+000
    endloop
  endfacet
  facet normal -5.320314e-001  0.000000e+000  8.467246e-001
    outer loop
      vertex  1.637047e+001 -1.868000e+001  3.654505e+000
      vertex  1.637047e+001 -1.518000e+001  3.654505e+000
      vertex  1.580165e+001 -1.518000e+001  3.297093e+000
    endloop
  endfacet
  facet normal -5.320314e-001  0.000000e+000  8.467246e-001
    outer loop
      vertex  1.637047e+001 -1.868000e+001  3.654505e+000
      vertex  1.580165e+001 -1.518000e+001  3.297093e+000
      vertex  1.580165e+001 -1.868000e+001  3.297093e+000
    endloop
  endfacet
  facet normal -3.302790e-001  0.000000e+000  9.438834e-001
    outer loop
      vertex  1.580165e+001 -1.868000e+001  3.297093e+000
      vertex  1.580165e+001 -1.518000e+001  3.297093e+000
      vertex  1.516756e+001 -1.518000e+001  3.075216e+000
    endloop
  endfacet
  facet normal -3.302790e-001  0.000000e+000  9.438834e-001
    outer loop
      vertex  1.580165e+001 -1.868000e+001  3.297093e+000
      vertex  1.516756e+001 -1.518000e+001  3.075216e+000
      vertex  1.516756e+001 -1.868000e+001  3.075216e+000
    endloop
  endfacet
  facet normal -9.937122e-001  0.000000e+000  1.119645e-001
    outer loop
      vertex  1.742478e+001 -1.518000e+001  5.332437e+000
      vertex  1.750000e+001 -1.868000e+001  6.000000e+000
      vertex  1.750000e+001 -1.518000e+001  6.000000e+000
    endloop
  endfacet
  facet normal -9.937122e-001  -0.000000e+000 -1.119645e-001
    outer loop
      vertex  1.750000e+001 -1.518000e+001  6.000000e+000
      vertex  1.750000e+001 -1.868000e+001  6.000000e+000
      vertex  1.742478e+001 -1.868000e+001  6.667563e+000
    endloop
  endfacet
  facet normal -9.937122e-001  0.000000e+000 -1.119645e-001
    outer loop
      vertex  1.750000e+001 -1.518000e+001  6.000000e+000
      vertex  1.742478e+001 -1.868000e+001  6.667563e+000
      vertex  1.742478e+001 -1.518000e+001  6.667563e+000
    endloop
  endfacet
  facet normal -9.438829e-001  -0.000000e+000 -3.302805e-001
    outer loop
      vertex  1.742478e+001 -1.518000e+001  6.667563e+000
      vertex  1.742478e+001 -1.868000e+001  6.667563e+000
      vertex  1.720291e+001 -1.868000e+001  7.301651e+000
    endloop
  endfacet
  facet normal -9.438829e-001  0.000000e+000 -3.302805e-001
    outer loop
      vertex  1.742478e+001 -1.518000e+001  6.667563e+000
      vertex  1.720291e+001 -1.868000e+001  7.301651e+000
      vertex  1.720291e+001 -1.518000e+001  7.301651e+000
    endloop
  endfacet
  facet normal -8.467256e-001  -0.000000e+000 -5.320300e-001
    outer loop
      vertex  1.720291e+001 -1.518000e+001  7.301651e+000
      vertex  1.720291e+001 -1.868000e+001  7.301651e+000
      vertex  1.684550e+001 -1.868000e+001  7.870470e+000
    endloop
  endfacet
  facet normal -8.467256e-001  0.000000e+000 -5.320300e-001
    outer loop
      vertex  1.720291e+001 -1.518000e+001  7.301651e+000
      vertex  1.684550e+001 -1.868000e+001  7.870470e+000
      vertex  1.684550e+001 -1.518000e+001  7.870470e+000
    endloop
  endfacet
  facet normal -7.071065e-001  -0.000000e+000 -7.071071e-001
    outer loop
      vertex  1.684550e+001 -1.518000e+001  7.870470e+000
      vertex  1.684550e+001 -1.868000e+001  7.870470e+000
      vertex  1.637047e+001 -1.868000e+001  8.345494e+000
    endloop
  endfacet
  facet normal -7.071065e-001  0.000000e+000 -7.071071e-001
    outer loop
      vertex  1.684550e+001 -1.518000e+001  7.870470e+000
      vertex  1.637047e+001 -1.868000e+001  8.345494e+000
      vertex  1.637047e+001 -1.518000e+001  8.345494e+000
    endloop
  endfacet
  facet normal -5.320317e-001  -0.000000e+000 -8.467245e-001
    outer loop
      vertex  1.637047e+001 -1.518000e+001  8.345494e+000
      vertex  1.637047e+001 -1.868000e+001  8.345494e+000
      vertex  1.580165e+001 -1.868000e+001  8.702907e+000
    endloop
  endfacet
  facet normal -5.320317e-001  0.000000e+000 -8.467245e-001
    outer loop
      vertex  1.637047e+001 -1.518000e+001  8.345494e+000
      vertex  1.580165e+001 -1.868000e+001  8.702907e+000
      vertex  1.580165e+001 -1.518000e+001  8.702907e+000
    endloop
  endfacet
  facet normal -3.302790e-001  -0.000000e+000 -9.438834e-001
    outer loop
      vertex  1.580165e+001 -1.518000e+001  8.702907e+000
      vertex  1.580165e+001 -1.868000e+001  8.702907e+000
      vertex  1.516756e+001 -1.868000e+001  8.924784e+000
    endloop
  endfacet
  facet normal -3.302790e-001  0.000000e+000 -9.438834e-001
    outer loop
      vertex  1.580165e+001 -1.518000e+001  8.702907e+000
      vertex  1.516756e+001 -1.868000e+001  8.924784e+000
      vertex  1.516756e+001 -1.518000e+001  8.924784e+000
    endloop
  endfacet
  facet normal -1.119646e-001  -0.000000e+000 -9.937121e-001
    outer loop
      vertex  1.516756e+001 -1.518000e+001  8.924784e+000
      vertex  1.516756e+001 -1.868000e+001  8.924784e+000
      vertex  1.450000e+001 -1.768000e+001  9.000000e+000
    endloop
  endfacet
  facet normal -1.119646e-001  0.000000e+000 -9.937122e-001
    outer loop
      vertex  1.516756e+001 -1.518000e+001  8.924784e+000
      vertex  1.450000e+001 -1.768000e+001  9.000000e+000
      vertex  1.450000e+001 -1.518000e+001  9.000000e+000
    endloop
  endfacet
  facet normal  0.000000e+000  1.000000e+000  0.000000e+000
    outer loop
      vertex -1.500000e+001  2.110000e+001  0.000000e+000
      vertex -2.400000e+001  2.110000e+001  0.000000e+000
      vertex -1.500000e+001  2.110000e+001  1.200000e+001
    endloop
  endfacet
  facet normal  0.000000e+000  1.000000e+000  0.000000e+000
    outer loop
      vertex -1.500000e+001  2.110000e+001  1.200000e+001
      vertex -2.400000e+001  2.110000e+001  0.000000e+000
      vertex -2.400000e+001  2.110000e+001  1.200000e+001
    endloop
  endfacet
  facet normal  1.000000e+000  0.000000e+000  0.000000e+000
    outer loop
      vertex -1.200000e+001  1.710000e+001  0.000000e+000
      vertex -1.200000e+001  1.810000e+001  0.000000e+000
      vertex -1.200000e+001  1.710000e+001  1.200000e+001
    endloop
  endfacet
  facet normal  1.000000e+000  -0.000000e+000  0.000000e+000
    outer loop
      vertex -1.200000e+001  1.710000e+001  1.200000e+001
      vertex -1.200000e+001  1.810000e+001  0.000000e+000
      vertex -1.200000e+001  1.810000e+001  1.200000e+001
    endloop
  endfacet
  facet normal  7.071067e-001  7.071067e-001  0.000000e+000
    outer loop
      vertex -1.500000e+001  2.110000e+001  0.000000e+000
      vertex -1.500000e+001  2.110000e+001  1.200000e+001
      vertex -1.200000e+001  1.810000e+001  0.000000e+000
    endloop
  endfacet
  facet normal  7.071067e-001  7.071067e-001  -0.000000e+000
    outer loop
      vertex -1.200000e+001  1.810000e+001  0.000000e+000
      vertex -1.500000e+001  2.110000e+001  1.200000e+001
      vertex -1.200000e+001  1.810000e+001  1.200000e+001
    endloop
  endfacet
  facet normal -1.950901e-001  0.000000e+000  9.807853e-001
    outer loop
      vertex -3.000000e-001  1.710000e+001  5.000000e+000
      vertex  8.268344e-002  1.510000e+001  5.076120e+000
      vertex  8.268344e-002  1.710000e+001  5.076120e+000
    endloop
  endfacet
  facet normal -5.555707e-001  0.000000e+000  8.314692e-001
    outer loop
      vertex  8.268344e-002  1.710000e+001  5.076120e+000
      vertex  8.268344e-002  1.510000e+001  5.076120e+000
      vertex  4.071068e-001  1.510000e+001  5.292893e+000
    endloop
  endfacet
  facet normal -5.555707e-001  0.000000e+000  8.314692e-001
    outer loop
      vertex  8.268344e-002  1.710000e+001  5.076120e+000
      vertex  4.071068e-001  1.510000e+001  5.292893e+000
      vertex  4.071068e-001  1.710000e+001  5.292893e+000
    endloop
  endfacet
  facet normal -8.314695e-001  0.000000e+000  5.555703e-001
    outer loop
      vertex  4.071068e-001  1.710000e+001  5.292893e+000
      vertex  4.071068e-001  1.510000e+001  5.292893e+000
      vertex  6.238796e-001  1.510000e+001  5.617317e+000
    endloop
  endfacet
  facet normal -8.314695e-001  0.000000e+000  5.555703e-001
    outer loop
      vertex  4.071068e-001  1.710000e+001  5.292893e+000
      vertex  6.238796e-001  1.510000e+001  5.617317e+000
      vertex  6.238796e-001  1.710000e+001  5.617317e+000
    endloop
  endfacet
  facet normal -9.807853e-001  0.000000e+000  1.950903e-001
    outer loop
      vertex  6.238796e-001  1.710000e+001  5.617317e+000
      vertex  6.238796e-001  1.510000e+001  5.617317e+000
      vertex  7.000000e-001  1.510000e+001  6.000000e+000
    endloop
  endfacet
  facet normal -9.807853e-001  0.000000e+000  1.950903e-001
    outer loop
      vertex  6.238796e-001  1.710000e+001  5.617317e+000
      vertex  7.000000e-001  1.510000e+001  6.000000e+000
      vertex  7.000000e-001  1.710000e+001  6.000000e+000
    endloop
  endfacet
  facet normal -1.950901e-001  0.000000e+000  9.807853e-001
    outer loop
      vertex  8.268344e-002  1.510000e+001  5.076120e+000
      vertex -3.000000e-001  1.710000e+001  5.000000e+000
      vertex -3.000000e-001  1.510000e+001  5.000000e+000
    endloop
  endfacet
  facet normal  1.950901e-001  -0.000000e+000  9.807853e-001
    outer loop
      vertex -3.000000e-001  1.510000e+001  5.000000e+000
      vertex -3.000000e-001  1.710000e+001  5.000000e+000
      vertex -6.826834e-001  1.710000e+001  5.076120e+000
    endloop
  endfacet
  facet normal  1.950901e-001  0.000000e+000  9.807853e-001
    outer loop
      vertex -3.000000e-001  1.510000e+001  5.000000e+000
      vertex -6.826834e-001  1.710000e+001  5.076120e+000
      vertex -6.826834e-001  1.510000e+001  5.076120e+000
    endloop
  endfacet
  facet normal  5.555707e-001  -0.000000e+000  8.314692e-001
    outer loop
      vertex -6.826834e-001  1.510000e+001  5.076120e+000
      vertex -6.826834e-001  1.710000e+001  5.076120e+000
      vertex -1.007107e+000  1.710000e+001  5.292893e+000
    endloop
  endfacet
  facet normal  5.555707e-001  0.000000e+000  8.314692e-001
    outer loop
      vertex -6.826834e-001  1.510000e+001  5.076120e+000
      vertex -1.007107e+000  1.710000e+001  5.292893e+000
      vertex -1.007107e+000  1.510000e+001  5.292893e+000
    endloop
  endfacet
  facet normal  8.314695e-001  -0.000000e+000  5.555703e-001
    outer loop
      vertex -1.007107e+000  1.510000e+001  5.292893e+000
      vertex -1.007107e+000  1.710000e+001  5.292893e+000
      vertex -1.223880e+000  1.710000e+001  5.617317e+000
    endloop
  endfacet
  facet normal  8.314695e-001  0.000000e+000  5.555703e-001
    outer loop
      vertex -1.007107e+000  1.510000e+001  5.292893e+000
      vertex -1.223880e+000  1.710000e+001  5.617317e+000
      vertex -1.223880e+000  1.510000e+001  5.617317e+000
    endloop
  endfacet
  facet normal  9.807853e-001  -0.000000e+000  1.950902e-001
    outer loop
      vertex -1.223880e+000  1.510000e+001  5.617317e+000
      vertex -1.223880e+000  1.710000e+001  5.617317e+000
      vertex -1.300000e+000  1.710000e+001  6.000000e+000
    endloop
  endfacet
  facet normal  9.807853e-001  0.000000e+000  1.950902e-001
    outer loop
      vertex -1.223880e+000  1.510000e+001  5.617317e+000
      vertex -1.300000e+000  1.710000e+001  6.000000e+000
      vertex -1.300000e+000  1.510000e+001  6.000000e+000
    endloop
  endfacet
  facet normal  1.950901e-001  0.000000e+000 -9.807853e-001
    outer loop
      vertex -3.000000e-001  1.710000e+001  7.000000e+000
      vertex -6.826834e-001  1.510000e+001  6.923880e+000
      vertex -6.826834e-001  1.710000e+001  6.923880e+000
    endloop
  endfacet
  facet normal  5.555707e-001  0.000000e+000 -8.314692e-001
    outer loop
      vertex -6.826834e-001  1.710000e+001  6.923880e+000
      vertex -6.826834e-001  1.510000e+001  6.923880e+000
      vertex -1.007107e+000  1.510000e+001  6.707107e+000
    endloop
  endfacet
  facet normal  5.555707e-001  0.000000e+000 -8.314692e-001
    outer loop
      vertex -6.826834e-001  1.710000e+001  6.923880e+000
      vertex -1.007107e+000  1.510000e+001  6.707107e+000
      vertex -1.007107e+000  1.710000e+001  6.707107e+000
    endloop
  endfacet
  facet normal  8.314695e-001  0.000000e+000 -5.555703e-001
    outer loop
      vertex -1.007107e+000  1.710000e+001  6.707107e+000
      vertex -1.007107e+000  1.510000e+001  6.707107e+000
      vertex -1.223880e+000  1.510000e+001  6.382683e+000
    endloop
  endfacet
  facet normal  8.314695e-001  0.000000e+000 -5.555703e-001
    outer loop
      vertex -1.007107e+000  1.710000e+001  6.707107e+000
      vertex -1.223880e+000  1.510000e+001  6.382683e+000
      vertex -1.223880e+000  1.710000e+001  6.382683e+000
    endloop
  endfacet
  facet normal  9.807853e-001  0.000000e+000 -1.950902e-001
    outer loop
      vertex -1.223880e+000  1.710000e+001  6.382683e+000
      vertex -1.223880e+000  1.510000e+001  6.382683e+000
      vertex -1.300000e+000  1.510000e+001  6.000000e+000
    endloop
  endfacet
  facet normal  9.807853e-001  0.000000e+000 -1.950902e-001
    outer loop
      vertex -1.223880e+000  1.710000e+001  6.382683e+000
      vertex -1.300000e+000  1.510000e+001  6.000000e+000
      vertex -1.300000e+000  1.710000e+001  6.000000e+000
    endloop
  endfacet
  facet normal  1.950901e-001  0.000000e+000 -9.807853e-001
    outer loop
      vertex -6.826834e-001  1.510000e+001  6.923880e+000
      vertex -3.000000e-001  1.710000e+001  7.000000e+000
      vertex -3.000000e-001  1.510000e+001  7.000000e+000
    endloop
  endfacet
  facet normal -1.950901e-001  0.000000e+000 -9.807853e-001
    outer loop
      vertex -3.000000e-001  1.510000e+001  7.000000e+000
      vertex -3.000000e-001  1.710000e+001  7.000000e+000
      vertex  8.268344e-002  1.710000e+001  6.923880e+000
    endloop
  endfacet
  facet normal -1.950901e-001  -0.000000e+000 -9.807853e-001
    outer loop
      vertex -3.000000e-001  1.510000e+001  7.000000e+000
      vertex  8.268344e-002  1.710000e+001  6.923880e+000
      vertex  8.268344e-002  1.510000e+001  6.923880e+000
    endloop
  endfacet
  facet normal -5.555707e-001  0.000000e+000 -8.314692e-001
    outer loop
      vertex  8.268344e-002  1.510000e+001  6.923880e+000
      vertex  8.268344e-002  1.710000e+001  6.923880e+000
      vertex  4.071068e-001  1.710000e+001  6.707107e+000
    endloop
  endfacet
  facet normal -5.555707e-001  -0.000000e+000 -8.314692e-001
    outer loop
      vertex  8.268344e-002  1.510000e+001  6.923880e+000
      vertex  4.071068e-001  1.710000e+001  6.707107e+000
      vertex  4.071068e-001  1.510000e+001  6.707107e+000
    endloop
  endfacet
  facet normal -8.314695e-001  0.000000e+000 -5.555703e-001
    outer loop
      vertex  4.071068e-001  1.510000e+001  6.707107e+000
      vertex  4.071068e-001  1.710000e+001  6.707107e+000
      vertex  6.238796e-001  1.710000e+001  6.382683e+000
    endloop
  endfacet
  facet normal -8.314695e-001  -0.000000e+000 -5.555703e-001
    outer loop
      vertex  4.071068e-001  1.510000e+001  6.707107e+000
      vertex  6.238796e-001  1.710000e+001  6.382683e+000
      vertex  6.238796e-001  1.510000e+001  6.382683e+000
    endloop
  endfacet
  facet normal -9.807853e-001  0.000000e+000 -1.950903e-001
    outer loop
      vertex  6.238796e-001  1.510000e+001  6.382683e+000
      vertex  6.238796e-001  1.710000e+001  6.382683e+000
      vertex  7.000000e-001  1.710000e+001  6.000000e+000
    endloop
  endfacet
  facet normal -9.807853e-001  -0.000000e+000 -1.950903e-001
    outer loop
      vertex  6.238796e-001  1.510000e+001  6.382683e+000
      vertex  7.000000e-001  1.710000e+001  6.000000e+000
      vertex  7.000000e-001  1.510000e+001  6.000000e+000
    endloop
  endfacet
  facet normal -1.950891e-001 -9.807855e-001  0.000000e+000
    outer loop
      vertex -1.950000e+001 -9.050000e+000  1.200000e+001
      vertex -1.917472e+001 -9.114702e+000  0.000000e+000
      vertex -1.917472e+001 -9.114702e+000  1.200000e+001
    endloop
  endfacet
  facet normal -5.555711e-001 -8.314689e-001  -0.000000e+000
    outer loop
      vertex -1.917472e+001 -9.114702e+000  1.200000e+001
      vertex -1.917472e+001 -9.114702e+000  0.000000e+000
      vertex -1.889896e+001 -9.298959e+000  0.000000e+000
    endloop
  endfacet
  facet normal -5.555711e-001 -8.314689e-001  0.000000e+000
    outer loop
      vertex -1.917472e+001 -9.114702e+000  1.200000e+001
      vertex -1.889896e+001 -9.298959e+000  0.000000e+000
      vertex -1.889896e+001 -9.298959e+000  1.200000e+001
    endloop
  endfacet
  facet normal -8.314694e-001 -5.555705e-001  -0.000000e+000
    outer loop
      vertex -1.889896e+001 -9.298959e+000  1.200000e+001
      vertex -1.889896e+001 -9.298959e+000  0.000000e+000
      vertex -1.871470e+001 -9.574719e+000  0.000000e+000
    endloop
  endfacet
  facet normal -8.314694e-001 -5.555705e-001  0.000000e+000
    outer loop
      vertex -1.889896e+001 -9.298959e+000  1.200000e+001
      vertex -1.871470e+001 -9.574719e+000  0.000000e+000
      vertex -1.871470e+001 -9.574719e+000  1.200000e+001
    endloop
  endfacet
  facet normal -9.807849e-001 -1.950925e-001  -0.000000e+000
    outer loop
      vertex -1.871470e+001 -9.574719e+000  1.200000e+001
      vertex -1.871470e+001 -9.574719e+000  0.000000e+000
      vertex -1.865000e+001 -9.900000e+000  0.000000e+000
    endloop
  endfacet
  facet normal -9.807849e-001 -1.950925e-001  0.000000e+000
    outer loop
      vertex -1.871470e+001 -9.574719e+000  1.200000e+001
      vertex -1.865000e+001 -9.900000e+000  0.000000e+000
      vertex -1.865000e+001 -9.900000e+000  1.200000e+001
    endloop
  endfacet
  facet normal -1.950891e-001 -9.807855e-001  -0.000000e+000
    outer loop
      vertex -1.917472e+001 -9.114702e+000  0.000000e+000
      vertex -1.950000e+001 -9.050000e+000  1.200000e+001
      vertex -1.950000e+001 -9.050000e+000  0.000000e+000
    endloop
  endfacet
  facet normal  1.950891e-001 -9.807855e-001  0.000000e+000
    outer loop
      vertex -1.950000e+001 -9.050000e+000  0.000000e+000
      vertex -1.950000e+001 -9.050000e+000  1.200000e+001
      vertex -1.982528e+001 -9.114702e+000  1.200000e+001
    endloop
  endfacet
  facet normal  1.950891e-001 -9.807855e-001  0.000000e+000
    outer loop
      vertex -1.950000e+001 -9.050000e+000  0.000000e+000
      vertex -1.982528e+001 -9.114702e+000  1.200000e+001
      vertex -1.982528e+001 -9.114702e+000  0.000000e+000
    endloop
  endfacet
  facet normal  5.555711e-001 -8.314689e-001  0.000000e+000
    outer loop
      vertex -1.982528e+001 -9.114702e+000  0.000000e+000
      vertex -1.982528e+001 -9.114702e+000  1.200000e+001
      vertex -2.010104e+001 -9.298959e+000  1.200000e+001
    endloop
  endfacet
  facet normal  5.555711e-001 -8.314689e-001  0.000000e+000
    outer loop
      vertex -1.982528e+001 -9.114702e+000  0.000000e+000
      vertex -2.010104e+001 -9.298959e+000  1.200000e+001
      vertex -2.010104e+001 -9.298959e+000  0.000000e+000
    endloop
  endfacet
  facet normal  8.314694e-001 -5.555705e-001  0.000000e+000
    outer loop
      vertex -2.010104e+001 -9.298959e+000  0.000000e+000
      vertex -2.010104e+001 -9.298959e+000  1.200000e+001
      vertex -2.028530e+001 -9.574719e+000  1.200000e+001
    endloop
  endfacet
  facet normal  8.314694e-001 -5.555705e-001  0.000000e+000
    outer loop
      vertex -2.010104e+001 -9.298959e+000  0.000000e+000
      vertex -2.028530e+001 -9.574719e+000  1.200000e+001
      vertex -2.028530e+001 -9.574719e+000  0.000000e+000
    endloop
  endfacet
  facet normal  9.807849e-001 -1.950925e-001  0.000000e+000
    outer loop
      vertex -2.028530e+001 -9.574719e+000  0.000000e+000
      vertex -2.028530e+001 -9.574719e+000  1.200000e+001
      vertex -2.035000e+001 -9.900000e+000  1.200000e+001
    endloop
  endfacet
  facet normal  9.807849e-001 -1.950925e-001  0.000000e+000
    outer loop
      vertex -2.028530e+001 -9.574719e+000  0.000000e+000
      vertex -2.035000e+001 -9.900000e+000  1.200000e+001
      vertex -2.035000e+001 -9.900000e+000  0.000000e+000
    endloop
  endfacet
  facet normal  1.950891e-001  9.807855e-001  -0.000000e+000
    outer loop
      vertex -1.950000e+001 -1.075000e+001  1.200000e+001
      vertex -1.982528e+001 -1.068530e+001  0.000000e+000
      vertex -1.982528e+001 -1.068530e+001  1.200000e+001
    endloop
  endfacet
  facet normal  5.555732e-001  8.314676e-001  0.000000e+000
    outer loop
      vertex -1.982528e+001 -1.068530e+001  1.200000e+001
      vertex -1.982528e+001 -1.068530e+001  0.000000e+000
      vertex -2.010104e+001 -1.050104e+001  0.000000e+000
    endloop
  endfacet
  facet normal  5.555732e-001  8.314676e-001  -0.000000e+000
    outer loop
      vertex -1.982528e+001 -1.068530e+001  1.200000e+001
      vertex -2.010104e+001 -1.050104e+001  0.000000e+000
      vertex -2.010104e+001 -1.050104e+001  1.200000e+001
    endloop
  endfacet
  facet normal  8.314685e-001  5.555719e-001  0.000000e+000
    outer loop
      vertex -2.010104e+001 -1.050104e+001  1.200000e+001
      vertex -2.010104e+001 -1.050104e+001  0.000000e+000
      vertex -2.028530e+001 -1.022528e+001  0.000000e+000
    endloop
  endfacet
  facet normal  8.314685e-001  5.555719e-001  -0.000000e+000
    outer loop
      vertex -2.010104e+001 -1.050104e+001  1.200000e+001
      vertex -2.028530e+001 -1.022528e+001  0.000000e+000
      vertex -2.028530e+001 -1.022528e+001  1.200000e+001
    endloop
  endfacet
  facet normal  9.807850e-001  1.950919e-001  0.000000e+000
    outer loop
      vertex -2.028530e+001 -1.022528e+001  1.200000e+001
      vertex -2.028530e+001 -1.022528e+001  0.000000e+000
      vertex -2.035000e+001 -9.900000e+000  0.000000e+000
    endloop
  endfacet
  facet normal  9.807850e-001  1.950919e-001  -0.000000e+000
    outer loop
      vertex -2.028530e+001 -1.022528e+001  1.200000e+001
      vertex -2.035000e+001 -9.900000e+000  0.000000e+000
      vertex -2.035000e+001 -9.900000e+000  1.200000e+001
    endloop
  endfacet
  facet normal  1.950891e-001  9.807855e-001  0.000000e+000
    outer loop
      vertex -1.982528e+001 -1.068530e+001  0.000000e+000
      vertex -1.950000e+001 -1.075000e+001  1.200000e+001
      vertex -1.950000e+001 -1.075000e+001  0.000000e+000
    endloop
  endfacet
  facet normal -1.950891e-001  9.807855e-001  0.000000e+000
    outer loop
      vertex -1.950000e+001 -1.075000e+001  0.000000e+000
      vertex -1.950000e+001 -1.075000e+001  1.200000e+001
      vertex -1.917472e+001 -1.068530e+001  1.200000e+001
    endloop
  endfacet
  facet normal -1.950891e-001  9.807855e-001  0.000000e+000
    outer loop
      vertex -1.950000e+001 -1.075000e+001  0.000000e+000
      vertex -1.917472e+001 -1.068530e+001  1.200000e+001
      vertex -1.917472e+001 -1.068530e+001  0.000000e+000
    endloop
  endfacet
  facet normal -5.555732e-001  8.314676e-001  0.000000e+000
    outer loop
      vertex -1.917472e+001 -1.068530e+001  0.000000e+000
      vertex -1.917472e+001 -1.068530e+001  1.200000e+001
      vertex -1.889896e+001 -1.050104e+001  1.200000e+001
    endloop
  endfacet
  facet normal -5.555732e-001  8.314676e-001  0.000000e+000
    outer loop
      vertex -1.917472e+001 -1.068530e+001  0.000000e+000
      vertex -1.889896e+001 -1.050104e+001  1.200000e+001
      vertex -1.889896e+001 -1.050104e+001  0.000000e+000
    endloop
  endfacet
  facet normal -8.314685e-001  5.555719e-001  0.000000e+000
    outer loop
      vertex -1.889896e+001 -1.050104e+001  0.000000e+000
      vertex -1.889896e+001 -1.050104e+001  1.200000e+001
      vertex -1.871470e+001 -1.022528e+001  1.200000e+001
    endloop
  endfacet
  facet normal -8.314685e-001  5.555719e-001  0.000000e+000
    outer loop
      vertex -1.889896e+001 -1.050104e+001  0.000000e+000
      vertex -1.871470e+001 -1.022528e+001  1.200000e+001
      vertex -1.871470e+001 -1.022528e+001  0.000000e+000
    endloop
  endfacet
  facet normal -9.807850e-001  1.950919e-001  0.000000e+000
    outer loop
      vertex -1.871470e+001 -1.022528e+001  0.000000e+000
      vertex -1.871470e+001 -1.022528e+001  1.200000e+001
      vertex -1.865000e+001 -9.900000e+000  1.200000e+001
    endloop
  endfacet
  facet normal -9.807850e-001  1.950919e-001  0.000000e+000
    outer loop
      vertex -1.871470e+001 -1.022528e+001  0.000000e+000
      vertex -1.865000e+001 -9.900000e+000  1.200000e+001
      vertex -1.865000e+001 -9.900000e+000  0.000000e+000
    endloop
  endfacet
  facet normal -1.950919e-001 -9.807850e-001  0.000000e+000
    outer loop
      vertex -1.950000e+001  1.895000e+001  1.200000e+001
      vertex -1.917472e+001  1.888530e+001  0.000000e+000
      vertex -1.917472e+001  1.888530e+001  1.200000e+001
    endloop
  endfacet
  facet normal -5.555732e-001 -8.314676e-001  -0.000000e+000
    outer loop
      vertex -1.917472e+001  1.888530e+001  1.200000e+001
      vertex -1.917472e+001  1.888530e+001  0.000000e+000
      vertex -1.889896e+001  1.870104e+001  0.000000e+000
    endloop
  endfacet
  facet normal -5.555732e-001 -8.314676e-001  0.000000e+000
    outer loop
      vertex -1.917472e+001  1.888530e+001  1.200000e+001
      vertex -1.889896e+001  1.870104e+001  0.000000e+000
      vertex -1.889896e+001  1.870104e+001  1.200000e+001
    endloop
  endfacet
  facet normal -8.314676e-001 -5.555732e-001  -0.000000e+000
    outer loop
      vertex -1.889896e+001  1.870104e+001  1.200000e+001
      vertex -1.889896e+001  1.870104e+001  0.000000e+000
      vertex -1.871470e+001  1.842528e+001  0.000000e+000
    endloop
  endfacet
  facet normal -8.314676e-001 -5.555732e-001  0.000000e+000
    outer loop
      vertex -1.889896e+001  1.870104e+001  1.200000e+001
      vertex -1.871470e+001  1.842528e+001  0.000000e+000
      vertex -1.871470e+001  1.842528e+001  1.200000e+001
    endloop
  endfacet
  facet normal -9.807850e-001 -1.950919e-001  -0.000000e+000
    outer loop
      vertex -1.871470e+001  1.842528e+001  1.200000e+001
      vertex -1.871470e+001  1.842528e+001  0.000000e+000
      vertex -1.865000e+001  1.810000e+001  0.000000e+000
    endloop
  endfacet
  facet normal -9.807850e-001 -1.950919e-001  0.000000e+000
    outer loop
      vertex -1.871470e+001  1.842528e+001  1.200000e+001
      vertex -1.865000e+001  1.810000e+001  0.000000e+000
      vertex -1.865000e+001  1.810000e+001  1.200000e+001
    endloop
  endfacet
  facet normal -1.950919e-001 -9.807850e-001  -0.000000e+000
    outer loop
      vertex -1.917472e+001  1.888530e+001  0.000000e+000
      vertex -1.950000e+001  1.895000e+001  1.200000e+001
      vertex -1.950000e+001  1.895000e+001  0.000000e+000
    endloop
  endfacet
  facet normal  1.950919e-001 -9.807850e-001  0.000000e+000
    outer loop
      vertex -1.950000e+001  1.895000e+001  0.000000e+000
      vertex -1.950000e+001  1.895000e+001  1.200000e+001
      vertex -1.982528e+001  1.888530e+001  1.200000e+001
    endloop
  endfacet
  facet normal  1.950919e-001 -9.807850e-001  0.000000e+000
    outer loop
      vertex -1.950000e+001  1.895000e+001  0.000000e+000
      vertex -1.982528e+001  1.888530e+001  1.200000e+001
      vertex -1.982528e+001  1.888530e+001  0.000000e+000
    endloop
  endfacet
  facet normal  5.555732e-001 -8.314676e-001  0.000000e+000
    outer loop
      vertex -1.982528e+001  1.888530e+001  0.000000e+000
      vertex -1.982528e+001  1.888530e+001  1.200000e+001
      vertex -2.010104e+001  1.870104e+001  1.200000e+001
    endloop
  endfacet
  facet normal  5.555732e-001 -8.314676e-001  0.000000e+000
    outer loop
      vertex -1.982528e+001  1.888530e+001  0.000000e+000
      vertex -2.010104e+001  1.870104e+001  1.200000e+001
      vertex -2.010104e+001  1.870104e+001  0.000000e+000
    endloop
  endfacet
  facet normal  8.314676e-001 -5.555732e-001  0.000000e+000
    outer loop
      vertex -2.010104e+001  1.870104e+001  0.000000e+000
      vertex -2.010104e+001  1.870104e+001  1.200000e+001
      vertex -2.028530e+001  1.842528e+001  1.200000e+001
    endloop
  endfacet
  facet normal  8.314676e-001 -5.555732e-001  0.000000e+000
    outer loop
      vertex -2.010104e+001  1.870104e+001  0.000000e+000
      vertex -2.028530e+001  1.842528e+001  1.200000e+001
      vertex -2.028530e+001  1.842528e+001  0.000000e+000
    endloop
  endfacet
  facet normal  9.807850e-001 -1.950919e-001  0.000000e+000
    outer loop
      vertex -2.028530e+001  1.842528e+001  0.000000e+000
      vertex -2.028530e+001  1.842528e+001  1.200000e+001
      vertex -2.035000e+001  1.810000e+001  1.200000e+001
    endloop
  endfacet
  facet normal  9.807850e-001 -1.950919e-001  0.000000e+000
    outer loop
      vertex -2.028530e+001  1.842528e+001  0.000000e+000
      vertex -2.035000e+001  1.810000e+001  1.200000e+001
      vertex -2.035000e+001  1.810000e+001  0.000000e+000
    endloop
  endfacet
  facet normal  1.950919e-001  9.807850e-001  -0.000000e+000
    outer loop
      vertex -1.950000e+001  1.725000e+001  1.200000e+001
      vertex -1.982528e+001  1.731470e+001  0.000000e+000
      vertex -1.982528e+001  1.731470e+001  1.200000e+001
    endloop
  endfacet
  facet normal  5.555692e-001  8.314703e-001  0.000000e+000
    outer loop
      vertex -1.982528e+001  1.731470e+001  1.200000e+001
      vertex -1.982528e+001  1.731470e+001  0.000000e+000
      vertex -2.010104e+001  1.749896e+001  0.000000e+000
    endloop
  endfacet
  facet normal  5.555692e-001  8.314703e-001  -0.000000e+000
    outer loop
      vertex -1.982528e+001  1.731470e+001  1.200000e+001
      vertex -2.010104e+001  1.749896e+001  0.000000e+000
      vertex -2.010104e+001  1.749896e+001  1.200000e+001
    endloop
  endfacet
  facet normal  8.314694e-001  5.555705e-001  0.000000e+000
    outer loop
      vertex -2.010104e+001  1.749896e+001  1.200000e+001
      vertex -2.010104e+001  1.749896e+001  0.000000e+000
      vertex -2.028530e+001  1.777472e+001  0.000000e+000
    endloop
  endfacet
  facet normal  8.314694e-001  5.555705e-001  -0.000000e+000
    outer loop
      vertex -2.010104e+001  1.749896e+001  1.200000e+001
      vertex -2.028530e+001  1.777472e+001  0.000000e+000
      vertex -2.028530e+001  1.777472e+001  1.200000e+001
    endloop
  endfacet
  facet normal  9.807850e-001  1.950919e-001  0.000000e+000
    outer loop
      vertex -2.028530e+001  1.777472e+001  1.200000e+001
      vertex -2.028530e+001  1.777472e+001  0.000000e+000
      vertex -2.035000e+001  1.810000e+001  0.000000e+000
    endloop
  endfacet
  facet normal  9.807850e-001  1.950919e-001  -0.000000e+000
    outer loop
      vertex -2.028530e+001  1.777472e+001  1.200000e+001
      vertex -2.035000e+001  1.810000e+001  0.000000e+000
      vertex -2.035000e+001  1.810000e+001  1.200000e+001
    endloop
  endfacet
  facet normal  1.950919e-001  9.807850e-001  0.000000e+000
    outer loop
      vertex -1.982528e+001  1.731470e+001  0.000000e+000
      vertex -1.950000e+001  1.725000e+001  1.200000e+001
      vertex -1.950000e+001  1.725000e+001  0.000000e+000
    endloop
  endfacet
  facet normal -1.950919e-001  9.807850e-001  0.000000e+000
    outer loop
      vertex -1.950000e+001  1.725000e+001  0.000000e+000
      vertex -1.950000e+001  1.725000e+001  1.200000e+001
      vertex -1.917472e+001  1.731470e+001  1.200000e+001
    endloop
  endfacet
  facet normal -1.950919e-001  9.807850e-001  0.000000e+000
    outer loop
      vertex -1.950000e+001  1.725000e+001  0.000000e+000
      vertex -1.917472e+001  1.731470e+001  1.200000e+001
      vertex -1.917472e+001  1.731470e+001  0.000000e+000
    endloop
  endfacet
  facet normal -5.555692e-001  8.314703e-001  0.000000e+000
    outer loop
      vertex -1.917472e+001  1.731470e+001  0.000000e+000
      vertex -1.917472e+001  1.731470e+001  1.200000e+001
      vertex -1.889896e+001  1.749896e+001  1.200000e+001
    endloop
  endfacet
  facet normal -5.555692e-001  8.314703e-001  0.000000e+000
    outer loop
      vertex -1.917472e+001  1.731470e+001  0.000000e+000
      vertex -1.889896e+001  1.749896e+001  1.200000e+001
      vertex -1.889896e+001  1.749896e+001  0.000000e+000
    endloop
  endfacet
  facet normal -8.314694e-001  5.555705e-001  0.000000e+000
    outer loop
      vertex -1.889896e+001  1.749896e+001  0.000000e+000
      vertex -1.889896e+001  1.749896e+001  1.200000e+001
      vertex -1.871470e+001  1.777472e+001  1.200000e+001
    endloop
  endfacet
  facet normal -8.314694e-001  5.555705e-001  0.000000e+000
    outer loop
      vertex -1.889896e+001  1.749896e+001  0.000000e+000
      vertex -1.871470e+001  1.777472e+001  1.200000e+001
      vertex -1.871470e+001  1.777472e+001  0.000000e+000
    endloop
  endfacet
  facet normal -9.807850e-001  1.950919e-001  0.000000e+000
    outer loop
      vertex -1.871470e+001  1.777472e+001  0.000000e+000
      vertex -1.871470e+001  1.777472e+001  1.200000e+001
      vertex -1.865000e+001  1.810000e+001  1.200000e+001
    endloop
  endfacet
  facet normal -9.807850e-001  1.950919e-001  0.000000e+000
    outer loop
      vertex -1.871470e+001  1.777472e+001  0.000000e+000
      vertex -1.865000e+001  1.810000e+001  1.200000e+001
      vertex -1.865000e+001  1.810000e+001  0.000000e+000
    endloop
  endfacet
  facet normal -1.305285e-001  9.914445e-001  0.000000e+000
    outer loop
      vertex -4.500000e+000  2.110000e+001  1.000000e+001
      vertex -4.500000e+000  2.110000e+001  8.624617e+000
      vertex -5.017638e+000  2.103185e+001  1.000000e+001
    endloop
  endfacet
  facet normal -1.305285e-001  9.914445e-001  0.000000e+000
    outer loop
      vertex -5.017638e+000  2.103185e+001  1.000000e+001
      vertex -4.500000e+000  2.110000e+001  8.624617e+000
      vertex -5.017638e+000  2.103185e+001  8.624617e+000
    endloop
  endfacet
  facet normal -3.826829e-001  9.238797e-001  0.000000e+000
    outer loop
      vertex -5.017638e+000  2.103185e+001  1.000000e+001
      vertex -5.017638e+000  2.103185e+001  8.624617e+000
      vertex -5.500000e+000  2.083205e+001  1.000000e+001
    endloop
  endfacet
  facet normal -3.826829e-001  9.238797e-001  0.000000e+000
    outer loop
      vertex -5.500000e+000  2.083205e+001  1.000000e+001
      vertex -5.017638e+000  2.103185e+001  8.624617e+000
      vertex -5.500000e+000  2.083205e+001  8.624617e+000
    endloop
  endfacet
  facet normal -6.087608e-001  7.933539e-001  0.000000e+000
    outer loop
      vertex -5.500000e+000  2.083205e+001  1.000000e+001
      vertex -5.500000e+000  2.083205e+001  8.624617e+000
      vertex -5.914214e+000  2.051421e+001  1.000000e+001
    endloop
  endfacet
  facet normal -6.087608e-001  7.933539e-001  0.000000e+000
    outer loop
      vertex -5.914214e+000  2.051421e+001  1.000000e+001
      vertex -5.500000e+000  2.083205e+001  8.624617e+000
      vertex -5.914214e+000  2.051421e+001  8.624617e+000
    endloop
  endfacet
  facet normal -7.933531e-001  6.087618e-001  0.000000e+000
    outer loop
      vertex -5.914214e+000  2.051421e+001  1.000000e+001
      vertex -5.914214e+000  2.051421e+001  8.624617e+000
      vertex -6.232051e+000  2.010000e+001  1.000000e+001
    endloop
  endfacet
  facet normal -7.933531e-001  6.087618e-001  0.000000e+000
    outer loop
      vertex -6.232051e+000  2.010000e+001  1.000000e+001
      vertex -5.914214e+000  2.051421e+001  8.624617e+000
      vertex -6.232051e+000  2.010000e+001  8.624617e+000
    endloop
  endfacet
  facet normal -9.238797e-001  3.826831e-001  0.000000e+000
    outer loop
      vertex -6.232051e+000  2.010000e+001  1.000000e+001
      vertex -6.232051e+000  2.010000e+001  8.624617e+000
      vertex -6.431852e+000  1.961764e+001  1.000000e+001
    endloop
  endfacet
  facet normal -9.238797e-001  3.826831e-001  0.000000e+000
    outer loop
      vertex -6.431852e+000  1.961764e+001  1.000000e+001
      vertex -6.232051e+000  2.010000e+001  8.624617e+000
      vertex -6.431852e+000  1.961764e+001  8.624617e+000
    endloop
  endfacet
  facet normal -9.914448e-001  1.305260e-001  0.000000e+000
    outer loop
      vertex -6.431852e+000  1.961764e+001  1.000000e+001
      vertex -6.431852e+000  1.961764e+001  8.624617e+000
      vertex -6.500000e+000  1.910000e+001  1.000000e+001
    endloop
  endfacet
  facet normal -9.914448e-001  1.305260e-001  0.000000e+000
    outer loop
      vertex -6.500000e+000  1.910000e+001  1.000000e+001
      vertex -6.431852e+000  1.961764e+001  8.624617e+000
      vertex -6.500000e+000  1.910000e+001  8.624617e+000
    endloop
  endfacet
  facet normal -1.305285e-001  9.914445e-001  0.000000e+000
    outer loop
      vertex -4.500000e+000  2.110000e+001  3.375384e+000
      vertex -4.500000e+000  2.110000e+001  2.000000e+000
      vertex -5.017638e+000  2.103185e+001  3.375384e+000
    endloop
  endfacet
  facet normal -1.305285e-001  9.914445e-001  0.000000e+000
    outer loop
      vertex -5.017638e+000  2.103185e+001  3.375384e+000
      vertex -4.500000e+000  2.110000e+001  2.000000e+000
      vertex -5.017638e+000  2.103185e+001  2.000000e+000
    endloop
  endfacet
  facet normal -3.826829e-001  9.238797e-001  0.000000e+000
    outer loop
      vertex -5.017638e+000  2.103185e+001  3.375384e+000
      vertex -5.017638e+000  2.103185e+001  2.000000e+000
      vertex -5.500000e+000  2.083205e+001  3.375384e+000
    endloop
  endfacet
  facet normal -3.826829e-001  9.238797e-001  0.000000e+000
    outer loop
      vertex -5.500000e+000  2.083205e+001  3.375384e+000
      vertex -5.017638e+000  2.103185e+001  2.000000e+000
      vertex -5.500000e+000  2.083205e+001  2.000000e+000
    endloop
  endfacet
  facet normal -6.087608e-001  7.933539e-001  0.000000e+000
    outer loop
      vertex -5.500000e+000  2.083205e+001  3.375384e+000
      vertex -5.500000e+000  2.083205e+001  2.000000e+000
      vertex -5.914214e+000  2.051421e+001  3.375384e+000
    endloop
  endfacet
  facet normal -6.087608e-001  7.933539e-001  0.000000e+000
    outer loop
      vertex -5.914214e+000  2.051421e+001  3.375384e+000
      vertex -5.500000e+000  2.083205e+001  2.000000e+000
      vertex -5.914214e+000  2.051421e+001  2.000000e+000
    endloop
  endfacet
  facet normal -7.933531e-001  6.087618e-001  0.000000e+000
    outer loop
      vertex -5.914214e+000  2.051421e+001  3.375384e+000
      vertex -5.914214e+000  2.051421e+001  2.000000e+000
      vertex -6.232051e+000  2.010000e+001  3.375384e+000
    endloop
  endfacet
  facet normal -7.933531e-001  6.087618e-001  0.000000e+000
    outer loop
      vertex -6.232051e+000  2.010000e+001  3.375384e+000
      vertex -5.914214e+000  2.051421e+001  2.000000e+000
      vertex -6.232051e+000  2.010000e+001  2.000000e+000
    endloop
  endfacet
  facet normal -9.238797e-001  3.826831e-001  0.000000e+000
    outer loop
      vertex -6.232051e+000  2.010000e+001  3.375384e+000
      vertex -6.232051e+000  2.010000e+001  2.000000e+000
      vertex -6.431852e+000  1.961764e+001  3.375384e+000
    endloop
  endfacet
  facet normal -9.238797e-001  3.826831e-001  0.000000e+000
    outer loop
      vertex -6.431852e+000  1.961764e+001  3.375384e+000
      vertex -6.232051e+000  2.010000e+001  2.000000e+000
      vertex -6.431852e+000  1.961764e+001  2.000000e+000
    endloop
  endfacet
  facet normal -9.914448e-001  1.305260e-001  0.000000e+000
    outer loop
      vertex -6.431852e+000  1.961764e+001  3.375384e+000
      vertex -6.431852e+000  1.961764e+001  2.000000e+000
      vertex -6.500000e+000  1.910000e+001  3.375384e+000
    endloop
  endfacet
  facet normal -9.914448e-001  1.305260e-001  0.000000e+000
    outer loop
      vertex -6.500000e+000  1.910000e+001  3.375384e+000
      vertex -6.431852e+000  1.961764e+001  2.000000e+000
      vertex -6.500000e+000  1.910000e+001  2.000000e+000
    endloop
  endfacet
  facet normal  0.000000e+000  -0.000000e+000  1.000000e+000
    outer loop
      vertex -6.500000e+000  1.710000e+001  3.375384e+000
      vertex -6.869238e-001  1.710000e+001  3.375384e+000
      vertex -6.869238e-001  2.110000e+001  3.375384e+000
    endloop
  endfacet
  facet normal  0.000000e+000  0.000000e+000  9.999999e-001
    outer loop
      vertex -6.500000e+000  1.710000e+001  3.375384e+000
      vertex -6.869238e-001  2.110000e+001  3.375384e+000
      vertex -4.500000e+000  2.110000e+001  3.375384e+000
    endloop
  endfacet
  facet normal  0.000000e+000  0.000000e+000  1.000000e+000
    outer loop
      vertex -6.500000e+000  1.710000e+001  3.375384e+000
      vertex -4.500000e+000  2.110000e+001  3.375384e+000
      vertex -5.017638e+000  2.103185e+001  3.375384e+000
    endloop
  endfacet
  facet normal  0.000000e+000  0.000000e+000  9.999999e-001
    outer loop
      vertex -6.500000e+000  1.710000e+001  3.375384e+000
      vertex -5.017638e+000  2.103185e+001  3.375384e+000
      vertex -5.500000e+000  2.083205e+001  3.375384e+000
    endloop
  endfacet
  facet normal  0.000000e+000  0.000000e+000  1.000000e+000
    outer loop
      vertex -6.500000e+000  1.710000e+001  3.375384e+000
      vertex -5.500000e+000  2.083205e+001  3.375384e+000
      vertex -5.914214e+000  2.051421e+001  3.375384e+000
    endloop
  endfacet
  facet normal  0.000000e+000  0.000000e+000  9.999999e-001
    outer loop
      vertex -6.500000e+000  1.710000e+001  3.375384e+000
      vertex -5.914214e+000  2.051421e+001  3.375384e+000
      vertex -6.232051e+000  2.010000e+001  3.375384e+000
    endloop
  endfacet
  facet normal  0.000000e+000  0.000000e+000  1.000000e+000
    outer loop
      vertex -6.500000e+000  1.710000e+001  3.375384e+000
      vertex -6.232051e+000  2.010000e+001  3.375384e+000
      vertex -6.431852e+000  1.961764e+001  3.375384e+000
    endloop
  endfacet
  facet normal  0.000000e+000  0.000000e+000  1.000000e+000
    outer loop
      vertex -6.500000e+000  1.710000e+001  3.375384e+000
      vertex -6.431852e+000  1.961764e+001  3.375384e+000
      vertex -6.500000e+000  1.910000e+001  3.375384e+000
    endloop
  endfacet
  facet normal  0.000000e+000  0.000000e+000 -1.000000e+000
    outer loop
      vertex -6.500000e+000  1.710000e+001  8.624617e+000
      vertex -6.500000e+000  1.910000e+001  8.624617e+000
      vertex -6.431852e+000  1.961764e+001  8.624617e+000
    endloop
  endfacet
  facet normal  0.000000e+000  -0.000000e+000 -1.000000e+000
    outer loop
      vertex -6.500000e+000  1.710000e+001  8.624617e+000
      vertex -6.431852e+000  1.961764e+001  8.624617e+000
      vertex -6.232051e+000  2.010000e+001  8.624617e+000
    endloop
  endfacet
  facet normal  0.000000e+000  -0.000000e+000 -1.000000e+000
    outer loop
      vertex -6.500000e+000  1.710000e+001  8.624617e+000
      vertex -6.232051e+000  2.010000e+001  8.624617e+000
      vertex -5.914214e+000  2.051421e+001  8.624617e+000
    endloop
  endfacet
  facet normal  0.000000e+000  -0.000000e+000 -1.000000e+000
    outer loop
      vertex -6.500000e+000  1.710000e+001  8.624617e+000
      vertex -5.914214e+000  2.051421e+001  8.624617e+000
      vertex -5.500000e+000  2.083205e+001  8.624617e+000
    endloop
  endfacet
  facet normal  0.000000e+000  -0.000000e+000 -9.999999e-001
    outer loop
      vertex -6.500000e+000  1.710000e+001  8.624617e+000
      vertex -5.500000e+000  2.083205e+001  8.624617e+000
      vertex -5.017638e+000  2.103185e+001  8.624617e+000
    endloop
  endfacet
  facet normal  0.000000e+000  -0.000000e+000 -1.000000e+000
    outer loop
      vertex -6.500000e+000  1.710000e+001  8.624617e+000
      vertex -5.017638e+000  2.103185e+001  8.624617e+000
      vertex -4.500000e+000  2.110000e+001  8.624617e+000
    endloop
  endfacet
  facet normal  0.000000e+000  -0.000000e+000 -1.000000e+000
    outer loop
      vertex -6.500000e+000  1.710000e+001  8.624617e+000
      vertex -4.500000e+000  2.110000e+001  8.624617e+000
      vertex -6.869240e-001  2.110000e+001  8.624617e+000
    endloop
  endfacet
  facet normal  0.000000e+000  -0.000000e+000 -1.000000e+000
    outer loop
      vertex -6.500000e+000  1.710000e+001  8.624617e+000
      vertex -6.869240e-001  2.110000e+001  8.624617e+000
      vertex -6.869240e-001  1.710000e+001  8.624617e+000
    endloop
  endfacet
  facet normal -1.000000e+000  0.000000e+000  0.000000e+000
    outer loop
      vertex -6.500000e+000  1.710000e+001  8.624617e+000
      vertex -6.500000e+000  1.710000e+001  1.200000e+001
      vertex -6.500000e+000  1.716815e+001  1.148236e+001
    endloop
  endfacet
  facet normal -1.000000e+000  0.000000e+000  -0.000000e+000
    outer loop
      vertex -6.500000e+000  1.710000e+001  8.624617e+000
      vertex -6.500000e+000  1.716815e+001  1.148236e+001
      vertex -6.500000e+000  1.736795e+001  1.100000e+001
    endloop
  endfacet
  facet normal -1.000000e+000  0.000000e+000  -0.000000e+000
    outer loop
      vertex -6.500000e+000  1.710000e+001  8.624617e+000
      vertex -6.500000e+000  1.736795e+001  1.100000e+001
      vertex -6.500000e+000  1.768579e+001  1.058579e+001
    endloop
  endfacet
  facet normal -1.000000e+000  0.000000e+000  -0.000000e+000
    outer loop
      vertex -6.500000e+000  1.710000e+001  8.624617e+000
      vertex -6.500000e+000  1.768579e+001  1.058579e+001
      vertex -6.500000e+000  1.810000e+001  1.026795e+001
    endloop
  endfacet
  facet normal -1.000000e+000  0.000000e+000  -0.000000e+000
    outer loop
      vertex -6.500000e+000  1.710000e+001  8.624617e+000
      vertex -6.500000e+000  1.810000e+001  1.026795e+001
      vertex -6.500000e+000  1.858236e+001  1.006815e+001
    endloop
  endfacet
  facet normal -1.000000e+000  0.000000e+000  -0.000000e+000
    outer loop
      vertex -6.500000e+000  1.710000e+001  8.624617e+000
      vertex -6.500000e+000  1.858236e+001  1.006815e+001
      vertex -6.500000e+000  1.910000e+001  1.000000e+001
    endloop
  endfacet
  facet normal -1.000000e+000  0.000000e+000  -0.000000e+000
    outer loop
      vertex -6.500000e+000  1.710000e+001  8.624617e+000
      vertex -6.500000e+000  1.910000e+001  1.000000e+001
      vertex -6.500000e+000  1.910000e+001  8.624617e+000
    endloop
  endfacet
  facet normal -1.000000e+000  -0.000000e+000  -0.000000e+000
    outer loop
      vertex -6.500000e+000  1.710000e+001  3.375384e+000
      vertex -6.500000e+000  1.910000e+001  3.375384e+000
      vertex -6.500000e+000  1.910000e+001  2.000000e+000
    endloop
  endfacet
  facet normal -1.000000e+000  -0.000000e+000  0.000000e+000
    outer loop
      vertex -6.500000e+000  1.710000e+001  3.375384e+000
      vertex -6.500000e+000  1.910000e+001  2.000000e+000
      vertex -6.500000e+000  1.858236e+001  1.931852e+000
    endloop
  endfacet
  facet normal -1.000000e+000  -0.000000e+000  0.000000e+000
    outer loop
      vertex -6.500000e+000  1.710000e+001  3.375384e+000
      vertex -6.500000e+000  1.858236e+001  1.931852e+000
      vertex -6.500000e+000  1.810000e+001  1.732051e+000
    endloop
  endfacet
  facet normal -1.000000e+000  -0.000000e+000  0.000000e+000
    outer loop
      vertex -6.500000e+000  1.710000e+001  3.375384e+000
      vertex -6.500000e+000  1.810000e+001  1.732051e+000
      vertex -6.500000e+000  1.768579e+001  1.414214e+000
    endloop
  endfacet
  facet normal -1.000000e+000  -0.000000e+000  0.000000e+000
    outer loop
      vertex -6.500000e+000  1.710000e+001  3.375384e+000
      vertex -6.500000e+000  1.768579e+001  1.414214e+000
      vertex -6.500000e+000  1.736795e+001  1.000000e+000
    endloop
  endfacet
  facet normal -9.999999e-001  -0.000000e+000  0.000000e+000
    outer loop
      vertex -6.500000e+000  1.710000e+001  3.375384e+000
      vertex -6.500000e+000  1.736795e+001  1.000000e+000
      vertex -6.500000e+000  1.716815e+001  5.176381e-001
    endloop
  endfacet
  facet normal -1.000000e+000  -0.000000e+000  0.000000e+000
    outer loop
      vertex -6.500000e+000  1.710000e+001  3.375384e+000
      vertex -6.500000e+000  1.716815e+001  5.176381e-001
      vertex -6.500000e+000  1.710000e+001  1.735856e-011
    endloop
  endfacet
  facet normal  0.000000e+000  9.999999e-001  0.000000e+000
    outer loop
      vertex  3.346843e-001  1.710000e+001  1.207355e+001
      vertex  1.000000e+000  1.710000e+001  1.200000e+001
      vertex -3.346843e-001  1.710000e+001  1.207355e+001
    endloop
  endfacet
  facet normal  0.000000e+000  1.000000e+000  0.000000e+000
    outer loop
      vertex -3.346843e-001  1.710000e+001  1.207355e+001
      vertex  1.000000e+000  1.710000e+001  1.200000e+001
      vertex  6.167302e-010  1.710000e+001  1.200000e+001
    endloop
  endfacet
  facet normal  0.000000e+000  1.000000e+000  0.000000e+000
    outer loop
      vertex -3.346843e-001  1.710000e+001  1.207355e+001
      vertex  6.167302e-010  1.710000e+001  1.200000e+001
      vertex -1.000000e+000  1.710000e+001  1.200000e+001
    endloop
  endfacet
  facet normal  0.000000e+000  0.000000e+000  1.000000e+000
    outer loop
      vertex  4.582576e+000  1.910000e+001  1.000000e+001
      vertex  4.582576e+000  2.110000e+001  1.000000e+001
      vertex -4.500000e+000  2.110000e+001  1.000000e+001
    endloop
  endfacet
  facet normal  0.000000e+000  0.000000e+000  9.999999e-001
    outer loop
      vertex  4.582576e+000  1.910000e+001  1.000000e+001
      vertex -4.500000e+000  2.110000e+001  1.000000e+001
      vertex -5.017638e+000  2.103185e+001  1.000000e+001
    endloop
  endfacet
  facet normal  0.000000e+000  0.000000e+000  1.000000e+000
    outer loop
      vertex  4.582576e+000  1.910000e+001  1.000000e+001
      vertex -5.017638e+000  2.103185e+001  1.000000e+001
      vertex -5.500000e+000  2.083205e+001  1.000000e+001
    endloop
  endfacet
  facet normal  0.000000e+000  0.000000e+000  1.000000e+000
    outer loop
      vertex  4.582576e+000  1.910000e+001  1.000000e+001
      vertex -5.500000e+000  2.083205e+001  1.000000e+001
      vertex -5.914214e+000  2.051421e+001  1.000000e+001
    endloop
  endfacet
  facet normal  0.000000e+000  0.000000e+000  1.000000e+000
    outer loop
      vertex  4.582576e+000  1.910000e+001  1.000000e+001
      vertex -5.914214e+000  2.051421e+001  1.000000e+001
      vertex -6.232051e+000  2.010000e+001  1.000000e+001
    endloop
  endfacet
  facet normal  0.000000e+000  0.000000e+000  1.000000e+000
    outer loop
      vertex  4.582576e+000  1.910000e+001  1.000000e+001
      vertex -6.232051e+000  2.010000e+001  1.000000e+001
      vertex -6.431852e+000  1.961764e+001  1.000000e+001
    endloop
  endfacet
  facet normal  0.000000e+000  0.000000e+000  1.000000e+000
    outer loop
      vertex  4.582576e+000  1.910000e+001  1.000000e+001
      vertex -6.431852e+000  1.961764e+001  1.000000e+001
      vertex -6.500000e+000  1.910000e+001  1.000000e+001
    endloop
  endfacet
  facet normal  0.000000e+000  9.999999e-001  0.000000e+000
    outer loop
      vertex -4.500000e+000  2.110000e+001  1.000000e+001
      vertex  4.582576e+000  2.110000e+001  1.000000e+001
      vertex -4.500000e+000  2.110000e+001  8.624617e+000
    endloop
  endfacet
  facet normal  0.000000e+000  1.000000e+000  0.000000e+000
    outer loop
      vertex -4.500000e+000  2.110000e+001  8.624617e+000
      vertex  4.582576e+000  2.110000e+001  1.000000e+001
      vertex  4.946104e+000  2.110000e+001  9.540630e+000
    endloop
  endfacet
  facet normal  0.000000e+000  1.000000e+000  0.000000e+000
    outer loop
      vertex -4.500000e+000  2.110000e+001  8.624617e+000
      vertex  4.946104e+000  2.110000e+001  9.540630e+000
      vertex -6.869240e-001  2.110000e+001  8.624617e+000
    endloop
  endfacet
  facet normal  0.000000e+000  1.000000e+000  0.000000e+000
    outer loop
      vertex -6.869240e-001  2.110000e+001  8.624617e+000
      vertex  4.946104e+000  2.110000e+001  9.540630e+000
      vertex  5.263756e+000  2.110000e+001  9.048421e+000
    endloop
  endfacet
  facet normal  7.103954e-002  0.000000e+000 -9.974735e-001
    outer loop
      vertex  5.263756e+000  1.710000e+001  9.048421e+000
      vertex -6.869240e-001  1.710000e+001  8.624617e+000
      vertex  5.263756e+000  2.110000e+001  9.048421e+000
    endloop
  endfacet
  facet normal  7.103954e-002  0.000000e+000 -9.974735e-001
    outer loop
      vertex  5.263756e+000  2.110000e+001  9.048421e+000
      vertex -6.869240e-001  1.710000e+001  8.624617e+000
      vertex -6.869240e-001  2.110000e+001  8.624617e+000
    endloop
  endfacet
  facet normal  7.103954e-002  0.000000e+000  9.974735e-001
    outer loop
      vertex  5.263756e+000  1.710000e+001  2.951580e+000
      vertex  5.263756e+000  2.110000e+001  2.951580e+000
      vertex -6.869238e-001  1.710000e+001  3.375384e+000
    endloop
  endfacet
  facet normal  7.103954e-002  -0.000000e+000  9.974735e-001
    outer loop
      vertex -6.869238e-001  1.710000e+001  3.375384e+000
      vertex  5.263756e+000  2.110000e+001  2.951580e+000
      vertex -6.869238e-001  2.110000e+001  3.375384e+000
    endloop
  endfacet
  facet normal  0.000000e+000  1.000000e+000  0.000000e+000
    outer loop
      vertex -4.500000e+000  2.110000e+001  3.375384e+000
      vertex -6.869238e-001  2.110000e+001  3.375384e+000
      vertex -4.500000e+000  2.110000e+001  2.000000e+000
    endloop
  endfacet
  facet normal  0.000000e+000  1.000000e+000  0.000000e+000
    outer loop
      vertex -4.500000e+000  2.110000e+001  2.000000e+000
      vertex -6.869238e-001  2.110000e+001  3.375384e+000
      vertex  5.263756e+000  2.110000e+001  2.951580e+000
    endloop
  endfacet
  facet normal  0.000000e+000  1.000000e+000  0.000000e+000
    outer loop
      vertex -4.500000e+000  2.110000e+001  2.000000e+000
      vertex  5.263756e+000  2.110000e+001  2.951580e+000
      vertex  4.582576e+000  2.110000e+001  2.000000e+000
    endloop
  endfacet
  facet normal  0.000000e+000  1.000000e+000  0.000000e+000
    outer loop
      vertex  4.582576e+000  2.110000e+001  2.000000e+000
      vertex  5.263756e+000  2.110000e+001  2.951580e+000
      vertex  4.946104e+000  2.110000e+001  2.459370e+000
    endloop
  endfacet
  facet normal  0.000000e+000  0.000000e+000 -1.000000e+000
    outer loop
      vertex  4.582576e+000  1.910000e+001  2.000000e+000
      vertex -6.500000e+000  1.910000e+001  2.000000e+000
      vertex -6.431852e+000  1.961764e+001  2.000000e+000
    endloop
  endfacet
  facet normal  0.000000e+000  0.000000e+000 -1.000000e+000
    outer loop
      vertex  4.582576e+000  1.910000e+001  2.000000e+000
      vertex -6.431852e+000  1.961764e+001  2.000000e+000
      vertex -6.232051e+000  2.010000e+001  2.000000e+000
    endloop
  endfacet
  facet normal  0.000000e+000  0.000000e+000 -1.000000e+000
    outer loop
      vertex  4.582576e+000  1.910000e+001  2.000000e+000
      vertex -6.232051e+000  2.010000e+001  2.000000e+000
      vertex -5.914214e+000  2.051421e+001  2.000000e+000
    endloop
  endfacet
  facet normal  0.000000e+000  0.000000e+000 -9.999999e-001
    outer loop
      vertex  4.582576e+000  1.910000e+001  2.000000e+000
      vertex -5.914214e+000  2.051421e+001  2.000000e+000
      vertex -5.500000e+000  2.083205e+001  2.000000e+000
    endloop
  endfacet
  facet normal  0.000000e+000  0.000000e+000 -1.000000e+000
    outer loop
      vertex  4.582576e+000  1.910000e+001  2.000000e+000
      vertex -5.500000e+000  2.083205e+001  2.000000e+000
      vertex -5.017638e+000  2.103185e+001  2.000000e+000
    endloop
  endfacet
  facet normal  0.000000e+000  0.000000e+000 -9.999999e-001
    outer loop
      vertex  4.582576e+000  1.910000e+001  2.000000e+000
      vertex -5.017638e+000  2.103185e+001  2.000000e+000
      vertex -4.500000e+000  2.110000e+001  2.000000e+000
    endloop
  endfacet
  facet normal  0.000000e+000  0.000000e+000 -1.000000e+000
    outer loop
      vertex  4.582576e+000  1.910000e+001  2.000000e+000
      vertex -4.500000e+000  2.110000e+001  2.000000e+000
      vertex  4.582576e+000  2.110000e+001  2.000000e+000
    endloop
  endfacet
  facet normal  -0.000000e+000  0.000000e+000  1.000000e+000
    outer loop
      vertex -1.919866e+001  5.817722e-001  2.570000e+001
      vertex -1.980134e+001  5.817722e-001  2.570000e+001
      vertex -1.861349e+001  4.375406e-001  2.570000e+001
    endloop
  endfacet
  facet normal  0.000000e+000  0.000000e+000  1.000000e+000
    outer loop
      vertex -1.861349e+001  4.375406e-001  2.570000e+001
      vertex -1.980134e+001  5.817722e-001  2.570000e+001
      vertex -2.038651e+001  4.375406e-001  2.570000e+001
    endloop
  endfacet
  facet normal  -0.000000e+000  0.000000e+000  1.000000e+000
    outer loop
      vertex -1.861349e+001  4.375406e-001  2.570000e+001
      vertex -2.038651e+001  4.375406e-001  2.570000e+001
      vertex -1.807984e+001  1.574597e-001  2.570000e+001
    endloop
  endfacet
  facet normal  0.000000e+000  0.000000e+000  1.000000e+000
    outer loop
      vertex -1.807984e+001  1.574597e-001  2.570000e+001
      vertex -2.038651e+001  4.375406e-001  2.570000e+001
      vertex -2.092016e+001  1.574597e-001  2.570000e+001
    endloop
  endfacet
  facet normal  -0.000000e+000  0.000000e+000  1.000000e+000
    outer loop
      vertex -1.807984e+001  1.574597e-001  2.570000e+001
      vertex -2.092016e+001  1.574597e-001  2.570000e+001
      vertex -1.762872e+001 -2.421934e-001  2.570000e+001
    endloop
  endfacet
  facet normal  0.000000e+000  0.000000e+000  1.000000e+000
    outer loop
      vertex -1.762872e+001 -2.421934e-001  2.570000e+001
      vertex -2.092016e+001  1.574597e-001  2.570000e+001
      vertex -2.137128e+001 -2.421934e-001  2.570000e+001
    endloop
  endfacet
  facet normal  -0.000000e+000  0.000000e+000  1.000000e+000
    outer loop
      vertex -1.762872e+001 -2.421934e-001  2.570000e+001
      vertex -2.137128e+001 -2.421934e-001  2.570000e+001
      vertex -1.728636e+001 -7.381921e-001  2.570000e+001
    endloop
  endfacet
  facet normal  0.000000e+000  0.000000e+000  1.000000e+000
    outer loop
      vertex -1.728636e+001 -7.381921e-001  2.570000e+001
      vertex -2.137128e+001 -2.421934e-001  2.570000e+001
      vertex -2.171364e+001 -7.381921e-001  2.570000e+001
    endloop
  endfacet
  facet normal  -0.000000e+000  0.000000e+000  1.000000e+000
    outer loop
      vertex -1.728636e+001 -7.381921e-001  2.570000e+001
      vertex -2.171364e+001 -7.381921e-001  2.570000e+001
      vertex -1.707265e+001 -1.301711e+000  2.570000e+001
    endloop
  endfacet
  facet normal  0.000000e+000  0.000000e+000  9.999999e-001
    outer loop
      vertex -1.707265e+001 -1.301711e+000  2.570000e+001
      vertex -2.171364e+001 -7.381921e-001  2.570000e+001
      vertex -2.192735e+001 -1.301711e+000  2.570000e+001
    endloop
  endfacet
  facet normal  -0.000000e+000  0.000000e+000  1.000000e+000
    outer loop
      vertex -1.707265e+001 -1.301711e+000  2.570000e+001
      vertex -2.192735e+001 -1.301711e+000  2.570000e+001
      vertex -1.700000e+001 -1.900000e+000  2.570000e+001
    endloop
  endfacet
  facet normal  0.000000e+000  0.000000e+000  1.000000e+000
    outer loop
      vertex -1.700000e+001 -1.900000e+000  2.570000e+001
      vertex -2.192735e+001 -1.301711e+000  2.570000e+001
      vertex -2.200000e+001 -1.900000e+000  2.570000e+001
    endloop
  endfacet
  facet normal  -0.000000e+000  0.000000e+000  1.000000e+000
    outer loop
      vertex -1.700000e+001 -1.900000e+000  2.570000e+001
      vertex -2.200000e+001 -1.900000e+000  2.570000e+001
      vertex -1.707265e+001 -2.498289e+000  2.570000e+001
    endloop
  endfacet
  facet normal  0.000000e+000  0.000000e+000  1.000000e+000
    outer loop
      vertex -1.707265e+001 -2.498289e+000  2.570000e+001
      vertex -2.200000e+001 -1.900000e+000  2.570000e+001
      vertex -2.192735e+001 -2.498289e+000  2.570000e+001
    endloop
  endfacet
  facet normal  -0.000000e+000  0.000000e+000  9.999999e-001
    outer loop
      vertex -1.707265e+001 -2.498289e+000  2.570000e+001
      vertex -2.192735e+001 -2.498289e+000  2.570000e+001
      vertex -1.728636e+001 -3.061808e+000  2.570000e+001
    endloop
  endfacet
  facet normal  0.000000e+000  0.000000e+000  1.000000e+000
    outer loop
      vertex -1.728636e+001 -3.061808e+000  2.570000e+001
      vertex -2.192735e+001 -2.498289e+000  2.570000e+001
      vertex -2.171364e+001 -3.061808e+000  2.570000e+001
    endloop
  endfacet
  facet normal  -0.000000e+000  0.000000e+000  1.000000e+000
    outer loop
      vertex -1.728636e+001 -3.061808e+000  2.570000e+001
      vertex -2.171364e+001 -3.061808e+000  2.570000e+001
      vertex -1.762872e+001 -3.557807e+000  2.570000e+001
    endloop
  endfacet
  facet normal  0.000000e+000  0.000000e+000  1.000000e+000
    outer loop
      vertex -1.762872e+001 -3.557807e+000  2.570000e+001
      vertex -2.171364e+001 -3.061808e+000  2.570000e+001
      vertex -2.137128e+001 -3.557807e+000  2.570000e+001
    endloop
  endfacet
  facet normal  -0.000000e+000  0.000000e+000  1.000000e+000
    outer loop
      vertex -1.762872e+001 -3.557807e+000  2.570000e+001
      vertex -2.137128e+001 -3.557807e+000  2.570000e+001
      vertex -1.807984e+001 -3.957460e+000  2.570000e+001
    endloop
  endfacet
  facet normal  0.000000e+000  0.000000e+000  1.000000e+000
    outer loop
      vertex -1.807984e+001 -3.957460e+000  2.570000e+001
      vertex -2.137128e+001 -3.557807e+000  2.570000e+001
      vertex -2.092016e+001 -3.957460e+000  2.570000e+001
    endloop
  endfacet
  facet normal  -0.000000e+000  0.000000e+000  9.999999e-001
    outer loop
      vertex -1.807984e+001 -3.957460e+000  2.570000e+001
      vertex -2.092016e+001 -3.957460e+000  2.570000e+001
      vertex -1.861349e+001 -4.237541e+000  2.570000e+001
    endloop
  endfacet
  facet normal  0.000000e+000  0.000000e+000  1.000000e+000
    outer loop
      vertex -1.861349e+001 -4.237541e+000  2.570000e+001
      vertex -2.092016e+001 -3.957460e+000  2.570000e+001
      vertex -2.038651e+001 -4.237541e+000  2.570000e+001
    endloop
  endfacet
  facet normal  -0.000000e+000  0.000000e+000  1.000000e+000
    outer loop
      vertex -1.861349e+001 -4.237541e+000  2.570000e+001
      vertex -2.038651e+001 -4.237541e+000  2.570000e+001
      vertex -1.919866e+001 -4.381772e+000  2.570000e+001
    endloop
  endfacet
  facet normal  0.000000e+000  0.000000e+000  1.000000e+000
    outer loop
      vertex -1.919866e+001 -4.381772e+000  2.570000e+001
      vertex -2.038651e+001 -4.237541e+000  2.570000e+001
      vertex -1.980134e+001 -4.381772e+000  2.570000e+001
    endloop
  endfacet
  facet normal  1.188227e-003  9.895778e-001  1.439946e-001
    outer loop
      vertex  1.704536e+000  1.710639e+001  1.183905e+001
      vertex  2.384040e+000  1.714093e+001  1.159610e+001
      vertex -6.500000e+000  1.716815e+001  1.148236e+001
    endloop
  endfacet
  facet normal  1.787874e-003  9.914435e-001  1.305247e-001
    outer loop
      vertex  1.704536e+000  1.710639e+001  1.183905e+001
      vertex -6.500000e+000  1.716815e+001  1.148236e+001
      vertex -6.500000e+000  1.710000e+001  1.200000e+001
    endloop
  endfacet
  facet normal  -0.000000e+000  9.992120e-001  3.969281e-002
    outer loop
      vertex  1.704536e+000  1.710639e+001  1.183905e+001
      vertex -6.500000e+000  1.710000e+001  1.200000e+001
      vertex -1.000000e+000  1.710000e+001  1.200000e+001
    endloop
  endfacet
  facet normal  -0.000000e+000  9.992119e-001  3.969280e-002
    outer loop
      vertex  1.704536e+000  1.710639e+001  1.183905e+001
      vertex -1.000000e+000  1.710000e+001  1.200000e+001
      vertex  6.167302e-010  1.710000e+001  1.200000e+001
    endloop
  endfacet
  facet normal  -0.000000e+000  9.992119e-001  3.969280e-002
    outer loop
      vertex  1.704536e+000  1.710639e+001  1.183905e+001
      vertex  6.167302e-010  1.710000e+001  1.200000e+001
      vertex  1.000000e+000  1.710000e+001  1.200000e+001
    endloop
  endfacet
  facet normal -6.693831e-004  9.594495e-001  2.818798e-001
    outer loop
      vertex  2.384040e+000  1.714093e+001  1.159610e+001
      vertex  3.025612e+000  1.723516e+001  1.127690e+001
      vertex -6.500000e+000  1.716815e+001  1.148236e+001
    endloop
  endfacet
  facet normal  2.759539e-003  9.059388e-001  4.233996e-001
    outer loop
      vertex -6.500000e+000  1.716815e+001  1.148236e+001
      vertex  3.025612e+000  1.723516e+001  1.127690e+001
      vertex  3.392259e+000  1.734054e+001  1.104902e+001
    endloop
  endfacet
  facet normal  6.632229e-004  9.238796e-001  3.826828e-001
    outer loop
      vertex -6.500000e+000  1.716815e+001  1.148236e+001
      vertex  3.392259e+000  1.734054e+001  1.104902e+001
      vertex -6.500000e+000  1.736795e+001  1.100000e+001
    endloop
  endfacet
  facet normal -2.688174e-004  8.487580e-001  5.287813e-001
    outer loop
      vertex  3.392259e+000  1.734054e+001  1.104902e+001
      vertex  3.685596e+000  1.747145e+001  1.083905e+001
      vertex -6.500000e+000  1.736795e+001  1.100000e+001
    endloop
  endfacet
  facet normal  2.235448e-003  7.707701e-001  6.371093e-001
    outer loop
      vertex -6.500000e+000  1.736795e+001  1.100000e+001
      vertex  3.685596e+000  1.747145e+001  1.083905e+001
      vertex  3.950660e+000  1.764746e+001  1.062518e+001
    endloop
  endfacet
  facet normal  6.148425e-004  7.933516e-001  6.087635e-001
    outer loop
      vertex -6.500000e+000  1.736795e+001  1.100000e+001
      vertex  3.950660e+000  1.764746e+001  1.062518e+001
      vertex -6.500000e+000  1.768579e+001  1.058579e+001
    endloop
  endfacet
  facet normal -2.805980e-004  6.785122e-001  7.345890e-001
    outer loop
      vertex  3.950660e+000  1.764746e+001  1.062518e+001
      vertex  4.155010e+000  1.784531e+001  1.044251e+001
      vertex -6.500000e+000  1.768579e+001  1.058579e+001
    endloop
  endfacet
  facet normal  2.573950e-003  5.675550e-001  8.233315e-001
    outer loop
      vertex -6.500000e+000  1.768579e+001  1.058579e+001
      vertex  4.155010e+000  1.784531e+001  1.044251e+001
      vertex  4.325541e+000  1.808515e+001  1.027665e+001
    endloop
  endfacet
  facet normal  1.976713e-004  6.087623e-001  7.933526e-001
    outer loop
      vertex -6.500000e+000  1.768579e+001  1.058579e+001
      vertex  4.325541e+000  1.808515e+001  1.027665e+001
      vertex -6.500000e+000  1.810000e+001  1.026795e+001
    endloop
  endfacet
  facet normal -1.100139e-004  4.444467e-001  8.958052e-001
    outer loop
      vertex -6.500000e+000  1.810000e+001  1.026795e+001
      vertex  4.325541e+000  1.808515e+001  1.027665e+001
      vertex  4.447485e+000  1.834108e+001  1.014968e+001
    endloop
  endfacet
  facet normal  1.553382e-003  3.826831e-001  9.238784e-001
    outer loop
      vertex -6.500000e+000  1.810000e+001  1.026795e+001
      vertex  4.447485e+000  1.834108e+001  1.014968e+001
      vertex -6.500000e+000  1.858236e+001  1.006815e+001
    endloop
  endfacet
  facet normal -7.488779e-004  2.894793e-001  9.571840e-001
    outer loop
      vertex  4.447485e+000  1.834108e+001  1.014968e+001
      vertex  4.548310e+000  1.870759e+001  1.003892e+001
      vertex -6.500000e+000  1.858236e+001  1.006815e+001
    endloop
  endfacet
  facet normal  1.515399e-003  9.856704e-002  9.951293e-001
    outer loop
      vertex -6.500000e+000  1.858236e+001  1.006815e+001
      vertex  4.548310e+000  1.870759e+001  1.003892e+001
      vertex  4.582576e+000  1.910000e+001  1.000000e+001
    endloop
  endfacet
  facet normal  0.000000e+000  1.305264e-001  9.914448e-001
    outer loop
      vertex -6.500000e+000  1.858236e+001  1.006815e+001
      vertex  4.582576e+000  1.910000e+001  1.000000e+001
      vertex -6.500000e+000  1.910000e+001  1.000000e+001
    endloop
  endfacet
  facet normal  0.000000e+000 -1.000000e+000  0.000000e+000
    outer loop
      vertex -2.550000e+001  1.610000e+001  0.000000e+000
      vertex -1.350000e+001  1.610000e+001  0.000000e+000
      vertex -2.550000e+001  1.610000e+001  1.200000e+001
    endloop
  endfacet
  facet normal  0.000000e+000 -1.000000e+000  0.000000e+000
    outer loop
      vertex -2.550000e+001  1.610000e+001  1.200000e+001
      vertex -1.350000e+001  1.610000e+001  0.000000e+000
      vertex -1.350000e+001  1.610000e+001  1.200000e+001
    endloop
  endfacet
  facet normal -7.488710e-004  2.894795e-001 -9.571838e-001
    outer loop
      vertex  4.447485e+000  1.834108e+001  1.850316e+000
      vertex -6.500000e+000  1.858236e+001  1.931852e+000
      vertex  4.548310e+000  1.870759e+001  1.961080e+000
    endloop
  endfacet
  facet normal  1.143423e-003  1.305259e-001 -9.914442e-001
    outer loop
      vertex  4.548310e+000  1.870759e+001  1.961080e+000
      vertex -6.500000e+000  1.858236e+001  1.931852e+000
      vertex -6.500000e+000  1.910000e+001  2.000000e+000
    endloop
  endfacet
  facet normal  0.000000e+000  9.869729e-002 -9.951175e-001
    outer loop
      vertex  4.548310e+000  1.870759e+001  1.961080e+000
      vertex -6.500000e+000  1.910000e+001  2.000000e+000
      vertex  4.582576e+000  1.910000e+001  2.000000e+000
    endloop
  endfacet
  facet normal -2.806217e-004  6.785113e-001 -7.345899e-001
    outer loop
      vertex  3.950660e+000  1.764746e+001  1.374821e+000
      vertex -6.500000e+000  1.768579e+001  1.414214e+000
      vertex  4.155010e+000  1.784531e+001  1.557490e+000
    endloop
  endfacet
  facet normal  1.553835e-003  6.087611e-001 -7.933521e-001
    outer loop
      vertex  4.155010e+000  1.784531e+001  1.557490e+000
      vertex -6.500000e+000  1.768579e+001  1.414214e+000
      vertex -6.500000e+000  1.810000e+001  1.732051e+000
    endloop
  endfacet
  facet normal  1.193530e-004  5.687389e-001 -8.225182e-001
    outer loop
      vertex  4.155010e+000  1.784531e+001  1.557490e+000
      vertex -6.500000e+000  1.810000e+001  1.732051e+000
      vertex  4.325541e+000  1.808515e+001  1.723354e+000
    endloop
  endfacet
  facet normal -2.172724e-004  3.826842e-001 -9.238793e-001
    outer loop
      vertex  4.325541e+000  1.808515e+001  1.723354e+000
      vertex -6.500000e+000  1.810000e+001  1.732051e+000
      vertex -6.500000e+000  1.858236e+001  1.931852e+000
    endloop
  endfacet
  facet normal  3.092220e-003  4.432205e-001 -8.964073e-001
    outer loop
      vertex  4.325541e+000  1.808515e+001  1.723354e+000
      vertex -6.500000e+000  1.858236e+001  1.931852e+000
      vertex  4.447485e+000  1.834108e+001  1.850316e+000
    endloop
  endfacet
  facet normal -2.688338e-004  8.487583e-001 -5.287808e-001
    outer loop
      vertex  3.392259e+000  1.734054e+001  9.509827e-001
      vertex -6.500000e+000  1.736795e+001  1.000000e+000
      vertex  3.685596e+000  1.747145e+001  1.160952e+000
    endloop
  endfacet
  facet normal  1.558051e-003  7.933511e-001 -6.087624e-001
    outer loop
      vertex  3.685596e+000  1.747145e+001  1.160952e+000
      vertex -6.500000e+000  1.736795e+001  1.000000e+000
      vertex -6.500000e+000  1.768579e+001  1.414214e+000
    endloop
  endfacet
  facet normal  4.342063e-004  7.718695e-001 -6.357808e-001
    outer loop
      vertex  3.685596e+000  1.747145e+001  1.160952e+000
      vertex -6.500000e+000  1.768579e+001  1.414214e+000
      vertex  3.950660e+000  1.764746e+001  1.374821e+000
    endloop
  endfacet
  facet normal -6.693696e-004  9.594494e-001 -2.818798e-001
    outer loop
      vertex  2.384040e+000  1.714093e+001  4.038986e-001
      vertex -6.500000e+000  1.716815e+001  5.176381e-001
      vertex  3.025612e+000  1.723516e+001  7.231000e-001
    endloop
  endfacet
  facet normal  1.755109e-003  9.238783e-001 -3.826822e-001
    outer loop
      vertex  3.025612e+000  1.723516e+001  7.231000e-001
      vertex -6.500000e+000  1.716815e+001  5.176381e-001
      vertex -6.500000e+000  1.736795e+001  1.000000e+000
    endloop
  endfacet
  facet normal  4.309975e-004  9.073762e-001 -4.203191e-001
    outer loop
      vertex  3.025612e+000  1.723516e+001  7.231000e-001
      vertex -6.500000e+000  1.736795e+001  1.000000e+000
      vertex  3.392259e+000  1.734054e+001  9.509827e-001
    endloop
  endfacet
  facet normal -1.028998e-013  9.992120e-001 -3.969287e-002
    outer loop
      vertex  1.000000e+000  1.710000e+001 -2.084432e-012
      vertex -6.500000e+000  1.710000e+001  1.735856e-011
      vertex  1.704536e+000  1.710639e+001  1.609456e-001
    endloop
  endfacet
  facet normal  1.787871e-003  9.914435e-001 -1.305247e-001
    outer loop
      vertex  1.704536e+000  1.710639e+001  1.609456e-001
      vertex -6.500000e+000  1.710000e+001  1.735856e-011
      vertex -6.500000e+000  1.716815e+001  5.176381e-001
    endloop
  endfacet
  facet normal  1.188238e-003  9.895778e-001 -1.439943e-001
    outer loop
      vertex  1.704536e+000  1.710639e+001  1.609456e-001
      vertex -6.500000e+000  1.716815e+001  5.176381e-001
      vertex  2.384040e+000  1.714093e+001  4.038986e-001
    endloop
  endfacet
  facet normal  3.901093e-001 -9.181394e-003 -9.207228e-001
    outer loop
      vertex  1.926295e+000  1.510000e+001  2.303044e-001
      vertex  2.384040e+000  1.714093e+001  4.038986e-001
      vertex  2.805158e+000  1.510000e+001  6.026779e-001
    endloop
  endfacet
  facet normal  5.818024e-001  8.454766e-004 -8.133296e-001
    outer loop
      vertex  3.392259e+000  1.734054e+001  9.509827e-001
      vertex  3.685596e+000  1.747145e+001  1.160952e+000
      vertex  3.614949e+000  1.510000e+001  1.107951e+000
    endloop
  endfacet
  facet normal  9.268979e-001 -9.232825e-003 -3.752001e-001
    outer loop
      vertex  5.441887e+000  1.510000e+001  3.282305e+000
      vertex  5.660160e+000  1.710000e+001  3.772312e+000
      vertex  5.800030e+000  1.510000e+001  4.167064e+000
    endloop
  endfacet
  facet normal  9.553130e-001  8.490346e-003 -2.954744e-001
    outer loop
      vertex  5.800030e+000  1.510000e+001  4.167064e+000
      vertex  5.660160e+000  1.710000e+001  3.772312e+000
      vertex  5.929479e+000  1.710000e+001  4.643061e+000
    endloop
  endfacet
  facet normal  9.741791e-001 -9.365079e-003 -2.255818e-001
    outer loop
      vertex  5.800030e+000  1.510000e+001  4.167064e+000
      vertex  5.929479e+000  1.710000e+001  4.643061e+000
      vertex  6.015356e+000  1.510000e+001  5.096954e+000
    endloop
  endfacet
  facet normal  9.887377e-001  8.545964e-003 -1.494145e-001
    outer loop
      vertex  5.929479e+000  1.710000e+001  4.643061e+000
      vertex  6.065667e+000  1.710000e+001  5.544276e+000
      vertex  6.015356e+000  1.510000e+001  5.096954e+000
    endloop
  endfacet
  facet normal  9.974744e-001 -9.344211e-003 -7.040925e-002
    outer loop
      vertex  6.082564e+000  1.510000e+001  6.049081e+000
      vertex  6.015356e+000  1.510000e+001  5.096954e+000
      vertex  6.065667e+000  1.710000e+001  5.544276e+000
    endloop
  endfacet
  facet normal  9.999643e-001  8.448299e-003  0.000000e+000
    outer loop
      vertex  6.065667e+000  1.710000e+001  5.544276e+000
      vertex  6.065667e+000  1.710000e+001  6.455724e+000
      vertex  6.082564e+000  1.510000e+001  6.049081e+000
    endloop
  endfacet
  facet normal  9.962100e-001 -9.170057e-003  8.649682e-002
    outer loop
      vertex  6.000000e+000  1.510000e+001  7.000000e+000
      vertex  6.082564e+000  1.510000e+001  6.049081e+000
      vertex  6.065667e+000  1.710000e+001  6.455724e+000
    endloop
  endfacet
  facet normal  9.887406e-001  8.197622e-003  1.494150e-001
    outer loop
      vertex  6.065667e+000  1.710000e+001  6.455724e+000
      vertex  5.929479e+000  1.710000e+001  7.356939e+000
      vertex  6.000000e+000  1.510000e+001  7.000000e+000
    endloop
  endfacet
  facet normal  9.704167e-001 -8.842560e-003  2.412741e-001
    outer loop
      vertex  5.769696e+000  1.510000e+001  7.926295e+000
      vertex  6.000000e+000  1.510000e+001  7.000000e+000
      vertex  5.929479e+000  1.710000e+001  7.356939e+000
    endloop
  endfacet
  facet normal  9.553184e-001  7.793707e-003  2.954758e-001
    outer loop
      vertex  5.929479e+000  1.710000e+001  7.356939e+000
      vertex  5.660160e+000  1.710000e+001  8.227689e+000
      vertex  5.769696e+000  1.510000e+001  7.926295e+000
    endloop
  endfacet
  facet normal  9.207294e-001 -8.362053e-003  3.901122e-001
    outer loop
      vertex  5.397322e+000  1.510000e+001  8.805159e+000
      vertex  5.769696e+000  1.510000e+001  7.926295e+000
      vertex  5.660160e+000  1.710000e+001  8.227689e+000
    endloop
  endfacet
  facet normal  7.450001e-001 -3.353317e-003  6.670560e-001
    outer loop
      vertex  4.266317e+000  1.510000e+001  1.033573e+001
      vertex  4.548310e+000  1.870759e+001  1.003892e+001
      vertex  4.447485e+000  1.834108e+001  1.014968e+001
    endloop
  endfacet
  facet normal  7.218397e-001 -6.234235e-004  6.920600e-001
    outer loop
      vertex  4.266317e+000  1.510000e+001  1.033573e+001
      vertex  4.447485e+000  1.834108e+001  1.014968e+001
      vertex  4.325541e+000  1.808515e+001  1.027665e+001
    endloop
  endfacet
  facet normal  6.293650e-001 -3.550122e-003  7.771016e-001
    outer loop
      vertex  3.535534e+000  1.510000e+001  1.094975e+001
      vertex  3.950660e+000  1.764746e+001  1.062518e+001
      vertex  3.685596e+000  1.747145e+001  1.083905e+001
    endloop
  endfacet
  facet normal  5.817090e-001  1.159710e-003  8.133960e-001
    outer loop
      vertex  3.685596e+000  1.747145e+001  1.083905e+001
      vertex  3.392259e+000  1.734054e+001  1.104902e+001
      vertex  3.535534e+000  1.510000e+001  1.094975e+001
    endloop
  endfacet
  facet normal  3.752024e-001 -8.699086e-003  9.269021e-001
    outer loop
      vertex  2.717695e+000  1.510000e+001  1.144189e+001
      vertex  2.384040e+000  1.714093e+001  1.159610e+001
      vertex  1.832937e+000  1.510000e+001  1.180003e+001
    endloop
  endfacet
  facet normal  3.365242e-001  3.220575e-003  9.416693e-001
    outer loop
      vertex  2.384040e+000  1.714093e+001  1.159610e+001
      vertex  1.704536e+000  1.710639e+001  1.183905e+001
      vertex  1.832937e+000  1.510000e+001  1.180003e+001
    endloop
  endfacet
  facet normal  7.040947e-002 -9.013725e-003  9.974774e-001
    outer loop
      vertex  9.030455e-001  1.510000e+001  1.201536e+001
      vertex  3.346843e-001  1.710000e+001  1.207355e+001
      vertex -4.908155e-002  1.510000e+001  1.208256e+001
    endloop
  endfacet
  facet normal  8.402202e-001  0.000000e+000  5.422453e-001
    outer loop
      vertex  5.263756e+000  1.710000e+001  9.048421e+000
      vertex  5.263756e+000  2.110000e+001  9.048421e+000
      vertex  4.946104e+000  2.110000e+001  9.540630e+000
    endloop
  endfacet
  facet normal  8.373483e-001 -7.724645e-004  5.466693e-001
    outer loop
      vertex  5.263756e+000  1.710000e+001  9.048421e+000
      vertex  4.946104e+000  2.110000e+001  9.540630e+000
      vertex  4.892049e+000  1.510000e+001  9.614949e+000
    endloop
  endfacet
  facet normal  8.483710e-001 -7.728207e-003  5.293458e-001
    outer loop
      vertex  5.263756e+000  1.710000e+001  9.048421e+000
      vertex  4.892049e+000  1.510000e+001  9.614949e+000
      vertex  5.397322e+000  1.510000e+001  8.805159e+000
    endloop
  endfacet
  facet normal  9.004473e-001  7.236566e-003  4.349048e-001
    outer loop
      vertex  5.263756e+000  1.710000e+001  9.048421e+000
      vertex  5.397322e+000  1.510000e+001  8.805159e+000
      vertex  5.660160e+000  1.710000e+001  8.227689e+000
    endloop
  endfacet
  facet normal  9.004400e-001  8.281632e-003 -4.349012e-001
    outer loop
      vertex  5.263756e+000  1.710000e+001  2.951580e+000
      vertex  5.660160e+000  1.710000e+001  3.772312e+000
      vertex  5.441887e+000  1.510000e+001  3.282305e+000
    endloop
  endfacet
  facet normal  8.567941e-001 -8.947166e-003 -5.155811e-001
    outer loop
      vertex  5.263756e+000  1.710000e+001  2.951580e+000
      vertex  5.441887e+000  1.510000e+001  3.282305e+000
      vertex  4.949748e+000  1.510000e+001  2.464466e+000
    endloop
  endfacet
  facet normal  8.404056e-001  5.010590e-005 -5.419577e-001
    outer loop
      vertex  5.263756e+000  1.710000e+001  2.951580e+000
      vertex  4.949748e+000  1.510000e+001  2.464466e+000
      vertex  4.946104e+000  2.110000e+001  2.459370e+000
    endloop
  endfacet
  facet normal  8.402202e-001  0.000000e+000 -5.422453e-001
    outer loop
      vertex  5.263756e+000  1.710000e+001  2.951580e+000
      vertex  4.946104e+000  2.110000e+001  2.459370e+000
      vertex  5.263756e+000  2.110000e+001  2.951580e+000
    endloop
  endfacet
  facet normal  6.555601e-001 -2.652354e-003 -7.551383e-001
    outer loop
      vertex  4.335729e+000  1.510000e+001  1.733683e+000
      vertex  3.614949e+000  1.510000e+001  1.107951e+000
      vertex  3.685596e+000  1.747145e+001  1.160952e+000
    endloop
  endfacet
  facet normal  6.332206e-001 -1.329756e-002 -7.738572e-001
    outer loop
      vertex  4.335729e+000  1.510000e+001  1.733683e+000
      vertex  3.685596e+000  1.747145e+001  1.160952e+000
      vertex  3.950660e+000  1.764746e+001  1.374821e+000
    endloop
  endfacet
  facet normal  6.684511e-001 -3.730499e-003 -7.437467e-001
    outer loop
      vertex  4.335729e+000  1.510000e+001  1.733683e+000
      vertex  3.950660e+000  1.764746e+001  1.374821e+000
      vertex  4.155010e+000  1.784531e+001  1.557490e+000
    endloop
  endfacet
  facet normal  6.973033e-001 -1.002662e-004 -7.167763e-001
    outer loop
      vertex  4.335729e+000  1.510000e+001  1.733683e+000
      vertex  4.155010e+000  1.784531e+001  1.557490e+000
      vertex  4.325541e+000  1.808515e+001  1.723354e+000
    endloop
  endfacet
  facet normal  7.211484e-001  6.414382e-005 -6.927807e-001
    outer loop
      vertex  4.335729e+000  1.510000e+001  1.733683e+000
      vertex  4.325541e+000  1.808515e+001  1.723354e+000
      vertex  4.447485e+000  1.834108e+001  1.850316e+000
    endloop
  endfacet
  facet normal  7.656175e-001 -3.250261e-003 -6.432877e-001
    outer loop
      vertex  4.335729e+000  1.510000e+001  1.733683e+000
      vertex  4.447485e+000  1.834108e+001  1.850316e+000
      vertex  4.949748e+000  1.510000e+001  2.464466e+000
    endloop
  endfacet
  facet normal  7.526858e-001 -8.104576e-003 -6.583299e-001
    outer loop
      vertex  4.949748e+000  1.510000e+001  2.464466e+000
      vertex  4.447485e+000  1.834108e+001  1.850316e+000
      vertex  4.548310e+000  1.870759e+001  1.961080e+000
    endloop
  endfacet
  facet normal  7.687459e-001 -3.696138e-003 -6.395437e-001
    outer loop
      vertex  4.949748e+000  1.510000e+001  2.464466e+000
      vertex  4.548310e+000  1.870759e+001  1.961080e+000
      vertex  4.582576e+000  1.910000e+001  2.000000e+000
    endloop
  endfacet
  facet normal  7.844818e-001  0.000000e+000 -6.201519e-001
    outer loop
      vertex  4.949748e+000  1.510000e+001  2.464466e+000
      vertex  4.582576e+000  1.910000e+001  2.000000e+000
      vertex  4.582576e+000  2.110000e+001  2.000000e+000
    endloop
  endfacet
  facet normal  7.841623e-001 -5.080587e-005 -6.205558e-001
    outer loop
      vertex  4.949748e+000  1.510000e+001  2.464466e+000
      vertex  4.582576e+000  2.110000e+001  2.000000e+000
      vertex  4.946104e+000  2.110000e+001  2.459370e+000
    endloop
  endfacet
  facet normal  7.841619e-001  6.218947e-004  6.205560e-001
    outer loop
      vertex  4.892049e+000  1.510000e+001  9.614949e+000
      vertex  4.946104e+000  2.110000e+001  9.540630e+000
      vertex  4.582576e+000  2.110000e+001  1.000000e+001
    endloop
  endfacet
  facet normal  7.794523e-001  0.000000e+000  6.264615e-001
    outer loop
      vertex  4.892049e+000  1.510000e+001  9.614949e+000
      vertex  4.582576e+000  2.110000e+001  1.000000e+001
      vertex  4.582576e+000  1.910000e+001  1.000000e+001
    endloop
  endfacet
  facet normal  7.647092e-001 -2.864476e-003  6.443691e-001
    outer loop
      vertex  4.892049e+000  1.510000e+001  9.614949e+000
      vertex  4.582576e+000  1.910000e+001  1.000000e+001
      vertex  4.548310e+000  1.870759e+001  1.003892e+001
    endloop
  endfacet
  facet normal  7.551312e-001 -5.091553e-003  6.555539e-001
    outer loop
      vertex  4.892049e+000  1.510000e+001  9.614949e+000
      vertex  4.548310e+000  1.870759e+001  1.003892e+001
      vertex  4.266317e+000  1.510000e+001  1.033573e+001
    endloop
  endfacet
  facet normal  2.412838e-001 -1.596738e-013 -9.704546e-001
    outer loop
      vertex  1.000000e+000  1.510000e+001 -1.755362e-012
      vertex  1.000000e+000  1.710000e+001 -2.084432e-012
      vertex  1.926295e+000  1.510000e+001  2.303044e-001
    endloop
  endfacet
  facet normal  2.227739e-001 -9.076384e-003 -9.748278e-001
    outer loop
      vertex  1.926295e+000  1.510000e+001  2.303044e-001
      vertex  1.000000e+000  1.710000e+001 -2.084432e-012
      vertex  1.704536e+000  1.710639e+001  1.609456e-001
    endloop
  endfacet
  facet normal  3.364593e-001  4.634475e-003 -9.416866e-001
    outer loop
      vertex  1.926295e+000  1.510000e+001  2.303044e-001
      vertex  1.704536e+000  1.710639e+001  1.609456e-001
      vertex  2.384040e+000  1.714093e+001  4.038986e-001
    endloop
  endfacet
  facet normal  5.292819e-001 -6.832867e-003 -8.484185e-001
    outer loop
      vertex  3.392259e+000  1.734054e+001  9.509827e-001
      vertex  3.614949e+000  1.510000e+001  1.107951e+000
      vertex  3.025612e+000  1.723516e+001  7.231000e-001
    endloop
  endfacet
  facet normal  5.293492e-001 -6.806730e-003 -8.483767e-001
    outer loop
      vertex  3.025612e+000  1.723516e+001  7.231000e-001
      vertex  3.614949e+000  1.510000e+001  1.107951e+000
      vertex  2.805158e+000  1.510000e+001  6.026779e-001
    endloop
  endfacet
  facet normal  4.449009e-001  4.574074e-003 -8.955681e-001
    outer loop
      vertex  3.025612e+000  1.723516e+001  7.231000e-001
      vertex  2.805158e+000  1.510000e+001  6.026779e-001
      vertex  2.384040e+000  1.714093e+001  4.038986e-001
    endloop
  endfacet
  facet normal  6.749293e-001 -1.599411e-002  7.377090e-001
    outer loop
      vertex  3.950660e+000  1.764746e+001  1.062518e+001
      vertex  3.535534e+000  1.510000e+001  1.094975e+001
      vertex  4.155010e+000  1.784531e+001  1.044251e+001
    endloop
  endfacet
  facet normal  6.432865e-001 -3.697556e-003  7.656167e-001
    outer loop
      vertex  4.155010e+000  1.784531e+001  1.044251e+001
      vertex  3.535534e+000  1.510000e+001  1.094975e+001
      vertex  4.266317e+000  1.510000e+001  1.033573e+001
    endloop
  endfacet
  facet normal  6.969655e-001  3.657533e-004  7.171046e-001
    outer loop
      vertex  4.155010e+000  1.784531e+001  1.044251e+001
      vertex  4.266317e+000  1.510000e+001  1.033573e+001
      vertex  4.325541e+000  1.808515e+001  1.027665e+001
    endloop
  endfacet
  facet normal  5.155953e-001 -4.991870e-003  8.568176e-001
    outer loop
      vertex  3.535534e+000  1.510000e+001  1.094975e+001
      vertex  3.392259e+000  1.734054e+001  1.104902e+001
      vertex  2.717695e+000  1.510000e+001  1.144189e+001
    endloop
  endfacet
  facet normal  5.301129e-001 -1.093403e-002  8.478565e-001
    outer loop
      vertex  2.717695e+000  1.510000e+001  1.144189e+001
      vertex  3.392259e+000  1.734054e+001  1.104902e+001
      vertex  3.025612e+000  1.723516e+001  1.127690e+001
    endloop
  endfacet
  facet normal  4.448437e-001  5.051640e-003  8.955939e-001
    outer loop
      vertex  2.717695e+000  1.510000e+001  1.144189e+001
      vertex  3.025612e+000  1.723516e+001  1.127690e+001
      vertex  2.384040e+000  1.714093e+001  1.159610e+001
    endloop
  endfacet
  facet normal  2.255893e-001 -4.511717e-003  9.742121e-001
    outer loop
      vertex  1.832937e+000  1.510000e+001  1.180003e+001
      vertex  1.704536e+000  1.710639e+001  1.183905e+001
      vertex  9.030455e-001  1.510000e+001  1.201536e+001
    endloop
  endfacet
  facet normal  2.227325e-001 -3.312349e-003  9.748740e-001
    outer loop
      vertex  9.030455e-001  1.510000e+001  1.201536e+001
      vertex  1.704536e+000  1.710639e+001  1.183905e+001
      vertex  1.000000e+000  1.710000e+001  1.200000e+001
    endloop
  endfacet
  facet normal  1.098769e-001  2.304994e-003  9.939426e-001
    outer loop
      vertex  9.030455e-001  1.510000e+001  1.201536e+001
      vertex  1.000000e+000  1.710000e+001  1.200000e+001
      vertex  3.346843e-001  1.710000e+001  1.207355e+001
    endloop
  endfacet
  facet normal -1.098771e-001  0.000000e+000  9.939451e-001
    outer loop
      vertex -1.000000e+000  1.710000e+001  1.200000e+001
      vertex -1.000000e+000  1.510000e+001  1.200000e+001
      vertex -3.346843e-001  1.710000e+001  1.207355e+001
    endloop
  endfacet
  facet normal -8.649778e-002 -7.861020e-003  9.962210e-001
    outer loop
      vertex -3.346843e-001  1.710000e+001  1.207355e+001
      vertex -1.000000e+000  1.510000e+001  1.200000e+001
      vertex -4.908155e-002  1.510000e+001  1.208256e+001
    endloop
  endfacet
  facet normal  0.000000e+000  4.507973e-003  9.999899e-001
    outer loop
      vertex -3.346843e-001  1.710000e+001  1.207355e+001
      vertex -4.908155e-002  1.510000e+001  1.208256e+001
      vertex  3.346843e-001  1.710000e+001  1.207355e+001
    endloop
  endfacet
endsolid CATIA STL
