solid CATIA STL
  facet normal  0.000000e+000  0.000000e+000 -1.000000e+000
    outer loop
      vertex  1.100000e+001 -3.700000e+001  5.000000e+000
      vertex  1.100000e+001 -2.700000e+001  5.000000e+000
      vertex  1.800000e+001 -3.700000e+001  5.000000e+000
    endloop
  endfacet
  facet normal  0.000000e+000  0.000000e+000 -1.000000e+000
    outer loop
      vertex  1.800000e+001 -3.700000e+001  5.000000e+000
      vertex  1.100000e+001 -2.700000e+001  5.000000e+000
      vertex  1.800000e+001 -2.700000e+001  5.000000e+000
    endloop
  endfacet
  facet normal  0.000000e+000  0.000000e+000  1.000000e+000
    outer loop
      vertex  9.250000e+000  9.000000e+000  1.000000e+000
      vertex  9.250000e+000  5.300000e+001  1.000000e+000
      vertex  5.000000e+000  5.300000e+001  1.000000e+000
    endloop
  endfacet
  facet normal  0.000000e+000  -0.000000e+000  1.000000e+000
    outer loop
      vertex -7.500000e+000 -3.400000e+001  1.000000e+000
      vertex  1.100000e+001 -2.700000e+001  1.000000e+000
      vertex  1.100000e+001  6.000000e+000  1.000000e+000
    endloop
  endfacet
  facet normal  0.000000e+000  0.000000e+000  1.000000e+000
    outer loop
      vertex  7.500000e+000 -3.700000e+001  1.000000e+000
      vertex  1.100000e+001 -3.700000e+001  1.000000e+000
      vertex  7.500000e+000 -3.400000e+001  1.000000e+000
    endloop
  endfacet
  facet normal  -0.000000e+000  0.000000e+000  1.000000e+000
    outer loop
      vertex  1.800000e+001 -2.700000e+001  1.000000e+000
      vertex  1.100000e+001 -2.700000e+001  1.000000e+000
      vertex -7.500000e+000 -3.400000e+001  1.000000e+000
    endloop
  endfacet
  facet normal  0.000000e+000  0.000000e+000  1.000000e+000
    outer loop
      vertex  1.800000e+001 -2.700000e+001  1.000000e+000
      vertex -7.500000e+000 -3.400000e+001  1.000000e+000
      vertex -2.500000e+000 -3.400000e+001  1.000000e+000
    endloop
  endfacet
  facet normal  0.000000e+000  0.000000e+000  1.000000e+000
    outer loop
      vertex  1.800000e+001 -2.700000e+001  1.000000e+000
      vertex -2.500000e+000 -3.400000e+001  1.000000e+000
      vertex  2.500000e+000 -3.400000e+001  1.000000e+000
    endloop
  endfacet
  facet normal  0.000000e+000  0.000000e+000  1.000000e+000
    outer loop
      vertex  1.800000e+001 -2.700000e+001  1.000000e+000
      vertex  2.500000e+000 -3.400000e+001  1.000000e+000
      vertex  7.500000e+000 -3.400000e+001  1.000000e+000
    endloop
  endfacet
  facet normal  -0.000000e+000  0.000000e+000  1.000000e+000
    outer loop
      vertex  1.800000e+001 -2.700000e+001  1.000000e+000
      vertex  7.500000e+000 -3.400000e+001  1.000000e+000
      vertex  1.100000e+001 -3.700000e+001  1.000000e+000
    endloop
  endfacet
  facet normal  0.000000e+000  0.000000e+000  1.000000e+000
    outer loop
      vertex  1.800000e+001 -2.700000e+001  1.000000e+000
      vertex  1.100000e+001 -3.700000e+001  1.000000e+000
      vertex  1.800000e+001 -3.700000e+001  1.000000e+000
    endloop
  endfacet
  facet normal  0.000000e+000  0.000000e+000  1.000000e+000
    outer loop
      vertex -9.250000e+000  5.300000e+001  1.000000e+000
      vertex -9.250000e+000  9.000000e+000  1.000000e+000
      vertex -7.250000e+000  9.000000e+000  1.000000e+000
    endloop
  endfacet
  facet normal  0.000000e+000  -0.000000e+000  1.000000e+000
    outer loop
      vertex -9.250000e+000  5.300000e+001  1.000000e+000
      vertex -7.250000e+000  9.000000e+000  1.000000e+000
      vertex  7.250000e+000  9.000000e+000  1.000000e+000
    endloop
  endfacet
  facet normal  0.000000e+000  -0.000000e+000  1.000000e+000
    outer loop
      vertex -9.250000e+000  5.300000e+001  1.000000e+000
      vertex  7.250000e+000  9.000000e+000  1.000000e+000
      vertex  9.250000e+000  9.000000e+000  1.000000e+000
    endloop
  endfacet
  facet normal  0.000000e+000  0.000000e+000  1.000000e+000
    outer loop
      vertex -9.250000e+000  5.300000e+001  1.000000e+000
      vertex  9.250000e+000  9.000000e+000  1.000000e+000
      vertex -5.000000e+000  5.300000e+001  1.000000e+000
    endloop
  endfacet
  facet normal  0.000000e+000  -0.000000e+000  1.000000e+000
    outer loop
      vertex -1.100000e+001 -3.700000e+001  1.000000e+000
      vertex -7.500000e+000 -3.700000e+001  1.000000e+000
      vertex -7.500000e+000 -3.400000e+001  1.000000e+000
    endloop
  endfacet
  facet normal  0.000000e+000  -0.000000e+000  1.000000e+000
    outer loop
      vertex -1.100000e+001 -3.700000e+001  1.000000e+000
      vertex -7.500000e+000 -3.400000e+001  1.000000e+000
      vertex  1.100000e+001  6.000000e+000  1.000000e+000
    endloop
  endfacet
  facet normal  0.000000e+000  0.000000e+000  1.000000e+000
    outer loop
      vertex -1.100000e+001 -3.700000e+001  1.000000e+000
      vertex  1.100000e+001  6.000000e+000  1.000000e+000
      vertex  7.250000e+000  6.000000e+000  1.000000e+000
    endloop
  endfacet
  facet normal  0.000000e+000  0.000000e+000  1.000000e+000
    outer loop
      vertex -1.100000e+001 -3.700000e+001  1.000000e+000
      vertex  7.250000e+000  6.000000e+000  1.000000e+000
      vertex -7.250000e+000  6.000000e+000  1.000000e+000
    endloop
  endfacet
  facet normal  0.000000e+000  0.000000e+000  1.000000e+000
    outer loop
      vertex -1.100000e+001 -3.700000e+001  1.000000e+000
      vertex -7.250000e+000  6.000000e+000  1.000000e+000
      vertex -1.100000e+001  6.000000e+000  1.000000e+000
    endloop
  endfacet
  facet normal  0.000000e+000  -0.000000e+000  1.000000e+000
    outer loop
      vertex -7.500000e+000 -4.000000e+001  1.000000e+000
      vertex  7.500000e+000 -4.000000e+001  1.000000e+000
      vertex  7.500000e+000 -3.700000e+001  1.000000e+000
    endloop
  endfacet
  facet normal  0.000000e+000  0.000000e+000  1.000000e+000
    outer loop
      vertex -7.500000e+000 -4.000000e+001  1.000000e+000
      vertex  7.500000e+000 -3.700000e+001  1.000000e+000
      vertex  2.500000e+000 -3.700000e+001  1.000000e+000
    endloop
  endfacet
  facet normal  0.000000e+000  0.000000e+000  1.000000e+000
    outer loop
      vertex -7.500000e+000 -4.000000e+001  1.000000e+000
      vertex  2.500000e+000 -3.700000e+001  1.000000e+000
      vertex -2.500000e+000 -3.700000e+001  1.000000e+000
    endloop
  endfacet
  facet normal  0.000000e+000  0.000000e+000  1.000000e+000
    outer loop
      vertex -7.500000e+000 -4.000000e+001  1.000000e+000
      vertex -2.500000e+000 -3.700000e+001  1.000000e+000
      vertex -7.500000e+000 -3.700000e+001  1.000000e+000
    endloop
  endfacet
  facet normal  -0.000000e+000  0.000000e+000  1.000000e+000
    outer loop
      vertex  8.000000e+000  5.600000e+001  1.000000e+000
      vertex -8.000000e+000  5.600000e+001  1.000000e+000
      vertex  5.000000e+000  5.300000e+001  1.000000e+000
    endloop
  endfacet
  facet normal  0.000000e+000  0.000000e+000  1.000000e+000
    outer loop
      vertex  5.000000e+000  5.300000e+001  1.000000e+000
      vertex -8.000000e+000  5.600000e+001  1.000000e+000
      vertex -5.000000e+000  5.300000e+001  1.000000e+000
    endloop
  endfacet
  facet normal  -0.000000e+000  0.000000e+000  9.999999e-001
    outer loop
      vertex  5.000000e+000  5.300000e+001  1.000000e+000
      vertex -5.000000e+000  5.300000e+001  1.000000e+000
      vertex  9.250000e+000  9.000000e+000  1.000000e+000
    endloop
  endfacet
  facet normal  0.000000e+000  0.000000e+000  1.000000e+000
    outer loop
      vertex -7.250000e+000  6.000000e+000  1.000000e+000
      vertex  7.250000e+000  6.000000e+000  1.000000e+000
      vertex -7.250000e+000  9.000000e+000  1.000000e+000
    endloop
  endfacet
  facet normal  -0.000000e+000  0.000000e+000  1.000000e+000
    outer loop
      vertex -7.250000e+000  9.000000e+000  1.000000e+000
      vertex  7.250000e+000  6.000000e+000  1.000000e+000
      vertex  7.250000e+000  9.000000e+000  1.000000e+000
    endloop
  endfacet
  facet normal  0.000000e+000  0.000000e+000  1.000000e+000
    outer loop
      vertex -2.500000e+000 -3.700000e+001  1.000000e+000
      vertex  2.500000e+000 -3.700000e+001  1.000000e+000
      vertex -2.500000e+000 -3.400000e+001  1.000000e+000
    endloop
  endfacet
  facet normal  -0.000000e+000  0.000000e+000  1.000000e+000
    outer loop
      vertex -2.500000e+000 -3.400000e+001  1.000000e+000
      vertex  2.500000e+000 -3.700000e+001  1.000000e+000
      vertex  2.500000e+000 -3.400000e+001  1.000000e+000
    endloop
  endfacet
  facet normal  0.000000e+000 -1.000000e+000  -0.000000e+000
    outer loop
      vertex  1.800000e+001 -2.700000e+001  1.000000e+000
      vertex  1.800000e+001 -2.700000e+001  5.000000e+000
      vertex  1.100000e+001 -2.700000e+001  1.000000e+000
    endloop
  endfacet
  facet normal  0.000000e+000 -1.000000e+000  0.000000e+000
    outer loop
      vertex  1.100000e+001 -2.700000e+001  1.000000e+000
      vertex  1.800000e+001 -2.700000e+001  5.000000e+000
      vertex  1.100000e+001 -2.700000e+001  5.000000e+000
    endloop
  endfacet
  facet normal  0.000000e+000  1.000000e+000  -0.000000e+000
    outer loop
      vertex  1.100000e+001 -3.700000e+001  7.000000e+000
      vertex  1.100000e+001 -3.700000e+001  5.000000e+000
      vertex  7.500000e+000 -3.700000e+001  1.000000e+000
    endloop
  endfacet
  facet normal  0.000000e+000  1.000000e+000  0.000000e+000
    outer loop
      vertex  1.100000e+001 -3.700000e+001  7.000000e+000
      vertex  7.500000e+000 -3.700000e+001  1.000000e+000
      vertex  7.500000e+000 -3.700000e+001  5.000000e+000
    endloop
  endfacet
  facet normal  0.000000e+000  1.000000e+000  -0.000000e+000
    outer loop
      vertex  1.100000e+001 -3.700000e+001  7.000000e+000
      vertex  7.500000e+000 -3.700000e+001  5.000000e+000
      vertex -7.500000e+000 -3.700000e+001  5.000000e+000
    endloop
  endfacet
  facet normal  0.000000e+000  1.000000e+000  -0.000000e+000
    outer loop
      vertex  1.100000e+001 -3.700000e+001  7.000000e+000
      vertex -7.500000e+000 -3.700000e+001  5.000000e+000
      vertex -1.100000e+001 -3.700000e+001  7.000000e+000
    endloop
  endfacet
  facet normal  0.000000e+000  1.000000e+000  0.000000e+000
    outer loop
      vertex -7.500000e+000 -3.700000e+001  1.000000e+000
      vertex -1.100000e+001 -3.700000e+001  1.000000e+000
      vertex -7.500000e+000 -3.700000e+001  5.000000e+000
    endloop
  endfacet
  facet normal  0.000000e+000  1.000000e+000  0.000000e+000
    outer loop
      vertex -7.500000e+000 -3.700000e+001  5.000000e+000
      vertex -1.100000e+001 -3.700000e+001  1.000000e+000
      vertex -1.100000e+001 -3.700000e+001  7.000000e+000
    endloop
  endfacet
  facet normal  0.000000e+000  1.000000e+000  0.000000e+000
    outer loop
      vertex  7.500000e+000 -3.700000e+001  1.000000e+000
      vertex  1.100000e+001 -3.700000e+001  5.000000e+000
      vertex  1.100000e+001 -3.700000e+001  1.000000e+000
    endloop
  endfacet
  facet normal  0.000000e+000  1.000000e+000  0.000000e+000
    outer loop
      vertex  1.100000e+001 -3.700000e+001  1.000000e+000
      vertex  1.100000e+001 -3.700000e+001  5.000000e+000
      vertex  1.800000e+001 -3.700000e+001  5.000000e+000
    endloop
  endfacet
  facet normal  0.000000e+000  1.000000e+000  0.000000e+000
    outer loop
      vertex  1.100000e+001 -3.700000e+001  1.000000e+000
      vertex  1.800000e+001 -3.700000e+001  5.000000e+000
      vertex  1.800000e+001 -3.700000e+001  1.000000e+000
    endloop
  endfacet
  facet normal  1.000000e+000  -0.000000e+000  0.000000e+000
    outer loop
      vertex  1.800000e+001  2.300000e+001  7.000000e+000
      vertex  1.800000e+001 -2.700000e+001  5.000000e+000
      vertex  1.800000e+001  1.500000e+001 -4.500000e+000
    endloop
  endfacet
  facet normal  1.000000e+000  -0.000000e+000  0.000000e+000
    outer loop
      vertex  1.800000e+001  2.300000e+001  7.000000e+000
      vertex  1.800000e+001 -4.000000e+001  7.000000e+000
      vertex  1.800000e+001 -2.700000e+001  5.000000e+000
    endloop
  endfacet
  facet normal  1.000000e+000  0.000000e+000  -0.000000e+000
    outer loop
      vertex  1.800000e+001 -4.000000e+001  7.000000e+000
      vertex  1.800000e+001 -3.700000e+001  5.000000e+000
      vertex  1.800000e+001 -2.700000e+001  5.000000e+000
    endloop
  endfacet
  facet normal  1.000000e+000  0.000000e+000  0.000000e+000
    outer loop
      vertex  1.800000e+001 -4.000000e+001  7.000000e+000
      vertex  1.800000e+001 -4.000000e+001 -8.000000e+000
      vertex  1.800000e+001 -3.700000e+001  5.000000e+000
    endloop
  endfacet
  facet normal  9.999999e-001  0.000000e+000  0.000000e+000
    outer loop
      vertex  1.800000e+001 -4.000000e+001 -8.000000e+000
      vertex  1.800000e+001  2.300000e+001 -8.000000e+000
      vertex  1.800000e+001  1.500000e+001 -6.500000e+000
    endloop
  endfacet
  facet normal  1.000000e+000  0.000000e+000  0.000000e+000
    outer loop
      vertex  1.800000e+001 -4.000000e+001 -8.000000e+000
      vertex  1.800000e+001  1.500000e+001 -6.500000e+000
      vertex  1.800000e+001 -5.000000e+000 -6.500000e+000
    endloop
  endfacet
  facet normal  1.000000e+000  0.000000e+000  0.000000e+000
    outer loop
      vertex  1.800000e+001 -4.000000e+001 -8.000000e+000
      vertex  1.800000e+001 -5.000000e+000 -6.500000e+000
      vertex  1.800000e+001 -3.000000e+001 -6.500000e+000
    endloop
  endfacet
  facet normal  1.000000e+000  0.000000e+000  0.000000e+000
    outer loop
      vertex  1.800000e+001 -4.000000e+001 -8.000000e+000
      vertex  1.800000e+001 -3.000000e+001 -6.500000e+000
      vertex  1.800000e+001 -3.038268e+001 -6.423880e+000
    endloop
  endfacet
  facet normal  1.000000e+000  0.000000e+000  0.000000e+000
    outer loop
      vertex  1.800000e+001 -4.000000e+001 -8.000000e+000
      vertex  1.800000e+001 -3.038268e+001 -6.423880e+000
      vertex  1.800000e+001 -3.070711e+001 -6.207107e+000
    endloop
  endfacet
  facet normal  1.000000e+000  0.000000e+000  0.000000e+000
    outer loop
      vertex  1.800000e+001 -4.000000e+001 -8.000000e+000
      vertex  1.800000e+001 -3.070711e+001 -6.207107e+000
      vertex  1.800000e+001 -3.092388e+001 -5.882683e+000
    endloop
  endfacet
  facet normal  1.000000e+000  0.000000e+000  0.000000e+000
    outer loop
      vertex  1.800000e+001 -4.000000e+001 -8.000000e+000
      vertex  1.800000e+001 -3.092388e+001 -5.882683e+000
      vertex  1.800000e+001 -3.100000e+001 -5.500000e+000
    endloop
  endfacet
  facet normal  1.000000e+000  0.000000e+000  0.000000e+000
    outer loop
      vertex  1.800000e+001 -4.000000e+001 -8.000000e+000
      vertex  1.800000e+001 -3.100000e+001 -5.500000e+000
      vertex  1.800000e+001 -3.700000e+001  1.000000e+000
    endloop
  endfacet
  facet normal  1.000000e+000  0.000000e+000  -0.000000e+000
    outer loop
      vertex  1.800000e+001 -4.000000e+001 -8.000000e+000
      vertex  1.800000e+001 -3.700000e+001  1.000000e+000
      vertex  1.800000e+001 -3.700000e+001  5.000000e+000
    endloop
  endfacet
  facet normal  1.000000e+000  0.000000e+000  0.000000e+000
    outer loop
      vertex  1.800000e+001  2.300000e+001  0.000000e+000
      vertex  1.800000e+001  2.300000e+001  7.000000e+000
      vertex  1.800000e+001  1.500000e+001 -4.500000e+000
    endloop
  endfacet
  facet normal  1.000000e+000  -0.000000e+000  0.000000e+000
    outer loop
      vertex  1.800000e+001  2.300000e+001  0.000000e+000
      vertex  1.800000e+001  1.500000e+001 -4.500000e+000
      vertex  1.800000e+001  1.538268e+001 -4.576120e+000
    endloop
  endfacet
  facet normal  9.999999e-001  -0.000000e+000  0.000000e+000
    outer loop
      vertex  1.800000e+001  2.300000e+001  0.000000e+000
      vertex  1.800000e+001  1.538268e+001 -4.576120e+000
      vertex  1.800000e+001  2.300000e+001 -8.000000e+000
    endloop
  endfacet
  facet normal  1.000000e+000  0.000000e+000  -0.000000e+000
    outer loop
      vertex  1.800000e+001 -3.700000e+001  1.000000e+000
      vertex  1.800000e+001 -3.100000e+001 -5.500000e+000
      vertex  1.800000e+001 -3.092388e+001 -5.117317e+000
    endloop
  endfacet
  facet normal  1.000000e+000  0.000000e+000  -0.000000e+000
    outer loop
      vertex  1.800000e+001 -3.700000e+001  1.000000e+000
      vertex  1.800000e+001 -3.092388e+001 -5.117317e+000
      vertex  1.800000e+001 -3.070711e+001 -4.792893e+000
    endloop
  endfacet
  facet normal  1.000000e+000  0.000000e+000  -0.000000e+000
    outer loop
      vertex  1.800000e+001 -3.700000e+001  1.000000e+000
      vertex  1.800000e+001 -3.070711e+001 -4.792893e+000
      vertex  1.800000e+001 -3.038268e+001 -4.576120e+000
    endloop
  endfacet
  facet normal  1.000000e+000  0.000000e+000  -0.000000e+000
    outer loop
      vertex  1.800000e+001 -3.700000e+001  1.000000e+000
      vertex  1.800000e+001 -3.038268e+001 -4.576120e+000
      vertex  1.800000e+001 -3.000000e+001 -4.500000e+000
    endloop
  endfacet
  facet normal  9.999999e-001  0.000000e+000  -0.000000e+000
    outer loop
      vertex  1.800000e+001 -3.700000e+001  1.000000e+000
      vertex  1.800000e+001 -3.000000e+001 -4.500000e+000
      vertex  1.800000e+001 -2.700000e+001  1.000000e+000
    endloop
  endfacet
  facet normal  1.000000e+000  0.000000e+000  0.000000e+000
    outer loop
      vertex  1.800000e+001  2.300000e+001 -8.000000e+000
      vertex  1.800000e+001  1.538268e+001 -4.576120e+000
      vertex  1.800000e+001  1.570711e+001 -4.792893e+000
    endloop
  endfacet
  facet normal  1.000000e+000  0.000000e+000  0.000000e+000
    outer loop
      vertex  1.800000e+001  2.300000e+001 -8.000000e+000
      vertex  1.800000e+001  1.570711e+001 -4.792893e+000
      vertex  1.800000e+001  1.592388e+001 -5.117317e+000
    endloop
  endfacet
  facet normal  1.000000e+000  0.000000e+000  0.000000e+000
    outer loop
      vertex  1.800000e+001  2.300000e+001 -8.000000e+000
      vertex  1.800000e+001  1.592388e+001 -5.117317e+000
      vertex  1.800000e+001  1.600000e+001 -5.500000e+000
    endloop
  endfacet
  facet normal  1.000000e+000  0.000000e+000  0.000000e+000
    outer loop
      vertex  1.800000e+001  2.300000e+001 -8.000000e+000
      vertex  1.800000e+001  1.600000e+001 -5.500000e+000
      vertex  1.800000e+001  1.592388e+001 -5.882683e+000
    endloop
  endfacet
  facet normal  9.999999e-001  0.000000e+000  0.000000e+000
    outer loop
      vertex  1.800000e+001  2.300000e+001 -8.000000e+000
      vertex  1.800000e+001  1.592388e+001 -5.882683e+000
      vertex  1.800000e+001  1.570711e+001 -6.207107e+000
    endloop
  endfacet
  facet normal  1.000000e+000  0.000000e+000  0.000000e+000
    outer loop
      vertex  1.800000e+001  2.300000e+001 -8.000000e+000
      vertex  1.800000e+001  1.570711e+001 -6.207107e+000
      vertex  1.800000e+001  1.538268e+001 -6.423880e+000
    endloop
  endfacet
  facet normal  1.000000e+000  0.000000e+000  0.000000e+000
    outer loop
      vertex  1.800000e+001  2.300000e+001 -8.000000e+000
      vertex  1.800000e+001  1.538268e+001 -6.423880e+000
      vertex  1.800000e+001  1.500000e+001 -6.500000e+000
    endloop
  endfacet
  facet normal  1.000000e+000  0.000000e+000  0.000000e+000
    outer loop
      vertex  1.800000e+001 -5.000000e+000 -6.500000e+000
      vertex  1.800000e+001  1.500000e+001 -6.500000e+000
      vertex  1.800000e+001 -4.617317e+000 -6.423880e+000
    endloop
  endfacet
  facet normal  1.000000e+000  -0.000000e+000  0.000000e+000
    outer loop
      vertex  1.800000e+001 -4.617317e+000 -6.423880e+000
      vertex  1.800000e+001  1.500000e+001 -6.500000e+000
      vertex  1.800000e+001  1.461732e+001 -6.423880e+000
    endloop
  endfacet
  facet normal  1.000000e+000  0.000000e+000  0.000000e+000
    outer loop
      vertex  1.800000e+001 -4.617317e+000 -6.423880e+000
      vertex  1.800000e+001  1.461732e+001 -6.423880e+000
      vertex  1.800000e+001 -4.292893e+000 -6.207107e+000
    endloop
  endfacet
  facet normal  1.000000e+000  -0.000000e+000  0.000000e+000
    outer loop
      vertex  1.800000e+001 -4.292893e+000 -6.207107e+000
      vertex  1.800000e+001  1.461732e+001 -6.423880e+000
      vertex  1.800000e+001  1.429289e+001 -6.207107e+000
    endloop
  endfacet
  facet normal  1.000000e+000  0.000000e+000  0.000000e+000
    outer loop
      vertex  1.800000e+001 -4.292893e+000 -6.207107e+000
      vertex  1.800000e+001  1.429289e+001 -6.207107e+000
      vertex  1.800000e+001 -4.076120e+000 -5.882683e+000
    endloop
  endfacet
  facet normal  1.000000e+000  -0.000000e+000  0.000000e+000
    outer loop
      vertex  1.800000e+001 -4.076120e+000 -5.882683e+000
      vertex  1.800000e+001  1.429289e+001 -6.207107e+000
      vertex  1.800000e+001  1.407612e+001 -5.882683e+000
    endloop
  endfacet
  facet normal  1.000000e+000  0.000000e+000  0.000000e+000
    outer loop
      vertex  1.800000e+001 -4.076120e+000 -5.882683e+000
      vertex  1.800000e+001  1.407612e+001 -5.882683e+000
      vertex  1.800000e+001 -4.000000e+000 -5.500000e+000
    endloop
  endfacet
  facet normal  1.000000e+000  -0.000000e+000  0.000000e+000
    outer loop
      vertex  1.800000e+001 -4.000000e+000 -5.500000e+000
      vertex  1.800000e+001  1.407612e+001 -5.882683e+000
      vertex  1.800000e+001  1.400000e+001 -5.500000e+000
    endloop
  endfacet
  facet normal  1.000000e+000  0.000000e+000  0.000000e+000
    outer loop
      vertex  1.800000e+001 -4.000000e+000 -5.500000e+000
      vertex  1.800000e+001  1.400000e+001 -5.500000e+000
      vertex  1.800000e+001 -4.076120e+000 -5.117317e+000
    endloop
  endfacet
  facet normal  1.000000e+000  -0.000000e+000  0.000000e+000
    outer loop
      vertex  1.800000e+001 -4.076120e+000 -5.117317e+000
      vertex  1.800000e+001  1.400000e+001 -5.500000e+000
      vertex  1.800000e+001  1.407612e+001 -5.117317e+000
    endloop
  endfacet
  facet normal  1.000000e+000  0.000000e+000  0.000000e+000
    outer loop
      vertex  1.800000e+001 -4.076120e+000 -5.117317e+000
      vertex  1.800000e+001  1.407612e+001 -5.117317e+000
      vertex  1.800000e+001 -4.292893e+000 -4.792893e+000
    endloop
  endfacet
  facet normal  1.000000e+000  -0.000000e+000  0.000000e+000
    outer loop
      vertex  1.800000e+001 -4.292893e+000 -4.792893e+000
      vertex  1.800000e+001  1.407612e+001 -5.117317e+000
      vertex  1.800000e+001  1.429289e+001 -4.792893e+000
    endloop
  endfacet
  facet normal  1.000000e+000  0.000000e+000  0.000000e+000
    outer loop
      vertex  1.800000e+001 -4.292893e+000 -4.792893e+000
      vertex  1.800000e+001  1.429289e+001 -4.792893e+000
      vertex  1.800000e+001 -4.617317e+000 -4.576120e+000
    endloop
  endfacet
  facet normal  1.000000e+000  -0.000000e+000  0.000000e+000
    outer loop
      vertex  1.800000e+001 -4.617317e+000 -4.576120e+000
      vertex  1.800000e+001  1.429289e+001 -4.792893e+000
      vertex  1.800000e+001  1.461732e+001 -4.576120e+000
    endloop
  endfacet
  facet normal  1.000000e+000  0.000000e+000  0.000000e+000
    outer loop
      vertex  1.800000e+001 -4.617317e+000 -4.576120e+000
      vertex  1.800000e+001  1.461732e+001 -4.576120e+000
      vertex  1.800000e+001 -5.000000e+000 -4.500000e+000
    endloop
  endfacet
  facet normal  1.000000e+000  -0.000000e+000  0.000000e+000
    outer loop
      vertex  1.800000e+001 -5.000000e+000 -4.500000e+000
      vertex  1.800000e+001  1.461732e+001 -4.576120e+000
      vertex  1.800000e+001  1.500000e+001 -4.500000e+000
    endloop
  endfacet
  facet normal  9.999999e-001  0.000000e+000  0.000000e+000
    outer loop
      vertex  1.800000e+001 -5.000000e+000 -4.500000e+000
      vertex  1.800000e+001  1.500000e+001 -4.500000e+000
      vertex  1.800000e+001 -2.700000e+001  1.000000e+000
    endloop
  endfacet
  facet normal  1.000000e+000  -0.000000e+000  0.000000e+000
    outer loop
      vertex  1.800000e+001 -2.700000e+001  1.000000e+000
      vertex  1.800000e+001  1.500000e+001 -4.500000e+000
      vertex  1.800000e+001 -2.700000e+001  5.000000e+000
    endloop
  endfacet
  facet normal  1.000000e+000  0.000000e+000  0.000000e+000
    outer loop
      vertex  1.800000e+001 -3.000000e+001 -6.500000e+000
      vertex  1.800000e+001 -5.000000e+000 -6.500000e+000
      vertex  1.800000e+001 -2.961732e+001 -6.423880e+000
    endloop
  endfacet
  facet normal  1.000000e+000  -0.000000e+000  0.000000e+000
    outer loop
      vertex  1.800000e+001 -2.961732e+001 -6.423880e+000
      vertex  1.800000e+001 -5.000000e+000 -6.500000e+000
      vertex  1.800000e+001 -5.382683e+000 -6.423880e+000
    endloop
  endfacet
  facet normal  1.000000e+000  0.000000e+000  0.000000e+000
    outer loop
      vertex  1.800000e+001 -2.961732e+001 -6.423880e+000
      vertex  1.800000e+001 -5.382683e+000 -6.423880e+000
      vertex  1.800000e+001 -2.929289e+001 -6.207107e+000
    endloop
  endfacet
  facet normal  1.000000e+000  -0.000000e+000  0.000000e+000
    outer loop
      vertex  1.800000e+001 -2.929289e+001 -6.207107e+000
      vertex  1.800000e+001 -5.382683e+000 -6.423880e+000
      vertex  1.800000e+001 -5.707107e+000 -6.207107e+000
    endloop
  endfacet
  facet normal  9.999999e-001  0.000000e+000  0.000000e+000
    outer loop
      vertex  1.800000e+001 -2.929289e+001 -6.207107e+000
      vertex  1.800000e+001 -5.707107e+000 -6.207107e+000
      vertex  1.800000e+001 -2.907612e+001 -5.882683e+000
    endloop
  endfacet
  facet normal  1.000000e+000  -0.000000e+000  0.000000e+000
    outer loop
      vertex  1.800000e+001 -2.907612e+001 -5.882683e+000
      vertex  1.800000e+001 -5.707107e+000 -6.207107e+000
      vertex  1.800000e+001 -5.923880e+000 -5.882683e+000
    endloop
  endfacet
  facet normal  1.000000e+000  0.000000e+000  0.000000e+000
    outer loop
      vertex  1.800000e+001 -2.907612e+001 -5.882683e+000
      vertex  1.800000e+001 -5.923880e+000 -5.882683e+000
      vertex  1.800000e+001 -2.900000e+001 -5.500000e+000
    endloop
  endfacet
  facet normal  1.000000e+000  -0.000000e+000  0.000000e+000
    outer loop
      vertex  1.800000e+001 -2.900000e+001 -5.500000e+000
      vertex  1.800000e+001 -5.923880e+000 -5.882683e+000
      vertex  1.800000e+001 -6.000000e+000 -5.500000e+000
    endloop
  endfacet
  facet normal  1.000000e+000  0.000000e+000  0.000000e+000
    outer loop
      vertex  1.800000e+001 -2.900000e+001 -5.500000e+000
      vertex  1.800000e+001 -6.000000e+000 -5.500000e+000
      vertex  1.800000e+001 -2.907612e+001 -5.117317e+000
    endloop
  endfacet
  facet normal  1.000000e+000  -0.000000e+000  0.000000e+000
    outer loop
      vertex  1.800000e+001 -2.907612e+001 -5.117317e+000
      vertex  1.800000e+001 -6.000000e+000 -5.500000e+000
      vertex  1.800000e+001 -5.923880e+000 -5.117317e+000
    endloop
  endfacet
  facet normal  1.000000e+000  0.000000e+000  0.000000e+000
    outer loop
      vertex  1.800000e+001 -2.907612e+001 -5.117317e+000
      vertex  1.800000e+001 -5.923880e+000 -5.117317e+000
      vertex  1.800000e+001 -2.929289e+001 -4.792893e+000
    endloop
  endfacet
  facet normal  9.999999e-001  -0.000000e+000  0.000000e+000
    outer loop
      vertex  1.800000e+001 -2.929289e+001 -4.792893e+000
      vertex  1.800000e+001 -5.923880e+000 -5.117317e+000
      vertex  1.800000e+001 -5.707107e+000 -4.792893e+000
    endloop
  endfacet
  facet normal  1.000000e+000  0.000000e+000  0.000000e+000
    outer loop
      vertex  1.800000e+001 -2.929289e+001 -4.792893e+000
      vertex  1.800000e+001 -5.707107e+000 -4.792893e+000
      vertex  1.800000e+001 -2.961732e+001 -4.576120e+000
    endloop
  endfacet
  facet normal  1.000000e+000  -0.000000e+000  0.000000e+000
    outer loop
      vertex  1.800000e+001 -2.961732e+001 -4.576120e+000
      vertex  1.800000e+001 -5.707107e+000 -4.792893e+000
      vertex  1.800000e+001 -5.382683e+000 -4.576120e+000
    endloop
  endfacet
  facet normal  1.000000e+000  0.000000e+000  0.000000e+000
    outer loop
      vertex  1.800000e+001 -2.961732e+001 -4.576120e+000
      vertex  1.800000e+001 -5.382683e+000 -4.576120e+000
      vertex  1.800000e+001 -3.000000e+001 -4.500000e+000
    endloop
  endfacet
  facet normal  1.000000e+000  -0.000000e+000  0.000000e+000
    outer loop
      vertex  1.800000e+001 -3.000000e+001 -4.500000e+000
      vertex  1.800000e+001 -5.382683e+000 -4.576120e+000
      vertex  1.800000e+001 -5.000000e+000 -4.500000e+000
    endloop
  endfacet
  facet normal  1.000000e+000  0.000000e+000  0.000000e+000
    outer loop
      vertex  1.800000e+001 -3.000000e+001 -4.500000e+000
      vertex  1.800000e+001 -5.000000e+000 -4.500000e+000
      vertex  1.800000e+001 -2.700000e+001  1.000000e+000
    endloop
  endfacet
  facet normal -1.000000e+000  0.000000e+000  0.000000e+000
    outer loop
      vertex  1.100000e+001  6.000000e+000  1.000000e+000
      vertex  1.100000e+001 -2.700000e+001  1.000000e+000
      vertex  1.100000e+001  6.000000e+000  7.000000e+000
    endloop
  endfacet
  facet normal -1.000000e+000  0.000000e+000  0.000000e+000
    outer loop
      vertex  1.100000e+001  6.000000e+000  7.000000e+000
      vertex  1.100000e+001 -2.700000e+001  1.000000e+000
      vertex  1.100000e+001 -2.700000e+001  5.000000e+000
    endloop
  endfacet
  facet normal -1.000000e+000  0.000000e+000  0.000000e+000
    outer loop
      vertex  1.100000e+001  6.000000e+000  7.000000e+000
      vertex  1.100000e+001 -2.700000e+001  5.000000e+000
      vertex  1.100000e+001 -3.700000e+001  7.000000e+000
    endloop
  endfacet
  facet normal -1.000000e+000  0.000000e+000  0.000000e+000
    outer loop
      vertex  1.100000e+001 -3.700000e+001  7.000000e+000
      vertex  1.100000e+001 -2.700000e+001  5.000000e+000
      vertex  1.100000e+001 -3.700000e+001  5.000000e+000
    endloop
  endfacet
  facet normal  0.000000e+000  0.000000e+000 -1.000000e+000
    outer loop
      vertex -7.500000e+000 -4.000000e+001  5.000000e+000
      vertex -7.500000e+000 -3.700000e+001  5.000000e+000
      vertex  7.500000e+000 -4.000000e+001  5.000000e+000
    endloop
  endfacet
  facet normal  0.000000e+000  0.000000e+000 -1.000000e+000
    outer loop
      vertex  7.500000e+000 -4.000000e+001  5.000000e+000
      vertex -7.500000e+000 -3.700000e+001  5.000000e+000
      vertex  7.500000e+000 -3.700000e+001  5.000000e+000
    endloop
  endfacet
  facet normal -1.000000e+000  -0.000000e+000  0.000000e+000
    outer loop
      vertex  7.500000e+000 -4.000000e+001  5.000000e+000
      vertex  7.500000e+000 -3.700000e+001  5.000000e+000
      vertex  7.500000e+000 -4.000000e+001  1.000000e+000
    endloop
  endfacet
  facet normal -1.000000e+000  0.000000e+000  0.000000e+000
    outer loop
      vertex  7.500000e+000 -4.000000e+001  1.000000e+000
      vertex  7.500000e+000 -3.700000e+001  5.000000e+000
      vertex  7.500000e+000 -3.700000e+001  1.000000e+000
    endloop
  endfacet
  facet normal  1.000000e+000  -0.000000e+000  0.000000e+000
    outer loop
      vertex -7.500000e+000 -3.700000e+001  5.000000e+000
      vertex -7.500000e+000 -4.000000e+001  5.000000e+000
      vertex -7.500000e+000 -3.700000e+001  1.000000e+000
    endloop
  endfacet
  facet normal  1.000000e+000  0.000000e+000  0.000000e+000
    outer loop
      vertex -7.500000e+000 -3.700000e+001  1.000000e+000
      vertex -7.500000e+000 -4.000000e+001  5.000000e+000
      vertex -7.500000e+000 -4.000000e+001  1.000000e+000
    endloop
  endfacet
  facet normal  0.000000e+000 -1.000000e+000  -0.000000e+000
    outer loop
      vertex -1.600000e+001 -4.000000e+001 -1.000000e+001
      vertex -1.600000e+001 -4.000000e+001 -2.000000e+000
      vertex -1.800000e+001 -4.000000e+001 -8.000000e+000
    endloop
  endfacet
  facet normal  0.000000e+000 -1.000000e+000  0.000000e+000
    outer loop
      vertex -1.800000e+001 -4.000000e+001  7.000000e+000
      vertex -1.800000e+001 -4.000000e+001 -8.000000e+000
      vertex -1.600000e+001 -4.000000e+001 -2.000000e+000
    endloop
  endfacet
  facet normal  0.000000e+000 -1.000000e+000  0.000000e+000
    outer loop
      vertex -1.800000e+001 -4.000000e+001  7.000000e+000
      vertex -1.600000e+001 -4.000000e+001 -2.000000e+000
      vertex -7.500000e+000 -4.000000e+001  5.000000e+000
    endloop
  endfacet
  facet normal  0.000000e+000 -1.000000e+000  0.000000e+000
    outer loop
      vertex -1.800000e+001 -4.000000e+001  7.000000e+000
      vertex -7.500000e+000 -4.000000e+001  5.000000e+000
      vertex  7.500000e+000 -4.000000e+001  5.000000e+000
    endloop
  endfacet
  facet normal  0.000000e+000 -1.000000e+000  0.000000e+000
    outer loop
      vertex -1.800000e+001 -4.000000e+001  7.000000e+000
      vertex  7.500000e+000 -4.000000e+001  5.000000e+000
      vertex  1.800000e+001 -4.000000e+001  7.000000e+000
    endloop
  endfacet
  facet normal  0.000000e+000 -1.000000e+000  0.000000e+000
    outer loop
      vertex -7.500000e+000 -4.000000e+001  5.000000e+000
      vertex -1.600000e+001 -4.000000e+001 -2.000000e+000
      vertex -7.500000e+000 -4.000000e+001  1.000000e+000
    endloop
  endfacet
  facet normal  0.000000e+000 -1.000000e+000  -0.000000e+000
    outer loop
      vertex -7.500000e+000 -4.000000e+001  1.000000e+000
      vertex -1.600000e+001 -4.000000e+001 -2.000000e+000
      vertex  1.600000e+001 -4.000000e+001 -2.000000e+000
    endloop
  endfacet
  facet normal  0.000000e+000 -1.000000e+000  0.000000e+000
    outer loop
      vertex -7.500000e+000 -4.000000e+001  1.000000e+000
      vertex  1.600000e+001 -4.000000e+001 -2.000000e+000
      vertex  7.500000e+000 -4.000000e+001  1.000000e+000
    endloop
  endfacet
  facet normal  0.000000e+000 -9.999999e-001  0.000000e+000
    outer loop
      vertex  7.500000e+000 -4.000000e+001  1.000000e+000
      vertex  1.600000e+001 -4.000000e+001 -2.000000e+000
      vertex  1.800000e+001 -4.000000e+001  7.000000e+000
    endloop
  endfacet
  facet normal  0.000000e+000 -1.000000e+000  0.000000e+000
    outer loop
      vertex  7.500000e+000 -4.000000e+001  1.000000e+000
      vertex  1.800000e+001 -4.000000e+001  7.000000e+000
      vertex  7.500000e+000 -4.000000e+001  5.000000e+000
    endloop
  endfacet
  facet normal  -0.000000e+000 -1.000000e+000  0.000000e+000
    outer loop
      vertex  1.600000e+001 -4.000000e+001 -1.000000e+001
      vertex  1.800000e+001 -4.000000e+001 -8.000000e+000
      vertex  1.600000e+001 -4.000000e+001 -2.000000e+000
    endloop
  endfacet
  facet normal  0.000000e+000 -1.000000e+000  0.000000e+000
    outer loop
      vertex  1.600000e+001 -4.000000e+001 -2.000000e+000
      vertex  1.800000e+001 -4.000000e+001 -8.000000e+000
      vertex  1.800000e+001 -4.000000e+001  7.000000e+000
    endloop
  endfacet
  facet normal  0.000000e+000  1.000000e+000  0.000000e+000
    outer loop
      vertex  7.500000e+000 -3.700000e+001 -2.000000e+000
      vertex  2.500000e+000 -3.700000e+001 -2.000000e+000
      vertex  7.500000e+000 -3.700000e+001  1.000000e+000
    endloop
  endfacet
  facet normal  0.000000e+000  1.000000e+000  0.000000e+000
    outer loop
      vertex  7.500000e+000 -3.700000e+001  1.000000e+000
      vertex  2.500000e+000 -3.700000e+001 -2.000000e+000
      vertex  2.500000e+000 -3.700000e+001  1.000000e+000
    endloop
  endfacet
  facet normal  0.000000e+000  1.000000e+000  0.000000e+000
    outer loop
      vertex -2.500000e+000 -3.700000e+001 -2.000000e+000
      vertex -7.500000e+000 -3.700000e+001 -2.000000e+000
      vertex -2.500000e+000 -3.700000e+001  1.000000e+000
    endloop
  endfacet
  facet normal  0.000000e+000  1.000000e+000  0.000000e+000
    outer loop
      vertex -2.500000e+000 -3.700000e+001  1.000000e+000
      vertex -7.500000e+000 -3.700000e+001 -2.000000e+000
      vertex -7.500000e+000 -3.700000e+001  1.000000e+000
    endloop
  endfacet
  facet normal  1.000000e+000  -0.000000e+000  0.000000e+000
    outer loop
      vertex  2.500000e+000 -3.400000e+001  1.000000e+000
      vertex  2.500000e+000 -3.700000e+001  1.000000e+000
      vertex  2.500000e+000 -3.400000e+001 -2.000000e+000
    endloop
  endfacet
  facet normal  1.000000e+000  0.000000e+000  0.000000e+000
    outer loop
      vertex  2.500000e+000 -3.400000e+001 -2.000000e+000
      vertex  2.500000e+000 -3.700000e+001  1.000000e+000
      vertex  2.500000e+000 -3.700000e+001 -2.000000e+000
    endloop
  endfacet
  facet normal -1.000000e+000  -0.000000e+000  0.000000e+000
    outer loop
      vertex  7.500000e+000 -3.700000e+001  1.000000e+000
      vertex  7.500000e+000 -3.400000e+001  1.000000e+000
      vertex  7.500000e+000 -3.700000e+001 -2.000000e+000
    endloop
  endfacet
  facet normal -1.000000e+000  0.000000e+000  0.000000e+000
    outer loop
      vertex  7.500000e+000 -3.700000e+001 -2.000000e+000
      vertex  7.500000e+000 -3.400000e+001  1.000000e+000
      vertex  7.500000e+000 -3.400000e+001 -2.000000e+000
    endloop
  endfacet
  facet normal  1.000000e+000  -0.000000e+000  0.000000e+000
    outer loop
      vertex -7.500000e+000 -3.400000e+001  1.000000e+000
      vertex -7.500000e+000 -3.700000e+001  1.000000e+000
      vertex -7.500000e+000 -3.400000e+001 -2.000000e+000
    endloop
  endfacet
  facet normal  1.000000e+000  0.000000e+000  0.000000e+000
    outer loop
      vertex -7.500000e+000 -3.400000e+001 -2.000000e+000
      vertex -7.500000e+000 -3.700000e+001  1.000000e+000
      vertex -7.500000e+000 -3.700000e+001 -2.000000e+000
    endloop
  endfacet
  facet normal -1.000000e+000  -0.000000e+000  0.000000e+000
    outer loop
      vertex -2.500000e+000 -3.700000e+001  1.000000e+000
      vertex -2.500000e+000 -3.400000e+001  1.000000e+000
      vertex -2.500000e+000 -3.700000e+001 -2.000000e+000
    endloop
  endfacet
  facet normal -1.000000e+000  0.000000e+000  0.000000e+000
    outer loop
      vertex -2.500000e+000 -3.700000e+001 -2.000000e+000
      vertex -2.500000e+000 -3.400000e+001  1.000000e+000
      vertex -2.500000e+000 -3.400000e+001 -2.000000e+000
    endloop
  endfacet
  facet normal  0.000000e+000  0.000000e+000  1.000000e+000
    outer loop
      vertex  1.800000e+001 -4.000000e+001  7.000000e+000
      vertex  1.462500e+001  1.400000e+001  7.000000e+000
      vertex  1.454888e+001  1.361732e+001  7.000000e+000
    endloop
  endfacet
  facet normal  0.000000e+000  0.000000e+000  1.000000e+000
    outer loop
      vertex -1.600000e+001  2.500000e+001  7.000000e+000
      vertex -1.454888e+001  1.438268e+001  7.000000e+000
      vertex -1.600000e+001  5.200000e+001  7.000000e+000
    endloop
  endfacet
  facet normal  -0.000000e+000  0.000000e+000  1.000000e+000
    outer loop
      vertex -1.600000e+001  2.500000e+001  7.000000e+000
      vertex -1.800000e+001  2.300000e+001  7.000000e+000
      vertex -1.454888e+001  1.438268e+001  7.000000e+000
    endloop
  endfacet
  facet normal  0.000000e+000  0.000000e+000  1.000000e+000
    outer loop
      vertex  9.250000e+000  5.300000e+001  7.000000e+000
      vertex  8.000000e+000  5.600000e+001  7.000000e+000
      vertex  5.000000e+000  5.300000e+001  7.000000e+000
    endloop
  endfacet
  facet normal  0.000000e+000  0.000000e+000  9.999999e-001
    outer loop
      vertex  1.450000e+001 -1.900000e+001  7.000000e+000
      vertex  1.433211e+001  1.329289e+001  7.000000e+000
      vertex  1.400768e+001  1.307612e+001  7.000000e+000
    endloop
  endfacet
  facet normal  0.000000e+000  0.000000e+000  1.000000e+000
    outer loop
      vertex  1.450000e+001 -1.900000e+001  7.000000e+000
      vertex  1.400768e+001  1.307612e+001  7.000000e+000
      vertex  1.362500e+001  1.300000e+001  7.000000e+000
    endloop
  endfacet
  facet normal  0.000000e+000  0.000000e+000  1.000000e+000
    outer loop
      vertex  1.379289e+001 -1.929289e+001  7.000000e+000
      vertex  1.411732e+001 -1.907612e+001  7.000000e+000
      vertex  1.362500e+001  1.300000e+001  7.000000e+000
    endloop
  endfacet
  facet normal  0.000000e+000  0.000000e+000  1.000000e+000
    outer loop
      vertex  1.411732e+001 -1.907612e+001  7.000000e+000
      vertex  1.450000e+001 -1.900000e+001  7.000000e+000
      vertex  1.362500e+001  1.300000e+001  7.000000e+000
    endloop
  endfacet
  facet normal  0.000000e+000  0.000000e+000  1.000000e+000
    outer loop
      vertex -1.357612e+001 -2.961732e+001  7.000000e+000
      vertex -1.362500e+001  1.300000e+001  7.000000e+000
      vertex -1.379289e+001 -2.929289e+001  7.000000e+000
    endloop
  endfacet
  facet normal  0.000000e+000  0.000000e+000  1.000000e+000
    outer loop
      vertex -1.379289e+001 -2.929289e+001  7.000000e+000
      vertex -1.362500e+001  1.300000e+001  7.000000e+000
      vertex -1.411732e+001 -2.907612e+001  7.000000e+000
    endloop
  endfacet
  facet normal  0.000000e+000  0.000000e+000  1.000000e+000
    outer loop
      vertex -1.411732e+001 -2.907612e+001  7.000000e+000
      vertex -1.362500e+001  1.300000e+001  7.000000e+000
      vertex -1.450000e+001 -2.900000e+001  7.000000e+000
    endloop
  endfacet
  facet normal  0.000000e+000  0.000000e+000  1.000000e+000
    outer loop
      vertex -1.400768e+001  1.307612e+001  7.000000e+000
      vertex -1.433211e+001  1.329289e+001  7.000000e+000
      vertex -1.450000e+001 -2.900000e+001  7.000000e+000
    endloop
  endfacet
  facet normal  0.000000e+000  0.000000e+000  1.000000e+000
    outer loop
      vertex -1.450000e+001 -2.900000e+001  7.000000e+000
      vertex -1.362500e+001  1.300000e+001  7.000000e+000
      vertex -1.400768e+001  1.307612e+001  7.000000e+000
    endloop
  endfacet
  facet normal  0.000000e+000  -0.000000e+000  1.000000e+000
    outer loop
      vertex -1.350000e+001 -3.000000e+001  7.000000e+000
      vertex -1.100000e+001 -3.700000e+001  7.000000e+000
      vertex -1.100000e+001  6.000000e+000  7.000000e+000
    endloop
  endfacet
  facet normal  0.000000e+000  0.000000e+000  1.000000e+000
    outer loop
      vertex -1.350000e+001 -3.000000e+001  7.000000e+000
      vertex -1.100000e+001  6.000000e+000  7.000000e+000
      vertex -1.262500e+001  1.400000e+001  7.000000e+000
    endloop
  endfacet
  facet normal  0.000000e+000  0.000000e+000  1.000000e+000
    outer loop
      vertex -1.350000e+001 -3.000000e+001  7.000000e+000
      vertex -1.262500e+001  1.400000e+001  7.000000e+000
      vertex -1.270112e+001  1.361732e+001  7.000000e+000
    endloop
  endfacet
  facet normal  0.000000e+000  0.000000e+000  1.000000e+000
    outer loop
      vertex -1.350000e+001 -3.000000e+001  7.000000e+000
      vertex -1.270112e+001  1.361732e+001  7.000000e+000
      vertex -1.291789e+001  1.329289e+001  7.000000e+000
    endloop
  endfacet
  facet normal  0.000000e+000  0.000000e+000  1.000000e+000
    outer loop
      vertex -1.350000e+001 -3.000000e+001  7.000000e+000
      vertex -1.291789e+001  1.329289e+001  7.000000e+000
      vertex -1.324232e+001  1.307612e+001  7.000000e+000
    endloop
  endfacet
  facet normal  0.000000e+000  0.000000e+000  1.000000e+000
    outer loop
      vertex -1.350000e+001 -3.000000e+001  7.000000e+000
      vertex -1.324232e+001  1.307612e+001  7.000000e+000
      vertex -1.362500e+001  1.300000e+001  7.000000e+000
    endloop
  endfacet
  facet normal  0.000000e+000  0.000000e+000  1.000000e+000
    outer loop
      vertex -1.350000e+001 -3.000000e+001  7.000000e+000
      vertex -1.362500e+001  1.300000e+001  7.000000e+000
      vertex -1.357612e+001 -2.961732e+001  7.000000e+000
    endloop
  endfacet
  facet normal  0.000000e+000  0.000000e+000  1.000000e+000
    outer loop
      vertex -1.100000e+001 -3.700000e+001  7.000000e+000
      vertex -1.350000e+001 -3.000000e+001  7.000000e+000
      vertex -1.357612e+001 -3.038268e+001  7.000000e+000
    endloop
  endfacet
  facet normal  0.000000e+000  0.000000e+000  9.999999e-001
    outer loop
      vertex -1.100000e+001 -3.700000e+001  7.000000e+000
      vertex -1.357612e+001 -3.038268e+001  7.000000e+000
      vertex -1.800000e+001 -4.000000e+001  7.000000e+000
    endloop
  endfacet
  facet normal  0.000000e+000  0.000000e+000  1.000000e+000
    outer loop
      vertex -1.100000e+001 -3.700000e+001  7.000000e+000
      vertex -1.800000e+001 -4.000000e+001  7.000000e+000
      vertex  1.800000e+001 -4.000000e+001  7.000000e+000
    endloop
  endfacet
  facet normal  0.000000e+000  0.000000e+000  1.000000e+000
    outer loop
      vertex -1.100000e+001 -3.700000e+001  7.000000e+000
      vertex  1.800000e+001 -4.000000e+001  7.000000e+000
      vertex  1.100000e+001 -3.700000e+001  7.000000e+000
    endloop
  endfacet
  facet normal  0.000000e+000  0.000000e+000  1.000000e+000
    outer loop
      vertex  1.600000e+001  5.200000e+001  7.000000e+000
      vertex  1.200000e+001  5.600000e+001  7.000000e+000
      vertex  1.354888e+001  4.838268e+001  7.000000e+000
    endloop
  endfacet
  facet normal  -0.000000e+000  0.000000e+000  1.000000e+000
    outer loop
      vertex  1.600000e+001  5.200000e+001  7.000000e+000
      vertex  1.354888e+001  4.838268e+001  7.000000e+000
      vertex  1.362500e+001  4.800000e+001  7.000000e+000
    endloop
  endfacet
  facet normal  -0.000000e+000  0.000000e+000  1.000000e+000
    outer loop
      vertex  1.600000e+001  5.200000e+001  7.000000e+000
      vertex  1.362500e+001  4.800000e+001  7.000000e+000
      vertex  1.454888e+001  1.438268e+001  7.000000e+000
    endloop
  endfacet
  facet normal  0.000000e+000  0.000000e+000  1.000000e+000
    outer loop
      vertex  1.600000e+001  5.200000e+001  7.000000e+000
      vertex  1.454888e+001  1.438268e+001  7.000000e+000
      vertex  1.600000e+001  2.500000e+001  7.000000e+000
    endloop
  endfacet
  facet normal  0.000000e+000  0.000000e+000  1.000000e+000
    outer loop
      vertex  1.800000e+001  2.300000e+001  7.000000e+000
      vertex  1.600000e+001  2.500000e+001  7.000000e+000
      vertex  1.454888e+001  1.438268e+001  7.000000e+000
    endloop
  endfacet
  facet normal  -0.000000e+000  0.000000e+000  1.000000e+000
    outer loop
      vertex  1.800000e+001  2.300000e+001  7.000000e+000
      vertex  1.454888e+001  1.438268e+001  7.000000e+000
      vertex  1.462500e+001  1.400000e+001  7.000000e+000
    endloop
  endfacet
  facet normal  -0.000000e+000  0.000000e+000  9.999999e-001
    outer loop
      vertex  1.800000e+001  2.300000e+001  7.000000e+000
      vertex  1.462500e+001  1.400000e+001  7.000000e+000
      vertex  1.800000e+001 -4.000000e+001  7.000000e+000
    endloop
  endfacet
  facet normal  -0.000000e+000  0.000000e+000  1.000000e+000
    outer loop
      vertex -1.200000e+001  5.600000e+001  7.000000e+000
      vertex -1.600000e+001  5.200000e+001  7.000000e+000
      vertex -1.262500e+001  4.900000e+001  7.000000e+000
    endloop
  endfacet
  facet normal  0.000000e+000  0.000000e+000  1.000000e+000
    outer loop
      vertex -1.200000e+001  5.600000e+001  7.000000e+000
      vertex -1.262500e+001  4.900000e+001  7.000000e+000
      vertex -9.250000e+000  5.300000e+001  7.000000e+000
    endloop
  endfacet
  facet normal  0.000000e+000  -0.000000e+000  1.000000e+000
    outer loop
      vertex -1.200000e+001  5.600000e+001  7.000000e+000
      vertex -9.250000e+000  5.300000e+001  7.000000e+000
      vertex -5.000000e+000  5.300000e+001  7.000000e+000
    endloop
  endfacet
  facet normal  0.000000e+000  0.000000e+000  1.000000e+000
    outer loop
      vertex -1.200000e+001  5.600000e+001  7.000000e+000
      vertex -5.000000e+000  5.300000e+001  7.000000e+000
      vertex -8.000000e+000  5.600000e+001  7.000000e+000
    endloop
  endfacet
  facet normal  0.000000e+000  0.000000e+000  1.000000e+000
    outer loop
      vertex -1.454888e+001  1.361732e+001  7.000000e+000
      vertex -1.800000e+001 -4.000000e+001  7.000000e+000
      vertex -1.542388e+001 -2.961732e+001  7.000000e+000
    endloop
  endfacet
  facet normal  0.000000e+000  0.000000e+000  1.000000e+000
    outer loop
      vertex -1.454888e+001  1.361732e+001  7.000000e+000
      vertex -1.542388e+001 -2.961732e+001  7.000000e+000
      vertex -1.520711e+001 -2.929289e+001  7.000000e+000
    endloop
  endfacet
  facet normal  0.000000e+000  0.000000e+000  1.000000e+000
    outer loop
      vertex -1.454888e+001  1.361732e+001  7.000000e+000
      vertex -1.520711e+001 -2.929289e+001  7.000000e+000
      vertex -1.488268e+001 -2.907612e+001  7.000000e+000
    endloop
  endfacet
  facet normal  0.000000e+000  0.000000e+000  1.000000e+000
    outer loop
      vertex -1.454888e+001  1.361732e+001  7.000000e+000
      vertex -1.488268e+001 -2.907612e+001  7.000000e+000
      vertex -1.450000e+001 -2.900000e+001  7.000000e+000
    endloop
  endfacet
  facet normal  0.000000e+000  -0.000000e+000  1.000000e+000
    outer loop
      vertex -1.454888e+001  1.361732e+001  7.000000e+000
      vertex -1.450000e+001 -2.900000e+001  7.000000e+000
      vertex -1.433211e+001  1.329289e+001  7.000000e+000
    endloop
  endfacet
  facet normal  0.000000e+000  -0.000000e+000  9.999999e-001
    outer loop
      vertex -1.433211e+001  1.470711e+001  7.000000e+000
      vertex -1.400768e+001  1.492388e+001  7.000000e+000
      vertex -1.262500e+001  4.700000e+001  7.000000e+000
    endloop
  endfacet
  facet normal  0.000000e+000  0.000000e+000  1.000000e+000
    outer loop
      vertex -1.433211e+001  1.470711e+001  7.000000e+000
      vertex -1.262500e+001  4.700000e+001  7.000000e+000
      vertex -1.300768e+001  4.707612e+001  7.000000e+000
    endloop
  endfacet
  facet normal  0.000000e+000  0.000000e+000  1.000000e+000
    outer loop
      vertex -1.433211e+001  1.470711e+001  7.000000e+000
      vertex -1.300768e+001  4.707612e+001  7.000000e+000
      vertex -1.333211e+001  4.729289e+001  7.000000e+000
    endloop
  endfacet
  facet normal  0.000000e+000  0.000000e+000  9.999999e-001
    outer loop
      vertex -1.433211e+001  1.470711e+001  7.000000e+000
      vertex -1.333211e+001  4.729289e+001  7.000000e+000
      vertex -1.354888e+001  4.761732e+001  7.000000e+000
    endloop
  endfacet
  facet normal  0.000000e+000  0.000000e+000  1.000000e+000
    outer loop
      vertex -1.433211e+001  1.470711e+001  7.000000e+000
      vertex -1.354888e+001  4.761732e+001  7.000000e+000
      vertex -1.362500e+001  4.800000e+001  7.000000e+000
    endloop
  endfacet
  facet normal  0.000000e+000  0.000000e+000  1.000000e+000
    outer loop
      vertex -1.433211e+001  1.470711e+001  7.000000e+000
      vertex -1.362500e+001  4.800000e+001  7.000000e+000
      vertex -1.600000e+001  5.200000e+001  7.000000e+000
    endloop
  endfacet
  facet normal  0.000000e+000  0.000000e+000  1.000000e+000
    outer loop
      vertex -1.433211e+001  1.470711e+001  7.000000e+000
      vertex -1.600000e+001  5.200000e+001  7.000000e+000
      vertex -1.454888e+001  1.438268e+001  7.000000e+000
    endloop
  endfacet
  facet normal  -0.000000e+000  0.000000e+000  1.000000e+000
    outer loop
      vertex  1.454888e+001  1.361732e+001  7.000000e+000
      vertex  1.433211e+001  1.329289e+001  7.000000e+000
      vertex  1.450000e+001 -1.900000e+001  7.000000e+000
    endloop
  endfacet
  facet normal  -0.000000e+000  0.000000e+000  1.000000e+000
    outer loop
      vertex  1.454888e+001  1.361732e+001  7.000000e+000
      vertex  1.450000e+001 -1.900000e+001  7.000000e+000
      vertex  1.488268e+001 -1.907612e+001  7.000000e+000
    endloop
  endfacet
  facet normal  -0.000000e+000  -0.000000e+000  1.000000e+000
    outer loop
      vertex  1.454888e+001  1.361732e+001  7.000000e+000
      vertex  1.488268e+001 -1.907612e+001  7.000000e+000
      vertex  1.520711e+001 -1.929289e+001  7.000000e+000
    endloop
  endfacet
  facet normal  -0.000000e+000  -0.000000e+000  1.000000e+000
    outer loop
      vertex  1.454888e+001  1.361732e+001  7.000000e+000
      vertex  1.520711e+001 -1.929289e+001  7.000000e+000
      vertex  1.542388e+001 -1.961732e+001  7.000000e+000
    endloop
  endfacet
  facet normal  -0.000000e+000  -0.000000e+000  1.000000e+000
    outer loop
      vertex  1.454888e+001  1.361732e+001  7.000000e+000
      vertex  1.542388e+001 -1.961732e+001  7.000000e+000
      vertex  1.550000e+001 -2.000000e+001  7.000000e+000
    endloop
  endfacet
  facet normal  -0.000000e+000  -0.000000e+000  1.000000e+000
    outer loop
      vertex  1.454888e+001  1.361732e+001  7.000000e+000
      vertex  1.550000e+001 -2.000000e+001  7.000000e+000
      vertex  1.800000e+001 -4.000000e+001  7.000000e+000
    endloop
  endfacet
  facet normal  0.000000e+000  0.000000e+000  1.000000e+000
    outer loop
      vertex  1.433211e+001  1.470711e+001  7.000000e+000
      vertex  1.454888e+001  1.438268e+001  7.000000e+000
      vertex  1.362500e+001  4.800000e+001  7.000000e+000
    endloop
  endfacet
  facet normal  0.000000e+000  0.000000e+000  1.000000e+000
    outer loop
      vertex  1.433211e+001  1.470711e+001  7.000000e+000
      vertex  1.362500e+001  4.800000e+001  7.000000e+000
      vertex  1.354888e+001  4.761732e+001  7.000000e+000
    endloop
  endfacet
  facet normal  0.000000e+000  0.000000e+000  1.000000e+000
    outer loop
      vertex  1.433211e+001  1.470711e+001  7.000000e+000
      vertex  1.354888e+001  4.761732e+001  7.000000e+000
      vertex  1.333211e+001  4.729289e+001  7.000000e+000
    endloop
  endfacet
  facet normal  0.000000e+000  0.000000e+000  1.000000e+000
    outer loop
      vertex  1.433211e+001  1.470711e+001  7.000000e+000
      vertex  1.333211e+001  4.729289e+001  7.000000e+000
      vertex  1.300768e+001  4.707612e+001  7.000000e+000
    endloop
  endfacet
  facet normal  0.000000e+000  0.000000e+000  1.000000e+000
    outer loop
      vertex  1.433211e+001  1.470711e+001  7.000000e+000
      vertex  1.300768e+001  4.707612e+001  7.000000e+000
      vertex  1.262500e+001  4.700000e+001  7.000000e+000
    endloop
  endfacet
  facet normal  0.000000e+000  0.000000e+000  1.000000e+000
    outer loop
      vertex  1.433211e+001  1.470711e+001  7.000000e+000
      vertex  1.262500e+001  4.700000e+001  7.000000e+000
      vertex  1.400768e+001  1.492388e+001  7.000000e+000
    endloop
  endfacet
  facet normal  -0.000000e+000  0.000000e+000  1.000000e+000
    outer loop
      vertex  1.200000e+001  5.600000e+001  7.000000e+000
      vertex  8.000000e+000  5.600000e+001  7.000000e+000
      vertex  9.250000e+000  5.300000e+001  7.000000e+000
    endloop
  endfacet
  facet normal  -0.000000e+000  0.000000e+000  1.000000e+000
    outer loop
      vertex  1.200000e+001  5.600000e+001  7.000000e+000
      vertex  9.250000e+000  5.300000e+001  7.000000e+000
      vertex  1.262500e+001  4.900000e+001  7.000000e+000
    endloop
  endfacet
  facet normal  -0.000000e+000  -0.000000e+000  1.000000e+000
    outer loop
      vertex  1.200000e+001  5.600000e+001  7.000000e+000
      vertex  1.262500e+001  4.900000e+001  7.000000e+000
      vertex  1.300768e+001  4.892388e+001  7.000000e+000
    endloop
  endfacet
  facet normal  -0.000000e+000  -0.000000e+000  1.000000e+000
    outer loop
      vertex  1.200000e+001  5.600000e+001  7.000000e+000
      vertex  1.300768e+001  4.892388e+001  7.000000e+000
      vertex  1.333211e+001  4.870711e+001  7.000000e+000
    endloop
  endfacet
  facet normal  -0.000000e+000  -0.000000e+000  9.999999e-001
    outer loop
      vertex  1.200000e+001  5.600000e+001  7.000000e+000
      vertex  1.333211e+001  4.870711e+001  7.000000e+000
      vertex  1.354888e+001  4.838268e+001  7.000000e+000
    endloop
  endfacet
  facet normal  0.000000e+000  0.000000e+000  1.000000e+000
    outer loop
      vertex -1.800000e+001 -4.000000e+001  7.000000e+000
      vertex -1.357612e+001 -3.038268e+001  7.000000e+000
      vertex -1.379289e+001 -3.070711e+001  7.000000e+000
    endloop
  endfacet
  facet normal  0.000000e+000  0.000000e+000  1.000000e+000
    outer loop
      vertex -1.800000e+001 -4.000000e+001  7.000000e+000
      vertex -1.379289e+001 -3.070711e+001  7.000000e+000
      vertex -1.411732e+001 -3.092388e+001  7.000000e+000
    endloop
  endfacet
  facet normal  0.000000e+000  0.000000e+000  1.000000e+000
    outer loop
      vertex -1.800000e+001 -4.000000e+001  7.000000e+000
      vertex -1.411732e+001 -3.092388e+001  7.000000e+000
      vertex -1.450000e+001 -3.100000e+001  7.000000e+000
    endloop
  endfacet
  facet normal  0.000000e+000  0.000000e+000  1.000000e+000
    outer loop
      vertex -1.800000e+001 -4.000000e+001  7.000000e+000
      vertex -1.450000e+001 -3.100000e+001  7.000000e+000
      vertex -1.488268e+001 -3.092388e+001  7.000000e+000
    endloop
  endfacet
  facet normal  0.000000e+000  0.000000e+000  1.000000e+000
    outer loop
      vertex -1.800000e+001 -4.000000e+001  7.000000e+000
      vertex -1.488268e+001 -3.092388e+001  7.000000e+000
      vertex -1.520711e+001 -3.070711e+001  7.000000e+000
    endloop
  endfacet
  facet normal  0.000000e+000  0.000000e+000  1.000000e+000
    outer loop
      vertex -1.800000e+001 -4.000000e+001  7.000000e+000
      vertex -1.520711e+001 -3.070711e+001  7.000000e+000
      vertex -1.542388e+001 -3.038268e+001  7.000000e+000
    endloop
  endfacet
  facet normal  0.000000e+000  0.000000e+000  1.000000e+000
    outer loop
      vertex -1.800000e+001 -4.000000e+001  7.000000e+000
      vertex -1.542388e+001 -3.038268e+001  7.000000e+000
      vertex -1.550000e+001 -3.000000e+001  7.000000e+000
    endloop
  endfacet
  facet normal  0.000000e+000  -0.000000e+000  1.000000e+000
    outer loop
      vertex -1.800000e+001 -4.000000e+001  7.000000e+000
      vertex -1.550000e+001 -3.000000e+001  7.000000e+000
      vertex -1.542388e+001 -2.961732e+001  7.000000e+000
    endloop
  endfacet
  facet normal  0.000000e+000  0.000000e+000  9.999999e-001
    outer loop
      vertex  1.100000e+001 -3.700000e+001  7.000000e+000
      vertex  1.800000e+001 -4.000000e+001  7.000000e+000
      vertex  1.450000e+001 -2.100000e+001  7.000000e+000
    endloop
  endfacet
  facet normal  0.000000e+000  0.000000e+000  9.999999e-001
    outer loop
      vertex  1.100000e+001 -3.700000e+001  7.000000e+000
      vertex  1.450000e+001 -2.100000e+001  7.000000e+000
      vertex  1.411732e+001 -2.092388e+001  7.000000e+000
    endloop
  endfacet
  facet normal  0.000000e+000  0.000000e+000  9.999999e-001
    outer loop
      vertex  1.100000e+001 -3.700000e+001  7.000000e+000
      vertex  1.411732e+001 -2.092388e+001  7.000000e+000
      vertex  1.379289e+001 -2.070711e+001  7.000000e+000
    endloop
  endfacet
  facet normal  0.000000e+000  0.000000e+000  1.000000e+000
    outer loop
      vertex  1.100000e+001 -3.700000e+001  7.000000e+000
      vertex  1.379289e+001 -2.070711e+001  7.000000e+000
      vertex  1.357612e+001 -2.038268e+001  7.000000e+000
    endloop
  endfacet
  facet normal  0.000000e+000  0.000000e+000  1.000000e+000
    outer loop
      vertex  1.100000e+001 -3.700000e+001  7.000000e+000
      vertex  1.357612e+001 -2.038268e+001  7.000000e+000
      vertex  1.350000e+001 -2.000000e+001  7.000000e+000
    endloop
  endfacet
  facet normal  0.000000e+000  0.000000e+000  1.000000e+000
    outer loop
      vertex  1.100000e+001 -3.700000e+001  7.000000e+000
      vertex  1.350000e+001 -2.000000e+001  7.000000e+000
      vertex  1.324232e+001  1.307612e+001  7.000000e+000
    endloop
  endfacet
  facet normal  0.000000e+000  0.000000e+000  9.999999e-001
    outer loop
      vertex  1.100000e+001 -3.700000e+001  7.000000e+000
      vertex  1.324232e+001  1.307612e+001  7.000000e+000
      vertex  1.291789e+001  1.329289e+001  7.000000e+000
    endloop
  endfacet
  facet normal  0.000000e+000  0.000000e+000  1.000000e+000
    outer loop
      vertex  1.100000e+001 -3.700000e+001  7.000000e+000
      vertex  1.291789e+001  1.329289e+001  7.000000e+000
      vertex  1.270112e+001  1.361732e+001  7.000000e+000
    endloop
  endfacet
  facet normal  0.000000e+000  0.000000e+000  1.000000e+000
    outer loop
      vertex  1.100000e+001 -3.700000e+001  7.000000e+000
      vertex  1.270112e+001  1.361732e+001  7.000000e+000
      vertex  1.262500e+001  1.400000e+001  7.000000e+000
    endloop
  endfacet
  facet normal  0.000000e+000  0.000000e+000  1.000000e+000
    outer loop
      vertex  1.100000e+001 -3.700000e+001  7.000000e+000
      vertex  1.262500e+001  1.400000e+001  7.000000e+000
      vertex  1.100000e+001  6.000000e+000  7.000000e+000
    endloop
  endfacet
  facet normal  0.000000e+000  -0.000000e+000  1.000000e+000
    outer loop
      vertex -1.600000e+001  5.200000e+001  7.000000e+000
      vertex -1.362500e+001  4.800000e+001  7.000000e+000
      vertex -1.354888e+001  4.838268e+001  7.000000e+000
    endloop
  endfacet
  facet normal  0.000000e+000  -0.000000e+000  1.000000e+000
    outer loop
      vertex -1.600000e+001  5.200000e+001  7.000000e+000
      vertex -1.354888e+001  4.838268e+001  7.000000e+000
      vertex -1.333211e+001  4.870711e+001  7.000000e+000
    endloop
  endfacet
  facet normal  0.000000e+000  -0.000000e+000  1.000000e+000
    outer loop
      vertex -1.600000e+001  5.200000e+001  7.000000e+000
      vertex -1.333211e+001  4.870711e+001  7.000000e+000
      vertex -1.300768e+001  4.892388e+001  7.000000e+000
    endloop
  endfacet
  facet normal  0.000000e+000  -0.000000e+000  1.000000e+000
    outer loop
      vertex -1.600000e+001  5.200000e+001  7.000000e+000
      vertex -1.300768e+001  4.892388e+001  7.000000e+000
      vertex -1.262500e+001  4.900000e+001  7.000000e+000
    endloop
  endfacet
  facet normal  0.000000e+000  0.000000e+000  1.000000e+000
    outer loop
      vertex -1.262500e+001  4.700000e+001  7.000000e+000
      vertex -1.400768e+001  1.492388e+001  7.000000e+000
      vertex -1.362500e+001  1.500000e+001  7.000000e+000
    endloop
  endfacet
  facet normal  -0.000000e+000  0.000000e+000  9.999999e-001
    outer loop
      vertex -1.262500e+001  4.700000e+001  7.000000e+000
      vertex -1.362500e+001  1.500000e+001  7.000000e+000
      vertex -1.324232e+001  1.492388e+001  7.000000e+000
    endloop
  endfacet
  facet normal  -0.000000e+000  0.000000e+000  1.000000e+000
    outer loop
      vertex -1.262500e+001  4.700000e+001  7.000000e+000
      vertex -1.324232e+001  1.492388e+001  7.000000e+000
      vertex -1.291789e+001  1.470711e+001  7.000000e+000
    endloop
  endfacet
  facet normal  -0.000000e+000  0.000000e+000  1.000000e+000
    outer loop
      vertex -1.262500e+001  4.700000e+001  7.000000e+000
      vertex -1.291789e+001  1.470711e+001  7.000000e+000
      vertex -1.270112e+001  1.438268e+001  7.000000e+000
    endloop
  endfacet
  facet normal  -0.000000e+000  0.000000e+000  1.000000e+000
    outer loop
      vertex -1.262500e+001  4.700000e+001  7.000000e+000
      vertex -1.270112e+001  1.438268e+001  7.000000e+000
      vertex -1.262500e+001  1.400000e+001  7.000000e+000
    endloop
  endfacet
  facet normal  -0.000000e+000  0.000000e+000  1.000000e+000
    outer loop
      vertex  9.250000e+000  9.000000e+000  7.000000e+000
      vertex  7.250000e+000  9.000000e+000  7.000000e+000
      vertex  7.250000e+000  6.000000e+000  7.000000e+000
    endloop
  endfacet
  facet normal  0.000000e+000  0.000000e+000  1.000000e+000
    outer loop
      vertex  9.250000e+000  9.000000e+000  7.000000e+000
      vertex  7.250000e+000  6.000000e+000  7.000000e+000
      vertex  1.100000e+001  6.000000e+000  7.000000e+000
    endloop
  endfacet
  facet normal  0.000000e+000  -0.000000e+000  1.000000e+000
    outer loop
      vertex  9.250000e+000  9.000000e+000  7.000000e+000
      vertex  1.100000e+001  6.000000e+000  7.000000e+000
      vertex  1.262500e+001  1.400000e+001  7.000000e+000
    endloop
  endfacet
  facet normal  0.000000e+000  -0.000000e+000  1.000000e+000
    outer loop
      vertex  9.250000e+000  9.000000e+000  7.000000e+000
      vertex  1.262500e+001  1.400000e+001  7.000000e+000
      vertex  1.262500e+001  4.700000e+001  7.000000e+000
    endloop
  endfacet
  facet normal  0.000000e+000  0.000000e+000  1.000000e+000
    outer loop
      vertex  9.250000e+000  9.000000e+000  7.000000e+000
      vertex  1.262500e+001  4.700000e+001  7.000000e+000
      vertex  1.224232e+001  4.707612e+001  7.000000e+000
    endloop
  endfacet
  facet normal  0.000000e+000  0.000000e+000  1.000000e+000
    outer loop
      vertex  9.250000e+000  9.000000e+000  7.000000e+000
      vertex  1.224232e+001  4.707612e+001  7.000000e+000
      vertex  1.191789e+001  4.729289e+001  7.000000e+000
    endloop
  endfacet
  facet normal  0.000000e+000  0.000000e+000  1.000000e+000
    outer loop
      vertex  9.250000e+000  9.000000e+000  7.000000e+000
      vertex  1.191789e+001  4.729289e+001  7.000000e+000
      vertex  1.170112e+001  4.761732e+001  7.000000e+000
    endloop
  endfacet
  facet normal  0.000000e+000  0.000000e+000  1.000000e+000
    outer loop
      vertex  9.250000e+000  9.000000e+000  7.000000e+000
      vertex  1.170112e+001  4.761732e+001  7.000000e+000
      vertex  1.162500e+001  4.800000e+001  7.000000e+000
    endloop
  endfacet
  facet normal  0.000000e+000  0.000000e+000  9.999999e-001
    outer loop
      vertex  9.250000e+000  5.300000e+001  7.000000e+000
      vertex  9.250000e+000  9.000000e+000  7.000000e+000
      vertex  1.162500e+001  4.800000e+001  7.000000e+000
    endloop
  endfacet
  facet normal  0.000000e+000  -0.000000e+000  1.000000e+000
    outer loop
      vertex  9.250000e+000  5.300000e+001  7.000000e+000
      vertex  1.162500e+001  4.800000e+001  7.000000e+000
      vertex  1.170112e+001  4.838268e+001  7.000000e+000
    endloop
  endfacet
  facet normal  0.000000e+000  -0.000000e+000  1.000000e+000
    outer loop
      vertex  9.250000e+000  5.300000e+001  7.000000e+000
      vertex  1.170112e+001  4.838268e+001  7.000000e+000
      vertex  1.191789e+001  4.870711e+001  7.000000e+000
    endloop
  endfacet
  facet normal  0.000000e+000  -0.000000e+000  1.000000e+000
    outer loop
      vertex  9.250000e+000  5.300000e+001  7.000000e+000
      vertex  1.191789e+001  4.870711e+001  7.000000e+000
      vertex  1.224232e+001  4.892388e+001  7.000000e+000
    endloop
  endfacet
  facet normal  0.000000e+000  -0.000000e+000  9.999999e-001
    outer loop
      vertex  9.250000e+000  5.300000e+001  7.000000e+000
      vertex  1.224232e+001  4.892388e+001  7.000000e+000
      vertex  1.262500e+001  4.900000e+001  7.000000e+000
    endloop
  endfacet
  facet normal  0.000000e+000  0.000000e+000  1.000000e+000
    outer loop
      vertex -9.250000e+000  9.000000e+000  7.000000e+000
      vertex -1.162500e+001  4.800000e+001  7.000000e+000
      vertex -1.170112e+001  4.761732e+001  7.000000e+000
    endloop
  endfacet
  facet normal  0.000000e+000  0.000000e+000  1.000000e+000
    outer loop
      vertex -9.250000e+000  9.000000e+000  7.000000e+000
      vertex -1.170112e+001  4.761732e+001  7.000000e+000
      vertex -1.191789e+001  4.729289e+001  7.000000e+000
    endloop
  endfacet
  facet normal  0.000000e+000  0.000000e+000  1.000000e+000
    outer loop
      vertex -9.250000e+000  9.000000e+000  7.000000e+000
      vertex -1.191789e+001  4.729289e+001  7.000000e+000
      vertex -1.224232e+001  4.707612e+001  7.000000e+000
    endloop
  endfacet
  facet normal  0.000000e+000  0.000000e+000  1.000000e+000
    outer loop
      vertex -9.250000e+000  9.000000e+000  7.000000e+000
      vertex -1.224232e+001  4.707612e+001  7.000000e+000
      vertex -1.262500e+001  4.700000e+001  7.000000e+000
    endloop
  endfacet
  facet normal  0.000000e+000  0.000000e+000  1.000000e+000
    outer loop
      vertex -9.250000e+000  9.000000e+000  7.000000e+000
      vertex -1.262500e+001  4.700000e+001  7.000000e+000
      vertex -1.262500e+001  1.400000e+001  7.000000e+000
    endloop
  endfacet
  facet normal  0.000000e+000  0.000000e+000  1.000000e+000
    outer loop
      vertex -9.250000e+000  9.000000e+000  7.000000e+000
      vertex -1.262500e+001  1.400000e+001  7.000000e+000
      vertex -1.100000e+001  6.000000e+000  7.000000e+000
    endloop
  endfacet
  facet normal  0.000000e+000  0.000000e+000  1.000000e+000
    outer loop
      vertex -9.250000e+000  9.000000e+000  7.000000e+000
      vertex -1.100000e+001  6.000000e+000  7.000000e+000
      vertex -7.250000e+000  6.000000e+000  7.000000e+000
    endloop
  endfacet
  facet normal  0.000000e+000  -0.000000e+000  1.000000e+000
    outer loop
      vertex -9.250000e+000  9.000000e+000  7.000000e+000
      vertex -7.250000e+000  6.000000e+000  7.000000e+000
      vertex -7.250000e+000  9.000000e+000  7.000000e+000
    endloop
  endfacet
  facet normal  -0.000000e+000  0.000000e+000  9.999999e-001
    outer loop
      vertex -9.250000e+000  5.300000e+001  7.000000e+000
      vertex -1.262500e+001  4.900000e+001  7.000000e+000
      vertex -1.224232e+001  4.892388e+001  7.000000e+000
    endloop
  endfacet
  facet normal  -0.000000e+000  0.000000e+000  1.000000e+000
    outer loop
      vertex -9.250000e+000  5.300000e+001  7.000000e+000
      vertex -1.224232e+001  4.892388e+001  7.000000e+000
      vertex -1.191789e+001  4.870711e+001  7.000000e+000
    endloop
  endfacet
  facet normal  -0.000000e+000  0.000000e+000  1.000000e+000
    outer loop
      vertex -9.250000e+000  5.300000e+001  7.000000e+000
      vertex -1.191789e+001  4.870711e+001  7.000000e+000
      vertex -1.170112e+001  4.838268e+001  7.000000e+000
    endloop
  endfacet
  facet normal  -0.000000e+000  0.000000e+000  1.000000e+000
    outer loop
      vertex -9.250000e+000  5.300000e+001  7.000000e+000
      vertex -1.170112e+001  4.838268e+001  7.000000e+000
      vertex -1.162500e+001  4.800000e+001  7.000000e+000
    endloop
  endfacet
  facet normal  -0.000000e+000  0.000000e+000  9.999999e-001
    outer loop
      vertex -9.250000e+000  5.300000e+001  7.000000e+000
      vertex -1.162500e+001  4.800000e+001  7.000000e+000
      vertex -9.250000e+000  9.000000e+000  7.000000e+000
    endloop
  endfacet
  facet normal  0.000000e+000  0.000000e+000  1.000000e+000
    outer loop
      vertex  1.262500e+001  4.700000e+001  7.000000e+000
      vertex  1.262500e+001  1.400000e+001  7.000000e+000
      vertex  1.270112e+001  1.438268e+001  7.000000e+000
    endloop
  endfacet
  facet normal  0.000000e+000  -0.000000e+000  1.000000e+000
    outer loop
      vertex  1.262500e+001  4.700000e+001  7.000000e+000
      vertex  1.270112e+001  1.438268e+001  7.000000e+000
      vertex  1.291789e+001  1.470711e+001  7.000000e+000
    endloop
  endfacet
  facet normal  0.000000e+000  -0.000000e+000  1.000000e+000
    outer loop
      vertex  1.262500e+001  4.700000e+001  7.000000e+000
      vertex  1.291789e+001  1.470711e+001  7.000000e+000
      vertex  1.324232e+001  1.492388e+001  7.000000e+000
    endloop
  endfacet
  facet normal  0.000000e+000  -0.000000e+000  1.000000e+000
    outer loop
      vertex  1.262500e+001  4.700000e+001  7.000000e+000
      vertex  1.324232e+001  1.492388e+001  7.000000e+000
      vertex  1.362500e+001  1.500000e+001  7.000000e+000
    endloop
  endfacet
  facet normal  -0.000000e+000  -0.000000e+000  1.000000e+000
    outer loop
      vertex  1.262500e+001  4.700000e+001  7.000000e+000
      vertex  1.362500e+001  1.500000e+001  7.000000e+000
      vertex  1.400768e+001  1.492388e+001  7.000000e+000
    endloop
  endfacet
  facet normal  0.000000e+000  0.000000e+000  9.999999e-001
    outer loop
      vertex  1.800000e+001 -4.000000e+001  7.000000e+000
      vertex  1.550000e+001 -2.000000e+001  7.000000e+000
      vertex  1.542388e+001 -2.038268e+001  7.000000e+000
    endloop
  endfacet
  facet normal  0.000000e+000  0.000000e+000  1.000000e+000
    outer loop
      vertex  1.800000e+001 -4.000000e+001  7.000000e+000
      vertex  1.542388e+001 -2.038268e+001  7.000000e+000
      vertex  1.520711e+001 -2.070711e+001  7.000000e+000
    endloop
  endfacet
  facet normal  0.000000e+000  0.000000e+000  1.000000e+000
    outer loop
      vertex  1.800000e+001 -4.000000e+001  7.000000e+000
      vertex  1.520711e+001 -2.070711e+001  7.000000e+000
      vertex  1.488268e+001 -2.092388e+001  7.000000e+000
    endloop
  endfacet
  facet normal  0.000000e+000  0.000000e+000  1.000000e+000
    outer loop
      vertex  1.800000e+001 -4.000000e+001  7.000000e+000
      vertex  1.488268e+001 -2.092388e+001  7.000000e+000
      vertex  1.450000e+001 -2.100000e+001  7.000000e+000
    endloop
  endfacet
  facet normal  0.000000e+000  0.000000e+000  1.000000e+000
    outer loop
      vertex -1.800000e+001 -4.000000e+001  7.000000e+000
      vertex -1.454888e+001  1.361732e+001  7.000000e+000
      vertex -1.800000e+001  2.300000e+001  7.000000e+000
    endloop
  endfacet
  facet normal  0.000000e+000  0.000000e+000  1.000000e+000
    outer loop
      vertex -1.800000e+001  2.300000e+001  7.000000e+000
      vertex -1.454888e+001  1.361732e+001  7.000000e+000
      vertex -1.462500e+001  1.400000e+001  7.000000e+000
    endloop
  endfacet
  facet normal  0.000000e+000  -0.000000e+000  9.999999e-001
    outer loop
      vertex -1.800000e+001  2.300000e+001  7.000000e+000
      vertex -1.462500e+001  1.400000e+001  7.000000e+000
      vertex -1.454888e+001  1.438268e+001  7.000000e+000
    endloop
  endfacet
  facet normal  0.000000e+000  -0.000000e+000  9.999999e-001
    outer loop
      vertex  1.324232e+001  1.307612e+001  7.000000e+000
      vertex  1.350000e+001 -2.000000e+001  7.000000e+000
      vertex  1.362500e+001  1.300000e+001  7.000000e+000
    endloop
  endfacet
  facet normal  0.000000e+000  0.000000e+000  1.000000e+000
    outer loop
      vertex  1.362500e+001  1.300000e+001  7.000000e+000
      vertex  1.350000e+001 -2.000000e+001  7.000000e+000
      vertex  1.357612e+001 -1.961732e+001  7.000000e+000
    endloop
  endfacet
  facet normal  0.000000e+000  0.000000e+000  1.000000e+000
    outer loop
      vertex  1.362500e+001  1.300000e+001  7.000000e+000
      vertex  1.357612e+001 -1.961732e+001  7.000000e+000
      vertex  1.379289e+001 -1.929289e+001  7.000000e+000
    endloop
  endfacet
  facet normal  0.000000e+000 -1.000000e+000  0.000000e+000
    outer loop
      vertex  7.250000e+000  6.000000e+000  1.000000e+000
      vertex  1.100000e+001  6.000000e+000  1.000000e+000
      vertex  7.250000e+000  6.000000e+000  7.000000e+000
    endloop
  endfacet
  facet normal  0.000000e+000 -1.000000e+000  0.000000e+000
    outer loop
      vertex  7.250000e+000  6.000000e+000  7.000000e+000
      vertex  1.100000e+001  6.000000e+000  1.000000e+000
      vertex  1.100000e+001  6.000000e+000  7.000000e+000
    endloop
  endfacet
  facet normal  1.000000e+000  0.000000e+000  0.000000e+000
    outer loop
      vertex -1.100000e+001  6.000000e+000  1.000000e+000
      vertex -1.100000e+001  6.000000e+000  7.000000e+000
      vertex -1.100000e+001 -3.700000e+001  1.000000e+000
    endloop
  endfacet
  facet normal  1.000000e+000  0.000000e+000  0.000000e+000
    outer loop
      vertex -1.100000e+001 -3.700000e+001  1.000000e+000
      vertex -1.100000e+001  6.000000e+000  7.000000e+000
      vertex -1.100000e+001 -3.700000e+001  7.000000e+000
    endloop
  endfacet
  facet normal  0.000000e+000 -1.000000e+000  0.000000e+000
    outer loop
      vertex -1.100000e+001  6.000000e+000  1.000000e+000
      vertex -7.250000e+000  6.000000e+000  1.000000e+000
      vertex -1.100000e+001  6.000000e+000  7.000000e+000
    endloop
  endfacet
  facet normal  0.000000e+000 -1.000000e+000  0.000000e+000
    outer loop
      vertex -1.100000e+001  6.000000e+000  7.000000e+000
      vertex -7.250000e+000  6.000000e+000  1.000000e+000
      vertex -7.250000e+000  6.000000e+000  7.000000e+000
    endloop
  endfacet
  facet normal  0.000000e+000 -1.000000e+000  0.000000e+000
    outer loop
      vertex  2.500000e+000 -3.400000e+001 -2.000000e+000
      vertex  7.500000e+000 -3.400000e+001 -2.000000e+000
      vertex  2.500000e+000 -3.400000e+001  1.000000e+000
    endloop
  endfacet
  facet normal  0.000000e+000 -1.000000e+000  0.000000e+000
    outer loop
      vertex  2.500000e+000 -3.400000e+001  1.000000e+000
      vertex  7.500000e+000 -3.400000e+001 -2.000000e+000
      vertex  7.500000e+000 -3.400000e+001  1.000000e+000
    endloop
  endfacet
  facet normal  0.000000e+000 -1.000000e+000  0.000000e+000
    outer loop
      vertex -7.500000e+000 -3.400000e+001 -2.000000e+000
      vertex -2.500000e+000 -3.400000e+001 -2.000000e+000
      vertex -7.500000e+000 -3.400000e+001  1.000000e+000
    endloop
  endfacet
  facet normal  0.000000e+000 -1.000000e+000  0.000000e+000
    outer loop
      vertex -7.500000e+000 -3.400000e+001  1.000000e+000
      vertex -2.500000e+000 -3.400000e+001 -2.000000e+000
      vertex -2.500000e+000 -3.400000e+001  1.000000e+000
    endloop
  endfacet
  facet normal -1.000000e+000  -0.000000e+000  0.000000e+000
    outer loop
      vertex  7.250000e+000  6.000000e+000  7.000000e+000
      vertex  7.250000e+000  9.000000e+000  7.000000e+000
      vertex  7.250000e+000  6.000000e+000  1.000000e+000
    endloop
  endfacet
  facet normal -1.000000e+000  0.000000e+000  0.000000e+000
    outer loop
      vertex  7.250000e+000  6.000000e+000  1.000000e+000
      vertex  7.250000e+000  9.000000e+000  7.000000e+000
      vertex  7.250000e+000  9.000000e+000  1.000000e+000
    endloop
  endfacet
  facet normal  1.000000e+000  0.000000e+000  0.000000e+000
    outer loop
      vertex -7.250000e+000  6.000000e+000  1.000000e+000
      vertex -7.250000e+000  9.000000e+000  1.000000e+000
      vertex -7.250000e+000  6.000000e+000  7.000000e+000
    endloop
  endfacet
  facet normal  1.000000e+000  -0.000000e+000  0.000000e+000
    outer loop
      vertex -7.250000e+000  6.000000e+000  7.000000e+000
      vertex -7.250000e+000  9.000000e+000  1.000000e+000
      vertex -7.250000e+000  9.000000e+000  7.000000e+000
    endloop
  endfacet
  facet normal  0.000000e+000  1.000000e+000  0.000000e+000
    outer loop
      vertex  9.250000e+000  9.000000e+000  1.000000e+000
      vertex  7.250000e+000  9.000000e+000  1.000000e+000
      vertex  9.250000e+000  9.000000e+000  7.000000e+000
    endloop
  endfacet
  facet normal  0.000000e+000  1.000000e+000  0.000000e+000
    outer loop
      vertex  9.250000e+000  9.000000e+000  7.000000e+000
      vertex  7.250000e+000  9.000000e+000  1.000000e+000
      vertex  7.250000e+000  9.000000e+000  7.000000e+000
    endloop
  endfacet
  facet normal  0.000000e+000  1.000000e+000  0.000000e+000
    outer loop
      vertex -7.250000e+000  9.000000e+000  1.000000e+000
      vertex -9.250000e+000  9.000000e+000  1.000000e+000
      vertex -7.250000e+000  9.000000e+000  7.000000e+000
    endloop
  endfacet
  facet normal  0.000000e+000  1.000000e+000  0.000000e+000
    outer loop
      vertex -7.250000e+000  9.000000e+000  7.000000e+000
      vertex -9.250000e+000  9.000000e+000  1.000000e+000
      vertex -9.250000e+000  9.000000e+000  7.000000e+000
    endloop
  endfacet
  facet normal  -0.000000e+000  -0.000000e+000 -1.000000e+000
    outer loop
      vertex  7.500000e+000 -3.700000e+001 -2.000000e+000
      vertex  1.176795e+001 -3.700000e+001 -2.000000e+000
      vertex  1.208579e+001 -3.741422e+001 -2.000000e+000
    endloop
  endfacet
  facet normal  -0.000000e+000  0.000000e+000 -1.000000e+000
    outer loop
      vertex -7.500000e+000 -3.700000e+001 -2.000000e+000
      vertex -2.500000e+000 -3.700000e+001 -2.000000e+000
      vertex -1.600000e+001 -4.000000e+001 -2.000000e+000
    endloop
  endfacet
  facet normal  0.000000e+000  0.000000e+000 -1.000000e+000
    outer loop
      vertex -7.500000e+000 -3.700000e+001 -2.000000e+000
      vertex -1.600000e+001 -4.000000e+001 -2.000000e+000
      vertex -1.250000e+001 -3.773205e+001 -2.000000e+000
    endloop
  endfacet
  facet normal  0.000000e+000  0.000000e+000 -1.000000e+000
    outer loop
      vertex -7.500000e+000 -3.700000e+001 -2.000000e+000
      vertex -1.250000e+001 -3.773205e+001 -2.000000e+000
      vertex -1.208579e+001 -3.741422e+001 -2.000000e+000
    endloop
  endfacet
  facet normal  0.000000e+000  0.000000e+000 -1.000000e+000
    outer loop
      vertex -7.500000e+000 -3.700000e+001 -2.000000e+000
      vertex -1.208579e+001 -3.741422e+001 -2.000000e+000
      vertex -1.176795e+001 -3.700000e+001 -2.000000e+000
    endloop
  endfacet
  facet normal  0.000000e+000  0.000000e+000 -1.000000e+000
    outer loop
      vertex -7.500000e+000 -3.700000e+001 -2.000000e+000
      vertex -1.176795e+001 -3.700000e+001 -2.000000e+000
      vertex -1.156815e+001 -3.651764e+001 -2.000000e+000
    endloop
  endfacet
  facet normal  0.000000e+000  0.000000e+000 -1.000000e+000
    outer loop
      vertex -7.500000e+000 -3.700000e+001 -2.000000e+000
      vertex -1.156815e+001 -3.651764e+001 -2.000000e+000
      vertex -7.500000e+000 -3.400000e+001 -2.000000e+000
    endloop
  endfacet
  facet normal  0.000000e+000  0.000000e+000 -1.000000e+000
    outer loop
      vertex -7.500000e+000 -3.400000e+001 -2.000000e+000
      vertex -1.156815e+001 -3.651764e+001 -2.000000e+000
      vertex -1.150000e+001 -3.600000e+001 -2.000000e+000
    endloop
  endfacet
  facet normal  0.000000e+000  0.000000e+000 -1.000000e+000
    outer loop
      vertex -7.500000e+000 -3.400000e+001 -2.000000e+000
      vertex -1.150000e+001 -3.600000e+001 -2.000000e+000
      vertex -1.156815e+001 -3.548236e+001 -2.000000e+000
    endloop
  endfacet
  facet normal  0.000000e+000  0.000000e+000 -1.000000e+000
    outer loop
      vertex -7.500000e+000 -3.400000e+001 -2.000000e+000
      vertex -1.156815e+001 -3.548236e+001 -2.000000e+000
      vertex -1.176795e+001 -3.500000e+001 -2.000000e+000
    endloop
  endfacet
  facet normal  0.000000e+000  0.000000e+000 -1.000000e+000
    outer loop
      vertex -7.500000e+000 -3.400000e+001 -2.000000e+000
      vertex -1.176795e+001 -3.500000e+001 -2.000000e+000
      vertex -1.208579e+001 -3.458578e+001 -2.000000e+000
    endloop
  endfacet
  facet normal  0.000000e+000  0.000000e+000 -1.000000e+000
    outer loop
      vertex -7.500000e+000 -3.400000e+001 -2.000000e+000
      vertex -1.208579e+001 -3.458578e+001 -2.000000e+000
      vertex -1.250000e+001 -3.426795e+001 -2.000000e+000
    endloop
  endfacet
  facet normal  0.000000e+000  0.000000e+000 -1.000000e+000
    outer loop
      vertex -7.500000e+000 -3.400000e+001 -2.000000e+000
      vertex -1.250000e+001 -3.426795e+001 -2.000000e+000
      vertex -1.298236e+001 -3.406815e+001 -2.000000e+000
    endloop
  endfacet
  facet normal  0.000000e+000  0.000000e+000 -1.000000e+000
    outer loop
      vertex -7.500000e+000 -3.400000e+001 -2.000000e+000
      vertex -1.298236e+001 -3.406815e+001 -2.000000e+000
      vertex -1.350000e+001 -3.400000e+001 -2.000000e+000
    endloop
  endfacet
  facet normal  0.000000e+000  0.000000e+000 -1.000000e+000
    outer loop
      vertex -7.500000e+000 -3.400000e+001 -2.000000e+000
      vertex -1.350000e+001 -3.400000e+001 -2.000000e+000
      vertex -1.350000e+001 -3.000000e+001 -2.000000e+000
    endloop
  endfacet
  facet normal  0.000000e+000  0.000000e+000 -1.000000e+000
    outer loop
      vertex  7.500000e+000 -3.400000e+001 -2.000000e+000
      vertex  2.500000e+000 -3.400000e+001 -2.000000e+000
      vertex -1.600000e+001  2.000000e+000 -2.000000e+000
    endloop
  endfacet
  facet normal  0.000000e+000  0.000000e+000 -1.000000e+000
    outer loop
      vertex  7.500000e+000 -3.400000e+001 -2.000000e+000
      vertex -1.600000e+001  2.000000e+000 -2.000000e+000
      vertex  1.350000e+001 -2.000000e+001 -2.000000e+000
    endloop
  endfacet
  facet normal  0.000000e+000  -0.000000e+000 -1.000000e+000
    outer loop
      vertex  7.500000e+000 -3.400000e+001 -2.000000e+000
      vertex  1.350000e+001 -2.000000e+001 -2.000000e+000
      vertex  1.350000e+001 -3.400000e+001 -2.000000e+000
    endloop
  endfacet
  facet normal  -0.000000e+000  0.000000e+000 -1.000000e+000
    outer loop
      vertex  7.500000e+000 -3.400000e+001 -2.000000e+000
      vertex  1.350000e+001 -3.400000e+001 -2.000000e+000
      vertex  1.298236e+001 -3.406815e+001 -2.000000e+000
    endloop
  endfacet
  facet normal  -0.000000e+000  0.000000e+000 -1.000000e+000
    outer loop
      vertex  7.500000e+000 -3.400000e+001 -2.000000e+000
      vertex  1.298236e+001 -3.406815e+001 -2.000000e+000
      vertex  1.250000e+001 -3.426795e+001 -2.000000e+000
    endloop
  endfacet
  facet normal  -0.000000e+000  0.000000e+000 -1.000000e+000
    outer loop
      vertex  7.500000e+000 -3.400000e+001 -2.000000e+000
      vertex  1.250000e+001 -3.426795e+001 -2.000000e+000
      vertex  1.208579e+001 -3.458578e+001 -2.000000e+000
    endloop
  endfacet
  facet normal  -0.000000e+000  0.000000e+000 -1.000000e+000
    outer loop
      vertex  7.500000e+000 -3.400000e+001 -2.000000e+000
      vertex  1.208579e+001 -3.458578e+001 -2.000000e+000
      vertex  1.176795e+001 -3.500000e+001 -2.000000e+000
    endloop
  endfacet
  facet normal  -0.000000e+000  0.000000e+000 -1.000000e+000
    outer loop
      vertex  7.500000e+000 -3.400000e+001 -2.000000e+000
      vertex  1.176795e+001 -3.500000e+001 -2.000000e+000
      vertex  1.156815e+001 -3.548236e+001 -2.000000e+000
    endloop
  endfacet
  facet normal  -0.000000e+000  0.000000e+000 -1.000000e+000
    outer loop
      vertex  7.500000e+000 -3.400000e+001 -2.000000e+000
      vertex  1.156815e+001 -3.548236e+001 -2.000000e+000
      vertex  1.150000e+001 -3.600000e+001 -2.000000e+000
    endloop
  endfacet
  facet normal  -0.000000e+000  -0.000000e+000 -1.000000e+000
    outer loop
      vertex  7.500000e+000 -3.400000e+001 -2.000000e+000
      vertex  1.150000e+001 -3.600000e+001 -2.000000e+000
      vertex  1.156815e+001 -3.651764e+001 -2.000000e+000
    endloop
  endfacet
  facet normal  -0.000000e+000  -0.000000e+000 -1.000000e+000
    outer loop
      vertex  7.500000e+000 -3.400000e+001 -2.000000e+000
      vertex  1.156815e+001 -3.651764e+001 -2.000000e+000
      vertex  1.176795e+001 -3.700000e+001 -2.000000e+000
    endloop
  endfacet
  facet normal  0.000000e+000  0.000000e+000 -1.000000e+000
    outer loop
      vertex  7.500000e+000 -3.400000e+001 -2.000000e+000
      vertex  1.176795e+001 -3.700000e+001 -2.000000e+000
      vertex  7.500000e+000 -3.700000e+001 -2.000000e+000
    endloop
  endfacet
  facet normal  0.000000e+000  0.000000e+000 -1.000000e+000
    outer loop
      vertex -1.600000e+001  2.000000e+000 -2.000000e+000
      vertex  2.500000e+000 -3.400000e+001 -2.000000e+000
      vertex -2.500000e+000 -3.400000e+001 -2.000000e+000
    endloop
  endfacet
  facet normal  0.000000e+000  0.000000e+000 -1.000000e+000
    outer loop
      vertex -1.600000e+001  2.000000e+000 -2.000000e+000
      vertex -2.500000e+000 -3.400000e+001 -2.000000e+000
      vertex -7.500000e+000 -3.400000e+001 -2.000000e+000
    endloop
  endfacet
  facet normal  0.000000e+000  0.000000e+000 -1.000000e+000
    outer loop
      vertex -1.600000e+001  2.000000e+000 -2.000000e+000
      vertex -7.500000e+000 -3.400000e+001 -2.000000e+000
      vertex -1.350000e+001 -3.000000e+001 -2.000000e+000
    endloop
  endfacet
  facet normal  0.000000e+000  0.000000e+000 -1.000000e+000
    outer loop
      vertex -1.600000e+001  2.000000e+000 -2.000000e+000
      vertex -1.350000e+001 -3.000000e+001 -2.000000e+000
      vertex -1.357612e+001 -2.961732e+001 -2.000000e+000
    endloop
  endfacet
  facet normal  0.000000e+000  0.000000e+000 -1.000000e+000
    outer loop
      vertex -1.600000e+001  2.000000e+000 -2.000000e+000
      vertex -1.357612e+001 -2.961732e+001 -2.000000e+000
      vertex -1.379289e+001 -2.929289e+001 -2.000000e+000
    endloop
  endfacet
  facet normal  0.000000e+000  0.000000e+000 -1.000000e+000
    outer loop
      vertex -1.600000e+001  2.000000e+000 -2.000000e+000
      vertex -1.379289e+001 -2.929289e+001 -2.000000e+000
      vertex -1.411732e+001 -2.907612e+001 -2.000000e+000
    endloop
  endfacet
  facet normal  0.000000e+000  0.000000e+000 -1.000000e+000
    outer loop
      vertex -1.600000e+001  2.000000e+000 -2.000000e+000
      vertex -1.411732e+001 -2.907612e+001 -2.000000e+000
      vertex -1.450000e+001 -2.900000e+001 -2.000000e+000
    endloop
  endfacet
  facet normal  -0.000000e+000  0.000000e+000 -1.000000e+000
    outer loop
      vertex -1.600000e+001  2.000000e+000 -2.000000e+000
      vertex -1.450000e+001 -2.900000e+001 -2.000000e+000
      vertex -1.488268e+001 -2.907612e+001 -2.000000e+000
    endloop
  endfacet
  facet normal  -0.000000e+000  0.000000e+000 -1.000000e+000
    outer loop
      vertex -1.600000e+001  2.000000e+000 -2.000000e+000
      vertex -1.488268e+001 -2.907612e+001 -2.000000e+000
      vertex -1.520711e+001 -2.929289e+001 -2.000000e+000
    endloop
  endfacet
  facet normal  -0.000000e+000  0.000000e+000 -1.000000e+000
    outer loop
      vertex -1.600000e+001  2.000000e+000 -2.000000e+000
      vertex -1.520711e+001 -2.929289e+001 -2.000000e+000
      vertex -1.542388e+001 -2.961732e+001 -2.000000e+000
    endloop
  endfacet
  facet normal  -0.000000e+000  0.000000e+000 -1.000000e+000
    outer loop
      vertex -1.600000e+001  2.000000e+000 -2.000000e+000
      vertex -1.542388e+001 -2.961732e+001 -2.000000e+000
      vertex -1.550000e+001 -3.000000e+001 -2.000000e+000
    endloop
  endfacet
  facet normal  -0.000000e+000  -0.000000e+000 -9.999999e-001
    outer loop
      vertex -1.600000e+001  2.000000e+000 -2.000000e+000
      vertex -1.550000e+001 -3.000000e+001 -2.000000e+000
      vertex -1.543185e+001 -3.548236e+001 -2.000000e+000
    endloop
  endfacet
  facet normal  -0.000000e+000  0.000000e+000 -1.000000e+000
    outer loop
      vertex -1.600000e+001  2.000000e+000 -2.000000e+000
      vertex -1.543185e+001 -3.548236e+001 -2.000000e+000
      vertex -1.550000e+001 -3.600000e+001 -2.000000e+000
    endloop
  endfacet
  facet normal  0.000000e+000  -0.000000e+000 -1.000000e+000
    outer loop
      vertex -1.600000e+001 -4.000000e+001 -2.000000e+000
      vertex -2.500000e+000 -3.700000e+001 -2.000000e+000
      vertex  2.500000e+000 -3.700000e+001 -2.000000e+000
    endloop
  endfacet
  facet normal  0.000000e+000  -0.000000e+000 -1.000000e+000
    outer loop
      vertex -1.600000e+001 -4.000000e+001 -2.000000e+000
      vertex  2.500000e+000 -3.700000e+001 -2.000000e+000
      vertex  7.500000e+000 -3.700000e+001 -2.000000e+000
    endloop
  endfacet
  facet normal  0.000000e+000  -0.000000e+000 -1.000000e+000
    outer loop
      vertex -1.600000e+001 -4.000000e+001 -2.000000e+000
      vertex  7.500000e+000 -3.700000e+001 -2.000000e+000
      vertex  1.208579e+001 -3.741422e+001 -2.000000e+000
    endloop
  endfacet
  facet normal  0.000000e+000  -0.000000e+000 -1.000000e+000
    outer loop
      vertex -1.600000e+001 -4.000000e+001 -2.000000e+000
      vertex  1.208579e+001 -3.741422e+001 -2.000000e+000
      vertex  1.250000e+001 -3.773205e+001 -2.000000e+000
    endloop
  endfacet
  facet normal  0.000000e+000  -0.000000e+000 -1.000000e+000
    outer loop
      vertex -1.600000e+001 -4.000000e+001 -2.000000e+000
      vertex  1.250000e+001 -3.773205e+001 -2.000000e+000
      vertex  1.298236e+001 -3.793185e+001 -2.000000e+000
    endloop
  endfacet
  facet normal  0.000000e+000  -0.000000e+000 -9.999999e-001
    outer loop
      vertex -1.600000e+001 -4.000000e+001 -2.000000e+000
      vertex  1.298236e+001 -3.793185e+001 -2.000000e+000
      vertex  1.350000e+001 -3.800000e+001 -2.000000e+000
    endloop
  endfacet
  facet normal  0.000000e+000  -0.000000e+000 -1.000000e+000
    outer loop
      vertex -1.600000e+001 -4.000000e+001 -2.000000e+000
      vertex  1.350000e+001 -3.800000e+001 -2.000000e+000
      vertex  1.600000e+001 -4.000000e+001 -2.000000e+000
    endloop
  endfacet
  facet normal  -0.000000e+000  0.000000e+000 -1.000000e+000
    outer loop
      vertex -1.600000e+001  2.000000e+000 -2.000000e+000
      vertex  1.600000e+001  2.000000e+000 -2.000000e+000
      vertex  1.450000e+001 -1.900000e+001 -2.000000e+000
    endloop
  endfacet
  facet normal  -0.000000e+000  0.000000e+000 -1.000000e+000
    outer loop
      vertex -1.600000e+001  2.000000e+000 -2.000000e+000
      vertex  1.450000e+001 -1.900000e+001 -2.000000e+000
      vertex  1.411732e+001 -1.907612e+001 -2.000000e+000
    endloop
  endfacet
  facet normal  -0.000000e+000  0.000000e+000 -9.999999e-001
    outer loop
      vertex -1.600000e+001  2.000000e+000 -2.000000e+000
      vertex  1.411732e+001 -1.907612e+001 -2.000000e+000
      vertex  1.379289e+001 -1.929289e+001 -2.000000e+000
    endloop
  endfacet
  facet normal  -0.000000e+000  0.000000e+000 -9.999999e-001
    outer loop
      vertex -1.600000e+001  2.000000e+000 -2.000000e+000
      vertex  1.379289e+001 -1.929289e+001 -2.000000e+000
      vertex  1.357612e+001 -1.961732e+001 -2.000000e+000
    endloop
  endfacet
  facet normal  -0.000000e+000  0.000000e+000 -1.000000e+000
    outer loop
      vertex -1.600000e+001  2.000000e+000 -2.000000e+000
      vertex  1.357612e+001 -1.961732e+001 -2.000000e+000
      vertex  1.350000e+001 -2.000000e+001 -2.000000e+000
    endloop
  endfacet
  facet normal  0.000000e+000  0.000000e+000 -1.000000e+000
    outer loop
      vertex -1.600000e+001 -4.000000e+001 -2.000000e+000
      vertex -1.600000e+001  2.000000e+000 -2.000000e+000
      vertex -1.550000e+001 -3.600000e+001 -2.000000e+000
    endloop
  endfacet
  facet normal  0.000000e+000  -0.000000e+000 -1.000000e+000
    outer loop
      vertex -1.600000e+001 -4.000000e+001 -2.000000e+000
      vertex -1.550000e+001 -3.600000e+001 -2.000000e+000
      vertex -1.543185e+001 -3.651764e+001 -2.000000e+000
    endloop
  endfacet
  facet normal  0.000000e+000  -0.000000e+000 -1.000000e+000
    outer loop
      vertex -1.600000e+001 -4.000000e+001 -2.000000e+000
      vertex -1.543185e+001 -3.651764e+001 -2.000000e+000
      vertex -1.523205e+001 -3.700000e+001 -2.000000e+000
    endloop
  endfacet
  facet normal  0.000000e+000  -0.000000e+000 -1.000000e+000
    outer loop
      vertex -1.600000e+001 -4.000000e+001 -2.000000e+000
      vertex -1.523205e+001 -3.700000e+001 -2.000000e+000
      vertex -1.491421e+001 -3.741422e+001 -2.000000e+000
    endloop
  endfacet
  facet normal  0.000000e+000  -0.000000e+000 -1.000000e+000
    outer loop
      vertex -1.600000e+001 -4.000000e+001 -2.000000e+000
      vertex -1.491421e+001 -3.741422e+001 -2.000000e+000
      vertex -1.450000e+001 -3.773205e+001 -2.000000e+000
    endloop
  endfacet
  facet normal  0.000000e+000  -0.000000e+000 -1.000000e+000
    outer loop
      vertex -1.600000e+001 -4.000000e+001 -2.000000e+000
      vertex -1.450000e+001 -3.773205e+001 -2.000000e+000
      vertex -1.401764e+001 -3.793185e+001 -2.000000e+000
    endloop
  endfacet
  facet normal  0.000000e+000  -0.000000e+000 -1.000000e+000
    outer loop
      vertex -1.600000e+001 -4.000000e+001 -2.000000e+000
      vertex -1.401764e+001 -3.793185e+001 -2.000000e+000
      vertex -1.350000e+001 -3.800000e+001 -2.000000e+000
    endloop
  endfacet
  facet normal  0.000000e+000  -0.000000e+000 -1.000000e+000
    outer loop
      vertex -1.600000e+001 -4.000000e+001 -2.000000e+000
      vertex -1.350000e+001 -3.800000e+001 -2.000000e+000
      vertex -1.298236e+001 -3.793185e+001 -2.000000e+000
    endloop
  endfacet
  facet normal  0.000000e+000  -0.000000e+000 -1.000000e+000
    outer loop
      vertex -1.600000e+001 -4.000000e+001 -2.000000e+000
      vertex -1.298236e+001 -3.793185e+001 -2.000000e+000
      vertex -1.250000e+001 -3.773205e+001 -2.000000e+000
    endloop
  endfacet
  facet normal  -0.000000e+000  -0.000000e+000 -1.000000e+000
    outer loop
      vertex -1.542388e+001 -3.038268e+001 -2.000000e+000
      vertex -1.520711e+001 -3.070711e+001 -2.000000e+000
      vertex -1.350000e+001 -3.400000e+001 -2.000000e+000
    endloop
  endfacet
  facet normal  -0.000000e+000  0.000000e+000 -1.000000e+000
    outer loop
      vertex -1.542388e+001 -3.038268e+001 -2.000000e+000
      vertex -1.350000e+001 -3.400000e+001 -2.000000e+000
      vertex -1.401764e+001 -3.406815e+001 -2.000000e+000
    endloop
  endfacet
  facet normal  -0.000000e+000  0.000000e+000 -1.000000e+000
    outer loop
      vertex -1.542388e+001 -3.038268e+001 -2.000000e+000
      vertex -1.401764e+001 -3.406815e+001 -2.000000e+000
      vertex -1.450000e+001 -3.426795e+001 -2.000000e+000
    endloop
  endfacet
  facet normal  -0.000000e+000  0.000000e+000 -1.000000e+000
    outer loop
      vertex -1.542388e+001 -3.038268e+001 -2.000000e+000
      vertex -1.450000e+001 -3.426795e+001 -2.000000e+000
      vertex -1.491421e+001 -3.458578e+001 -2.000000e+000
    endloop
  endfacet
  facet normal  -0.000000e+000  -0.000000e+000 -9.999999e-001
    outer loop
      vertex -1.550000e+001 -3.000000e+001 -2.000000e+000
      vertex -1.542388e+001 -3.038268e+001 -2.000000e+000
      vertex -1.491421e+001 -3.458578e+001 -2.000000e+000
    endloop
  endfacet
  facet normal  -0.000000e+000  0.000000e+000 -1.000000e+000
    outer loop
      vertex -1.550000e+001 -3.000000e+001 -2.000000e+000
      vertex -1.491421e+001 -3.458578e+001 -2.000000e+000
      vertex -1.523205e+001 -3.500000e+001 -2.000000e+000
    endloop
  endfacet
  facet normal  -0.000000e+000  0.000000e+000 -1.000000e+000
    outer loop
      vertex -1.550000e+001 -3.000000e+001 -2.000000e+000
      vertex -1.523205e+001 -3.500000e+001 -2.000000e+000
      vertex -1.543185e+001 -3.548236e+001 -2.000000e+000
    endloop
  endfacet
  facet normal  0.000000e+000  0.000000e+000 -1.000000e+000
    outer loop
      vertex -1.350000e+001 -3.400000e+001 -2.000000e+000
      vertex -1.520711e+001 -3.070711e+001 -2.000000e+000
      vertex -1.488268e+001 -3.092388e+001 -2.000000e+000
    endloop
  endfacet
  facet normal  0.000000e+000  0.000000e+000 -1.000000e+000
    outer loop
      vertex -1.350000e+001 -3.400000e+001 -2.000000e+000
      vertex -1.488268e+001 -3.092388e+001 -2.000000e+000
      vertex -1.450000e+001 -3.100000e+001 -2.000000e+000
    endloop
  endfacet
  facet normal  0.000000e+000  0.000000e+000 -1.000000e+000
    outer loop
      vertex -1.350000e+001 -3.400000e+001 -2.000000e+000
      vertex -1.450000e+001 -3.100000e+001 -2.000000e+000
      vertex -1.411732e+001 -3.092388e+001 -2.000000e+000
    endloop
  endfacet
  facet normal  0.000000e+000  0.000000e+000 -1.000000e+000
    outer loop
      vertex -1.350000e+001 -3.400000e+001 -2.000000e+000
      vertex -1.411732e+001 -3.092388e+001 -2.000000e+000
      vertex -1.379289e+001 -3.070711e+001 -2.000000e+000
    endloop
  endfacet
  facet normal  0.000000e+000  0.000000e+000 -1.000000e+000
    outer loop
      vertex -1.350000e+001 -3.400000e+001 -2.000000e+000
      vertex -1.379289e+001 -3.070711e+001 -2.000000e+000
      vertex -1.357612e+001 -3.038268e+001 -2.000000e+000
    endloop
  endfacet
  facet normal  0.000000e+000  0.000000e+000 -1.000000e+000
    outer loop
      vertex -1.350000e+001 -3.400000e+001 -2.000000e+000
      vertex -1.357612e+001 -3.038268e+001 -2.000000e+000
      vertex -1.350000e+001 -3.000000e+001 -2.000000e+000
    endloop
  endfacet
  facet normal  0.000000e+000  0.000000e+000 -1.000000e+000
    outer loop
      vertex  1.350000e+001 -3.400000e+001 -2.000000e+000
      vertex  1.350000e+001 -2.000000e+001 -2.000000e+000
      vertex  1.357612e+001 -2.038268e+001 -2.000000e+000
    endloop
  endfacet
  facet normal  0.000000e+000  -0.000000e+000 -1.000000e+000
    outer loop
      vertex  1.350000e+001 -3.400000e+001 -2.000000e+000
      vertex  1.357612e+001 -2.038268e+001 -2.000000e+000
      vertex  1.379289e+001 -2.070711e+001 -2.000000e+000
    endloop
  endfacet
  facet normal  0.000000e+000  -0.000000e+000 -1.000000e+000
    outer loop
      vertex  1.350000e+001 -3.400000e+001 -2.000000e+000
      vertex  1.379289e+001 -2.070711e+001 -2.000000e+000
      vertex  1.411732e+001 -2.092388e+001 -2.000000e+000
    endloop
  endfacet
  facet normal  0.000000e+000  -0.000000e+000 -1.000000e+000
    outer loop
      vertex  1.350000e+001 -3.400000e+001 -2.000000e+000
      vertex  1.411732e+001 -2.092388e+001 -2.000000e+000
      vertex  1.450000e+001 -2.100000e+001 -2.000000e+000
    endloop
  endfacet
  facet normal  0.000000e+000  -0.000000e+000 -1.000000e+000
    outer loop
      vertex  1.350000e+001 -3.400000e+001 -2.000000e+000
      vertex  1.450000e+001 -2.100000e+001 -2.000000e+000
      vertex  1.488268e+001 -2.092388e+001 -2.000000e+000
    endloop
  endfacet
  facet normal  0.000000e+000  -0.000000e+000 -9.999999e-001
    outer loop
      vertex  1.350000e+001 -3.400000e+001 -2.000000e+000
      vertex  1.488268e+001 -2.092388e+001 -2.000000e+000
      vertex  1.520711e+001 -2.070711e+001 -2.000000e+000
    endloop
  endfacet
  facet normal  0.000000e+000  -0.000000e+000 -1.000000e+000
    outer loop
      vertex  1.350000e+001 -3.400000e+001 -2.000000e+000
      vertex  1.520711e+001 -2.070711e+001 -2.000000e+000
      vertex  1.542388e+001 -2.038268e+001 -2.000000e+000
    endloop
  endfacet
  facet normal  0.000000e+000  0.000000e+000 -1.000000e+000
    outer loop
      vertex  1.600000e+001  2.000000e+000 -2.000000e+000
      vertex  1.550000e+001 -3.600000e+001 -2.000000e+000
      vertex  1.543185e+001 -3.548236e+001 -2.000000e+000
    endloop
  endfacet
  facet normal  0.000000e+000  0.000000e+000 -9.999999e-001
    outer loop
      vertex  1.600000e+001  2.000000e+000 -2.000000e+000
      vertex  1.543185e+001 -3.548236e+001 -2.000000e+000
      vertex  1.523205e+001 -3.500000e+001 -2.000000e+000
    endloop
  endfacet
  facet normal  0.000000e+000  0.000000e+000 -1.000000e+000
    outer loop
      vertex  1.600000e+001  2.000000e+000 -2.000000e+000
      vertex  1.523205e+001 -3.500000e+001 -2.000000e+000
      vertex  1.550000e+001 -2.000000e+001 -2.000000e+000
    endloop
  endfacet
  facet normal  0.000000e+000  0.000000e+000 -1.000000e+000
    outer loop
      vertex  1.600000e+001  2.000000e+000 -2.000000e+000
      vertex  1.550000e+001 -2.000000e+001 -2.000000e+000
      vertex  1.542388e+001 -1.961732e+001 -2.000000e+000
    endloop
  endfacet
  facet normal  0.000000e+000  0.000000e+000 -1.000000e+000
    outer loop
      vertex  1.600000e+001  2.000000e+000 -2.000000e+000
      vertex  1.542388e+001 -1.961732e+001 -2.000000e+000
      vertex  1.520711e+001 -1.929289e+001 -2.000000e+000
    endloop
  endfacet
  facet normal  0.000000e+000  0.000000e+000 -1.000000e+000
    outer loop
      vertex  1.600000e+001  2.000000e+000 -2.000000e+000
      vertex  1.520711e+001 -1.929289e+001 -2.000000e+000
      vertex  1.488268e+001 -1.907612e+001 -2.000000e+000
    endloop
  endfacet
  facet normal  0.000000e+000  0.000000e+000 -1.000000e+000
    outer loop
      vertex  1.600000e+001  2.000000e+000 -2.000000e+000
      vertex  1.488268e+001 -1.907612e+001 -2.000000e+000
      vertex  1.450000e+001 -1.900000e+001 -2.000000e+000
    endloop
  endfacet
  facet normal  0.000000e+000  0.000000e+000 -9.999999e-001
    outer loop
      vertex  1.550000e+001 -2.000000e+001 -2.000000e+000
      vertex  1.523205e+001 -3.500000e+001 -2.000000e+000
      vertex  1.491421e+001 -3.458578e+001 -2.000000e+000
    endloop
  endfacet
  facet normal  0.000000e+000  0.000000e+000 -1.000000e+000
    outer loop
      vertex  1.550000e+001 -2.000000e+001 -2.000000e+000
      vertex  1.491421e+001 -3.458578e+001 -2.000000e+000
      vertex  1.450000e+001 -3.426795e+001 -2.000000e+000
    endloop
  endfacet
  facet normal  0.000000e+000  0.000000e+000 -1.000000e+000
    outer loop
      vertex  1.550000e+001 -2.000000e+001 -2.000000e+000
      vertex  1.450000e+001 -3.426795e+001 -2.000000e+000
      vertex  1.401764e+001 -3.406815e+001 -2.000000e+000
    endloop
  endfacet
  facet normal  0.000000e+000  0.000000e+000 -1.000000e+000
    outer loop
      vertex  1.550000e+001 -2.000000e+001 -2.000000e+000
      vertex  1.401764e+001 -3.406815e+001 -2.000000e+000
      vertex  1.350000e+001 -3.400000e+001 -2.000000e+000
    endloop
  endfacet
  facet normal  0.000000e+000  0.000000e+000 -1.000000e+000
    outer loop
      vertex  1.550000e+001 -2.000000e+001 -2.000000e+000
      vertex  1.350000e+001 -3.400000e+001 -2.000000e+000
      vertex  1.542388e+001 -2.038268e+001 -2.000000e+000
    endloop
  endfacet
  facet normal  0.000000e+000  0.000000e+000 -1.000000e+000
    outer loop
      vertex  1.600000e+001 -4.000000e+001 -2.000000e+000
      vertex  1.350000e+001 -3.800000e+001 -2.000000e+000
      vertex  1.401764e+001 -3.793185e+001 -2.000000e+000
    endloop
  endfacet
  facet normal  0.000000e+000  0.000000e+000 -1.000000e+000
    outer loop
      vertex  1.600000e+001 -4.000000e+001 -2.000000e+000
      vertex  1.401764e+001 -3.793185e+001 -2.000000e+000
      vertex  1.450000e+001 -3.773205e+001 -2.000000e+000
    endloop
  endfacet
  facet normal  0.000000e+000  0.000000e+000 -1.000000e+000
    outer loop
      vertex  1.600000e+001 -4.000000e+001 -2.000000e+000
      vertex  1.450000e+001 -3.773205e+001 -2.000000e+000
      vertex  1.491421e+001 -3.741422e+001 -2.000000e+000
    endloop
  endfacet
  facet normal  0.000000e+000  0.000000e+000 -1.000000e+000
    outer loop
      vertex  1.600000e+001 -4.000000e+001 -2.000000e+000
      vertex  1.491421e+001 -3.741422e+001 -2.000000e+000
      vertex  1.523205e+001 -3.700000e+001 -2.000000e+000
    endloop
  endfacet
  facet normal  0.000000e+000  0.000000e+000 -1.000000e+000
    outer loop
      vertex  1.600000e+001 -4.000000e+001 -2.000000e+000
      vertex  1.523205e+001 -3.700000e+001 -2.000000e+000
      vertex  1.543185e+001 -3.651764e+001 -2.000000e+000
    endloop
  endfacet
  facet normal  0.000000e+000  0.000000e+000 -1.000000e+000
    outer loop
      vertex  1.600000e+001 -4.000000e+001 -2.000000e+000
      vertex  1.543185e+001 -3.651764e+001 -2.000000e+000
      vertex  1.550000e+001 -3.600000e+001 -2.000000e+000
    endloop
  endfacet
  facet normal  0.000000e+000  0.000000e+000 -1.000000e+000
    outer loop
      vertex  1.600000e+001 -4.000000e+001 -2.000000e+000
      vertex  1.550000e+001 -3.600000e+001 -2.000000e+000
      vertex  1.600000e+001  2.000000e+000 -2.000000e+000
    endloop
  endfacet
  facet normal  -0.000000e+000  0.000000e+000 -1.000000e+000
    outer loop
      vertex -2.500000e+000 -3.400000e+001 -2.000000e+000
      vertex  2.500000e+000 -3.400000e+001 -2.000000e+000
      vertex -2.500000e+000 -3.700000e+001 -2.000000e+000
    endloop
  endfacet
  facet normal  0.000000e+000  0.000000e+000 -1.000000e+000
    outer loop
      vertex -2.500000e+000 -3.700000e+001 -2.000000e+000
      vertex  2.500000e+000 -3.400000e+001 -2.000000e+000
      vertex  2.500000e+000 -3.700000e+001 -2.000000e+000
    endloop
  endfacet
  facet normal -1.305285e-001 -9.914445e-001  0.000000e+000
    outer loop
      vertex -1.350000e+001 -3.400000e+001  0.000000e+000
      vertex -1.298236e+001 -3.406815e+001 -2.000000e+000
      vertex -1.298236e+001 -3.406815e+001  0.000000e+000
    endloop
  endfacet
  facet normal -3.826798e-001 -9.238811e-001  -0.000000e+000
    outer loop
      vertex -1.298236e+001 -3.406815e+001  0.000000e+000
      vertex -1.298236e+001 -3.406815e+001 -2.000000e+000
      vertex -1.250000e+001 -3.426795e+001 -2.000000e+000
    endloop
  endfacet
  facet normal -3.826798e-001 -9.238811e-001  0.000000e+000
    outer loop
      vertex -1.298236e+001 -3.406815e+001  0.000000e+000
      vertex -1.250000e+001 -3.426795e+001 -2.000000e+000
      vertex -1.250000e+001 -3.426795e+001  0.000000e+000
    endloop
  endfacet
  facet normal -6.087612e-001 -7.933535e-001  -0.000000e+000
    outer loop
      vertex -1.250000e+001 -3.426795e+001  0.000000e+000
      vertex -1.250000e+001 -3.426795e+001 -2.000000e+000
      vertex -1.208579e+001 -3.458578e+001 -2.000000e+000
    endloop
  endfacet
  facet normal -6.087612e-001 -7.933535e-001  0.000000e+000
    outer loop
      vertex -1.250000e+001 -3.426795e+001  0.000000e+000
      vertex -1.208579e+001 -3.458578e+001 -2.000000e+000
      vertex -1.208579e+001 -3.458578e+001  0.000000e+000
    endloop
  endfacet
  facet normal -7.933540e-001 -6.087606e-001  -0.000000e+000
    outer loop
      vertex -1.208579e+001 -3.458578e+001  0.000000e+000
      vertex -1.208579e+001 -3.458578e+001 -2.000000e+000
      vertex -1.176795e+001 -3.500000e+001 -2.000000e+000
    endloop
  endfacet
  facet normal -7.933540e-001 -6.087606e-001  0.000000e+000
    outer loop
      vertex -1.208579e+001 -3.458578e+001  0.000000e+000
      vertex -1.176795e+001 -3.500000e+001 -2.000000e+000
      vertex -1.176795e+001 -3.500000e+001  0.000000e+000
    endloop
  endfacet
  facet normal -9.238794e-001 -3.826835e-001  -0.000000e+000
    outer loop
      vertex -1.176795e+001 -3.500000e+001  0.000000e+000
      vertex -1.176795e+001 -3.500000e+001 -2.000000e+000
      vertex -1.156815e+001 -3.548236e+001 -2.000000e+000
    endloop
  endfacet
  facet normal -9.238794e-001 -3.826835e-001  0.000000e+000
    outer loop
      vertex -1.176795e+001 -3.500000e+001  0.000000e+000
      vertex -1.156815e+001 -3.548236e+001 -2.000000e+000
      vertex -1.156815e+001 -3.548236e+001  0.000000e+000
    endloop
  endfacet
  facet normal -9.914448e-001 -1.305264e-001  -0.000000e+000
    outer loop
      vertex -1.156815e+001 -3.548236e+001  0.000000e+000
      vertex -1.156815e+001 -3.548236e+001 -2.000000e+000
      vertex -1.150000e+001 -3.600000e+001 -2.000000e+000
    endloop
  endfacet
  facet normal -9.914448e-001 -1.305264e-001  0.000000e+000
    outer loop
      vertex -1.156815e+001 -3.548236e+001  0.000000e+000
      vertex -1.150000e+001 -3.600000e+001 -2.000000e+000
      vertex -1.150000e+001 -3.600000e+001  0.000000e+000
    endloop
  endfacet
  facet normal -1.305285e-001 -9.914445e-001  -0.000000e+000
    outer loop
      vertex -1.298236e+001 -3.406815e+001 -2.000000e+000
      vertex -1.350000e+001 -3.400000e+001  0.000000e+000
      vertex -1.350000e+001 -3.400000e+001 -2.000000e+000
    endloop
  endfacet
  facet normal  1.305285e-001 -9.914445e-001  0.000000e+000
    outer loop
      vertex -1.350000e+001 -3.400000e+001 -2.000000e+000
      vertex -1.350000e+001 -3.400000e+001  0.000000e+000
      vertex -1.401764e+001 -3.406815e+001  0.000000e+000
    endloop
  endfacet
  facet normal  1.305285e-001 -9.914445e-001  0.000000e+000
    outer loop
      vertex -1.350000e+001 -3.400000e+001 -2.000000e+000
      vertex -1.401764e+001 -3.406815e+001  0.000000e+000
      vertex -1.401764e+001 -3.406815e+001 -2.000000e+000
    endloop
  endfacet
  facet normal  3.826798e-001 -9.238811e-001  0.000000e+000
    outer loop
      vertex -1.401764e+001 -3.406815e+001 -2.000000e+000
      vertex -1.401764e+001 -3.406815e+001  0.000000e+000
      vertex -1.450000e+001 -3.426795e+001  0.000000e+000
    endloop
  endfacet
  facet normal  3.826798e-001 -9.238811e-001  0.000000e+000
    outer loop
      vertex -1.401764e+001 -3.406815e+001 -2.000000e+000
      vertex -1.450000e+001 -3.426795e+001  0.000000e+000
      vertex -1.450000e+001 -3.426795e+001 -2.000000e+000
    endloop
  endfacet
  facet normal  6.087612e-001 -7.933535e-001  0.000000e+000
    outer loop
      vertex -1.450000e+001 -3.426795e+001 -2.000000e+000
      vertex -1.450000e+001 -3.426795e+001  0.000000e+000
      vertex -1.491421e+001 -3.458578e+001  0.000000e+000
    endloop
  endfacet
  facet normal  6.087612e-001 -7.933535e-001  0.000000e+000
    outer loop
      vertex -1.450000e+001 -3.426795e+001 -2.000000e+000
      vertex -1.491421e+001 -3.458578e+001  0.000000e+000
      vertex -1.491421e+001 -3.458578e+001 -2.000000e+000
    endloop
  endfacet
  facet normal  7.933540e-001 -6.087606e-001  0.000000e+000
    outer loop
      vertex -1.491421e+001 -3.458578e+001 -2.000000e+000
      vertex -1.491421e+001 -3.458578e+001  0.000000e+000
      vertex -1.523205e+001 -3.500000e+001  0.000000e+000
    endloop
  endfacet
  facet normal  7.933540e-001 -6.087606e-001  0.000000e+000
    outer loop
      vertex -1.491421e+001 -3.458578e+001 -2.000000e+000
      vertex -1.523205e+001 -3.500000e+001  0.000000e+000
      vertex -1.523205e+001 -3.500000e+001 -2.000000e+000
    endloop
  endfacet
  facet normal  9.238794e-001 -3.826835e-001  0.000000e+000
    outer loop
      vertex -1.523205e+001 -3.500000e+001 -2.000000e+000
      vertex -1.523205e+001 -3.500000e+001  0.000000e+000
      vertex -1.543185e+001 -3.548236e+001  0.000000e+000
    endloop
  endfacet
  facet normal  9.238794e-001 -3.826835e-001  0.000000e+000
    outer loop
      vertex -1.523205e+001 -3.500000e+001 -2.000000e+000
      vertex -1.543185e+001 -3.548236e+001  0.000000e+000
      vertex -1.543185e+001 -3.548236e+001 -2.000000e+000
    endloop
  endfacet
  facet normal  9.914448e-001 -1.305264e-001  0.000000e+000
    outer loop
      vertex -1.543185e+001 -3.548236e+001 -2.000000e+000
      vertex -1.543185e+001 -3.548236e+001  0.000000e+000
      vertex -1.550000e+001 -3.600000e+001  0.000000e+000
    endloop
  endfacet
  facet normal  9.914448e-001 -1.305264e-001  0.000000e+000
    outer loop
      vertex -1.543185e+001 -3.548236e+001 -2.000000e+000
      vertex -1.550000e+001 -3.600000e+001  0.000000e+000
      vertex -1.550000e+001 -3.600000e+001 -2.000000e+000
    endloop
  endfacet
  facet normal  1.305285e-001  9.914445e-001  -0.000000e+000
    outer loop
      vertex -1.350000e+001 -3.800000e+001  0.000000e+000
      vertex -1.401764e+001 -3.793185e+001 -2.000000e+000
      vertex -1.401764e+001 -3.793185e+001  0.000000e+000
    endloop
  endfacet
  facet normal  3.826798e-001  9.238811e-001  0.000000e+000
    outer loop
      vertex -1.401764e+001 -3.793185e+001  0.000000e+000
      vertex -1.401764e+001 -3.793185e+001 -2.000000e+000
      vertex -1.450000e+001 -3.773205e+001 -2.000000e+000
    endloop
  endfacet
  facet normal  3.826798e-001  9.238811e-001  -0.000000e+000
    outer loop
      vertex -1.401764e+001 -3.793185e+001  0.000000e+000
      vertex -1.450000e+001 -3.773205e+001 -2.000000e+000
      vertex -1.450000e+001 -3.773205e+001  0.000000e+000
    endloop
  endfacet
  facet normal  6.087612e-001  7.933535e-001  0.000000e+000
    outer loop
      vertex -1.450000e+001 -3.773205e+001  0.000000e+000
      vertex -1.450000e+001 -3.773205e+001 -2.000000e+000
      vertex -1.491421e+001 -3.741422e+001 -2.000000e+000
    endloop
  endfacet
  facet normal  6.087612e-001  7.933535e-001  -0.000000e+000
    outer loop
      vertex -1.450000e+001 -3.773205e+001  0.000000e+000
      vertex -1.491421e+001 -3.741422e+001 -2.000000e+000
      vertex -1.491421e+001 -3.741422e+001  0.000000e+000
    endloop
  endfacet
  facet normal  7.933540e-001  6.087606e-001  0.000000e+000
    outer loop
      vertex -1.491421e+001 -3.741422e+001  0.000000e+000
      vertex -1.491421e+001 -3.741422e+001 -2.000000e+000
      vertex -1.523205e+001 -3.700000e+001 -2.000000e+000
    endloop
  endfacet
  facet normal  7.933540e-001  6.087606e-001  -0.000000e+000
    outer loop
      vertex -1.491421e+001 -3.741422e+001  0.000000e+000
      vertex -1.523205e+001 -3.700000e+001 -2.000000e+000
      vertex -1.523205e+001 -3.700000e+001  0.000000e+000
    endloop
  endfacet
  facet normal  9.238794e-001  3.826835e-001  0.000000e+000
    outer loop
      vertex -1.523205e+001 -3.700000e+001  0.000000e+000
      vertex -1.523205e+001 -3.700000e+001 -2.000000e+000
      vertex -1.543185e+001 -3.651764e+001 -2.000000e+000
    endloop
  endfacet
  facet normal  9.238794e-001  3.826835e-001  -0.000000e+000
    outer loop
      vertex -1.523205e+001 -3.700000e+001  0.000000e+000
      vertex -1.543185e+001 -3.651764e+001 -2.000000e+000
      vertex -1.543185e+001 -3.651764e+001  0.000000e+000
    endloop
  endfacet
  facet normal  9.914448e-001  1.305264e-001  0.000000e+000
    outer loop
      vertex -1.543185e+001 -3.651764e+001  0.000000e+000
      vertex -1.543185e+001 -3.651764e+001 -2.000000e+000
      vertex -1.550000e+001 -3.600000e+001 -2.000000e+000
    endloop
  endfacet
  facet normal  9.914448e-001  1.305264e-001  -0.000000e+000
    outer loop
      vertex -1.543185e+001 -3.651764e+001  0.000000e+000
      vertex -1.550000e+001 -3.600000e+001 -2.000000e+000
      vertex -1.550000e+001 -3.600000e+001  0.000000e+000
    endloop
  endfacet
  facet normal  1.305285e-001  9.914445e-001  0.000000e+000
    outer loop
      vertex -1.401764e+001 -3.793185e+001 -2.000000e+000
      vertex -1.350000e+001 -3.800000e+001  0.000000e+000
      vertex -1.350000e+001 -3.800000e+001 -2.000000e+000
    endloop
  endfacet
  facet normal -1.305285e-001  9.914445e-001  0.000000e+000
    outer loop
      vertex -1.350000e+001 -3.800000e+001 -2.000000e+000
      vertex -1.350000e+001 -3.800000e+001  0.000000e+000
      vertex -1.298236e+001 -3.793185e+001  0.000000e+000
    endloop
  endfacet
  facet normal -1.305285e-001  9.914445e-001  0.000000e+000
    outer loop
      vertex -1.350000e+001 -3.800000e+001 -2.000000e+000
      vertex -1.298236e+001 -3.793185e+001  0.000000e+000
      vertex -1.298236e+001 -3.793185e+001 -2.000000e+000
    endloop
  endfacet
  facet normal -3.826798e-001  9.238811e-001  0.000000e+000
    outer loop
      vertex -1.298236e+001 -3.793185e+001 -2.000000e+000
      vertex -1.298236e+001 -3.793185e+001  0.000000e+000
      vertex -1.250000e+001 -3.773205e+001  0.000000e+000
    endloop
  endfacet
  facet normal -3.826798e-001  9.238811e-001  0.000000e+000
    outer loop
      vertex -1.298236e+001 -3.793185e+001 -2.000000e+000
      vertex -1.250000e+001 -3.773205e+001  0.000000e+000
      vertex -1.250000e+001 -3.773205e+001 -2.000000e+000
    endloop
  endfacet
  facet normal -6.087612e-001  7.933535e-001  0.000000e+000
    outer loop
      vertex -1.250000e+001 -3.773205e+001 -2.000000e+000
      vertex -1.250000e+001 -3.773205e+001  0.000000e+000
      vertex -1.208579e+001 -3.741422e+001  0.000000e+000
    endloop
  endfacet
  facet normal -6.087612e-001  7.933535e-001  0.000000e+000
    outer loop
      vertex -1.250000e+001 -3.773205e+001 -2.000000e+000
      vertex -1.208579e+001 -3.741422e+001  0.000000e+000
      vertex -1.208579e+001 -3.741422e+001 -2.000000e+000
    endloop
  endfacet
  facet normal -7.933540e-001  6.087606e-001  0.000000e+000
    outer loop
      vertex -1.208579e+001 -3.741422e+001 -2.000000e+000
      vertex -1.208579e+001 -3.741422e+001  0.000000e+000
      vertex -1.176795e+001 -3.700000e+001  0.000000e+000
    endloop
  endfacet
  facet normal -7.933540e-001  6.087606e-001  0.000000e+000
    outer loop
      vertex -1.208579e+001 -3.741422e+001 -2.000000e+000
      vertex -1.176795e+001 -3.700000e+001  0.000000e+000
      vertex -1.176795e+001 -3.700000e+001 -2.000000e+000
    endloop
  endfacet
  facet normal -9.238794e-001  3.826835e-001  0.000000e+000
    outer loop
      vertex -1.176795e+001 -3.700000e+001 -2.000000e+000
      vertex -1.176795e+001 -3.700000e+001  0.000000e+000
      vertex -1.156815e+001 -3.651764e+001  0.000000e+000
    endloop
  endfacet
  facet normal -9.238794e-001  3.826835e-001  0.000000e+000
    outer loop
      vertex -1.176795e+001 -3.700000e+001 -2.000000e+000
      vertex -1.156815e+001 -3.651764e+001  0.000000e+000
      vertex -1.156815e+001 -3.651764e+001 -2.000000e+000
    endloop
  endfacet
  facet normal -9.914448e-001  1.305264e-001  0.000000e+000
    outer loop
      vertex -1.156815e+001 -3.651764e+001 -2.000000e+000
      vertex -1.156815e+001 -3.651764e+001  0.000000e+000
      vertex -1.150000e+001 -3.600000e+001  0.000000e+000
    endloop
  endfacet
  facet normal -9.914448e-001  1.305264e-001  0.000000e+000
    outer loop
      vertex -1.156815e+001 -3.651764e+001 -2.000000e+000
      vertex -1.150000e+001 -3.600000e+001  0.000000e+000
      vertex -1.150000e+001 -3.600000e+001 -2.000000e+000
    endloop
  endfacet
  facet normal -1.305285e-001 -9.914445e-001  0.000000e+000
    outer loop
      vertex  1.350000e+001 -3.400000e+001  0.000000e+000
      vertex  1.401764e+001 -3.406815e+001 -2.000000e+000
      vertex  1.401764e+001 -3.406815e+001  0.000000e+000
    endloop
  endfacet
  facet normal -3.826798e-001 -9.238811e-001  -0.000000e+000
    outer loop
      vertex  1.401764e+001 -3.406815e+001  0.000000e+000
      vertex  1.401764e+001 -3.406815e+001 -2.000000e+000
      vertex  1.450000e+001 -3.426795e+001 -2.000000e+000
    endloop
  endfacet
  facet normal -3.826798e-001 -9.238811e-001  0.000000e+000
    outer loop
      vertex  1.401764e+001 -3.406815e+001  0.000000e+000
      vertex  1.450000e+001 -3.426795e+001 -2.000000e+000
      vertex  1.450000e+001 -3.426795e+001  0.000000e+000
    endloop
  endfacet
  facet normal -6.087612e-001 -7.933535e-001  -0.000000e+000
    outer loop
      vertex  1.450000e+001 -3.426795e+001  0.000000e+000
      vertex  1.450000e+001 -3.426795e+001 -2.000000e+000
      vertex  1.491421e+001 -3.458578e+001 -2.000000e+000
    endloop
  endfacet
  facet normal -6.087612e-001 -7.933535e-001  0.000000e+000
    outer loop
      vertex  1.450000e+001 -3.426795e+001  0.000000e+000
      vertex  1.491421e+001 -3.458578e+001 -2.000000e+000
      vertex  1.491421e+001 -3.458578e+001  0.000000e+000
    endloop
  endfacet
  facet normal -7.933540e-001 -6.087606e-001  -0.000000e+000
    outer loop
      vertex  1.491421e+001 -3.458578e+001  0.000000e+000
      vertex  1.491421e+001 -3.458578e+001 -2.000000e+000
      vertex  1.523205e+001 -3.500000e+001 -2.000000e+000
    endloop
  endfacet
  facet normal -7.933540e-001 -6.087606e-001  0.000000e+000
    outer loop
      vertex  1.491421e+001 -3.458578e+001  0.000000e+000
      vertex  1.523205e+001 -3.500000e+001 -2.000000e+000
      vertex  1.523205e+001 -3.500000e+001  0.000000e+000
    endloop
  endfacet
  facet normal -9.238794e-001 -3.826835e-001  -0.000000e+000
    outer loop
      vertex  1.523205e+001 -3.500000e+001  0.000000e+000
      vertex  1.523205e+001 -3.500000e+001 -2.000000e+000
      vertex  1.543185e+001 -3.548236e+001 -2.000000e+000
    endloop
  endfacet
  facet normal -9.238794e-001 -3.826835e-001  0.000000e+000
    outer loop
      vertex  1.523205e+001 -3.500000e+001  0.000000e+000
      vertex  1.543185e+001 -3.548236e+001 -2.000000e+000
      vertex  1.543185e+001 -3.548236e+001  0.000000e+000
    endloop
  endfacet
  facet normal -9.914448e-001 -1.305264e-001  -0.000000e+000
    outer loop
      vertex  1.543185e+001 -3.548236e+001  0.000000e+000
      vertex  1.543185e+001 -3.548236e+001 -2.000000e+000
      vertex  1.550000e+001 -3.600000e+001 -2.000000e+000
    endloop
  endfacet
  facet normal -9.914448e-001 -1.305264e-001  0.000000e+000
    outer loop
      vertex  1.543185e+001 -3.548236e+001  0.000000e+000
      vertex  1.550000e+001 -3.600000e+001 -2.000000e+000
      vertex  1.550000e+001 -3.600000e+001  0.000000e+000
    endloop
  endfacet
  facet normal -1.305285e-001 -9.914445e-001  -0.000000e+000
    outer loop
      vertex  1.401764e+001 -3.406815e+001 -2.000000e+000
      vertex  1.350000e+001 -3.400000e+001  0.000000e+000
      vertex  1.350000e+001 -3.400000e+001 -2.000000e+000
    endloop
  endfacet
  facet normal  1.305285e-001 -9.914445e-001  0.000000e+000
    outer loop
      vertex  1.350000e+001 -3.400000e+001 -2.000000e+000
      vertex  1.350000e+001 -3.400000e+001  0.000000e+000
      vertex  1.298236e+001 -3.406815e+001  0.000000e+000
    endloop
  endfacet
  facet normal  1.305285e-001 -9.914445e-001  0.000000e+000
    outer loop
      vertex  1.350000e+001 -3.400000e+001 -2.000000e+000
      vertex  1.298236e+001 -3.406815e+001  0.000000e+000
      vertex  1.298236e+001 -3.406815e+001 -2.000000e+000
    endloop
  endfacet
  facet normal  3.826798e-001 -9.238811e-001  0.000000e+000
    outer loop
      vertex  1.298236e+001 -3.406815e+001 -2.000000e+000
      vertex  1.298236e+001 -3.406815e+001  0.000000e+000
      vertex  1.250000e+001 -3.426795e+001  0.000000e+000
    endloop
  endfacet
  facet normal  3.826798e-001 -9.238811e-001  0.000000e+000
    outer loop
      vertex  1.298236e+001 -3.406815e+001 -2.000000e+000
      vertex  1.250000e+001 -3.426795e+001  0.000000e+000
      vertex  1.250000e+001 -3.426795e+001 -2.000000e+000
    endloop
  endfacet
  facet normal  6.087612e-001 -7.933535e-001  0.000000e+000
    outer loop
      vertex  1.250000e+001 -3.426795e+001 -2.000000e+000
      vertex  1.250000e+001 -3.426795e+001  0.000000e+000
      vertex  1.208579e+001 -3.458578e+001  0.000000e+000
    endloop
  endfacet
  facet normal  6.087612e-001 -7.933535e-001  0.000000e+000
    outer loop
      vertex  1.250000e+001 -3.426795e+001 -2.000000e+000
      vertex  1.208579e+001 -3.458578e+001  0.000000e+000
      vertex  1.208579e+001 -3.458578e+001 -2.000000e+000
    endloop
  endfacet
  facet normal  7.933540e-001 -6.087606e-001  0.000000e+000
    outer loop
      vertex  1.208579e+001 -3.458578e+001 -2.000000e+000
      vertex  1.208579e+001 -3.458578e+001  0.000000e+000
      vertex  1.176795e+001 -3.500000e+001  0.000000e+000
    endloop
  endfacet
  facet normal  7.933540e-001 -6.087606e-001  0.000000e+000
    outer loop
      vertex  1.208579e+001 -3.458578e+001 -2.000000e+000
      vertex  1.176795e+001 -3.500000e+001  0.000000e+000
      vertex  1.176795e+001 -3.500000e+001 -2.000000e+000
    endloop
  endfacet
  facet normal  9.238794e-001 -3.826835e-001  0.000000e+000
    outer loop
      vertex  1.176795e+001 -3.500000e+001 -2.000000e+000
      vertex  1.176795e+001 -3.500000e+001  0.000000e+000
      vertex  1.156815e+001 -3.548236e+001  0.000000e+000
    endloop
  endfacet
  facet normal  9.238794e-001 -3.826835e-001  0.000000e+000
    outer loop
      vertex  1.176795e+001 -3.500000e+001 -2.000000e+000
      vertex  1.156815e+001 -3.548236e+001  0.000000e+000
      vertex  1.156815e+001 -3.548236e+001 -2.000000e+000
    endloop
  endfacet
  facet normal  9.914448e-001 -1.305264e-001  0.000000e+000
    outer loop
      vertex  1.156815e+001 -3.548236e+001 -2.000000e+000
      vertex  1.156815e+001 -3.548236e+001  0.000000e+000
      vertex  1.150000e+001 -3.600000e+001  0.000000e+000
    endloop
  endfacet
  facet normal  9.914448e-001 -1.305264e-001  0.000000e+000
    outer loop
      vertex  1.156815e+001 -3.548236e+001 -2.000000e+000
      vertex  1.150000e+001 -3.600000e+001  0.000000e+000
      vertex  1.150000e+001 -3.600000e+001 -2.000000e+000
    endloop
  endfacet
  facet normal  1.305285e-001  9.914445e-001  -0.000000e+000
    outer loop
      vertex  1.350000e+001 -3.800000e+001  0.000000e+000
      vertex  1.298236e+001 -3.793185e+001 -2.000000e+000
      vertex  1.298236e+001 -3.793185e+001  0.000000e+000
    endloop
  endfacet
  facet normal  3.826798e-001  9.238811e-001  0.000000e+000
    outer loop
      vertex  1.298236e+001 -3.793185e+001  0.000000e+000
      vertex  1.298236e+001 -3.793185e+001 -2.000000e+000
      vertex  1.250000e+001 -3.773205e+001 -2.000000e+000
    endloop
  endfacet
  facet normal  3.826798e-001  9.238811e-001  -0.000000e+000
    outer loop
      vertex  1.298236e+001 -3.793185e+001  0.000000e+000
      vertex  1.250000e+001 -3.773205e+001 -2.000000e+000
      vertex  1.250000e+001 -3.773205e+001  0.000000e+000
    endloop
  endfacet
  facet normal  6.087612e-001  7.933535e-001  0.000000e+000
    outer loop
      vertex  1.250000e+001 -3.773205e+001  0.000000e+000
      vertex  1.250000e+001 -3.773205e+001 -2.000000e+000
      vertex  1.208579e+001 -3.741422e+001 -2.000000e+000
    endloop
  endfacet
  facet normal  6.087612e-001  7.933535e-001  -0.000000e+000
    outer loop
      vertex  1.250000e+001 -3.773205e+001  0.000000e+000
      vertex  1.208579e+001 -3.741422e+001 -2.000000e+000
      vertex  1.208579e+001 -3.741422e+001  0.000000e+000
    endloop
  endfacet
  facet normal  7.933540e-001  6.087606e-001  0.000000e+000
    outer loop
      vertex  1.208579e+001 -3.741422e+001  0.000000e+000
      vertex  1.208579e+001 -3.741422e+001 -2.000000e+000
      vertex  1.176795e+001 -3.700000e+001 -2.000000e+000
    endloop
  endfacet
  facet normal  7.933540e-001  6.087606e-001  -0.000000e+000
    outer loop
      vertex  1.208579e+001 -3.741422e+001  0.000000e+000
      vertex  1.176795e+001 -3.700000e+001 -2.000000e+000
      vertex  1.176795e+001 -3.700000e+001  0.000000e+000
    endloop
  endfacet
  facet normal  9.238794e-001  3.826835e-001  0.000000e+000
    outer loop
      vertex  1.176795e+001 -3.700000e+001  0.000000e+000
      vertex  1.176795e+001 -3.700000e+001 -2.000000e+000
      vertex  1.156815e+001 -3.651764e+001 -2.000000e+000
    endloop
  endfacet
  facet normal  9.238794e-001  3.826835e-001  -0.000000e+000
    outer loop
      vertex  1.176795e+001 -3.700000e+001  0.000000e+000
      vertex  1.156815e+001 -3.651764e+001 -2.000000e+000
      vertex  1.156815e+001 -3.651764e+001  0.000000e+000
    endloop
  endfacet
  facet normal  9.914448e-001  1.305264e-001  0.000000e+000
    outer loop
      vertex  1.156815e+001 -3.651764e+001  0.000000e+000
      vertex  1.156815e+001 -3.651764e+001 -2.000000e+000
      vertex  1.150000e+001 -3.600000e+001 -2.000000e+000
    endloop
  endfacet
  facet normal  9.914448e-001  1.305264e-001  -0.000000e+000
    outer loop
      vertex  1.156815e+001 -3.651764e+001  0.000000e+000
      vertex  1.150000e+001 -3.600000e+001 -2.000000e+000
      vertex  1.150000e+001 -3.600000e+001  0.000000e+000
    endloop
  endfacet
  facet normal  1.305285e-001  9.914445e-001  0.000000e+000
    outer loop
      vertex  1.298236e+001 -3.793185e+001 -2.000000e+000
      vertex  1.350000e+001 -3.800000e+001  0.000000e+000
      vertex  1.350000e+001 -3.800000e+001 -2.000000e+000
    endloop
  endfacet
  facet normal -1.305285e-001  9.914445e-001  0.000000e+000
    outer loop
      vertex  1.350000e+001 -3.800000e+001 -2.000000e+000
      vertex  1.350000e+001 -3.800000e+001  0.000000e+000
      vertex  1.401764e+001 -3.793185e+001  0.000000e+000
    endloop
  endfacet
  facet normal -1.305285e-001  9.914445e-001  0.000000e+000
    outer loop
      vertex  1.350000e+001 -3.800000e+001 -2.000000e+000
      vertex  1.401764e+001 -3.793185e+001  0.000000e+000
      vertex  1.401764e+001 -3.793185e+001 -2.000000e+000
    endloop
  endfacet
  facet normal -3.826798e-001  9.238811e-001  0.000000e+000
    outer loop
      vertex  1.401764e+001 -3.793185e+001 -2.000000e+000
      vertex  1.401764e+001 -3.793185e+001  0.000000e+000
      vertex  1.450000e+001 -3.773205e+001  0.000000e+000
    endloop
  endfacet
  facet normal -3.826798e-001  9.238811e-001  0.000000e+000
    outer loop
      vertex  1.401764e+001 -3.793185e+001 -2.000000e+000
      vertex  1.450000e+001 -3.773205e+001  0.000000e+000
      vertex  1.450000e+001 -3.773205e+001 -2.000000e+000
    endloop
  endfacet
  facet normal -6.087612e-001  7.933535e-001  0.000000e+000
    outer loop
      vertex  1.450000e+001 -3.773205e+001 -2.000000e+000
      vertex  1.450000e+001 -3.773205e+001  0.000000e+000
      vertex  1.491421e+001 -3.741422e+001  0.000000e+000
    endloop
  endfacet
  facet normal -6.087612e-001  7.933535e-001  0.000000e+000
    outer loop
      vertex  1.450000e+001 -3.773205e+001 -2.000000e+000
      vertex  1.491421e+001 -3.741422e+001  0.000000e+000
      vertex  1.491421e+001 -3.741422e+001 -2.000000e+000
    endloop
  endfacet
  facet normal -7.933540e-001  6.087606e-001  0.000000e+000
    outer loop
      vertex  1.491421e+001 -3.741422e+001 -2.000000e+000
      vertex  1.491421e+001 -3.741422e+001  0.000000e+000
      vertex  1.523205e+001 -3.700000e+001  0.000000e+000
    endloop
  endfacet
  facet normal -7.933540e-001  6.087606e-001  0.000000e+000
    outer loop
      vertex  1.491421e+001 -3.741422e+001 -2.000000e+000
      vertex  1.523205e+001 -3.700000e+001  0.000000e+000
      vertex  1.523205e+001 -3.700000e+001 -2.000000e+000
    endloop
  endfacet
  facet normal -9.238794e-001  3.826835e-001  0.000000e+000
    outer loop
      vertex  1.523205e+001 -3.700000e+001 -2.000000e+000
      vertex  1.523205e+001 -3.700000e+001  0.000000e+000
      vertex  1.543185e+001 -3.651764e+001  0.000000e+000
    endloop
  endfacet
  facet normal -9.238794e-001  3.826835e-001  0.000000e+000
    outer loop
      vertex  1.523205e+001 -3.700000e+001 -2.000000e+000
      vertex  1.543185e+001 -3.651764e+001  0.000000e+000
      vertex  1.543185e+001 -3.651764e+001 -2.000000e+000
    endloop
  endfacet
  facet normal -9.914448e-001  1.305264e-001  0.000000e+000
    outer loop
      vertex  1.543185e+001 -3.651764e+001 -2.000000e+000
      vertex  1.543185e+001 -3.651764e+001  0.000000e+000
      vertex  1.550000e+001 -3.600000e+001  0.000000e+000
    endloop
  endfacet
  facet normal -9.914448e-001  1.305264e-001  0.000000e+000
    outer loop
      vertex  1.543185e+001 -3.651764e+001 -2.000000e+000
      vertex  1.550000e+001 -3.600000e+001  0.000000e+000
      vertex  1.550000e+001 -3.600000e+001 -2.000000e+000
    endloop
  endfacet
  facet normal  0.000000e+000  0.000000e+000 -1.000000e+000
    outer loop
      vertex -1.350000e+001 -3.400000e+001  0.000000e+000
      vertex -1.298236e+001 -3.406815e+001  0.000000e+000
      vertex -1.401764e+001 -3.406815e+001  0.000000e+000
    endloop
  endfacet
  facet normal  0.000000e+000  0.000000e+000 -1.000000e+000
    outer loop
      vertex -1.350000e+001 -3.800000e+001  0.000000e+000
      vertex -1.401764e+001 -3.793185e+001  0.000000e+000
      vertex -1.298236e+001 -3.793185e+001  0.000000e+000
    endloop
  endfacet
  facet normal  0.000000e+000  0.000000e+000 -1.000000e+000
    outer loop
      vertex -1.298236e+001 -3.793185e+001  0.000000e+000
      vertex -1.401764e+001 -3.793185e+001  0.000000e+000
      vertex -1.450000e+001 -3.773205e+001  0.000000e+000
    endloop
  endfacet
  facet normal  0.000000e+000  0.000000e+000 -1.000000e+000
    outer loop
      vertex -1.298236e+001 -3.793185e+001  0.000000e+000
      vertex -1.450000e+001 -3.773205e+001  0.000000e+000
      vertex -1.250000e+001 -3.773205e+001  0.000000e+000
    endloop
  endfacet
  facet normal  0.000000e+000  0.000000e+000 -1.000000e+000
    outer loop
      vertex -1.250000e+001 -3.773205e+001  0.000000e+000
      vertex -1.450000e+001 -3.773205e+001  0.000000e+000
      vertex -1.491421e+001 -3.741422e+001  0.000000e+000
    endloop
  endfacet
  facet normal  0.000000e+000  0.000000e+000 -1.000000e+000
    outer loop
      vertex -1.250000e+001 -3.773205e+001  0.000000e+000
      vertex -1.491421e+001 -3.741422e+001  0.000000e+000
      vertex -1.208579e+001 -3.741422e+001  0.000000e+000
    endloop
  endfacet
  facet normal  0.000000e+000  0.000000e+000 -1.000000e+000
    outer loop
      vertex -1.208579e+001 -3.741422e+001  0.000000e+000
      vertex -1.491421e+001 -3.741422e+001  0.000000e+000
      vertex -1.523205e+001 -3.700000e+001  0.000000e+000
    endloop
  endfacet
  facet normal  0.000000e+000  0.000000e+000 -1.000000e+000
    outer loop
      vertex -1.208579e+001 -3.741422e+001  0.000000e+000
      vertex -1.523205e+001 -3.700000e+001  0.000000e+000
      vertex -1.176795e+001 -3.700000e+001  0.000000e+000
    endloop
  endfacet
  facet normal  0.000000e+000  0.000000e+000 -1.000000e+000
    outer loop
      vertex -1.176795e+001 -3.700000e+001  0.000000e+000
      vertex -1.523205e+001 -3.700000e+001  0.000000e+000
      vertex -1.543185e+001 -3.651764e+001  0.000000e+000
    endloop
  endfacet
  facet normal  0.000000e+000  0.000000e+000 -1.000000e+000
    outer loop
      vertex -1.176795e+001 -3.700000e+001  0.000000e+000
      vertex -1.543185e+001 -3.651764e+001  0.000000e+000
      vertex -1.156815e+001 -3.651764e+001  0.000000e+000
    endloop
  endfacet
  facet normal  0.000000e+000  0.000000e+000 -1.000000e+000
    outer loop
      vertex -1.156815e+001 -3.651764e+001  0.000000e+000
      vertex -1.543185e+001 -3.651764e+001  0.000000e+000
      vertex -1.550000e+001 -3.600000e+001  0.000000e+000
    endloop
  endfacet
  facet normal  0.000000e+000  0.000000e+000 -1.000000e+000
    outer loop
      vertex -1.156815e+001 -3.651764e+001  0.000000e+000
      vertex -1.550000e+001 -3.600000e+001  0.000000e+000
      vertex -1.150000e+001 -3.600000e+001  0.000000e+000
    endloop
  endfacet
  facet normal  0.000000e+000  0.000000e+000 -1.000000e+000
    outer loop
      vertex -1.150000e+001 -3.600000e+001  0.000000e+000
      vertex -1.550000e+001 -3.600000e+001  0.000000e+000
      vertex -1.543185e+001 -3.548236e+001  0.000000e+000
    endloop
  endfacet
  facet normal  0.000000e+000  0.000000e+000 -1.000000e+000
    outer loop
      vertex -1.150000e+001 -3.600000e+001  0.000000e+000
      vertex -1.543185e+001 -3.548236e+001  0.000000e+000
      vertex -1.156815e+001 -3.548236e+001  0.000000e+000
    endloop
  endfacet
  facet normal  0.000000e+000  0.000000e+000 -1.000000e+000
    outer loop
      vertex -1.156815e+001 -3.548236e+001  0.000000e+000
      vertex -1.543185e+001 -3.548236e+001  0.000000e+000
      vertex -1.523205e+001 -3.500000e+001  0.000000e+000
    endloop
  endfacet
  facet normal  0.000000e+000  0.000000e+000 -1.000000e+000
    outer loop
      vertex -1.156815e+001 -3.548236e+001  0.000000e+000
      vertex -1.523205e+001 -3.500000e+001  0.000000e+000
      vertex -1.176795e+001 -3.500000e+001  0.000000e+000
    endloop
  endfacet
  facet normal  0.000000e+000  0.000000e+000 -1.000000e+000
    outer loop
      vertex -1.176795e+001 -3.500000e+001  0.000000e+000
      vertex -1.523205e+001 -3.500000e+001  0.000000e+000
      vertex -1.491421e+001 -3.458578e+001  0.000000e+000
    endloop
  endfacet
  facet normal  0.000000e+000  0.000000e+000 -1.000000e+000
    outer loop
      vertex -1.176795e+001 -3.500000e+001  0.000000e+000
      vertex -1.491421e+001 -3.458578e+001  0.000000e+000
      vertex -1.208579e+001 -3.458578e+001  0.000000e+000
    endloop
  endfacet
  facet normal  0.000000e+000  0.000000e+000 -1.000000e+000
    outer loop
      vertex -1.208579e+001 -3.458578e+001  0.000000e+000
      vertex -1.491421e+001 -3.458578e+001  0.000000e+000
      vertex -1.450000e+001 -3.426795e+001  0.000000e+000
    endloop
  endfacet
  facet normal  0.000000e+000  0.000000e+000 -1.000000e+000
    outer loop
      vertex -1.208579e+001 -3.458578e+001  0.000000e+000
      vertex -1.450000e+001 -3.426795e+001  0.000000e+000
      vertex -1.250000e+001 -3.426795e+001  0.000000e+000
    endloop
  endfacet
  facet normal  0.000000e+000  0.000000e+000 -1.000000e+000
    outer loop
      vertex -1.250000e+001 -3.426795e+001  0.000000e+000
      vertex -1.450000e+001 -3.426795e+001  0.000000e+000
      vertex -1.401764e+001 -3.406815e+001  0.000000e+000
    endloop
  endfacet
  facet normal  0.000000e+000  0.000000e+000 -1.000000e+000
    outer loop
      vertex -1.250000e+001 -3.426795e+001  0.000000e+000
      vertex -1.401764e+001 -3.406815e+001  0.000000e+000
      vertex -1.298236e+001 -3.406815e+001  0.000000e+000
    endloop
  endfacet
  facet normal  0.000000e+000  0.000000e+000 -1.000000e+000
    outer loop
      vertex  1.350000e+001 -3.400000e+001  0.000000e+000
      vertex  1.401764e+001 -3.406815e+001  0.000000e+000
      vertex  1.298236e+001 -3.406815e+001  0.000000e+000
    endloop
  endfacet
  facet normal  0.000000e+000  0.000000e+000 -1.000000e+000
    outer loop
      vertex  1.350000e+001 -3.800000e+001  0.000000e+000
      vertex  1.298236e+001 -3.793185e+001  0.000000e+000
      vertex  1.401764e+001 -3.793185e+001  0.000000e+000
    endloop
  endfacet
  facet normal  0.000000e+000  0.000000e+000 -1.000000e+000
    outer loop
      vertex  1.401764e+001 -3.793185e+001  0.000000e+000
      vertex  1.298236e+001 -3.793185e+001  0.000000e+000
      vertex  1.250000e+001 -3.773205e+001  0.000000e+000
    endloop
  endfacet
  facet normal  0.000000e+000  0.000000e+000 -1.000000e+000
    outer loop
      vertex  1.401764e+001 -3.793185e+001  0.000000e+000
      vertex  1.250000e+001 -3.773205e+001  0.000000e+000
      vertex  1.450000e+001 -3.773205e+001  0.000000e+000
    endloop
  endfacet
  facet normal  0.000000e+000  0.000000e+000 -1.000000e+000
    outer loop
      vertex  1.450000e+001 -3.773205e+001  0.000000e+000
      vertex  1.250000e+001 -3.773205e+001  0.000000e+000
      vertex  1.208579e+001 -3.741422e+001  0.000000e+000
    endloop
  endfacet
  facet normal  0.000000e+000  0.000000e+000 -1.000000e+000
    outer loop
      vertex  1.450000e+001 -3.773205e+001  0.000000e+000
      vertex  1.208579e+001 -3.741422e+001  0.000000e+000
      vertex  1.491421e+001 -3.741422e+001  0.000000e+000
    endloop
  endfacet
  facet normal  0.000000e+000  0.000000e+000 -1.000000e+000
    outer loop
      vertex  1.491421e+001 -3.741422e+001  0.000000e+000
      vertex  1.208579e+001 -3.741422e+001  0.000000e+000
      vertex  1.176795e+001 -3.700000e+001  0.000000e+000
    endloop
  endfacet
  facet normal  0.000000e+000  0.000000e+000 -1.000000e+000
    outer loop
      vertex  1.491421e+001 -3.741422e+001  0.000000e+000
      vertex  1.176795e+001 -3.700000e+001  0.000000e+000
      vertex  1.523205e+001 -3.700000e+001  0.000000e+000
    endloop
  endfacet
  facet normal  0.000000e+000  0.000000e+000 -1.000000e+000
    outer loop
      vertex  1.523205e+001 -3.700000e+001  0.000000e+000
      vertex  1.176795e+001 -3.700000e+001  0.000000e+000
      vertex  1.156815e+001 -3.651764e+001  0.000000e+000
    endloop
  endfacet
  facet normal  0.000000e+000  0.000000e+000 -1.000000e+000
    outer loop
      vertex  1.523205e+001 -3.700000e+001  0.000000e+000
      vertex  1.156815e+001 -3.651764e+001  0.000000e+000
      vertex  1.543185e+001 -3.651764e+001  0.000000e+000
    endloop
  endfacet
  facet normal  0.000000e+000  0.000000e+000 -1.000000e+000
    outer loop
      vertex  1.543185e+001 -3.651764e+001  0.000000e+000
      vertex  1.156815e+001 -3.651764e+001  0.000000e+000
      vertex  1.150000e+001 -3.600000e+001  0.000000e+000
    endloop
  endfacet
  facet normal  0.000000e+000  0.000000e+000 -1.000000e+000
    outer loop
      vertex  1.543185e+001 -3.651764e+001  0.000000e+000
      vertex  1.150000e+001 -3.600000e+001  0.000000e+000
      vertex  1.550000e+001 -3.600000e+001  0.000000e+000
    endloop
  endfacet
  facet normal  0.000000e+000  0.000000e+000 -1.000000e+000
    outer loop
      vertex  1.550000e+001 -3.600000e+001  0.000000e+000
      vertex  1.150000e+001 -3.600000e+001  0.000000e+000
      vertex  1.156815e+001 -3.548236e+001  0.000000e+000
    endloop
  endfacet
  facet normal  0.000000e+000  0.000000e+000 -1.000000e+000
    outer loop
      vertex  1.550000e+001 -3.600000e+001  0.000000e+000
      vertex  1.156815e+001 -3.548236e+001  0.000000e+000
      vertex  1.543185e+001 -3.548236e+001  0.000000e+000
    endloop
  endfacet
  facet normal  0.000000e+000  0.000000e+000 -1.000000e+000
    outer loop
      vertex  1.543185e+001 -3.548236e+001  0.000000e+000
      vertex  1.156815e+001 -3.548236e+001  0.000000e+000
      vertex  1.176795e+001 -3.500000e+001  0.000000e+000
    endloop
  endfacet
  facet normal  0.000000e+000  0.000000e+000 -1.000000e+000
    outer loop
      vertex  1.543185e+001 -3.548236e+001  0.000000e+000
      vertex  1.176795e+001 -3.500000e+001  0.000000e+000
      vertex  1.523205e+001 -3.500000e+001  0.000000e+000
    endloop
  endfacet
  facet normal  0.000000e+000  0.000000e+000 -1.000000e+000
    outer loop
      vertex  1.523205e+001 -3.500000e+001  0.000000e+000
      vertex  1.176795e+001 -3.500000e+001  0.000000e+000
      vertex  1.208579e+001 -3.458578e+001  0.000000e+000
    endloop
  endfacet
  facet normal  0.000000e+000  0.000000e+000 -1.000000e+000
    outer loop
      vertex  1.523205e+001 -3.500000e+001  0.000000e+000
      vertex  1.208579e+001 -3.458578e+001  0.000000e+000
      vertex  1.491421e+001 -3.458578e+001  0.000000e+000
    endloop
  endfacet
  facet normal  0.000000e+000  0.000000e+000 -1.000000e+000
    outer loop
      vertex  1.491421e+001 -3.458578e+001  0.000000e+000
      vertex  1.208579e+001 -3.458578e+001  0.000000e+000
      vertex  1.250000e+001 -3.426795e+001  0.000000e+000
    endloop
  endfacet
  facet normal  0.000000e+000  0.000000e+000 -1.000000e+000
    outer loop
      vertex  1.491421e+001 -3.458578e+001  0.000000e+000
      vertex  1.250000e+001 -3.426795e+001  0.000000e+000
      vertex  1.450000e+001 -3.426795e+001  0.000000e+000
    endloop
  endfacet
  facet normal  0.000000e+000  0.000000e+000 -1.000000e+000
    outer loop
      vertex  1.450000e+001 -3.426795e+001  0.000000e+000
      vertex  1.250000e+001 -3.426795e+001  0.000000e+000
      vertex  1.298236e+001 -3.406815e+001  0.000000e+000
    endloop
  endfacet
  facet normal  0.000000e+000  0.000000e+000 -1.000000e+000
    outer loop
      vertex  1.450000e+001 -3.426795e+001  0.000000e+000
      vertex  1.298236e+001 -3.406815e+001  0.000000e+000
      vertex  1.401764e+001 -3.406815e+001  0.000000e+000
    endloop
  endfacet
  facet normal  -0.000000e+000  1.000000e+000  0.000000e+000
    outer loop
      vertex  1.200000e+001  5.600000e+001  0.000000e+000
      vertex  8.000000e+000  5.600000e+001  7.000000e+000
      vertex  1.200000e+001  5.600000e+001  7.000000e+000
    endloop
  endfacet
  facet normal  0.000000e+000  1.000000e+000  0.000000e+000
    outer loop
      vertex  8.000000e+000  5.600000e+001  7.000000e+000
      vertex  1.200000e+001  5.600000e+001  0.000000e+000
      vertex  8.000000e+000  5.600000e+001  1.000000e+000
    endloop
  endfacet
  facet normal  0.000000e+000  1.000000e+000  0.000000e+000
    outer loop
      vertex  8.000000e+000  5.600000e+001  1.000000e+000
      vertex  1.200000e+001  5.600000e+001  0.000000e+000
      vertex -1.200000e+001  5.600000e+001  0.000000e+000
    endloop
  endfacet
  facet normal  0.000000e+000  1.000000e+000  0.000000e+000
    outer loop
      vertex  8.000000e+000  5.600000e+001  1.000000e+000
      vertex -1.200000e+001  5.600000e+001  0.000000e+000
      vertex -8.000000e+000  5.600000e+001  1.000000e+000
    endloop
  endfacet
  facet normal  0.000000e+000  1.000000e+000  0.000000e+000
    outer loop
      vertex -8.000000e+000  5.600000e+001  1.000000e+000
      vertex -1.200000e+001  5.600000e+001  0.000000e+000
      vertex -1.200000e+001  5.600000e+001  7.000000e+000
    endloop
  endfacet
  facet normal  -0.000000e+000  1.000000e+000  0.000000e+000
    outer loop
      vertex -8.000000e+000  5.600000e+001  1.000000e+000
      vertex -1.200000e+001  5.600000e+001  7.000000e+000
      vertex -8.000000e+000  5.600000e+001  7.000000e+000
    endloop
  endfacet
  facet normal  0.000000e+000 -1.000000e+000  -0.000000e+000
    outer loop
      vertex  9.250000e+000  5.300000e+001  1.000000e+000
      vertex  9.250000e+000  5.300000e+001  7.000000e+000
      vertex  5.000000e+000  5.300000e+001  1.000000e+000
    endloop
  endfacet
  facet normal  0.000000e+000 -1.000000e+000  0.000000e+000
    outer loop
      vertex  5.000000e+000  5.300000e+001  1.000000e+000
      vertex  9.250000e+000  5.300000e+001  7.000000e+000
      vertex  5.000000e+000  5.300000e+001  7.000000e+000
    endloop
  endfacet
  facet normal -7.071067e-001  7.071067e-001  0.000000e+000
    outer loop
      vertex  8.000000e+000  5.600000e+001  7.000000e+000
      vertex  8.000000e+000  5.600000e+001  1.000000e+000
      vertex  5.000000e+000  5.300000e+001  7.000000e+000
    endloop
  endfacet
  facet normal -7.071067e-001  7.071067e-001  0.000000e+000
    outer loop
      vertex  5.000000e+000  5.300000e+001  7.000000e+000
      vertex  8.000000e+000  5.600000e+001  1.000000e+000
      vertex  5.000000e+000  5.300000e+001  1.000000e+000
    endloop
  endfacet
  facet normal  -0.000000e+000  0.000000e+000 -1.000000e+000
    outer loop
      vertex  1.600000e+001  5.200000e+001  0.000000e+000
      vertex  1.600000e+001  2.500000e+001  0.000000e+000
      vertex  1.362500e+001  1.500000e+001  0.000000e+000
    endloop
  endfacet
  facet normal  0.000000e+000  0.000000e+000 -1.000000e+000
    outer loop
      vertex  1.600000e+001  5.200000e+001  0.000000e+000
      vertex  1.362500e+001  1.500000e+001  0.000000e+000
      vertex  1.362500e+001  4.800000e+001  0.000000e+000
    endloop
  endfacet
  facet normal  0.000000e+000  0.000000e+000 -1.000000e+000
    outer loop
      vertex  1.600000e+001  5.200000e+001  0.000000e+000
      vertex  1.362500e+001  4.800000e+001  0.000000e+000
      vertex  1.354888e+001  4.838268e+001  0.000000e+000
    endloop
  endfacet
  facet normal  0.000000e+000  0.000000e+000 -1.000000e+000
    outer loop
      vertex  1.600000e+001  5.200000e+001  0.000000e+000
      vertex  1.354888e+001  4.838268e+001  0.000000e+000
      vertex  1.200000e+001  5.600000e+001  0.000000e+000
    endloop
  endfacet
  facet normal  0.000000e+000  0.000000e+000 -1.000000e+000
    outer loop
      vertex  1.600000e+001  2.300000e+001  0.000000e+000
      vertex  1.600000e+001  2.000000e+000  0.000000e+000
      vertex  1.462500e+001  1.400000e+001  0.000000e+000
    endloop
  endfacet
  facet normal  0.000000e+000  0.000000e+000 -1.000000e+000
    outer loop
      vertex  1.600000e+001  2.300000e+001  0.000000e+000
      vertex  1.462500e+001  1.400000e+001  0.000000e+000
      vertex  1.454888e+001  1.438268e+001  0.000000e+000
    endloop
  endfacet
  facet normal  0.000000e+000  0.000000e+000 -1.000000e+000
    outer loop
      vertex  1.600000e+001  2.300000e+001  0.000000e+000
      vertex  1.454888e+001  1.438268e+001  0.000000e+000
      vertex  1.433211e+001  1.470711e+001  0.000000e+000
    endloop
  endfacet
  facet normal  0.000000e+000  0.000000e+000 -1.000000e+000
    outer loop
      vertex  1.600000e+001  2.300000e+001  0.000000e+000
      vertex  1.433211e+001  1.470711e+001  0.000000e+000
      vertex  1.400768e+001  1.492388e+001  0.000000e+000
    endloop
  endfacet
  facet normal  0.000000e+000  0.000000e+000 -9.999999e-001
    outer loop
      vertex  1.600000e+001  2.300000e+001  0.000000e+000
      vertex  1.400768e+001  1.492388e+001  0.000000e+000
      vertex  1.362500e+001  1.500000e+001  0.000000e+000
    endloop
  endfacet
  facet normal  0.000000e+000  0.000000e+000 -1.000000e+000
    outer loop
      vertex  1.600000e+001  2.300000e+001  0.000000e+000
      vertex  1.362500e+001  1.500000e+001  0.000000e+000
      vertex  1.600000e+001  2.500000e+001  0.000000e+000
    endloop
  endfacet
  facet normal  0.000000e+000  0.000000e+000 -1.000000e+000
    outer loop
      vertex  1.600000e+001  2.300000e+001  0.000000e+000
      vertex  1.600000e+001  2.500000e+001  0.000000e+000
      vertex  1.800000e+001  2.300000e+001  0.000000e+000
    endloop
  endfacet
  facet normal  0.000000e+000  0.000000e+000 -1.000000e+000
    outer loop
      vertex -1.600000e+001  2.500000e+001  0.000000e+000
      vertex -1.600000e+001  5.200000e+001  0.000000e+000
      vertex -1.362500e+001  4.800000e+001  0.000000e+000
    endloop
  endfacet
  facet normal  0.000000e+000  -0.000000e+000 -1.000000e+000
    outer loop
      vertex -1.600000e+001  2.500000e+001  0.000000e+000
      vertex -1.362500e+001  4.800000e+001  0.000000e+000
      vertex -1.362500e+001  1.500000e+001  0.000000e+000
    endloop
  endfacet
  facet normal  0.000000e+000  0.000000e+000 -1.000000e+000
    outer loop
      vertex -1.600000e+001  2.500000e+001  0.000000e+000
      vertex -1.362500e+001  1.500000e+001  0.000000e+000
      vertex -1.600000e+001  2.300000e+001  0.000000e+000
    endloop
  endfacet
  facet normal  0.000000e+000  0.000000e+000 -1.000000e+000
    outer loop
      vertex -1.600000e+001  2.500000e+001  0.000000e+000
      vertex -1.600000e+001  2.300000e+001  0.000000e+000
      vertex -1.800000e+001  2.300000e+001  0.000000e+000
    endloop
  endfacet
  facet normal  0.000000e+000  -0.000000e+000 -1.000000e+000
    outer loop
      vertex -1.600000e+001  5.200000e+001  0.000000e+000
      vertex -1.200000e+001  5.600000e+001  0.000000e+000
      vertex  1.200000e+001  5.600000e+001  0.000000e+000
    endloop
  endfacet
  facet normal  0.000000e+000  0.000000e+000 -1.000000e+000
    outer loop
      vertex -1.600000e+001  5.200000e+001  0.000000e+000
      vertex  1.200000e+001  5.600000e+001  0.000000e+000
      vertex -1.262500e+001  4.900000e+001  0.000000e+000
    endloop
  endfacet
  facet normal  -0.000000e+000  0.000000e+000 -1.000000e+000
    outer loop
      vertex -1.600000e+001  5.200000e+001  0.000000e+000
      vertex -1.262500e+001  4.900000e+001  0.000000e+000
      vertex -1.300768e+001  4.892388e+001  0.000000e+000
    endloop
  endfacet
  facet normal  -0.000000e+000  0.000000e+000 -1.000000e+000
    outer loop
      vertex -1.600000e+001  5.200000e+001  0.000000e+000
      vertex -1.300768e+001  4.892388e+001  0.000000e+000
      vertex -1.333211e+001  4.870711e+001  0.000000e+000
    endloop
  endfacet
  facet normal  -0.000000e+000  0.000000e+000 -1.000000e+000
    outer loop
      vertex -1.600000e+001  5.200000e+001  0.000000e+000
      vertex -1.333211e+001  4.870711e+001  0.000000e+000
      vertex -1.354888e+001  4.838268e+001  0.000000e+000
    endloop
  endfacet
  facet normal  -0.000000e+000  0.000000e+000 -1.000000e+000
    outer loop
      vertex -1.600000e+001  5.200000e+001  0.000000e+000
      vertex -1.354888e+001  4.838268e+001  0.000000e+000
      vertex -1.362500e+001  4.800000e+001  0.000000e+000
    endloop
  endfacet
  facet normal  0.000000e+000  0.000000e+000 -9.999999e-001
    outer loop
      vertex  1.200000e+001  5.600000e+001  0.000000e+000
      vertex  1.354888e+001  4.838268e+001  0.000000e+000
      vertex  1.333211e+001  4.870711e+001  0.000000e+000
    endloop
  endfacet
  facet normal  0.000000e+000  0.000000e+000 -1.000000e+000
    outer loop
      vertex  1.200000e+001  5.600000e+001  0.000000e+000
      vertex  1.333211e+001  4.870711e+001  0.000000e+000
      vertex  1.300768e+001  4.892388e+001  0.000000e+000
    endloop
  endfacet
  facet normal  0.000000e+000  0.000000e+000 -1.000000e+000
    outer loop
      vertex  1.200000e+001  5.600000e+001  0.000000e+000
      vertex  1.300768e+001  4.892388e+001  0.000000e+000
      vertex  1.262500e+001  4.900000e+001  0.000000e+000
    endloop
  endfacet
  facet normal  0.000000e+000  0.000000e+000 -1.000000e+000
    outer loop
      vertex  1.200000e+001  5.600000e+001  0.000000e+000
      vertex  1.262500e+001  4.900000e+001  0.000000e+000
      vertex -1.262500e+001  4.900000e+001  0.000000e+000
    endloop
  endfacet
  facet normal  0.000000e+000  -0.000000e+000 -1.000000e+000
    outer loop
      vertex -1.600000e+001  2.000000e+000  0.000000e+000
      vertex -1.462500e+001  1.400000e+001  0.000000e+000
      vertex -1.454888e+001  1.361732e+001  0.000000e+000
    endloop
  endfacet
  facet normal  0.000000e+000  -0.000000e+000 -1.000000e+000
    outer loop
      vertex -1.600000e+001  2.000000e+000  0.000000e+000
      vertex -1.454888e+001  1.361732e+001  0.000000e+000
      vertex -1.433211e+001  1.329289e+001  0.000000e+000
    endloop
  endfacet
  facet normal  0.000000e+000  -0.000000e+000 -1.000000e+000
    outer loop
      vertex -1.600000e+001  2.000000e+000  0.000000e+000
      vertex -1.433211e+001  1.329289e+001  0.000000e+000
      vertex -1.400768e+001  1.307612e+001  0.000000e+000
    endloop
  endfacet
  facet normal  0.000000e+000  -0.000000e+000 -1.000000e+000
    outer loop
      vertex -1.600000e+001  2.000000e+000  0.000000e+000
      vertex -1.400768e+001  1.307612e+001  0.000000e+000
      vertex -1.362500e+001  1.300000e+001  0.000000e+000
    endloop
  endfacet
  facet normal  0.000000e+000  -0.000000e+000 -1.000000e+000
    outer loop
      vertex -1.600000e+001  2.000000e+000  0.000000e+000
      vertex -1.362500e+001  1.300000e+001  0.000000e+000
      vertex  1.362500e+001  1.300000e+001  0.000000e+000
    endloop
  endfacet
  facet normal  0.000000e+000  -0.000000e+000 -1.000000e+000
    outer loop
      vertex -1.600000e+001  2.000000e+000  0.000000e+000
      vertex  1.362500e+001  1.300000e+001  0.000000e+000
      vertex  1.600000e+001  2.000000e+000  0.000000e+000
    endloop
  endfacet
  facet normal  -0.000000e+000  0.000000e+000 -9.999999e-001
    outer loop
      vertex -1.600000e+001  2.300000e+001  0.000000e+000
      vertex -1.362500e+001  1.500000e+001  0.000000e+000
      vertex -1.400768e+001  1.492388e+001  0.000000e+000
    endloop
  endfacet
  facet normal  -0.000000e+000  0.000000e+000 -1.000000e+000
    outer loop
      vertex -1.600000e+001  2.300000e+001  0.000000e+000
      vertex -1.400768e+001  1.492388e+001  0.000000e+000
      vertex -1.433211e+001  1.470711e+001  0.000000e+000
    endloop
  endfacet
  facet normal  -0.000000e+000  0.000000e+000 -1.000000e+000
    outer loop
      vertex -1.600000e+001  2.300000e+001  0.000000e+000
      vertex -1.433211e+001  1.470711e+001  0.000000e+000
      vertex -1.454888e+001  1.438268e+001  0.000000e+000
    endloop
  endfacet
  facet normal  -0.000000e+000  0.000000e+000 -1.000000e+000
    outer loop
      vertex -1.600000e+001  2.300000e+001  0.000000e+000
      vertex -1.454888e+001  1.438268e+001  0.000000e+000
      vertex -1.462500e+001  1.400000e+001  0.000000e+000
    endloop
  endfacet
  facet normal  -0.000000e+000  0.000000e+000 -1.000000e+000
    outer loop
      vertex -1.600000e+001  2.300000e+001  0.000000e+000
      vertex -1.462500e+001  1.400000e+001  0.000000e+000
      vertex -1.600000e+001  2.000000e+000  0.000000e+000
    endloop
  endfacet
  facet normal  0.000000e+000  0.000000e+000 -1.000000e+000
    outer loop
      vertex  1.362500e+001  1.500000e+001  0.000000e+000
      vertex  1.324232e+001  1.492388e+001  0.000000e+000
      vertex -1.324232e+001  1.492388e+001  0.000000e+000
    endloop
  endfacet
  facet normal  0.000000e+000  0.000000e+000 -1.000000e+000
    outer loop
      vertex  1.362500e+001  1.500000e+001  0.000000e+000
      vertex -1.324232e+001  1.492388e+001  0.000000e+000
      vertex -1.362500e+001  1.500000e+001  0.000000e+000
    endloop
  endfacet
  facet normal  0.000000e+000  0.000000e+000 -9.999999e-001
    outer loop
      vertex  1.362500e+001  1.500000e+001  0.000000e+000
      vertex -1.362500e+001  1.500000e+001  0.000000e+000
      vertex -1.262500e+001  4.700000e+001  0.000000e+000
    endloop
  endfacet
  facet normal  0.000000e+000  0.000000e+000 -1.000000e+000
    outer loop
      vertex  1.362500e+001  1.500000e+001  0.000000e+000
      vertex -1.262500e+001  4.700000e+001  0.000000e+000
      vertex  1.262500e+001  4.700000e+001  0.000000e+000
    endloop
  endfacet
  facet normal  0.000000e+000  0.000000e+000 -1.000000e+000
    outer loop
      vertex  1.362500e+001  1.500000e+001  0.000000e+000
      vertex  1.262500e+001  4.700000e+001  0.000000e+000
      vertex  1.300768e+001  4.707612e+001  0.000000e+000
    endloop
  endfacet
  facet normal  0.000000e+000  0.000000e+000 -1.000000e+000
    outer loop
      vertex  1.362500e+001  1.500000e+001  0.000000e+000
      vertex  1.300768e+001  4.707612e+001  0.000000e+000
      vertex  1.333211e+001  4.729289e+001  0.000000e+000
    endloop
  endfacet
  facet normal  0.000000e+000  0.000000e+000 -1.000000e+000
    outer loop
      vertex  1.362500e+001  1.500000e+001  0.000000e+000
      vertex  1.333211e+001  4.729289e+001  0.000000e+000
      vertex  1.354888e+001  4.761732e+001  0.000000e+000
    endloop
  endfacet
  facet normal  0.000000e+000  0.000000e+000 -1.000000e+000
    outer loop
      vertex  1.362500e+001  1.500000e+001  0.000000e+000
      vertex  1.354888e+001  4.761732e+001  0.000000e+000
      vertex  1.362500e+001  4.800000e+001  0.000000e+000
    endloop
  endfacet
  facet normal  0.000000e+000  0.000000e+000 -1.000000e+000
    outer loop
      vertex -1.362500e+001  1.500000e+001  0.000000e+000
      vertex -1.362500e+001  4.800000e+001  0.000000e+000
      vertex -1.354888e+001  4.761732e+001  0.000000e+000
    endloop
  endfacet
  facet normal  0.000000e+000  -0.000000e+000 -1.000000e+000
    outer loop
      vertex -1.362500e+001  1.500000e+001  0.000000e+000
      vertex -1.354888e+001  4.761732e+001  0.000000e+000
      vertex -1.333211e+001  4.729289e+001  0.000000e+000
    endloop
  endfacet
  facet normal  0.000000e+000  -0.000000e+000 -1.000000e+000
    outer loop
      vertex -1.362500e+001  1.500000e+001  0.000000e+000
      vertex -1.333211e+001  4.729289e+001  0.000000e+000
      vertex -1.300768e+001  4.707612e+001  0.000000e+000
    endloop
  endfacet
  facet normal  0.000000e+000  -0.000000e+000 -1.000000e+000
    outer loop
      vertex -1.362500e+001  1.500000e+001  0.000000e+000
      vertex -1.300768e+001  4.707612e+001  0.000000e+000
      vertex -1.262500e+001  4.700000e+001  0.000000e+000
    endloop
  endfacet
  facet normal  0.000000e+000  0.000000e+000 -1.000000e+000
    outer loop
      vertex  1.600000e+001  2.000000e+000  0.000000e+000
      vertex  1.362500e+001  1.300000e+001  0.000000e+000
      vertex  1.400768e+001  1.307612e+001  0.000000e+000
    endloop
  endfacet
  facet normal  0.000000e+000  0.000000e+000 -1.000000e+000
    outer loop
      vertex  1.600000e+001  2.000000e+000  0.000000e+000
      vertex  1.400768e+001  1.307612e+001  0.000000e+000
      vertex  1.433211e+001  1.329289e+001  0.000000e+000
    endloop
  endfacet
  facet normal  0.000000e+000  0.000000e+000 -1.000000e+000
    outer loop
      vertex  1.600000e+001  2.000000e+000  0.000000e+000
      vertex  1.433211e+001  1.329289e+001  0.000000e+000
      vertex  1.454888e+001  1.361732e+001  0.000000e+000
    endloop
  endfacet
  facet normal  0.000000e+000  0.000000e+000 -1.000000e+000
    outer loop
      vertex  1.600000e+001  2.000000e+000  0.000000e+000
      vertex  1.454888e+001  1.361732e+001  0.000000e+000
      vertex  1.462500e+001  1.400000e+001  0.000000e+000
    endloop
  endfacet
  facet normal  0.000000e+000  0.000000e+000 -1.000000e+000
    outer loop
      vertex  1.262500e+001  1.400000e+001  0.000000e+000
      vertex -1.270112e+001  1.438268e+001  0.000000e+000
      vertex  1.270112e+001  1.438268e+001  0.000000e+000
    endloop
  endfacet
  facet normal  0.000000e+000  0.000000e+000 -1.000000e+000
    outer loop
      vertex  1.270112e+001  1.438268e+001  0.000000e+000
      vertex -1.270112e+001  1.438268e+001  0.000000e+000
      vertex -1.291789e+001  1.470711e+001  0.000000e+000
    endloop
  endfacet
  facet normal  0.000000e+000  0.000000e+000 -1.000000e+000
    outer loop
      vertex  1.270112e+001  1.438268e+001  0.000000e+000
      vertex -1.291789e+001  1.470711e+001  0.000000e+000
      vertex  1.291789e+001  1.470711e+001  0.000000e+000
    endloop
  endfacet
  facet normal  0.000000e+000  0.000000e+000 -1.000000e+000
    outer loop
      vertex  1.291789e+001  1.470711e+001  0.000000e+000
      vertex -1.291789e+001  1.470711e+001  0.000000e+000
      vertex -1.324232e+001  1.492388e+001  0.000000e+000
    endloop
  endfacet
  facet normal  0.000000e+000  0.000000e+000 -1.000000e+000
    outer loop
      vertex  1.291789e+001  1.470711e+001  0.000000e+000
      vertex -1.324232e+001  1.492388e+001  0.000000e+000
      vertex  1.324232e+001  1.492388e+001  0.000000e+000
    endloop
  endfacet
  facet normal  0.000000e+000  0.000000e+000 -1.000000e+000
    outer loop
      vertex -1.270112e+001  1.438268e+001  0.000000e+000
      vertex  1.262500e+001  1.400000e+001  0.000000e+000
      vertex -1.262500e+001  1.400000e+001  0.000000e+000
    endloop
  endfacet
  facet normal  0.000000e+000  0.000000e+000 -1.000000e+000
    outer loop
      vertex -1.262500e+001  1.400000e+001  0.000000e+000
      vertex  1.262500e+001  1.400000e+001  0.000000e+000
      vertex  1.270112e+001  1.361732e+001  0.000000e+000
    endloop
  endfacet
  facet normal  0.000000e+000  0.000000e+000 -1.000000e+000
    outer loop
      vertex -1.262500e+001  1.400000e+001  0.000000e+000
      vertex  1.270112e+001  1.361732e+001  0.000000e+000
      vertex -1.270112e+001  1.361732e+001  0.000000e+000
    endloop
  endfacet
  facet normal  0.000000e+000  0.000000e+000 -1.000000e+000
    outer loop
      vertex -1.270112e+001  1.361732e+001  0.000000e+000
      vertex  1.270112e+001  1.361732e+001  0.000000e+000
      vertex  1.291789e+001  1.329289e+001  0.000000e+000
    endloop
  endfacet
  facet normal  0.000000e+000  0.000000e+000 -1.000000e+000
    outer loop
      vertex -1.270112e+001  1.361732e+001  0.000000e+000
      vertex  1.291789e+001  1.329289e+001  0.000000e+000
      vertex -1.291789e+001  1.329289e+001  0.000000e+000
    endloop
  endfacet
  facet normal  0.000000e+000  0.000000e+000 -1.000000e+000
    outer loop
      vertex -1.291789e+001  1.329289e+001  0.000000e+000
      vertex  1.291789e+001  1.329289e+001  0.000000e+000
      vertex  1.324232e+001  1.307612e+001  0.000000e+000
    endloop
  endfacet
  facet normal  0.000000e+000  0.000000e+000 -1.000000e+000
    outer loop
      vertex -1.291789e+001  1.329289e+001  0.000000e+000
      vertex  1.324232e+001  1.307612e+001  0.000000e+000
      vertex -1.324232e+001  1.307612e+001  0.000000e+000
    endloop
  endfacet
  facet normal  0.000000e+000  0.000000e+000 -1.000000e+000
    outer loop
      vertex -1.324232e+001  1.307612e+001  0.000000e+000
      vertex  1.324232e+001  1.307612e+001  0.000000e+000
      vertex  1.362500e+001  1.300000e+001  0.000000e+000
    endloop
  endfacet
  facet normal  0.000000e+000  0.000000e+000 -1.000000e+000
    outer loop
      vertex -1.324232e+001  1.307612e+001  0.000000e+000
      vertex  1.362500e+001  1.300000e+001  0.000000e+000
      vertex -1.362500e+001  1.300000e+001  0.000000e+000
    endloop
  endfacet
  facet normal  0.000000e+000  0.000000e+000 -1.000000e+000
    outer loop
      vertex  1.162500e+001  4.800000e+001  0.000000e+000
      vertex -1.170112e+001  4.838268e+001  0.000000e+000
      vertex  1.170112e+001  4.838268e+001  0.000000e+000
    endloop
  endfacet
  facet normal  0.000000e+000  0.000000e+000 -1.000000e+000
    outer loop
      vertex  1.170112e+001  4.838268e+001  0.000000e+000
      vertex -1.170112e+001  4.838268e+001  0.000000e+000
      vertex -1.191789e+001  4.870711e+001  0.000000e+000
    endloop
  endfacet
  facet normal  0.000000e+000  0.000000e+000 -1.000000e+000
    outer loop
      vertex  1.170112e+001  4.838268e+001  0.000000e+000
      vertex -1.191789e+001  4.870711e+001  0.000000e+000
      vertex  1.191789e+001  4.870711e+001  0.000000e+000
    endloop
  endfacet
  facet normal  0.000000e+000  0.000000e+000 -1.000000e+000
    outer loop
      vertex  1.191789e+001  4.870711e+001  0.000000e+000
      vertex -1.191789e+001  4.870711e+001  0.000000e+000
      vertex -1.224232e+001  4.892388e+001  0.000000e+000
    endloop
  endfacet
  facet normal  0.000000e+000  0.000000e+000 -1.000000e+000
    outer loop
      vertex  1.191789e+001  4.870711e+001  0.000000e+000
      vertex -1.224232e+001  4.892388e+001  0.000000e+000
      vertex  1.224232e+001  4.892388e+001  0.000000e+000
    endloop
  endfacet
  facet normal  0.000000e+000  0.000000e+000 -1.000000e+000
    outer loop
      vertex  1.224232e+001  4.892388e+001  0.000000e+000
      vertex -1.224232e+001  4.892388e+001  0.000000e+000
      vertex -1.262500e+001  4.900000e+001  0.000000e+000
    endloop
  endfacet
  facet normal  0.000000e+000  0.000000e+000 -9.999999e-001
    outer loop
      vertex  1.224232e+001  4.892388e+001  0.000000e+000
      vertex -1.262500e+001  4.900000e+001  0.000000e+000
      vertex  1.262500e+001  4.900000e+001  0.000000e+000
    endloop
  endfacet
  facet normal  0.000000e+000  0.000000e+000 -1.000000e+000
    outer loop
      vertex -1.170112e+001  4.838268e+001  0.000000e+000
      vertex  1.162500e+001  4.800000e+001  0.000000e+000
      vertex -1.162500e+001  4.800000e+001  0.000000e+000
    endloop
  endfacet
  facet normal  0.000000e+000  0.000000e+000 -1.000000e+000
    outer loop
      vertex -1.162500e+001  4.800000e+001  0.000000e+000
      vertex  1.162500e+001  4.800000e+001  0.000000e+000
      vertex  1.170112e+001  4.761732e+001  0.000000e+000
    endloop
  endfacet
  facet normal  0.000000e+000  0.000000e+000 -1.000000e+000
    outer loop
      vertex -1.162500e+001  4.800000e+001  0.000000e+000
      vertex  1.170112e+001  4.761732e+001  0.000000e+000
      vertex -1.170112e+001  4.761732e+001  0.000000e+000
    endloop
  endfacet
  facet normal  0.000000e+000  0.000000e+000 -1.000000e+000
    outer loop
      vertex -1.170112e+001  4.761732e+001  0.000000e+000
      vertex  1.170112e+001  4.761732e+001  0.000000e+000
      vertex  1.191789e+001  4.729289e+001  0.000000e+000
    endloop
  endfacet
  facet normal  0.000000e+000  0.000000e+000 -1.000000e+000
    outer loop
      vertex -1.170112e+001  4.761732e+001  0.000000e+000
      vertex  1.191789e+001  4.729289e+001  0.000000e+000
      vertex -1.191789e+001  4.729289e+001  0.000000e+000
    endloop
  endfacet
  facet normal  0.000000e+000  0.000000e+000 -1.000000e+000
    outer loop
      vertex -1.191789e+001  4.729289e+001  0.000000e+000
      vertex  1.191789e+001  4.729289e+001  0.000000e+000
      vertex  1.224232e+001  4.707612e+001  0.000000e+000
    endloop
  endfacet
  facet normal  0.000000e+000  0.000000e+000 -1.000000e+000
    outer loop
      vertex -1.191789e+001  4.729289e+001  0.000000e+000
      vertex  1.224232e+001  4.707612e+001  0.000000e+000
      vertex -1.224232e+001  4.707612e+001  0.000000e+000
    endloop
  endfacet
  facet normal  0.000000e+000  0.000000e+000 -1.000000e+000
    outer loop
      vertex -1.224232e+001  4.707612e+001  0.000000e+000
      vertex  1.224232e+001  4.707612e+001  0.000000e+000
      vertex  1.262500e+001  4.700000e+001  0.000000e+000
    endloop
  endfacet
  facet normal  0.000000e+000  0.000000e+000 -9.999999e-001
    outer loop
      vertex -1.224232e+001  4.707612e+001  0.000000e+000
      vertex  1.262500e+001  4.700000e+001  0.000000e+000
      vertex -1.262500e+001  4.700000e+001  0.000000e+000
    endloop
  endfacet
  facet normal  0.000000e+000 -1.000000e+000  -0.000000e+000
    outer loop
      vertex -5.000000e+000  5.300000e+001  1.000000e+000
      vertex -5.000000e+000  5.300000e+001  7.000000e+000
      vertex -9.250000e+000  5.300000e+001  1.000000e+000
    endloop
  endfacet
  facet normal  0.000000e+000 -1.000000e+000  0.000000e+000
    outer loop
      vertex -9.250000e+000  5.300000e+001  1.000000e+000
      vertex -5.000000e+000  5.300000e+001  7.000000e+000
      vertex -9.250000e+000  5.300000e+001  7.000000e+000
    endloop
  endfacet
  facet normal  7.071067e-001  7.071067e-001  0.000000e+000
    outer loop
      vertex -8.000000e+000  5.600000e+001  7.000000e+000
      vertex -5.000000e+000  5.300000e+001  7.000000e+000
      vertex -8.000000e+000  5.600000e+001  1.000000e+000
    endloop
  endfacet
  facet normal  7.071067e-001  7.071067e-001  0.000000e+000
    outer loop
      vertex -8.000000e+000  5.600000e+001  1.000000e+000
      vertex -5.000000e+000  5.300000e+001  7.000000e+000
      vertex -5.000000e+000  5.300000e+001  1.000000e+000
    endloop
  endfacet
  facet normal  1.950899e-001 -9.807854e-001  0.000000e+000
    outer loop
      vertex -1.450000e+001 -2.900000e+001 -2.000000e+000
      vertex -1.488268e+001 -2.907612e+001  7.000000e+000
      vertex -1.488268e+001 -2.907612e+001 -2.000000e+000
    endloop
  endfacet
  facet normal  5.555696e-001 -8.314700e-001  0.000000e+000
    outer loop
      vertex -1.488268e+001 -2.907612e+001 -2.000000e+000
      vertex -1.488268e+001 -2.907612e+001  7.000000e+000
      vertex -1.520711e+001 -2.929289e+001  7.000000e+000
    endloop
  endfacet
  facet normal  5.555696e-001 -8.314700e-001  0.000000e+000
    outer loop
      vertex -1.488268e+001 -2.907612e+001 -2.000000e+000
      vertex -1.520711e+001 -2.929289e+001  7.000000e+000
      vertex -1.520711e+001 -2.929289e+001 -2.000000e+000
    endloop
  endfacet
  facet normal  8.314704e-001 -5.555691e-001  0.000000e+000
    outer loop
      vertex -1.520711e+001 -2.929289e+001 -2.000000e+000
      vertex -1.520711e+001 -2.929289e+001  7.000000e+000
      vertex -1.542388e+001 -2.961732e+001  7.000000e+000
    endloop
  endfacet
  facet normal  8.314704e-001 -5.555691e-001  0.000000e+000
    outer loop
      vertex -1.520711e+001 -2.929289e+001 -2.000000e+000
      vertex -1.542388e+001 -2.961732e+001  7.000000e+000
      vertex -1.542388e+001 -2.961732e+001 -2.000000e+000
    endloop
  endfacet
  facet normal  9.807853e-001 -1.950904e-001  0.000000e+000
    outer loop
      vertex -1.542388e+001 -2.961732e+001 -2.000000e+000
      vertex -1.542388e+001 -2.961732e+001  7.000000e+000
      vertex -1.550000e+001 -3.000000e+001  7.000000e+000
    endloop
  endfacet
  facet normal  9.807853e-001 -1.950904e-001  0.000000e+000
    outer loop
      vertex -1.542388e+001 -2.961732e+001 -2.000000e+000
      vertex -1.550000e+001 -3.000000e+001  7.000000e+000
      vertex -1.550000e+001 -3.000000e+001 -2.000000e+000
    endloop
  endfacet
  facet normal  1.950899e-001 -9.807854e-001  0.000000e+000
    outer loop
      vertex -1.488268e+001 -2.907612e+001  7.000000e+000
      vertex -1.450000e+001 -2.900000e+001 -2.000000e+000
      vertex -1.450000e+001 -2.900000e+001  7.000000e+000
    endloop
  endfacet
  facet normal -1.950899e-001 -9.807854e-001  -0.000000e+000
    outer loop
      vertex -1.450000e+001 -2.900000e+001  7.000000e+000
      vertex -1.450000e+001 -2.900000e+001 -2.000000e+000
      vertex -1.411732e+001 -2.907612e+001 -2.000000e+000
    endloop
  endfacet
  facet normal -1.950899e-001 -9.807854e-001  0.000000e+000
    outer loop
      vertex -1.450000e+001 -2.900000e+001  7.000000e+000
      vertex -1.411732e+001 -2.907612e+001 -2.000000e+000
      vertex -1.411732e+001 -2.907612e+001  7.000000e+000
    endloop
  endfacet
  facet normal -5.555696e-001 -8.314700e-001  -0.000000e+000
    outer loop
      vertex -1.411732e+001 -2.907612e+001  7.000000e+000
      vertex -1.411732e+001 -2.907612e+001 -2.000000e+000
      vertex -1.379289e+001 -2.929289e+001 -2.000000e+000
    endloop
  endfacet
  facet normal -5.555696e-001 -8.314700e-001  0.000000e+000
    outer loop
      vertex -1.411732e+001 -2.907612e+001  7.000000e+000
      vertex -1.379289e+001 -2.929289e+001 -2.000000e+000
      vertex -1.379289e+001 -2.929289e+001  7.000000e+000
    endloop
  endfacet
  facet normal -8.314704e-001 -5.555691e-001  -0.000000e+000
    outer loop
      vertex -1.379289e+001 -2.929289e+001  7.000000e+000
      vertex -1.379289e+001 -2.929289e+001 -2.000000e+000
      vertex -1.357612e+001 -2.961732e+001 -2.000000e+000
    endloop
  endfacet
  facet normal -8.314704e-001 -5.555691e-001  0.000000e+000
    outer loop
      vertex -1.379289e+001 -2.929289e+001  7.000000e+000
      vertex -1.357612e+001 -2.961732e+001 -2.000000e+000
      vertex -1.357612e+001 -2.961732e+001  7.000000e+000
    endloop
  endfacet
  facet normal -9.807853e-001 -1.950904e-001  -0.000000e+000
    outer loop
      vertex -1.357612e+001 -2.961732e+001  7.000000e+000
      vertex -1.357612e+001 -2.961732e+001 -2.000000e+000
      vertex -1.350000e+001 -3.000000e+001 -2.000000e+000
    endloop
  endfacet
  facet normal -9.807853e-001 -1.950904e-001  0.000000e+000
    outer loop
      vertex -1.357612e+001 -2.961732e+001  7.000000e+000
      vertex -1.350000e+001 -3.000000e+001 -2.000000e+000
      vertex -1.350000e+001 -3.000000e+001  7.000000e+000
    endloop
  endfacet
  facet normal -1.950899e-001  9.807854e-001  0.000000e+000
    outer loop
      vertex -1.450000e+001 -3.100000e+001 -2.000000e+000
      vertex -1.411732e+001 -3.092388e+001  7.000000e+000
      vertex -1.411732e+001 -3.092388e+001 -2.000000e+000
    endloop
  endfacet
  facet normal -5.555696e-001  8.314700e-001  0.000000e+000
    outer loop
      vertex -1.411732e+001 -3.092388e+001 -2.000000e+000
      vertex -1.411732e+001 -3.092388e+001  7.000000e+000
      vertex -1.379289e+001 -3.070711e+001  7.000000e+000
    endloop
  endfacet
  facet normal -5.555696e-001  8.314700e-001  0.000000e+000
    outer loop
      vertex -1.411732e+001 -3.092388e+001 -2.000000e+000
      vertex -1.379289e+001 -3.070711e+001  7.000000e+000
      vertex -1.379289e+001 -3.070711e+001 -2.000000e+000
    endloop
  endfacet
  facet normal -8.314704e-001  5.555691e-001  0.000000e+000
    outer loop
      vertex -1.379289e+001 -3.070711e+001 -2.000000e+000
      vertex -1.379289e+001 -3.070711e+001  7.000000e+000
      vertex -1.357612e+001 -3.038268e+001  7.000000e+000
    endloop
  endfacet
  facet normal -8.314704e-001  5.555691e-001  0.000000e+000
    outer loop
      vertex -1.379289e+001 -3.070711e+001 -2.000000e+000
      vertex -1.357612e+001 -3.038268e+001  7.000000e+000
      vertex -1.357612e+001 -3.038268e+001 -2.000000e+000
    endloop
  endfacet
  facet normal -9.807853e-001  1.950904e-001  0.000000e+000
    outer loop
      vertex -1.357612e+001 -3.038268e+001 -2.000000e+000
      vertex -1.357612e+001 -3.038268e+001  7.000000e+000
      vertex -1.350000e+001 -3.000000e+001  7.000000e+000
    endloop
  endfacet
  facet normal -9.807853e-001  1.950904e-001  0.000000e+000
    outer loop
      vertex -1.357612e+001 -3.038268e+001 -2.000000e+000
      vertex -1.350000e+001 -3.000000e+001  7.000000e+000
      vertex -1.350000e+001 -3.000000e+001 -2.000000e+000
    endloop
  endfacet
  facet normal -1.950899e-001  9.807854e-001  0.000000e+000
    outer loop
      vertex -1.411732e+001 -3.092388e+001  7.000000e+000
      vertex -1.450000e+001 -3.100000e+001 -2.000000e+000
      vertex -1.450000e+001 -3.100000e+001  7.000000e+000
    endloop
  endfacet
  facet normal  1.950899e-001  9.807854e-001  0.000000e+000
    outer loop
      vertex -1.450000e+001 -3.100000e+001  7.000000e+000
      vertex -1.450000e+001 -3.100000e+001 -2.000000e+000
      vertex -1.488268e+001 -3.092388e+001 -2.000000e+000
    endloop
  endfacet
  facet normal  1.950899e-001  9.807854e-001  -0.000000e+000
    outer loop
      vertex -1.450000e+001 -3.100000e+001  7.000000e+000
      vertex -1.488268e+001 -3.092388e+001 -2.000000e+000
      vertex -1.488268e+001 -3.092388e+001  7.000000e+000
    endloop
  endfacet
  facet normal  5.555696e-001  8.314700e-001  0.000000e+000
    outer loop
      vertex -1.488268e+001 -3.092388e+001  7.000000e+000
      vertex -1.488268e+001 -3.092388e+001 -2.000000e+000
      vertex -1.520711e+001 -3.070711e+001 -2.000000e+000
    endloop
  endfacet
  facet normal  5.555696e-001  8.314700e-001  -0.000000e+000
    outer loop
      vertex -1.488268e+001 -3.092388e+001  7.000000e+000
      vertex -1.520711e+001 -3.070711e+001 -2.000000e+000
      vertex -1.520711e+001 -3.070711e+001  7.000000e+000
    endloop
  endfacet
  facet normal  8.314704e-001  5.555691e-001  0.000000e+000
    outer loop
      vertex -1.520711e+001 -3.070711e+001  7.000000e+000
      vertex -1.520711e+001 -3.070711e+001 -2.000000e+000
      vertex -1.542388e+001 -3.038268e+001 -2.000000e+000
    endloop
  endfacet
  facet normal  8.314704e-001  5.555691e-001  -0.000000e+000
    outer loop
      vertex -1.520711e+001 -3.070711e+001  7.000000e+000
      vertex -1.542388e+001 -3.038268e+001 -2.000000e+000
      vertex -1.542388e+001 -3.038268e+001  7.000000e+000
    endloop
  endfacet
  facet normal  9.807853e-001  1.950904e-001  0.000000e+000
    outer loop
      vertex -1.542388e+001 -3.038268e+001  7.000000e+000
      vertex -1.542388e+001 -3.038268e+001 -2.000000e+000
      vertex -1.550000e+001 -3.000000e+001 -2.000000e+000
    endloop
  endfacet
  facet normal  9.807853e-001  1.950904e-001  -0.000000e+000
    outer loop
      vertex -1.542388e+001 -3.038268e+001  7.000000e+000
      vertex -1.550000e+001 -3.000000e+001 -2.000000e+000
      vertex -1.550000e+001 -3.000000e+001  7.000000e+000
    endloop
  endfacet
  facet normal  1.950899e-001 -9.807854e-001  0.000000e+000
    outer loop
      vertex  1.450000e+001 -1.900000e+001 -2.000000e+000
      vertex  1.411732e+001 -1.907612e+001  7.000000e+000
      vertex  1.411732e+001 -1.907612e+001 -2.000000e+000
    endloop
  endfacet
  facet normal  5.555696e-001 -8.314700e-001  0.000000e+000
    outer loop
      vertex  1.411732e+001 -1.907612e+001 -2.000000e+000
      vertex  1.411732e+001 -1.907612e+001  7.000000e+000
      vertex  1.379289e+001 -1.929289e+001  7.000000e+000
    endloop
  endfacet
  facet normal  5.555696e-001 -8.314700e-001  0.000000e+000
    outer loop
      vertex  1.411732e+001 -1.907612e+001 -2.000000e+000
      vertex  1.379289e+001 -1.929289e+001  7.000000e+000
      vertex  1.379289e+001 -1.929289e+001 -2.000000e+000
    endloop
  endfacet
  facet normal  8.314704e-001 -5.555691e-001  0.000000e+000
    outer loop
      vertex  1.379289e+001 -1.929289e+001 -2.000000e+000
      vertex  1.379289e+001 -1.929289e+001  7.000000e+000
      vertex  1.357612e+001 -1.961732e+001  7.000000e+000
    endloop
  endfacet
  facet normal  8.314704e-001 -5.555691e-001  0.000000e+000
    outer loop
      vertex  1.379289e+001 -1.929289e+001 -2.000000e+000
      vertex  1.357612e+001 -1.961732e+001  7.000000e+000
      vertex  1.357612e+001 -1.961732e+001 -2.000000e+000
    endloop
  endfacet
  facet normal  9.807853e-001 -1.950904e-001  0.000000e+000
    outer loop
      vertex  1.357612e+001 -1.961732e+001 -2.000000e+000
      vertex  1.357612e+001 -1.961732e+001  7.000000e+000
      vertex  1.350000e+001 -2.000000e+001  7.000000e+000
    endloop
  endfacet
  facet normal  9.807853e-001 -1.950904e-001  0.000000e+000
    outer loop
      vertex  1.357612e+001 -1.961732e+001 -2.000000e+000
      vertex  1.350000e+001 -2.000000e+001  7.000000e+000
      vertex  1.350000e+001 -2.000000e+001 -2.000000e+000
    endloop
  endfacet
  facet normal  1.950899e-001 -9.807854e-001  0.000000e+000
    outer loop
      vertex  1.411732e+001 -1.907612e+001  7.000000e+000
      vertex  1.450000e+001 -1.900000e+001 -2.000000e+000
      vertex  1.450000e+001 -1.900000e+001  7.000000e+000
    endloop
  endfacet
  facet normal -1.950899e-001 -9.807854e-001  -0.000000e+000
    outer loop
      vertex  1.450000e+001 -1.900000e+001  7.000000e+000
      vertex  1.450000e+001 -1.900000e+001 -2.000000e+000
      vertex  1.488268e+001 -1.907612e+001 -2.000000e+000
    endloop
  endfacet
  facet normal -1.950899e-001 -9.807854e-001  0.000000e+000
    outer loop
      vertex  1.450000e+001 -1.900000e+001  7.000000e+000
      vertex  1.488268e+001 -1.907612e+001 -2.000000e+000
      vertex  1.488268e+001 -1.907612e+001  7.000000e+000
    endloop
  endfacet
  facet normal -5.555696e-001 -8.314700e-001  -0.000000e+000
    outer loop
      vertex  1.488268e+001 -1.907612e+001  7.000000e+000
      vertex  1.488268e+001 -1.907612e+001 -2.000000e+000
      vertex  1.520711e+001 -1.929289e+001 -2.000000e+000
    endloop
  endfacet
  facet normal -5.555696e-001 -8.314700e-001  0.000000e+000
    outer loop
      vertex  1.488268e+001 -1.907612e+001  7.000000e+000
      vertex  1.520711e+001 -1.929289e+001 -2.000000e+000
      vertex  1.520711e+001 -1.929289e+001  7.000000e+000
    endloop
  endfacet
  facet normal -8.314704e-001 -5.555691e-001  -0.000000e+000
    outer loop
      vertex  1.520711e+001 -1.929289e+001  7.000000e+000
      vertex  1.520711e+001 -1.929289e+001 -2.000000e+000
      vertex  1.542388e+001 -1.961732e+001 -2.000000e+000
    endloop
  endfacet
  facet normal -8.314704e-001 -5.555691e-001  0.000000e+000
    outer loop
      vertex  1.520711e+001 -1.929289e+001  7.000000e+000
      vertex  1.542388e+001 -1.961732e+001 -2.000000e+000
      vertex  1.542388e+001 -1.961732e+001  7.000000e+000
    endloop
  endfacet
  facet normal -9.807853e-001 -1.950904e-001  -0.000000e+000
    outer loop
      vertex  1.542388e+001 -1.961732e+001  7.000000e+000
      vertex  1.542388e+001 -1.961732e+001 -2.000000e+000
      vertex  1.550000e+001 -2.000000e+001 -2.000000e+000
    endloop
  endfacet
  facet normal -9.807853e-001 -1.950904e-001  0.000000e+000
    outer loop
      vertex  1.542388e+001 -1.961732e+001  7.000000e+000
      vertex  1.550000e+001 -2.000000e+001 -2.000000e+000
      vertex  1.550000e+001 -2.000000e+001  7.000000e+000
    endloop
  endfacet
  facet normal -1.950899e-001  9.807854e-001  0.000000e+000
    outer loop
      vertex  1.450000e+001 -2.100000e+001 -2.000000e+000
      vertex  1.488268e+001 -2.092388e+001  7.000000e+000
      vertex  1.488268e+001 -2.092388e+001 -2.000000e+000
    endloop
  endfacet
  facet normal -5.555696e-001  8.314700e-001  0.000000e+000
    outer loop
      vertex  1.488268e+001 -2.092388e+001 -2.000000e+000
      vertex  1.488268e+001 -2.092388e+001  7.000000e+000
      vertex  1.520711e+001 -2.070711e+001  7.000000e+000
    endloop
  endfacet
  facet normal -5.555696e-001  8.314700e-001  0.000000e+000
    outer loop
      vertex  1.488268e+001 -2.092388e+001 -2.000000e+000
      vertex  1.520711e+001 -2.070711e+001  7.000000e+000
      vertex  1.520711e+001 -2.070711e+001 -2.000000e+000
    endloop
  endfacet
  facet normal -8.314704e-001  5.555691e-001  0.000000e+000
    outer loop
      vertex  1.520711e+001 -2.070711e+001 -2.000000e+000
      vertex  1.520711e+001 -2.070711e+001  7.000000e+000
      vertex  1.542388e+001 -2.038268e+001  7.000000e+000
    endloop
  endfacet
  facet normal -8.314704e-001  5.555691e-001  0.000000e+000
    outer loop
      vertex  1.520711e+001 -2.070711e+001 -2.000000e+000
      vertex  1.542388e+001 -2.038268e+001  7.000000e+000
      vertex  1.542388e+001 -2.038268e+001 -2.000000e+000
    endloop
  endfacet
  facet normal -9.807853e-001  1.950904e-001  0.000000e+000
    outer loop
      vertex  1.542388e+001 -2.038268e+001 -2.000000e+000
      vertex  1.542388e+001 -2.038268e+001  7.000000e+000
      vertex  1.550000e+001 -2.000000e+001  7.000000e+000
    endloop
  endfacet
  facet normal -9.807853e-001  1.950904e-001  0.000000e+000
    outer loop
      vertex  1.542388e+001 -2.038268e+001 -2.000000e+000
      vertex  1.550000e+001 -2.000000e+001  7.000000e+000
      vertex  1.550000e+001 -2.000000e+001 -2.000000e+000
    endloop
  endfacet
  facet normal -1.950899e-001  9.807854e-001  0.000000e+000
    outer loop
      vertex  1.488268e+001 -2.092388e+001  7.000000e+000
      vertex  1.450000e+001 -2.100000e+001 -2.000000e+000
      vertex  1.450000e+001 -2.100000e+001  7.000000e+000
    endloop
  endfacet
  facet normal  1.950899e-001  9.807854e-001  0.000000e+000
    outer loop
      vertex  1.450000e+001 -2.100000e+001  7.000000e+000
      vertex  1.450000e+001 -2.100000e+001 -2.000000e+000
      vertex  1.411732e+001 -2.092388e+001 -2.000000e+000
    endloop
  endfacet
  facet normal  1.950899e-001  9.807854e-001  -0.000000e+000
    outer loop
      vertex  1.450000e+001 -2.100000e+001  7.000000e+000
      vertex  1.411732e+001 -2.092388e+001 -2.000000e+000
      vertex  1.411732e+001 -2.092388e+001  7.000000e+000
    endloop
  endfacet
  facet normal  5.555696e-001  8.314700e-001  0.000000e+000
    outer loop
      vertex  1.411732e+001 -2.092388e+001  7.000000e+000
      vertex  1.411732e+001 -2.092388e+001 -2.000000e+000
      vertex  1.379289e+001 -2.070711e+001 -2.000000e+000
    endloop
  endfacet
  facet normal  5.555696e-001  8.314700e-001  -0.000000e+000
    outer loop
      vertex  1.411732e+001 -2.092388e+001  7.000000e+000
      vertex  1.379289e+001 -2.070711e+001 -2.000000e+000
      vertex  1.379289e+001 -2.070711e+001  7.000000e+000
    endloop
  endfacet
  facet normal  8.314704e-001  5.555691e-001  0.000000e+000
    outer loop
      vertex  1.379289e+001 -2.070711e+001  7.000000e+000
      vertex  1.379289e+001 -2.070711e+001 -2.000000e+000
      vertex  1.357612e+001 -2.038268e+001 -2.000000e+000
    endloop
  endfacet
  facet normal  8.314704e-001  5.555691e-001  -0.000000e+000
    outer loop
      vertex  1.379289e+001 -2.070711e+001  7.000000e+000
      vertex  1.357612e+001 -2.038268e+001 -2.000000e+000
      vertex  1.357612e+001 -2.038268e+001  7.000000e+000
    endloop
  endfacet
  facet normal  9.807853e-001  1.950904e-001  0.000000e+000
    outer loop
      vertex  1.357612e+001 -2.038268e+001  7.000000e+000
      vertex  1.357612e+001 -2.038268e+001 -2.000000e+000
      vertex  1.350000e+001 -2.000000e+001 -2.000000e+000
    endloop
  endfacet
  facet normal  9.807853e-001  1.950904e-001  -0.000000e+000
    outer loop
      vertex  1.357612e+001 -2.038268e+001  7.000000e+000
      vertex  1.350000e+001 -2.000000e+001 -2.000000e+000
      vertex  1.350000e+001 -2.000000e+001  7.000000e+000
    endloop
  endfacet
  facet normal  1.950899e-001 -9.807854e-001  0.000000e+000
    outer loop
      vertex -1.362500e+001  1.500000e+001  0.000000e+000
      vertex -1.400768e+001  1.492388e+001  7.000000e+000
      vertex -1.400768e+001  1.492388e+001  0.000000e+000
    endloop
  endfacet
  facet normal  5.555714e-001 -8.314689e-001  0.000000e+000
    outer loop
      vertex -1.400768e+001  1.492388e+001  0.000000e+000
      vertex -1.400768e+001  1.492388e+001  7.000000e+000
      vertex -1.433211e+001  1.470711e+001  7.000000e+000
    endloop
  endfacet
  facet normal  5.555714e-001 -8.314689e-001  0.000000e+000
    outer loop
      vertex -1.400768e+001  1.492388e+001  0.000000e+000
      vertex -1.433211e+001  1.470711e+001  7.000000e+000
      vertex -1.433211e+001  1.470711e+001  0.000000e+000
    endloop
  endfacet
  facet normal  8.314689e-001 -5.555714e-001  0.000000e+000
    outer loop
      vertex -1.433211e+001  1.470711e+001  0.000000e+000
      vertex -1.433211e+001  1.470711e+001  7.000000e+000
      vertex -1.454888e+001  1.438268e+001  7.000000e+000
    endloop
  endfacet
  facet normal  8.314689e-001 -5.555714e-001  0.000000e+000
    outer loop
      vertex -1.433211e+001  1.470711e+001  0.000000e+000
      vertex -1.454888e+001  1.438268e+001  7.000000e+000
      vertex -1.454888e+001  1.438268e+001  0.000000e+000
    endloop
  endfacet
  facet normal  9.807854e-001 -1.950899e-001  0.000000e+000
    outer loop
      vertex -1.454888e+001  1.438268e+001  0.000000e+000
      vertex -1.454888e+001  1.438268e+001  7.000000e+000
      vertex -1.462500e+001  1.400000e+001  7.000000e+000
    endloop
  endfacet
  facet normal  9.807854e-001 -1.950899e-001  0.000000e+000
    outer loop
      vertex -1.454888e+001  1.438268e+001  0.000000e+000
      vertex -1.462500e+001  1.400000e+001  7.000000e+000
      vertex -1.462500e+001  1.400000e+001  0.000000e+000
    endloop
  endfacet
  facet normal  1.950899e-001 -9.807854e-001  0.000000e+000
    outer loop
      vertex -1.400768e+001  1.492388e+001  7.000000e+000
      vertex -1.362500e+001  1.500000e+001  0.000000e+000
      vertex -1.362500e+001  1.500000e+001  7.000000e+000
    endloop
  endfacet
  facet normal -1.950899e-001 -9.807854e-001  -0.000000e+000
    outer loop
      vertex -1.362500e+001  1.500000e+001  7.000000e+000
      vertex -1.362500e+001  1.500000e+001  0.000000e+000
      vertex -1.324232e+001  1.492388e+001  0.000000e+000
    endloop
  endfacet
  facet normal -1.950899e-001 -9.807854e-001  0.000000e+000
    outer loop
      vertex -1.362500e+001  1.500000e+001  7.000000e+000
      vertex -1.324232e+001  1.492388e+001  0.000000e+000
      vertex -1.324232e+001  1.492388e+001  7.000000e+000
    endloop
  endfacet
  facet normal -5.555714e-001 -8.314689e-001  -0.000000e+000
    outer loop
      vertex -1.324232e+001  1.492388e+001  7.000000e+000
      vertex -1.324232e+001  1.492388e+001  0.000000e+000
      vertex -1.291789e+001  1.470711e+001  0.000000e+000
    endloop
  endfacet
  facet normal -5.555714e-001 -8.314689e-001  0.000000e+000
    outer loop
      vertex -1.324232e+001  1.492388e+001  7.000000e+000
      vertex -1.291789e+001  1.470711e+001  0.000000e+000
      vertex -1.291789e+001  1.470711e+001  7.000000e+000
    endloop
  endfacet
  facet normal -8.314689e-001 -5.555714e-001  -0.000000e+000
    outer loop
      vertex -1.291789e+001  1.470711e+001  7.000000e+000
      vertex -1.291789e+001  1.470711e+001  0.000000e+000
      vertex -1.270112e+001  1.438268e+001  0.000000e+000
    endloop
  endfacet
  facet normal -8.314689e-001 -5.555714e-001  0.000000e+000
    outer loop
      vertex -1.291789e+001  1.470711e+001  7.000000e+000
      vertex -1.270112e+001  1.438268e+001  0.000000e+000
      vertex -1.270112e+001  1.438268e+001  7.000000e+000
    endloop
  endfacet
  facet normal -9.807854e-001 -1.950899e-001  -0.000000e+000
    outer loop
      vertex -1.270112e+001  1.438268e+001  7.000000e+000
      vertex -1.270112e+001  1.438268e+001  0.000000e+000
      vertex -1.262500e+001  1.400000e+001  0.000000e+000
    endloop
  endfacet
  facet normal -9.807854e-001 -1.950899e-001  0.000000e+000
    outer loop
      vertex -1.270112e+001  1.438268e+001  7.000000e+000
      vertex -1.262500e+001  1.400000e+001  0.000000e+000
      vertex -1.262500e+001  1.400000e+001  7.000000e+000
    endloop
  endfacet
  facet normal -1.950899e-001  9.807854e-001  0.000000e+000
    outer loop
      vertex -1.362500e+001  1.300000e+001  0.000000e+000
      vertex -1.324232e+001  1.307612e+001  7.000000e+000
      vertex -1.324232e+001  1.307612e+001  0.000000e+000
    endloop
  endfacet
  facet normal -5.555714e-001  8.314689e-001  0.000000e+000
    outer loop
      vertex -1.324232e+001  1.307612e+001  0.000000e+000
      vertex -1.324232e+001  1.307612e+001  7.000000e+000
      vertex -1.291789e+001  1.329289e+001  7.000000e+000
    endloop
  endfacet
  facet normal -5.555714e-001  8.314689e-001  0.000000e+000
    outer loop
      vertex -1.324232e+001  1.307612e+001  0.000000e+000
      vertex -1.291789e+001  1.329289e+001  7.000000e+000
      vertex -1.291789e+001  1.329289e+001  0.000000e+000
    endloop
  endfacet
  facet normal -8.314689e-001  5.555714e-001  0.000000e+000
    outer loop
      vertex -1.291789e+001  1.329289e+001  0.000000e+000
      vertex -1.291789e+001  1.329289e+001  7.000000e+000
      vertex -1.270112e+001  1.361732e+001  7.000000e+000
    endloop
  endfacet
  facet normal -8.314689e-001  5.555714e-001  0.000000e+000
    outer loop
      vertex -1.291789e+001  1.329289e+001  0.000000e+000
      vertex -1.270112e+001  1.361732e+001  7.000000e+000
      vertex -1.270112e+001  1.361732e+001  0.000000e+000
    endloop
  endfacet
  facet normal -9.807854e-001  1.950899e-001  0.000000e+000
    outer loop
      vertex -1.270112e+001  1.361732e+001  0.000000e+000
      vertex -1.270112e+001  1.361732e+001  7.000000e+000
      vertex -1.262500e+001  1.400000e+001  7.000000e+000
    endloop
  endfacet
  facet normal -9.807854e-001  1.950899e-001  0.000000e+000
    outer loop
      vertex -1.270112e+001  1.361732e+001  0.000000e+000
      vertex -1.262500e+001  1.400000e+001  7.000000e+000
      vertex -1.262500e+001  1.400000e+001  0.000000e+000
    endloop
  endfacet
  facet normal -1.950899e-001  9.807854e-001  0.000000e+000
    outer loop
      vertex -1.324232e+001  1.307612e+001  7.000000e+000
      vertex -1.362500e+001  1.300000e+001  0.000000e+000
      vertex -1.362500e+001  1.300000e+001  7.000000e+000
    endloop
  endfacet
  facet normal  1.950899e-001  9.807854e-001  0.000000e+000
    outer loop
      vertex -1.362500e+001  1.300000e+001  7.000000e+000
      vertex -1.362500e+001  1.300000e+001  0.000000e+000
      vertex -1.400768e+001  1.307612e+001  0.000000e+000
    endloop
  endfacet
  facet normal  1.950899e-001  9.807854e-001  -0.000000e+000
    outer loop
      vertex -1.362500e+001  1.300000e+001  7.000000e+000
      vertex -1.400768e+001  1.307612e+001  0.000000e+000
      vertex -1.400768e+001  1.307612e+001  7.000000e+000
    endloop
  endfacet
  facet normal  5.555714e-001  8.314689e-001  0.000000e+000
    outer loop
      vertex -1.400768e+001  1.307612e+001  7.000000e+000
      vertex -1.400768e+001  1.307612e+001  0.000000e+000
      vertex -1.433211e+001  1.329289e+001  0.000000e+000
    endloop
  endfacet
  facet normal  5.555714e-001  8.314689e-001  -0.000000e+000
    outer loop
      vertex -1.400768e+001  1.307612e+001  7.000000e+000
      vertex -1.433211e+001  1.329289e+001  0.000000e+000
      vertex -1.433211e+001  1.329289e+001  7.000000e+000
    endloop
  endfacet
  facet normal  8.314689e-001  5.555714e-001  0.000000e+000
    outer loop
      vertex -1.433211e+001  1.329289e+001  7.000000e+000
      vertex -1.433211e+001  1.329289e+001  0.000000e+000
      vertex -1.454888e+001  1.361732e+001  0.000000e+000
    endloop
  endfacet
  facet normal  8.314689e-001  5.555714e-001  -0.000000e+000
    outer loop
      vertex -1.433211e+001  1.329289e+001  7.000000e+000
      vertex -1.454888e+001  1.361732e+001  0.000000e+000
      vertex -1.454888e+001  1.361732e+001  7.000000e+000
    endloop
  endfacet
  facet normal  9.807854e-001  1.950899e-001  0.000000e+000
    outer loop
      vertex -1.454888e+001  1.361732e+001  7.000000e+000
      vertex -1.454888e+001  1.361732e+001  0.000000e+000
      vertex -1.462500e+001  1.400000e+001  0.000000e+000
    endloop
  endfacet
  facet normal  9.807854e-001  1.950899e-001  -0.000000e+000
    outer loop
      vertex -1.454888e+001  1.361732e+001  7.000000e+000
      vertex -1.462500e+001  1.400000e+001  0.000000e+000
      vertex -1.462500e+001  1.400000e+001  7.000000e+000
    endloop
  endfacet
  facet normal  1.950947e-001 -9.807845e-001  0.000000e+000
    outer loop
      vertex -1.262500e+001  4.900000e+001  0.000000e+000
      vertex -1.300768e+001  4.892388e+001  7.000000e+000
      vertex -1.300768e+001  4.892388e+001  0.000000e+000
    endloop
  endfacet
  facet normal  5.555663e-001 -8.314723e-001  0.000000e+000
    outer loop
      vertex -1.300768e+001  4.892388e+001  0.000000e+000
      vertex -1.300768e+001  4.892388e+001  7.000000e+000
      vertex -1.333211e+001  4.870711e+001  7.000000e+000
    endloop
  endfacet
  facet normal  5.555663e-001 -8.314723e-001  0.000000e+000
    outer loop
      vertex -1.300768e+001  4.892388e+001  0.000000e+000
      vertex -1.333211e+001  4.870711e+001  7.000000e+000
      vertex -1.333211e+001  4.870711e+001  0.000000e+000
    endloop
  endfacet
  facet normal  8.314704e-001 -5.555691e-001  0.000000e+000
    outer loop
      vertex -1.333211e+001  4.870711e+001  0.000000e+000
      vertex -1.333211e+001  4.870711e+001  7.000000e+000
      vertex -1.354888e+001  4.838268e+001  7.000000e+000
    endloop
  endfacet
  facet normal  8.314704e-001 -5.555691e-001  0.000000e+000
    outer loop
      vertex -1.333211e+001  4.870711e+001  0.000000e+000
      vertex -1.354888e+001  4.838268e+001  7.000000e+000
      vertex -1.354888e+001  4.838268e+001  0.000000e+000
    endloop
  endfacet
  facet normal  9.807853e-001 -1.950904e-001  0.000000e+000
    outer loop
      vertex -1.354888e+001  4.838268e+001  0.000000e+000
      vertex -1.354888e+001  4.838268e+001  7.000000e+000
      vertex -1.362500e+001  4.800000e+001  7.000000e+000
    endloop
  endfacet
  facet normal  9.807853e-001 -1.950904e-001  0.000000e+000
    outer loop
      vertex -1.354888e+001  4.838268e+001  0.000000e+000
      vertex -1.362500e+001  4.800000e+001  7.000000e+000
      vertex -1.362500e+001  4.800000e+001  0.000000e+000
    endloop
  endfacet
  facet normal  1.950947e-001 -9.807845e-001  0.000000e+000
    outer loop
      vertex -1.300768e+001  4.892388e+001  7.000000e+000
      vertex -1.262500e+001  4.900000e+001  0.000000e+000
      vertex -1.262500e+001  4.900000e+001  7.000000e+000
    endloop
  endfacet
  facet normal -1.950947e-001 -9.807845e-001  -0.000000e+000
    outer loop
      vertex -1.262500e+001  4.900000e+001  7.000000e+000
      vertex -1.262500e+001  4.900000e+001  0.000000e+000
      vertex -1.224232e+001  4.892388e+001  0.000000e+000
    endloop
  endfacet
  facet normal -1.950947e-001 -9.807845e-001  0.000000e+000
    outer loop
      vertex -1.262500e+001  4.900000e+001  7.000000e+000
      vertex -1.224232e+001  4.892388e+001  0.000000e+000
      vertex -1.224232e+001  4.892388e+001  7.000000e+000
    endloop
  endfacet
  facet normal -5.555663e-001 -8.314723e-001  -0.000000e+000
    outer loop
      vertex -1.224232e+001  4.892388e+001  7.000000e+000
      vertex -1.224232e+001  4.892388e+001  0.000000e+000
      vertex -1.191789e+001  4.870711e+001  0.000000e+000
    endloop
  endfacet
  facet normal -5.555663e-001 -8.314723e-001  0.000000e+000
    outer loop
      vertex -1.224232e+001  4.892388e+001  7.000000e+000
      vertex -1.191789e+001  4.870711e+001  0.000000e+000
      vertex -1.191789e+001  4.870711e+001  7.000000e+000
    endloop
  endfacet
  facet normal -8.314704e-001 -5.555691e-001  -0.000000e+000
    outer loop
      vertex -1.191789e+001  4.870711e+001  7.000000e+000
      vertex -1.191789e+001  4.870711e+001  0.000000e+000
      vertex -1.170112e+001  4.838268e+001  0.000000e+000
    endloop
  endfacet
  facet normal -8.314704e-001 -5.555691e-001  0.000000e+000
    outer loop
      vertex -1.191789e+001  4.870711e+001  7.000000e+000
      vertex -1.170112e+001  4.838268e+001  0.000000e+000
      vertex -1.170112e+001  4.838268e+001  7.000000e+000
    endloop
  endfacet
  facet normal -9.807853e-001 -1.950904e-001  -0.000000e+000
    outer loop
      vertex -1.170112e+001  4.838268e+001  7.000000e+000
      vertex -1.170112e+001  4.838268e+001  0.000000e+000
      vertex -1.162500e+001  4.800000e+001  0.000000e+000
    endloop
  endfacet
  facet normal -9.807853e-001 -1.950904e-001  0.000000e+000
    outer loop
      vertex -1.170112e+001  4.838268e+001  7.000000e+000
      vertex -1.162500e+001  4.800000e+001  0.000000e+000
      vertex -1.162500e+001  4.800000e+001  7.000000e+000
    endloop
  endfacet
  facet normal -1.950947e-001  9.807845e-001  0.000000e+000
    outer loop
      vertex -1.262500e+001  4.700000e+001  0.000000e+000
      vertex -1.224232e+001  4.707612e+001  7.000000e+000
      vertex -1.224232e+001  4.707612e+001  0.000000e+000
    endloop
  endfacet
  facet normal -5.555663e-001  8.314723e-001  0.000000e+000
    outer loop
      vertex -1.224232e+001  4.707612e+001  0.000000e+000
      vertex -1.224232e+001  4.707612e+001  7.000000e+000
      vertex -1.191789e+001  4.729289e+001  7.000000e+000
    endloop
  endfacet
  facet normal -5.555663e-001  8.314723e-001  0.000000e+000
    outer loop
      vertex -1.224232e+001  4.707612e+001  0.000000e+000
      vertex -1.191789e+001  4.729289e+001  7.000000e+000
      vertex -1.191789e+001  4.729289e+001  0.000000e+000
    endloop
  endfacet
  facet normal -8.314704e-001  5.555691e-001  0.000000e+000
    outer loop
      vertex -1.191789e+001  4.729289e+001  0.000000e+000
      vertex -1.191789e+001  4.729289e+001  7.000000e+000
      vertex -1.170112e+001  4.761732e+001  7.000000e+000
    endloop
  endfacet
  facet normal -8.314704e-001  5.555691e-001  0.000000e+000
    outer loop
      vertex -1.191789e+001  4.729289e+001  0.000000e+000
      vertex -1.170112e+001  4.761732e+001  7.000000e+000
      vertex -1.170112e+001  4.761732e+001  0.000000e+000
    endloop
  endfacet
  facet normal -9.807853e-001  1.950904e-001  0.000000e+000
    outer loop
      vertex -1.170112e+001  4.761732e+001  0.000000e+000
      vertex -1.170112e+001  4.761732e+001  7.000000e+000
      vertex -1.162500e+001  4.800000e+001  7.000000e+000
    endloop
  endfacet
  facet normal -9.807853e-001  1.950904e-001  0.000000e+000
    outer loop
      vertex -1.170112e+001  4.761732e+001  0.000000e+000
      vertex -1.162500e+001  4.800000e+001  7.000000e+000
      vertex -1.162500e+001  4.800000e+001  0.000000e+000
    endloop
  endfacet
  facet normal -1.950947e-001  9.807845e-001  0.000000e+000
    outer loop
      vertex -1.224232e+001  4.707612e+001  7.000000e+000
      vertex -1.262500e+001  4.700000e+001  0.000000e+000
      vertex -1.262500e+001  4.700000e+001  7.000000e+000
    endloop
  endfacet
  facet normal  1.950947e-001  9.807845e-001  0.000000e+000
    outer loop
      vertex -1.262500e+001  4.700000e+001  7.000000e+000
      vertex -1.262500e+001  4.700000e+001  0.000000e+000
      vertex -1.300768e+001  4.707612e+001  0.000000e+000
    endloop
  endfacet
  facet normal  1.950947e-001  9.807845e-001  -0.000000e+000
    outer loop
      vertex -1.262500e+001  4.700000e+001  7.000000e+000
      vertex -1.300768e+001  4.707612e+001  0.000000e+000
      vertex -1.300768e+001  4.707612e+001  7.000000e+000
    endloop
  endfacet
  facet normal  5.555663e-001  8.314723e-001  0.000000e+000
    outer loop
      vertex -1.300768e+001  4.707612e+001  7.000000e+000
      vertex -1.300768e+001  4.707612e+001  0.000000e+000
      vertex -1.333211e+001  4.729289e+001  0.000000e+000
    endloop
  endfacet
  facet normal  5.555663e-001  8.314723e-001  -0.000000e+000
    outer loop
      vertex -1.300768e+001  4.707612e+001  7.000000e+000
      vertex -1.333211e+001  4.729289e+001  0.000000e+000
      vertex -1.333211e+001  4.729289e+001  7.000000e+000
    endloop
  endfacet
  facet normal  8.314704e-001  5.555691e-001  0.000000e+000
    outer loop
      vertex -1.333211e+001  4.729289e+001  7.000000e+000
      vertex -1.333211e+001  4.729289e+001  0.000000e+000
      vertex -1.354888e+001  4.761732e+001  0.000000e+000
    endloop
  endfacet
  facet normal  8.314704e-001  5.555691e-001  -0.000000e+000
    outer loop
      vertex -1.333211e+001  4.729289e+001  7.000000e+000
      vertex -1.354888e+001  4.761732e+001  0.000000e+000
      vertex -1.354888e+001  4.761732e+001  7.000000e+000
    endloop
  endfacet
  facet normal  9.807853e-001  1.950904e-001  0.000000e+000
    outer loop
      vertex -1.354888e+001  4.761732e+001  7.000000e+000
      vertex -1.354888e+001  4.761732e+001  0.000000e+000
      vertex -1.362500e+001  4.800000e+001  0.000000e+000
    endloop
  endfacet
  facet normal  9.807853e-001  1.950904e-001  -0.000000e+000
    outer loop
      vertex -1.354888e+001  4.761732e+001  7.000000e+000
      vertex -1.362500e+001  4.800000e+001  0.000000e+000
      vertex -1.362500e+001  4.800000e+001  7.000000e+000
    endloop
  endfacet
  facet normal  1.950899e-001 -9.807854e-001  0.000000e+000
    outer loop
      vertex  1.362500e+001  1.500000e+001  0.000000e+000
      vertex  1.324232e+001  1.492388e+001  7.000000e+000
      vertex  1.324232e+001  1.492388e+001  0.000000e+000
    endloop
  endfacet
  facet normal  5.555714e-001 -8.314689e-001  0.000000e+000
    outer loop
      vertex  1.324232e+001  1.492388e+001  0.000000e+000
      vertex  1.324232e+001  1.492388e+001  7.000000e+000
      vertex  1.291789e+001  1.470711e+001  7.000000e+000
    endloop
  endfacet
  facet normal  5.555714e-001 -8.314689e-001  0.000000e+000
    outer loop
      vertex  1.324232e+001  1.492388e+001  0.000000e+000
      vertex  1.291789e+001  1.470711e+001  7.000000e+000
      vertex  1.291789e+001  1.470711e+001  0.000000e+000
    endloop
  endfacet
  facet normal  8.314689e-001 -5.555714e-001  0.000000e+000
    outer loop
      vertex  1.291789e+001  1.470711e+001  0.000000e+000
      vertex  1.291789e+001  1.470711e+001  7.000000e+000
      vertex  1.270112e+001  1.438268e+001  7.000000e+000
    endloop
  endfacet
  facet normal  8.314689e-001 -5.555714e-001  0.000000e+000
    outer loop
      vertex  1.291789e+001  1.470711e+001  0.000000e+000
      vertex  1.270112e+001  1.438268e+001  7.000000e+000
      vertex  1.270112e+001  1.438268e+001  0.000000e+000
    endloop
  endfacet
  facet normal  9.807854e-001 -1.950899e-001  0.000000e+000
    outer loop
      vertex  1.270112e+001  1.438268e+001  0.000000e+000
      vertex  1.270112e+001  1.438268e+001  7.000000e+000
      vertex  1.262500e+001  1.400000e+001  7.000000e+000
    endloop
  endfacet
  facet normal  9.807854e-001 -1.950899e-001  0.000000e+000
    outer loop
      vertex  1.270112e+001  1.438268e+001  0.000000e+000
      vertex  1.262500e+001  1.400000e+001  7.000000e+000
      vertex  1.262500e+001  1.400000e+001  0.000000e+000
    endloop
  endfacet
  facet normal  1.950899e-001 -9.807854e-001  0.000000e+000
    outer loop
      vertex  1.324232e+001  1.492388e+001  7.000000e+000
      vertex  1.362500e+001  1.500000e+001  0.000000e+000
      vertex  1.362500e+001  1.500000e+001  7.000000e+000
    endloop
  endfacet
  facet normal -1.950899e-001 -9.807854e-001  -0.000000e+000
    outer loop
      vertex  1.362500e+001  1.500000e+001  7.000000e+000
      vertex  1.362500e+001  1.500000e+001  0.000000e+000
      vertex  1.400768e+001  1.492388e+001  0.000000e+000
    endloop
  endfacet
  facet normal -1.950899e-001 -9.807854e-001  0.000000e+000
    outer loop
      vertex  1.362500e+001  1.500000e+001  7.000000e+000
      vertex  1.400768e+001  1.492388e+001  0.000000e+000
      vertex  1.400768e+001  1.492388e+001  7.000000e+000
    endloop
  endfacet
  facet normal -5.555714e-001 -8.314689e-001  -0.000000e+000
    outer loop
      vertex  1.400768e+001  1.492388e+001  7.000000e+000
      vertex  1.400768e+001  1.492388e+001  0.000000e+000
      vertex  1.433211e+001  1.470711e+001  0.000000e+000
    endloop
  endfacet
  facet normal -5.555714e-001 -8.314689e-001  0.000000e+000
    outer loop
      vertex  1.400768e+001  1.492388e+001  7.000000e+000
      vertex  1.433211e+001  1.470711e+001  0.000000e+000
      vertex  1.433211e+001  1.470711e+001  7.000000e+000
    endloop
  endfacet
  facet normal -8.314689e-001 -5.555714e-001  -0.000000e+000
    outer loop
      vertex  1.433211e+001  1.470711e+001  7.000000e+000
      vertex  1.433211e+001  1.470711e+001  0.000000e+000
      vertex  1.454888e+001  1.438268e+001  0.000000e+000
    endloop
  endfacet
  facet normal -8.314689e-001 -5.555714e-001  0.000000e+000
    outer loop
      vertex  1.433211e+001  1.470711e+001  7.000000e+000
      vertex  1.454888e+001  1.438268e+001  0.000000e+000
      vertex  1.454888e+001  1.438268e+001  7.000000e+000
    endloop
  endfacet
  facet normal -9.807854e-001 -1.950899e-001  -0.000000e+000
    outer loop
      vertex  1.454888e+001  1.438268e+001  7.000000e+000
      vertex  1.454888e+001  1.438268e+001  0.000000e+000
      vertex  1.462500e+001  1.400000e+001  0.000000e+000
    endloop
  endfacet
  facet normal -9.807854e-001 -1.950899e-001  0.000000e+000
    outer loop
      vertex  1.454888e+001  1.438268e+001  7.000000e+000
      vertex  1.462500e+001  1.400000e+001  0.000000e+000
      vertex  1.462500e+001  1.400000e+001  7.000000e+000
    endloop
  endfacet
  facet normal -1.950899e-001  9.807854e-001  0.000000e+000
    outer loop
      vertex  1.362500e+001  1.300000e+001  0.000000e+000
      vertex  1.400768e+001  1.307612e+001  7.000000e+000
      vertex  1.400768e+001  1.307612e+001  0.000000e+000
    endloop
  endfacet
  facet normal -5.555714e-001  8.314689e-001  0.000000e+000
    outer loop
      vertex  1.400768e+001  1.307612e+001  0.000000e+000
      vertex  1.400768e+001  1.307612e+001  7.000000e+000
      vertex  1.433211e+001  1.329289e+001  7.000000e+000
    endloop
  endfacet
  facet normal -5.555714e-001  8.314689e-001  0.000000e+000
    outer loop
      vertex  1.400768e+001  1.307612e+001  0.000000e+000
      vertex  1.433211e+001  1.329289e+001  7.000000e+000
      vertex  1.433211e+001  1.329289e+001  0.000000e+000
    endloop
  endfacet
  facet normal -8.314689e-001  5.555714e-001  0.000000e+000
    outer loop
      vertex  1.433211e+001  1.329289e+001  0.000000e+000
      vertex  1.433211e+001  1.329289e+001  7.000000e+000
      vertex  1.454888e+001  1.361732e+001  7.000000e+000
    endloop
  endfacet
  facet normal -8.314689e-001  5.555714e-001  0.000000e+000
    outer loop
      vertex  1.433211e+001  1.329289e+001  0.000000e+000
      vertex  1.454888e+001  1.361732e+001  7.000000e+000
      vertex  1.454888e+001  1.361732e+001  0.000000e+000
    endloop
  endfacet
  facet normal -9.807854e-001  1.950899e-001  0.000000e+000
    outer loop
      vertex  1.454888e+001  1.361732e+001  0.000000e+000
      vertex  1.454888e+001  1.361732e+001  7.000000e+000
      vertex  1.462500e+001  1.400000e+001  7.000000e+000
    endloop
  endfacet
  facet normal -9.807854e-001  1.950899e-001  0.000000e+000
    outer loop
      vertex  1.454888e+001  1.361732e+001  0.000000e+000
      vertex  1.462500e+001  1.400000e+001  7.000000e+000
      vertex  1.462500e+001  1.400000e+001  0.000000e+000
    endloop
  endfacet
  facet normal -1.950899e-001  9.807854e-001  0.000000e+000
    outer loop
      vertex  1.400768e+001  1.307612e+001  7.000000e+000
      vertex  1.362500e+001  1.300000e+001  0.000000e+000
      vertex  1.362500e+001  1.300000e+001  7.000000e+000
    endloop
  endfacet
  facet normal  1.950899e-001  9.807854e-001  0.000000e+000
    outer loop
      vertex  1.362500e+001  1.300000e+001  7.000000e+000
      vertex  1.362500e+001  1.300000e+001  0.000000e+000
      vertex  1.324232e+001  1.307612e+001  0.000000e+000
    endloop
  endfacet
  facet normal  1.950899e-001  9.807854e-001  -0.000000e+000
    outer loop
      vertex  1.362500e+001  1.300000e+001  7.000000e+000
      vertex  1.324232e+001  1.307612e+001  0.000000e+000
      vertex  1.324232e+001  1.307612e+001  7.000000e+000
    endloop
  endfacet
  facet normal  5.555714e-001  8.314689e-001  0.000000e+000
    outer loop
      vertex  1.324232e+001  1.307612e+001  7.000000e+000
      vertex  1.324232e+001  1.307612e+001  0.000000e+000
      vertex  1.291789e+001  1.329289e+001  0.000000e+000
    endloop
  endfacet
  facet normal  5.555714e-001  8.314689e-001  -0.000000e+000
    outer loop
      vertex  1.324232e+001  1.307612e+001  7.000000e+000
      vertex  1.291789e+001  1.329289e+001  0.000000e+000
      vertex  1.291789e+001  1.329289e+001  7.000000e+000
    endloop
  endfacet
  facet normal  8.314689e-001  5.555714e-001  0.000000e+000
    outer loop
      vertex  1.291789e+001  1.329289e+001  7.000000e+000
      vertex  1.291789e+001  1.329289e+001  0.000000e+000
      vertex  1.270112e+001  1.361732e+001  0.000000e+000
    endloop
  endfacet
  facet normal  8.314689e-001  5.555714e-001  -0.000000e+000
    outer loop
      vertex  1.291789e+001  1.329289e+001  7.000000e+000
      vertex  1.270112e+001  1.361732e+001  0.000000e+000
      vertex  1.270112e+001  1.361732e+001  7.000000e+000
    endloop
  endfacet
  facet normal  9.807854e-001  1.950899e-001  0.000000e+000
    outer loop
      vertex  1.270112e+001  1.361732e+001  7.000000e+000
      vertex  1.270112e+001  1.361732e+001  0.000000e+000
      vertex  1.262500e+001  1.400000e+001  0.000000e+000
    endloop
  endfacet
  facet normal  9.807854e-001  1.950899e-001  -0.000000e+000
    outer loop
      vertex  1.270112e+001  1.361732e+001  7.000000e+000
      vertex  1.262500e+001  1.400000e+001  0.000000e+000
      vertex  1.262500e+001  1.400000e+001  7.000000e+000
    endloop
  endfacet
  facet normal  1.950947e-001 -9.807845e-001  0.000000e+000
    outer loop
      vertex  1.262500e+001  4.900000e+001  0.000000e+000
      vertex  1.224232e+001  4.892388e+001  7.000000e+000
      vertex  1.224232e+001  4.892388e+001  0.000000e+000
    endloop
  endfacet
  facet normal  5.555663e-001 -8.314723e-001  0.000000e+000
    outer loop
      vertex  1.224232e+001  4.892388e+001  0.000000e+000
      vertex  1.224232e+001  4.892388e+001  7.000000e+000
      vertex  1.191789e+001  4.870711e+001  7.000000e+000
    endloop
  endfacet
  facet normal  5.555663e-001 -8.314723e-001  0.000000e+000
    outer loop
      vertex  1.224232e+001  4.892388e+001  0.000000e+000
      vertex  1.191789e+001  4.870711e+001  7.000000e+000
      vertex  1.191789e+001  4.870711e+001  0.000000e+000
    endloop
  endfacet
  facet normal  8.314704e-001 -5.555691e-001  0.000000e+000
    outer loop
      vertex  1.191789e+001  4.870711e+001  0.000000e+000
      vertex  1.191789e+001  4.870711e+001  7.000000e+000
      vertex  1.170112e+001  4.838268e+001  7.000000e+000
    endloop
  endfacet
  facet normal  8.314704e-001 -5.555691e-001  0.000000e+000
    outer loop
      vertex  1.191789e+001  4.870711e+001  0.000000e+000
      vertex  1.170112e+001  4.838268e+001  7.000000e+000
      vertex  1.170112e+001  4.838268e+001  0.000000e+000
    endloop
  endfacet
  facet normal  9.807853e-001 -1.950904e-001  0.000000e+000
    outer loop
      vertex  1.170112e+001  4.838268e+001  0.000000e+000
      vertex  1.170112e+001  4.838268e+001  7.000000e+000
      vertex  1.162500e+001  4.800000e+001  7.000000e+000
    endloop
  endfacet
  facet normal  9.807853e-001 -1.950904e-001  0.000000e+000
    outer loop
      vertex  1.170112e+001  4.838268e+001  0.000000e+000
      vertex  1.162500e+001  4.800000e+001  7.000000e+000
      vertex  1.162500e+001  4.800000e+001  0.000000e+000
    endloop
  endfacet
  facet normal  1.950947e-001 -9.807845e-001  0.000000e+000
    outer loop
      vertex  1.224232e+001  4.892388e+001  7.000000e+000
      vertex  1.262500e+001  4.900000e+001  0.000000e+000
      vertex  1.262500e+001  4.900000e+001  7.000000e+000
    endloop
  endfacet
  facet normal -1.950947e-001 -9.807845e-001  -0.000000e+000
    outer loop
      vertex  1.262500e+001  4.900000e+001  7.000000e+000
      vertex  1.262500e+001  4.900000e+001  0.000000e+000
      vertex  1.300768e+001  4.892388e+001  0.000000e+000
    endloop
  endfacet
  facet normal -1.950947e-001 -9.807845e-001  0.000000e+000
    outer loop
      vertex  1.262500e+001  4.900000e+001  7.000000e+000
      vertex  1.300768e+001  4.892388e+001  0.000000e+000
      vertex  1.300768e+001  4.892388e+001  7.000000e+000
    endloop
  endfacet
  facet normal -5.555663e-001 -8.314723e-001  -0.000000e+000
    outer loop
      vertex  1.300768e+001  4.892388e+001  7.000000e+000
      vertex  1.300768e+001  4.892388e+001  0.000000e+000
      vertex  1.333211e+001  4.870711e+001  0.000000e+000
    endloop
  endfacet
  facet normal -5.555663e-001 -8.314723e-001  0.000000e+000
    outer loop
      vertex  1.300768e+001  4.892388e+001  7.000000e+000
      vertex  1.333211e+001  4.870711e+001  0.000000e+000
      vertex  1.333211e+001  4.870711e+001  7.000000e+000
    endloop
  endfacet
  facet normal -8.314704e-001 -5.555691e-001  -0.000000e+000
    outer loop
      vertex  1.333211e+001  4.870711e+001  7.000000e+000
      vertex  1.333211e+001  4.870711e+001  0.000000e+000
      vertex  1.354888e+001  4.838268e+001  0.000000e+000
    endloop
  endfacet
  facet normal -8.314704e-001 -5.555691e-001  0.000000e+000
    outer loop
      vertex  1.333211e+001  4.870711e+001  7.000000e+000
      vertex  1.354888e+001  4.838268e+001  0.000000e+000
      vertex  1.354888e+001  4.838268e+001  7.000000e+000
    endloop
  endfacet
  facet normal -9.807853e-001 -1.950904e-001  -0.000000e+000
    outer loop
      vertex  1.354888e+001  4.838268e+001  7.000000e+000
      vertex  1.354888e+001  4.838268e+001  0.000000e+000
      vertex  1.362500e+001  4.800000e+001  0.000000e+000
    endloop
  endfacet
  facet normal -9.807853e-001 -1.950904e-001  0.000000e+000
    outer loop
      vertex  1.354888e+001  4.838268e+001  7.000000e+000
      vertex  1.362500e+001  4.800000e+001  0.000000e+000
      vertex  1.362500e+001  4.800000e+001  7.000000e+000
    endloop
  endfacet
  facet normal -1.950947e-001  9.807845e-001  0.000000e+000
    outer loop
      vertex  1.262500e+001  4.700000e+001  0.000000e+000
      vertex  1.300768e+001  4.707612e+001  7.000000e+000
      vertex  1.300768e+001  4.707612e+001  0.000000e+000
    endloop
  endfacet
  facet normal -5.555663e-001  8.314723e-001  0.000000e+000
    outer loop
      vertex  1.300768e+001  4.707612e+001  0.000000e+000
      vertex  1.300768e+001  4.707612e+001  7.000000e+000
      vertex  1.333211e+001  4.729289e+001  7.000000e+000
    endloop
  endfacet
  facet normal -5.555663e-001  8.314723e-001  0.000000e+000
    outer loop
      vertex  1.300768e+001  4.707612e+001  0.000000e+000
      vertex  1.333211e+001  4.729289e+001  7.000000e+000
      vertex  1.333211e+001  4.729289e+001  0.000000e+000
    endloop
  endfacet
  facet normal -8.314704e-001  5.555691e-001  0.000000e+000
    outer loop
      vertex  1.333211e+001  4.729289e+001  0.000000e+000
      vertex  1.333211e+001  4.729289e+001  7.000000e+000
      vertex  1.354888e+001  4.761732e+001  7.000000e+000
    endloop
  endfacet
  facet normal -8.314704e-001  5.555691e-001  0.000000e+000
    outer loop
      vertex  1.333211e+001  4.729289e+001  0.000000e+000
      vertex  1.354888e+001  4.761732e+001  7.000000e+000
      vertex  1.354888e+001  4.761732e+001  0.000000e+000
    endloop
  endfacet
  facet normal -9.807853e-001  1.950904e-001  0.000000e+000
    outer loop
      vertex  1.354888e+001  4.761732e+001  0.000000e+000
      vertex  1.354888e+001  4.761732e+001  7.000000e+000
      vertex  1.362500e+001  4.800000e+001  7.000000e+000
    endloop
  endfacet
  facet normal -9.807853e-001  1.950904e-001  0.000000e+000
    outer loop
      vertex  1.354888e+001  4.761732e+001  0.000000e+000
      vertex  1.362500e+001  4.800000e+001  7.000000e+000
      vertex  1.362500e+001  4.800000e+001  0.000000e+000
    endloop
  endfacet
  facet normal -1.950947e-001  9.807845e-001  0.000000e+000
    outer loop
      vertex  1.300768e+001  4.707612e+001  7.000000e+000
      vertex  1.262500e+001  4.700000e+001  0.000000e+000
      vertex  1.262500e+001  4.700000e+001  7.000000e+000
    endloop
  endfacet
  facet normal  1.950947e-001  9.807845e-001  0.000000e+000
    outer loop
      vertex  1.262500e+001  4.700000e+001  7.000000e+000
      vertex  1.262500e+001  4.700000e+001  0.000000e+000
      vertex  1.224232e+001  4.707612e+001  0.000000e+000
    endloop
  endfacet
  facet normal  1.950947e-001  9.807845e-001  -0.000000e+000
    outer loop
      vertex  1.262500e+001  4.700000e+001  7.000000e+000
      vertex  1.224232e+001  4.707612e+001  0.000000e+000
      vertex  1.224232e+001  4.707612e+001  7.000000e+000
    endloop
  endfacet
  facet normal  5.555663e-001  8.314723e-001  0.000000e+000
    outer loop
      vertex  1.224232e+001  4.707612e+001  7.000000e+000
      vertex  1.224232e+001  4.707612e+001  0.000000e+000
      vertex  1.191789e+001  4.729289e+001  0.000000e+000
    endloop
  endfacet
  facet normal  5.555663e-001  8.314723e-001  -0.000000e+000
    outer loop
      vertex  1.224232e+001  4.707612e+001  7.000000e+000
      vertex  1.191789e+001  4.729289e+001  0.000000e+000
      vertex  1.191789e+001  4.729289e+001  7.000000e+000
    endloop
  endfacet
  facet normal  8.314704e-001  5.555691e-001  0.000000e+000
    outer loop
      vertex  1.191789e+001  4.729289e+001  7.000000e+000
      vertex  1.191789e+001  4.729289e+001  0.000000e+000
      vertex  1.170112e+001  4.761732e+001  0.000000e+000
    endloop
  endfacet
  facet normal  8.314704e-001  5.555691e-001  -0.000000e+000
    outer loop
      vertex  1.191789e+001  4.729289e+001  7.000000e+000
      vertex  1.170112e+001  4.761732e+001  0.000000e+000
      vertex  1.170112e+001  4.761732e+001  7.000000e+000
    endloop
  endfacet
  facet normal  9.807853e-001  1.950904e-001  0.000000e+000
    outer loop
      vertex  1.170112e+001  4.761732e+001  7.000000e+000
      vertex  1.170112e+001  4.761732e+001  0.000000e+000
      vertex  1.162500e+001  4.800000e+001  0.000000e+000
    endloop
  endfacet
  facet normal  9.807853e-001  1.950904e-001  -0.000000e+000
    outer loop
      vertex  1.170112e+001  4.761732e+001  7.000000e+000
      vertex  1.162500e+001  4.800000e+001  0.000000e+000
      vertex  1.162500e+001  4.800000e+001  7.000000e+000
    endloop
  endfacet
  facet normal  9.999999e-001  0.000000e+000  0.000000e+000
    outer loop
      vertex  1.600000e+001  2.500000e+001  7.000000e+000
      vertex  1.600000e+001  2.500000e+001  0.000000e+000
      vertex  1.600000e+001  5.200000e+001  7.000000e+000
    endloop
  endfacet
  facet normal  9.999999e-001  0.000000e+000  0.000000e+000
    outer loop
      vertex  1.600000e+001  5.200000e+001  7.000000e+000
      vertex  1.600000e+001  2.500000e+001  0.000000e+000
      vertex  1.600000e+001  5.200000e+001  0.000000e+000
    endloop
  endfacet
  facet normal  7.071068e-001  7.071068e-001  0.000000e+000
    outer loop
      vertex  1.200000e+001  5.600000e+001  0.000000e+000
      vertex  1.200000e+001  5.600000e+001  7.000000e+000
      vertex  1.600000e+001  5.200000e+001  0.000000e+000
    endloop
  endfacet
  facet normal  7.071068e-001  7.071068e-001  -0.000000e+000
    outer loop
      vertex  1.600000e+001  5.200000e+001  0.000000e+000
      vertex  1.200000e+001  5.600000e+001  7.000000e+000
      vertex  1.600000e+001  5.200000e+001  7.000000e+000
    endloop
  endfacet
  facet normal -9.999999e-001  0.000000e+000  0.000000e+000
    outer loop
      vertex -1.600000e+001  5.200000e+001  7.000000e+000
      vertex -1.600000e+001  5.200000e+001  0.000000e+000
      vertex -1.600000e+001  2.500000e+001  7.000000e+000
    endloop
  endfacet
  facet normal -9.999999e-001  0.000000e+000  0.000000e+000
    outer loop
      vertex -1.600000e+001  2.500000e+001  7.000000e+000
      vertex -1.600000e+001  5.200000e+001  0.000000e+000
      vertex -1.600000e+001  2.500000e+001  0.000000e+000
    endloop
  endfacet
  facet normal -7.071068e-001  7.071068e-001  0.000000e+000
    outer loop
      vertex -1.200000e+001  5.600000e+001  0.000000e+000
      vertex -1.600000e+001  5.200000e+001  0.000000e+000
      vertex -1.200000e+001  5.600000e+001  7.000000e+000
    endloop
  endfacet
  facet normal -7.071068e-001  7.071068e-001  0.000000e+000
    outer loop
      vertex -1.200000e+001  5.600000e+001  7.000000e+000
      vertex -1.600000e+001  5.200000e+001  0.000000e+000
      vertex -1.600000e+001  5.200000e+001  7.000000e+000
    endloop
  endfacet
  facet normal  0.000000e+000  1.000000e+000  0.000000e+000
    outer loop
      vertex -1.800000e+001  2.300000e+001 -8.000000e+000
      vertex -1.800000e+001  2.300000e+001  0.000000e+000
      vertex -1.600000e+001  2.300000e+001 -1.000000e+001
    endloop
  endfacet
  facet normal  0.000000e+000  1.000000e+000  -0.000000e+000
    outer loop
      vertex -1.600000e+001  2.300000e+001 -1.000000e+001
      vertex -1.800000e+001  2.300000e+001  0.000000e+000
      vertex -1.600000e+001  2.300000e+001  0.000000e+000
    endloop
  endfacet
  facet normal -1.000000e+000  -0.000000e+000  0.000000e+000
    outer loop
      vertex -1.800000e+001 -4.000000e+001  7.000000e+000
      vertex -1.800000e+001 -3.000000e+001 -4.500000e+000
      vertex -1.800000e+001 -3.038268e+001 -4.576120e+000
    endloop
  endfacet
  facet normal -9.999999e-001  0.000000e+000  0.000000e+000
    outer loop
      vertex -1.800000e+001  2.300000e+001  0.000000e+000
      vertex -1.800000e+001  2.300000e+001 -8.000000e+000
      vertex -1.800000e+001  1.538268e+001 -4.576120e+000
    endloop
  endfacet
  facet normal -1.000000e+000  0.000000e+000  0.000000e+000
    outer loop
      vertex -1.800000e+001  2.300000e+001  0.000000e+000
      vertex -1.800000e+001  1.538268e+001 -4.576120e+000
      vertex -1.800000e+001  1.500000e+001 -4.500000e+000
    endloop
  endfacet
  facet normal -1.000000e+000  0.000000e+000  0.000000e+000
    outer loop
      vertex -1.800000e+001  2.300000e+001  0.000000e+000
      vertex -1.800000e+001  1.500000e+001 -4.500000e+000
      vertex -1.800000e+001  2.300000e+001  7.000000e+000
    endloop
  endfacet
  facet normal -9.999999e-001  0.000000e+000  0.000000e+000
    outer loop
      vertex -1.800000e+001  2.300000e+001  7.000000e+000
      vertex -1.800000e+001  1.500000e+001 -4.500000e+000
      vertex -1.800000e+001 -5.000000e+000 -4.500000e+000
    endloop
  endfacet
  facet normal -1.000000e+000  0.000000e+000  0.000000e+000
    outer loop
      vertex -1.800000e+001  2.300000e+001  7.000000e+000
      vertex -1.800000e+001 -5.000000e+000 -4.500000e+000
      vertex -1.800000e+001 -3.000000e+001 -4.500000e+000
    endloop
  endfacet
  facet normal -9.999999e-001  0.000000e+000  0.000000e+000
    outer loop
      vertex -1.800000e+001  2.300000e+001  7.000000e+000
      vertex -1.800000e+001 -3.000000e+001 -4.500000e+000
      vertex -1.800000e+001 -4.000000e+001  7.000000e+000
    endloop
  endfacet
  facet normal -9.999999e-001  0.000000e+000  0.000000e+000
    outer loop
      vertex -1.800000e+001  2.300000e+001 -8.000000e+000
      vertex -1.800000e+001 -4.000000e+001 -8.000000e+000
      vertex -1.800000e+001 -3.000000e+001 -6.500000e+000
    endloop
  endfacet
  facet normal -1.000000e+000  0.000000e+000  0.000000e+000
    outer loop
      vertex -1.800000e+001  2.300000e+001 -8.000000e+000
      vertex -1.800000e+001 -3.000000e+001 -6.500000e+000
      vertex -1.800000e+001 -5.000000e+000 -6.500000e+000
    endloop
  endfacet
  facet normal -1.000000e+000  0.000000e+000  0.000000e+000
    outer loop
      vertex -1.800000e+001  2.300000e+001 -8.000000e+000
      vertex -1.800000e+001 -5.000000e+000 -6.500000e+000
      vertex -1.800000e+001  1.500000e+001 -6.500000e+000
    endloop
  endfacet
  facet normal -1.000000e+000  0.000000e+000  0.000000e+000
    outer loop
      vertex -1.800000e+001  2.300000e+001 -8.000000e+000
      vertex -1.800000e+001  1.500000e+001 -6.500000e+000
      vertex -1.800000e+001  1.538268e+001 -6.423880e+000
    endloop
  endfacet
  facet normal -1.000000e+000  0.000000e+000  0.000000e+000
    outer loop
      vertex -1.800000e+001  2.300000e+001 -8.000000e+000
      vertex -1.800000e+001  1.538268e+001 -6.423880e+000
      vertex -1.800000e+001  1.570711e+001 -6.207107e+000
    endloop
  endfacet
  facet normal -9.999999e-001  0.000000e+000  0.000000e+000
    outer loop
      vertex -1.800000e+001  2.300000e+001 -8.000000e+000
      vertex -1.800000e+001  1.570711e+001 -6.207107e+000
      vertex -1.800000e+001  1.592388e+001 -5.882683e+000
    endloop
  endfacet
  facet normal -1.000000e+000  0.000000e+000  0.000000e+000
    outer loop
      vertex -1.800000e+001  2.300000e+001 -8.000000e+000
      vertex -1.800000e+001  1.592388e+001 -5.882683e+000
      vertex -1.800000e+001  1.600000e+001 -5.500000e+000
    endloop
  endfacet
  facet normal -1.000000e+000  0.000000e+000  0.000000e+000
    outer loop
      vertex -1.800000e+001  2.300000e+001 -8.000000e+000
      vertex -1.800000e+001  1.600000e+001 -5.500000e+000
      vertex -1.800000e+001  1.592388e+001 -5.117317e+000
    endloop
  endfacet
  facet normal -1.000000e+000  0.000000e+000  0.000000e+000
    outer loop
      vertex -1.800000e+001  2.300000e+001 -8.000000e+000
      vertex -1.800000e+001  1.592388e+001 -5.117317e+000
      vertex -1.800000e+001  1.570711e+001 -4.792893e+000
    endloop
  endfacet
  facet normal -1.000000e+000  0.000000e+000  0.000000e+000
    outer loop
      vertex -1.800000e+001  2.300000e+001 -8.000000e+000
      vertex -1.800000e+001  1.570711e+001 -4.792893e+000
      vertex -1.800000e+001  1.538268e+001 -4.576120e+000
    endloop
  endfacet
  facet normal -1.000000e+000  0.000000e+000  0.000000e+000
    outer loop
      vertex -1.800000e+001 -4.000000e+001 -8.000000e+000
      vertex -1.800000e+001 -4.000000e+001  7.000000e+000
      vertex -1.800000e+001 -3.038268e+001 -4.576120e+000
    endloop
  endfacet
  facet normal -9.999999e-001  0.000000e+000  0.000000e+000
    outer loop
      vertex -1.800000e+001 -4.000000e+001 -8.000000e+000
      vertex -1.800000e+001 -3.038268e+001 -4.576120e+000
      vertex -1.800000e+001 -3.070711e+001 -4.792893e+000
    endloop
  endfacet
  facet normal -1.000000e+000  0.000000e+000  0.000000e+000
    outer loop
      vertex -1.800000e+001 -4.000000e+001 -8.000000e+000
      vertex -1.800000e+001 -3.070711e+001 -4.792893e+000
      vertex -1.800000e+001 -3.092388e+001 -5.117317e+000
    endloop
  endfacet
  facet normal -1.000000e+000  0.000000e+000  0.000000e+000
    outer loop
      vertex -1.800000e+001 -4.000000e+001 -8.000000e+000
      vertex -1.800000e+001 -3.092388e+001 -5.117317e+000
      vertex -1.800000e+001 -3.100000e+001 -5.500000e+000
    endloop
  endfacet
  facet normal -1.000000e+000  0.000000e+000  -0.000000e+000
    outer loop
      vertex -1.800000e+001 -4.000000e+001 -8.000000e+000
      vertex -1.800000e+001 -3.100000e+001 -5.500000e+000
      vertex -1.800000e+001 -3.092388e+001 -5.882683e+000
    endloop
  endfacet
  facet normal -1.000000e+000  0.000000e+000  -0.000000e+000
    outer loop
      vertex -1.800000e+001 -4.000000e+001 -8.000000e+000
      vertex -1.800000e+001 -3.092388e+001 -5.882683e+000
      vertex -1.800000e+001 -3.070711e+001 -6.207107e+000
    endloop
  endfacet
  facet normal -1.000000e+000  0.000000e+000  -0.000000e+000
    outer loop
      vertex -1.800000e+001 -4.000000e+001 -8.000000e+000
      vertex -1.800000e+001 -3.070711e+001 -6.207107e+000
      vertex -1.800000e+001 -3.038268e+001 -6.423880e+000
    endloop
  endfacet
  facet normal -1.000000e+000  0.000000e+000  -0.000000e+000
    outer loop
      vertex -1.800000e+001 -4.000000e+001 -8.000000e+000
      vertex -1.800000e+001 -3.038268e+001 -6.423880e+000
      vertex -1.800000e+001 -3.000000e+001 -6.500000e+000
    endloop
  endfacet
  facet normal -1.000000e+000  -0.000000e+000  0.000000e+000
    outer loop
      vertex -1.800000e+001 -5.000000e+000 -4.500000e+000
      vertex -1.800000e+001  1.500000e+001 -4.500000e+000
      vertex -1.800000e+001 -4.617317e+000 -4.576120e+000
    endloop
  endfacet
  facet normal -1.000000e+000  0.000000e+000  0.000000e+000
    outer loop
      vertex -1.800000e+001 -4.617317e+000 -4.576120e+000
      vertex -1.800000e+001  1.500000e+001 -4.500000e+000
      vertex -1.800000e+001  1.461732e+001 -4.576120e+000
    endloop
  endfacet
  facet normal -1.000000e+000  -0.000000e+000  0.000000e+000
    outer loop
      vertex -1.800000e+001 -4.617317e+000 -4.576120e+000
      vertex -1.800000e+001  1.461732e+001 -4.576120e+000
      vertex -1.800000e+001 -4.292893e+000 -4.792893e+000
    endloop
  endfacet
  facet normal -1.000000e+000  0.000000e+000  0.000000e+000
    outer loop
      vertex -1.800000e+001 -4.292893e+000 -4.792893e+000
      vertex -1.800000e+001  1.461732e+001 -4.576120e+000
      vertex -1.800000e+001  1.429289e+001 -4.792893e+000
    endloop
  endfacet
  facet normal -1.000000e+000  -0.000000e+000  0.000000e+000
    outer loop
      vertex -1.800000e+001 -4.292893e+000 -4.792893e+000
      vertex -1.800000e+001  1.429289e+001 -4.792893e+000
      vertex -1.800000e+001 -4.076120e+000 -5.117317e+000
    endloop
  endfacet
  facet normal -1.000000e+000  0.000000e+000  0.000000e+000
    outer loop
      vertex -1.800000e+001 -4.076120e+000 -5.117317e+000
      vertex -1.800000e+001  1.429289e+001 -4.792893e+000
      vertex -1.800000e+001  1.407612e+001 -5.117317e+000
    endloop
  endfacet
  facet normal -1.000000e+000  -0.000000e+000  0.000000e+000
    outer loop
      vertex -1.800000e+001 -4.076120e+000 -5.117317e+000
      vertex -1.800000e+001  1.407612e+001 -5.117317e+000
      vertex -1.800000e+001 -4.000000e+000 -5.500000e+000
    endloop
  endfacet
  facet normal -1.000000e+000  0.000000e+000  0.000000e+000
    outer loop
      vertex -1.800000e+001 -4.000000e+000 -5.500000e+000
      vertex -1.800000e+001  1.407612e+001 -5.117317e+000
      vertex -1.800000e+001  1.400000e+001 -5.500000e+000
    endloop
  endfacet
  facet normal -1.000000e+000  -0.000000e+000  0.000000e+000
    outer loop
      vertex -1.800000e+001 -4.000000e+000 -5.500000e+000
      vertex -1.800000e+001  1.400000e+001 -5.500000e+000
      vertex -1.800000e+001 -4.076120e+000 -5.882683e+000
    endloop
  endfacet
  facet normal -1.000000e+000  0.000000e+000  0.000000e+000
    outer loop
      vertex -1.800000e+001 -4.076120e+000 -5.882683e+000
      vertex -1.800000e+001  1.400000e+001 -5.500000e+000
      vertex -1.800000e+001  1.407612e+001 -5.882683e+000
    endloop
  endfacet
  facet normal -1.000000e+000  -0.000000e+000  0.000000e+000
    outer loop
      vertex -1.800000e+001 -4.076120e+000 -5.882683e+000
      vertex -1.800000e+001  1.407612e+001 -5.882683e+000
      vertex -1.800000e+001 -4.292893e+000 -6.207107e+000
    endloop
  endfacet
  facet normal -1.000000e+000  0.000000e+000  0.000000e+000
    outer loop
      vertex -1.800000e+001 -4.292893e+000 -6.207107e+000
      vertex -1.800000e+001  1.407612e+001 -5.882683e+000
      vertex -1.800000e+001  1.429289e+001 -6.207107e+000
    endloop
  endfacet
  facet normal -1.000000e+000  -0.000000e+000  0.000000e+000
    outer loop
      vertex -1.800000e+001 -4.292893e+000 -6.207107e+000
      vertex -1.800000e+001  1.429289e+001 -6.207107e+000
      vertex -1.800000e+001 -4.617317e+000 -6.423880e+000
    endloop
  endfacet
  facet normal -1.000000e+000  0.000000e+000  0.000000e+000
    outer loop
      vertex -1.800000e+001 -4.617317e+000 -6.423880e+000
      vertex -1.800000e+001  1.429289e+001 -6.207107e+000
      vertex -1.800000e+001  1.461732e+001 -6.423880e+000
    endloop
  endfacet
  facet normal -1.000000e+000  -0.000000e+000  0.000000e+000
    outer loop
      vertex -1.800000e+001 -4.617317e+000 -6.423880e+000
      vertex -1.800000e+001  1.461732e+001 -6.423880e+000
      vertex -1.800000e+001 -5.000000e+000 -6.500000e+000
    endloop
  endfacet
  facet normal -1.000000e+000  0.000000e+000  0.000000e+000
    outer loop
      vertex -1.800000e+001 -5.000000e+000 -6.500000e+000
      vertex -1.800000e+001  1.461732e+001 -6.423880e+000
      vertex -1.800000e+001  1.500000e+001 -6.500000e+000
    endloop
  endfacet
  facet normal -1.000000e+000  -0.000000e+000  0.000000e+000
    outer loop
      vertex -1.800000e+001 -3.000000e+001 -4.500000e+000
      vertex -1.800000e+001 -5.000000e+000 -4.500000e+000
      vertex -1.800000e+001 -2.961732e+001 -4.576120e+000
    endloop
  endfacet
  facet normal -1.000000e+000  0.000000e+000  0.000000e+000
    outer loop
      vertex -1.800000e+001 -2.961732e+001 -4.576120e+000
      vertex -1.800000e+001 -5.000000e+000 -4.500000e+000
      vertex -1.800000e+001 -5.382683e+000 -4.576120e+000
    endloop
  endfacet
  facet normal -1.000000e+000  -0.000000e+000  0.000000e+000
    outer loop
      vertex -1.800000e+001 -2.961732e+001 -4.576120e+000
      vertex -1.800000e+001 -5.382683e+000 -4.576120e+000
      vertex -1.800000e+001 -2.929289e+001 -4.792893e+000
    endloop
  endfacet
  facet normal -1.000000e+000  0.000000e+000  0.000000e+000
    outer loop
      vertex -1.800000e+001 -2.929289e+001 -4.792893e+000
      vertex -1.800000e+001 -5.382683e+000 -4.576120e+000
      vertex -1.800000e+001 -5.707107e+000 -4.792893e+000
    endloop
  endfacet
  facet normal -9.999999e-001  -0.000000e+000  0.000000e+000
    outer loop
      vertex -1.800000e+001 -2.929289e+001 -4.792893e+000
      vertex -1.800000e+001 -5.707107e+000 -4.792893e+000
      vertex -1.800000e+001 -2.907612e+001 -5.117317e+000
    endloop
  endfacet
  facet normal -1.000000e+000  0.000000e+000  0.000000e+000
    outer loop
      vertex -1.800000e+001 -2.907612e+001 -5.117317e+000
      vertex -1.800000e+001 -5.707107e+000 -4.792893e+000
      vertex -1.800000e+001 -5.923880e+000 -5.117317e+000
    endloop
  endfacet
  facet normal -1.000000e+000  -0.000000e+000  0.000000e+000
    outer loop
      vertex -1.800000e+001 -2.907612e+001 -5.117317e+000
      vertex -1.800000e+001 -5.923880e+000 -5.117317e+000
      vertex -1.800000e+001 -2.900000e+001 -5.500000e+000
    endloop
  endfacet
  facet normal -1.000000e+000  0.000000e+000  0.000000e+000
    outer loop
      vertex -1.800000e+001 -2.900000e+001 -5.500000e+000
      vertex -1.800000e+001 -5.923880e+000 -5.117317e+000
      vertex -1.800000e+001 -6.000000e+000 -5.500000e+000
    endloop
  endfacet
  facet normal -1.000000e+000  -0.000000e+000  0.000000e+000
    outer loop
      vertex -1.800000e+001 -2.900000e+001 -5.500000e+000
      vertex -1.800000e+001 -6.000000e+000 -5.500000e+000
      vertex -1.800000e+001 -2.907612e+001 -5.882683e+000
    endloop
  endfacet
  facet normal -1.000000e+000  0.000000e+000  0.000000e+000
    outer loop
      vertex -1.800000e+001 -2.907612e+001 -5.882683e+000
      vertex -1.800000e+001 -6.000000e+000 -5.500000e+000
      vertex -1.800000e+001 -5.923880e+000 -5.882683e+000
    endloop
  endfacet
  facet normal -1.000000e+000  -0.000000e+000  0.000000e+000
    outer loop
      vertex -1.800000e+001 -2.907612e+001 -5.882683e+000
      vertex -1.800000e+001 -5.923880e+000 -5.882683e+000
      vertex -1.800000e+001 -2.929289e+001 -6.207107e+000
    endloop
  endfacet
  facet normal -9.999999e-001  0.000000e+000  0.000000e+000
    outer loop
      vertex -1.800000e+001 -2.929289e+001 -6.207107e+000
      vertex -1.800000e+001 -5.923880e+000 -5.882683e+000
      vertex -1.800000e+001 -5.707107e+000 -6.207107e+000
    endloop
  endfacet
  facet normal -1.000000e+000  -0.000000e+000  0.000000e+000
    outer loop
      vertex -1.800000e+001 -2.929289e+001 -6.207107e+000
      vertex -1.800000e+001 -5.707107e+000 -6.207107e+000
      vertex -1.800000e+001 -2.961732e+001 -6.423880e+000
    endloop
  endfacet
  facet normal -1.000000e+000  0.000000e+000  0.000000e+000
    outer loop
      vertex -1.800000e+001 -2.961732e+001 -6.423880e+000
      vertex -1.800000e+001 -5.707107e+000 -6.207107e+000
      vertex -1.800000e+001 -5.382683e+000 -6.423880e+000
    endloop
  endfacet
  facet normal -1.000000e+000  -0.000000e+000  0.000000e+000
    outer loop
      vertex -1.800000e+001 -2.961732e+001 -6.423880e+000
      vertex -1.800000e+001 -5.382683e+000 -6.423880e+000
      vertex -1.800000e+001 -3.000000e+001 -6.500000e+000
    endloop
  endfacet
  facet normal -1.000000e+000  0.000000e+000  0.000000e+000
    outer loop
      vertex -1.800000e+001 -3.000000e+001 -6.500000e+000
      vertex -1.800000e+001 -5.382683e+000 -6.423880e+000
      vertex -1.800000e+001 -5.000000e+000 -6.500000e+000
    endloop
  endfacet
  facet normal  1.000000e+000  0.000000e+000  0.000000e+000
    outer loop
      vertex -1.600000e+001 -4.000000e+000 -5.500000e+000
      vertex -1.600000e+001  1.461732e+001 -6.423880e+000
      vertex -1.600000e+001  1.429289e+001 -6.207107e+000
    endloop
  endfacet
  facet normal  9.999999e-001  0.000000e+000  0.000000e+000
    outer loop
      vertex -1.600000e+001 -4.000000e+000 -5.500000e+000
      vertex -1.600000e+001  1.429289e+001 -6.207107e+000
      vertex -1.600000e+001  1.407612e+001 -5.882683e+000
    endloop
  endfacet
  facet normal  1.000000e+000  0.000000e+000  0.000000e+000
    outer loop
      vertex -1.600000e+001 -4.000000e+000 -5.500000e+000
      vertex -1.600000e+001  1.407612e+001 -5.882683e+000
      vertex -1.600000e+001  1.400000e+001 -5.500000e+000
    endloop
  endfacet
  facet normal  1.000000e+000  0.000000e+000  0.000000e+000
    outer loop
      vertex -1.600000e+001 -2.900000e+001 -5.500000e+000
      vertex -1.600000e+001 -5.000000e+000 -6.500000e+000
      vertex -1.600000e+001 -5.382683e+000 -6.423880e+000
    endloop
  endfacet
  facet normal  1.000000e+000  0.000000e+000  0.000000e+000
    outer loop
      vertex -1.600000e+001 -2.900000e+001 -5.500000e+000
      vertex -1.600000e+001 -5.382683e+000 -6.423880e+000
      vertex -1.600000e+001 -5.707107e+000 -6.207107e+000
    endloop
  endfacet
  facet normal  1.000000e+000  0.000000e+000  0.000000e+000
    outer loop
      vertex -1.600000e+001 -2.900000e+001 -5.500000e+000
      vertex -1.600000e+001 -5.707107e+000 -6.207107e+000
      vertex -1.600000e+001 -5.923880e+000 -5.882683e+000
    endloop
  endfacet
  facet normal  1.000000e+000  0.000000e+000  0.000000e+000
    outer loop
      vertex -1.600000e+001 -2.900000e+001 -5.500000e+000
      vertex -1.600000e+001 -5.923880e+000 -5.882683e+000
      vertex -1.600000e+001 -6.000000e+000 -5.500000e+000
    endloop
  endfacet
  facet normal  1.000000e+000  0.000000e+000  -0.000000e+000
    outer loop
      vertex -1.600000e+001 -2.900000e+001 -5.500000e+000
      vertex -1.600000e+001 -6.000000e+000 -5.500000e+000
      vertex -1.600000e+001 -5.923880e+000 -5.117317e+000
    endloop
  endfacet
  facet normal  1.000000e+000  0.000000e+000  -0.000000e+000
    outer loop
      vertex -1.600000e+001 -2.900000e+001 -5.500000e+000
      vertex -1.600000e+001 -5.923880e+000 -5.117317e+000
      vertex -1.600000e+001 -5.707107e+000 -4.792893e+000
    endloop
  endfacet
  facet normal  1.000000e+000  0.000000e+000  -0.000000e+000
    outer loop
      vertex -1.600000e+001 -2.900000e+001 -5.500000e+000
      vertex -1.600000e+001 -5.707107e+000 -4.792893e+000
      vertex -1.600000e+001 -5.382683e+000 -4.576120e+000
    endloop
  endfacet
  facet normal  9.999999e-001  -0.000000e+000  0.000000e+000
    outer loop
      vertex -1.600000e+001  2.000000e+000 -2.000000e+000
      vertex -1.600000e+001 -3.000000e+001 -4.500000e+000
      vertex -1.600000e+001 -2.961732e+001 -4.576120e+000
    endloop
  endfacet
  facet normal  1.000000e+000  -0.000000e+000  0.000000e+000
    outer loop
      vertex -1.600000e+001  2.000000e+000 -2.000000e+000
      vertex -1.600000e+001 -2.961732e+001 -4.576120e+000
      vertex -1.600000e+001 -2.929289e+001 -4.792893e+000
    endloop
  endfacet
  facet normal  1.000000e+000  -0.000000e+000  0.000000e+000
    outer loop
      vertex -1.600000e+001  2.000000e+000 -2.000000e+000
      vertex -1.600000e+001 -2.929289e+001 -4.792893e+000
      vertex -1.600000e+001 -2.907612e+001 -5.117317e+000
    endloop
  endfacet
  facet normal  1.000000e+000  -0.000000e+000  0.000000e+000
    outer loop
      vertex -1.600000e+001  2.000000e+000 -2.000000e+000
      vertex -1.600000e+001 -2.907612e+001 -5.117317e+000
      vertex -1.600000e+001 -2.900000e+001 -5.500000e+000
    endloop
  endfacet
  facet normal  1.000000e+000  0.000000e+000  0.000000e+000
    outer loop
      vertex -1.600000e+001  2.000000e+000 -2.000000e+000
      vertex -1.600000e+001 -2.900000e+001 -5.500000e+000
      vertex -1.600000e+001 -5.382683e+000 -4.576120e+000
    endloop
  endfacet
  facet normal  1.000000e+000  0.000000e+000  0.000000e+000
    outer loop
      vertex -1.600000e+001  2.000000e+000 -2.000000e+000
      vertex -1.600000e+001 -5.382683e+000 -4.576120e+000
      vertex -1.600000e+001 -5.000000e+000 -4.500000e+000
    endloop
  endfacet
  facet normal  1.000000e+000  -0.000000e+000  0.000000e+000
    outer loop
      vertex -1.600000e+001  2.000000e+000 -2.000000e+000
      vertex -1.600000e+001 -5.000000e+000 -4.500000e+000
      vertex -1.600000e+001 -4.617317e+000 -4.576120e+000
    endloop
  endfacet
  facet normal  1.000000e+000  -0.000000e+000  0.000000e+000
    outer loop
      vertex -1.600000e+001  2.000000e+000 -2.000000e+000
      vertex -1.600000e+001 -4.617317e+000 -4.576120e+000
      vertex -1.600000e+001 -4.292893e+000 -4.792893e+000
    endloop
  endfacet
  facet normal  1.000000e+000  -0.000000e+000  0.000000e+000
    outer loop
      vertex -1.600000e+001  2.000000e+000 -2.000000e+000
      vertex -1.600000e+001 -4.292893e+000 -4.792893e+000
      vertex -1.600000e+001 -4.076120e+000 -5.117317e+000
    endloop
  endfacet
  facet normal  1.000000e+000  -0.000000e+000  0.000000e+000
    outer loop
      vertex -1.600000e+001  2.000000e+000 -2.000000e+000
      vertex -1.600000e+001 -4.076120e+000 -5.117317e+000
      vertex -1.600000e+001 -4.000000e+000 -5.500000e+000
    endloop
  endfacet
  facet normal  1.000000e+000  0.000000e+000  0.000000e+000
    outer loop
      vertex -1.600000e+001  2.000000e+000 -2.000000e+000
      vertex -1.600000e+001 -4.000000e+000 -5.500000e+000
      vertex -1.600000e+001  1.400000e+001 -5.500000e+000
    endloop
  endfacet
  facet normal  1.000000e+000  0.000000e+000  0.000000e+000
    outer loop
      vertex -1.600000e+001  2.000000e+000 -2.000000e+000
      vertex -1.600000e+001  1.400000e+001 -5.500000e+000
      vertex -1.600000e+001  2.000000e+000  0.000000e+000
    endloop
  endfacet
  facet normal  1.000000e+000  0.000000e+000  0.000000e+000
    outer loop
      vertex -1.600000e+001 -4.000000e+001 -2.000000e+000
      vertex -1.600000e+001 -4.000000e+001 -1.000000e+001
      vertex -1.600000e+001 -3.038268e+001 -4.576120e+000
    endloop
  endfacet
  facet normal  1.000000e+000  0.000000e+000  -0.000000e+000
    outer loop
      vertex -1.600000e+001 -4.000000e+001 -2.000000e+000
      vertex -1.600000e+001 -3.038268e+001 -4.576120e+000
      vertex -1.600000e+001 -3.000000e+001 -4.500000e+000
    endloop
  endfacet
  facet normal  1.000000e+000  0.000000e+000  -0.000000e+000
    outer loop
      vertex -1.600000e+001 -4.000000e+001 -2.000000e+000
      vertex -1.600000e+001 -3.000000e+001 -4.500000e+000
      vertex -1.600000e+001  2.000000e+000 -2.000000e+000
    endloop
  endfacet
  facet normal  1.000000e+000  0.000000e+000  0.000000e+000
    outer loop
      vertex -1.600000e+001 -4.000000e+001 -1.000000e+001
      vertex -1.600000e+001  2.300000e+001 -1.000000e+001
      vertex -1.600000e+001 -3.000000e+001 -6.500000e+000
    endloop
  endfacet
  facet normal  1.000000e+000  0.000000e+000  0.000000e+000
    outer loop
      vertex -1.600000e+001 -4.000000e+001 -1.000000e+001
      vertex -1.600000e+001 -3.000000e+001 -6.500000e+000
      vertex -1.600000e+001 -3.038268e+001 -6.423880e+000
    endloop
  endfacet
  facet normal  1.000000e+000  0.000000e+000  0.000000e+000
    outer loop
      vertex -1.600000e+001 -4.000000e+001 -1.000000e+001
      vertex -1.600000e+001 -3.038268e+001 -6.423880e+000
      vertex -1.600000e+001 -3.070711e+001 -6.207107e+000
    endloop
  endfacet
  facet normal  1.000000e+000  0.000000e+000  0.000000e+000
    outer loop
      vertex -1.600000e+001 -4.000000e+001 -1.000000e+001
      vertex -1.600000e+001 -3.070711e+001 -6.207107e+000
      vertex -1.600000e+001 -3.092388e+001 -5.882683e+000
    endloop
  endfacet
  facet normal  1.000000e+000  0.000000e+000  0.000000e+000
    outer loop
      vertex -1.600000e+001 -4.000000e+001 -1.000000e+001
      vertex -1.600000e+001 -3.092388e+001 -5.882683e+000
      vertex -1.600000e+001 -3.100000e+001 -5.500000e+000
    endloop
  endfacet
  facet normal  9.999999e-001  0.000000e+000  -0.000000e+000
    outer loop
      vertex -1.600000e+001 -4.000000e+001 -1.000000e+001
      vertex -1.600000e+001 -3.100000e+001 -5.500000e+000
      vertex -1.600000e+001 -3.092388e+001 -5.117317e+000
    endloop
  endfacet
  facet normal  1.000000e+000  0.000000e+000  -0.000000e+000
    outer loop
      vertex -1.600000e+001 -4.000000e+001 -1.000000e+001
      vertex -1.600000e+001 -3.092388e+001 -5.117317e+000
      vertex -1.600000e+001 -3.070711e+001 -4.792893e+000
    endloop
  endfacet
  facet normal  1.000000e+000  0.000000e+000  -0.000000e+000
    outer loop
      vertex -1.600000e+001 -4.000000e+001 -1.000000e+001
      vertex -1.600000e+001 -3.070711e+001 -4.792893e+000
      vertex -1.600000e+001 -3.038268e+001 -4.576120e+000
    endloop
  endfacet
  facet normal  1.000000e+000  0.000000e+000  0.000000e+000
    outer loop
      vertex -1.600000e+001  2.300000e+001 -1.000000e+001
      vertex -1.600000e+001  2.300000e+001  0.000000e+000
      vertex -1.600000e+001  1.600000e+001 -5.500000e+000
    endloop
  endfacet
  facet normal  1.000000e+000  0.000000e+000  0.000000e+000
    outer loop
      vertex -1.600000e+001  2.300000e+001 -1.000000e+001
      vertex -1.600000e+001  1.600000e+001 -5.500000e+000
      vertex -1.600000e+001  1.592388e+001 -5.882683e+000
    endloop
  endfacet
  facet normal  1.000000e+000  0.000000e+000  0.000000e+000
    outer loop
      vertex -1.600000e+001  2.300000e+001 -1.000000e+001
      vertex -1.600000e+001  1.592388e+001 -5.882683e+000
      vertex -1.600000e+001  1.570711e+001 -6.207107e+000
    endloop
  endfacet
  facet normal  1.000000e+000  0.000000e+000  0.000000e+000
    outer loop
      vertex -1.600000e+001  2.300000e+001 -1.000000e+001
      vertex -1.600000e+001  1.570711e+001 -6.207107e+000
      vertex -1.600000e+001  1.538268e+001 -6.423880e+000
    endloop
  endfacet
  facet normal  1.000000e+000  0.000000e+000  0.000000e+000
    outer loop
      vertex -1.600000e+001  2.300000e+001 -1.000000e+001
      vertex -1.600000e+001  1.538268e+001 -6.423880e+000
      vertex -1.600000e+001  1.500000e+001 -6.500000e+000
    endloop
  endfacet
  facet normal  1.000000e+000  0.000000e+000  0.000000e+000
    outer loop
      vertex -1.600000e+001  2.300000e+001 -1.000000e+001
      vertex -1.600000e+001  1.500000e+001 -6.500000e+000
      vertex -1.600000e+001  1.461732e+001 -6.423880e+000
    endloop
  endfacet
  facet normal  1.000000e+000  0.000000e+000  0.000000e+000
    outer loop
      vertex -1.600000e+001  2.300000e+001 -1.000000e+001
      vertex -1.600000e+001  1.461732e+001 -6.423880e+000
      vertex -1.600000e+001 -4.000000e+000 -5.500000e+000
    endloop
  endfacet
  facet normal  1.000000e+000  0.000000e+000  0.000000e+000
    outer loop
      vertex -1.600000e+001  2.300000e+001 -1.000000e+001
      vertex -1.600000e+001 -4.000000e+000 -5.500000e+000
      vertex -1.600000e+001 -4.076120e+000 -5.882683e+000
    endloop
  endfacet
  facet normal  1.000000e+000  0.000000e+000  0.000000e+000
    outer loop
      vertex -1.600000e+001  2.300000e+001 -1.000000e+001
      vertex -1.600000e+001 -4.076120e+000 -5.882683e+000
      vertex -1.600000e+001 -4.292893e+000 -6.207107e+000
    endloop
  endfacet
  facet normal  1.000000e+000  0.000000e+000  0.000000e+000
    outer loop
      vertex -1.600000e+001  2.300000e+001 -1.000000e+001
      vertex -1.600000e+001 -4.292893e+000 -6.207107e+000
      vertex -1.600000e+001 -4.617317e+000 -6.423880e+000
    endloop
  endfacet
  facet normal  1.000000e+000  0.000000e+000  0.000000e+000
    outer loop
      vertex -1.600000e+001  2.300000e+001 -1.000000e+001
      vertex -1.600000e+001 -4.617317e+000 -6.423880e+000
      vertex -1.600000e+001 -5.000000e+000 -6.500000e+000
    endloop
  endfacet
  facet normal  1.000000e+000  0.000000e+000  0.000000e+000
    outer loop
      vertex -1.600000e+001  2.300000e+001 -1.000000e+001
      vertex -1.600000e+001 -5.000000e+000 -6.500000e+000
      vertex -1.600000e+001 -2.900000e+001 -5.500000e+000
    endloop
  endfacet
  facet normal  1.000000e+000  0.000000e+000  0.000000e+000
    outer loop
      vertex -1.600000e+001  2.300000e+001 -1.000000e+001
      vertex -1.600000e+001 -2.900000e+001 -5.500000e+000
      vertex -1.600000e+001 -2.907612e+001 -5.882683e+000
    endloop
  endfacet
  facet normal  1.000000e+000  0.000000e+000  0.000000e+000
    outer loop
      vertex -1.600000e+001  2.300000e+001 -1.000000e+001
      vertex -1.600000e+001 -2.907612e+001 -5.882683e+000
      vertex -1.600000e+001 -2.929289e+001 -6.207107e+000
    endloop
  endfacet
  facet normal  1.000000e+000  0.000000e+000  0.000000e+000
    outer loop
      vertex -1.600000e+001  2.300000e+001 -1.000000e+001
      vertex -1.600000e+001 -2.929289e+001 -6.207107e+000
      vertex -1.600000e+001 -2.961732e+001 -6.423880e+000
    endloop
  endfacet
  facet normal  9.999999e-001  0.000000e+000  0.000000e+000
    outer loop
      vertex -1.600000e+001  2.300000e+001 -1.000000e+001
      vertex -1.600000e+001 -2.961732e+001 -6.423880e+000
      vertex -1.600000e+001 -3.000000e+001 -6.500000e+000
    endloop
  endfacet
  facet normal  1.000000e+000  0.000000e+000  0.000000e+000
    outer loop
      vertex -1.600000e+001  2.300000e+001  0.000000e+000
      vertex -1.600000e+001  1.461732e+001 -4.576120e+000
      vertex -1.600000e+001  1.500000e+001 -4.500000e+000
    endloop
  endfacet
  facet normal  1.000000e+000  -0.000000e+000  0.000000e+000
    outer loop
      vertex -1.600000e+001  2.300000e+001  0.000000e+000
      vertex -1.600000e+001  1.500000e+001 -4.500000e+000
      vertex -1.600000e+001  1.538268e+001 -4.576120e+000
    endloop
  endfacet
  facet normal  1.000000e+000  -0.000000e+000  0.000000e+000
    outer loop
      vertex -1.600000e+001  2.300000e+001  0.000000e+000
      vertex -1.600000e+001  1.538268e+001 -4.576120e+000
      vertex -1.600000e+001  1.570711e+001 -4.792893e+000
    endloop
  endfacet
  facet normal  1.000000e+000  -0.000000e+000  0.000000e+000
    outer loop
      vertex -1.600000e+001  2.300000e+001  0.000000e+000
      vertex -1.600000e+001  1.570711e+001 -4.792893e+000
      vertex -1.600000e+001  1.592388e+001 -5.117317e+000
    endloop
  endfacet
  facet normal  1.000000e+000  -0.000000e+000  0.000000e+000
    outer loop
      vertex -1.600000e+001  2.300000e+001  0.000000e+000
      vertex -1.600000e+001  1.592388e+001 -5.117317e+000
      vertex -1.600000e+001  1.600000e+001 -5.500000e+000
    endloop
  endfacet
  facet normal  1.000000e+000  0.000000e+000  -0.000000e+000
    outer loop
      vertex -1.600000e+001  2.000000e+000  0.000000e+000
      vertex -1.600000e+001  1.400000e+001 -5.500000e+000
      vertex -1.600000e+001  1.407612e+001 -5.117317e+000
    endloop
  endfacet
  facet normal  1.000000e+000  0.000000e+000  -0.000000e+000
    outer loop
      vertex -1.600000e+001  2.000000e+000  0.000000e+000
      vertex -1.600000e+001  1.407612e+001 -5.117317e+000
      vertex -1.600000e+001  1.429289e+001 -4.792893e+000
    endloop
  endfacet
  facet normal  1.000000e+000  0.000000e+000  -0.000000e+000
    outer loop
      vertex -1.600000e+001  2.000000e+000  0.000000e+000
      vertex -1.600000e+001  1.429289e+001 -4.792893e+000
      vertex -1.600000e+001  1.461732e+001 -4.576120e+000
    endloop
  endfacet
  facet normal  1.000000e+000  0.000000e+000  -0.000000e+000
    outer loop
      vertex -1.600000e+001  2.000000e+000  0.000000e+000
      vertex -1.600000e+001  1.461732e+001 -4.576120e+000
      vertex -1.600000e+001  2.300000e+001  0.000000e+000
    endloop
  endfacet
  facet normal -7.071068e-001  0.000000e+000 -7.071068e-001
    outer loop
      vertex -1.800000e+001  2.300000e+001 -8.000000e+000
      vertex -1.600000e+001  2.300000e+001 -1.000000e+001
      vertex -1.800000e+001 -4.000000e+001 -8.000000e+000
    endloop
  endfacet
  facet normal -7.071068e-001  0.000000e+000 -7.071068e-001
    outer loop
      vertex -1.800000e+001 -4.000000e+001 -8.000000e+000
      vertex -1.600000e+001  2.300000e+001 -1.000000e+001
      vertex -1.600000e+001 -4.000000e+001 -1.000000e+001
    endloop
  endfacet
  facet normal  0.000000e+000  1.000000e+000  0.000000e+000
    outer loop
      vertex  1.600000e+001  2.300000e+001 -1.000000e+001
      vertex  1.600000e+001  2.300000e+001  0.000000e+000
      vertex  1.800000e+001  2.300000e+001 -8.000000e+000
    endloop
  endfacet
  facet normal  0.000000e+000  1.000000e+000  -0.000000e+000
    outer loop
      vertex  1.800000e+001  2.300000e+001 -8.000000e+000
      vertex  1.600000e+001  2.300000e+001  0.000000e+000
      vertex  1.800000e+001  2.300000e+001  0.000000e+000
    endloop
  endfacet
  facet normal -1.000000e+000  0.000000e+000  0.000000e+000
    outer loop
      vertex  1.600000e+001 -2.907612e+001 -5.117317e+000
      vertex  1.600000e+001 -6.000000e+000 -5.500000e+000
      vertex  1.600000e+001 -2.900000e+001 -5.500000e+000
    endloop
  endfacet
  facet normal -1.000000e+000  0.000000e+000  0.000000e+000
    outer loop
      vertex  1.600000e+001 -6.000000e+000 -5.500000e+000
      vertex  1.600000e+001 -2.907612e+001 -5.882683e+000
      vertex  1.600000e+001 -2.900000e+001 -5.500000e+000
    endloop
  endfacet
  facet normal -1.000000e+000  0.000000e+000  0.000000e+000
    outer loop
      vertex  1.600000e+001 -2.907612e+001 -5.117317e+000
      vertex  1.600000e+001 -2.929289e+001 -4.792893e+000
      vertex  1.600000e+001 -6.000000e+000 -5.500000e+000
    endloop
  endfacet
  facet normal -1.000000e+000  0.000000e+000  0.000000e+000
    outer loop
      vertex  1.600000e+001 -2.929289e+001 -4.792893e+000
      vertex  1.600000e+001 -2.961732e+001 -4.576120e+000
      vertex  1.600000e+001 -6.000000e+000 -5.500000e+000
    endloop
  endfacet
  facet normal -1.000000e+000  0.000000e+000  -0.000000e+000
    outer loop
      vertex  1.600000e+001 -2.961732e+001 -6.423880e+000
      vertex  1.600000e+001 -2.929289e+001 -6.207107e+000
      vertex  1.600000e+001 -6.000000e+000 -5.500000e+000
    endloop
  endfacet
  facet normal -1.000000e+000  0.000000e+000  -0.000000e+000
    outer loop
      vertex  1.600000e+001 -2.929289e+001 -6.207107e+000
      vertex  1.600000e+001 -2.907612e+001 -5.882683e+000
      vertex  1.600000e+001 -6.000000e+000 -5.500000e+000
    endloop
  endfacet
  facet normal -1.000000e+000  0.000000e+000  0.000000e+000
    outer loop
      vertex  1.600000e+001  1.400000e+001 -5.500000e+000
      vertex  1.600000e+001 -5.000000e+000 -6.500000e+000
      vertex  1.600000e+001 -4.617317e+000 -6.423880e+000
    endloop
  endfacet
  facet normal -1.000000e+000  0.000000e+000  0.000000e+000
    outer loop
      vertex  1.600000e+001  1.400000e+001 -5.500000e+000
      vertex  1.600000e+001 -4.617317e+000 -6.423880e+000
      vertex  1.600000e+001 -4.292893e+000 -6.207107e+000
    endloop
  endfacet
  facet normal -9.999999e-001  0.000000e+000  0.000000e+000
    outer loop
      vertex  1.600000e+001  1.400000e+001 -5.500000e+000
      vertex  1.600000e+001 -4.292893e+000 -6.207107e+000
      vertex  1.600000e+001 -4.076120e+000 -5.882683e+000
    endloop
  endfacet
  facet normal -1.000000e+000  0.000000e+000  0.000000e+000
    outer loop
      vertex  1.600000e+001  1.400000e+001 -5.500000e+000
      vertex  1.600000e+001 -4.076120e+000 -5.882683e+000
      vertex  1.600000e+001 -4.000000e+000 -5.500000e+000
    endloop
  endfacet
  facet normal -1.000000e+000  0.000000e+000  0.000000e+000
    outer loop
      vertex  1.600000e+001  2.000000e+000 -2.000000e+000
      vertex  1.600000e+001  2.000000e+000  0.000000e+000
      vertex  1.600000e+001  1.400000e+001 -5.500000e+000
    endloop
  endfacet
  facet normal -1.000000e+000  0.000000e+000  0.000000e+000
    outer loop
      vertex  1.600000e+001  2.000000e+000 -2.000000e+000
      vertex  1.600000e+001  1.400000e+001 -5.500000e+000
      vertex  1.600000e+001 -4.000000e+000 -5.500000e+000
    endloop
  endfacet
  facet normal -1.000000e+000  0.000000e+000  0.000000e+000
    outer loop
      vertex  1.600000e+001  2.000000e+000 -2.000000e+000
      vertex  1.600000e+001 -4.000000e+000 -5.500000e+000
      vertex  1.600000e+001 -4.076120e+000 -5.117317e+000
    endloop
  endfacet
  facet normal -1.000000e+000  0.000000e+000  0.000000e+000
    outer loop
      vertex  1.600000e+001  2.000000e+000 -2.000000e+000
      vertex  1.600000e+001 -4.076120e+000 -5.117317e+000
      vertex  1.600000e+001 -4.292893e+000 -4.792893e+000
    endloop
  endfacet
  facet normal -1.000000e+000  0.000000e+000  0.000000e+000
    outer loop
      vertex  1.600000e+001  2.000000e+000 -2.000000e+000
      vertex  1.600000e+001 -4.292893e+000 -4.792893e+000
      vertex  1.600000e+001 -4.617317e+000 -4.576120e+000
    endloop
  endfacet
  facet normal -1.000000e+000  0.000000e+000  0.000000e+000
    outer loop
      vertex  1.600000e+001  2.000000e+000 -2.000000e+000
      vertex  1.600000e+001 -4.617317e+000 -4.576120e+000
      vertex  1.600000e+001 -5.000000e+000 -4.500000e+000
    endloop
  endfacet
  facet normal -1.000000e+000  0.000000e+000  0.000000e+000
    outer loop
      vertex  1.600000e+001  2.000000e+000 -2.000000e+000
      vertex  1.600000e+001 -5.000000e+000 -4.500000e+000
      vertex  1.600000e+001 -4.000000e+001 -2.000000e+000
    endloop
  endfacet
  facet normal -1.000000e+000  0.000000e+000  0.000000e+000
    outer loop
      vertex  1.600000e+001  2.300000e+001  0.000000e+000
      vertex  1.600000e+001  2.300000e+001 -1.000000e+001
      vertex  1.600000e+001  1.592388e+001 -5.117317e+000
    endloop
  endfacet
  facet normal -1.000000e+000  0.000000e+000  0.000000e+000
    outer loop
      vertex  1.600000e+001  2.300000e+001  0.000000e+000
      vertex  1.600000e+001  1.592388e+001 -5.117317e+000
      vertex  1.600000e+001  1.570711e+001 -4.792893e+000
    endloop
  endfacet
  facet normal -1.000000e+000  0.000000e+000  0.000000e+000
    outer loop
      vertex  1.600000e+001  2.300000e+001  0.000000e+000
      vertex  1.600000e+001  1.570711e+001 -4.792893e+000
      vertex  1.600000e+001  1.538268e+001 -4.576120e+000
    endloop
  endfacet
  facet normal -1.000000e+000  0.000000e+000  0.000000e+000
    outer loop
      vertex  1.600000e+001  2.300000e+001  0.000000e+000
      vertex  1.600000e+001  1.538268e+001 -4.576120e+000
      vertex  1.600000e+001  2.000000e+000  0.000000e+000
    endloop
  endfacet
  facet normal -1.000000e+000  0.000000e+000  0.000000e+000
    outer loop
      vertex  1.600000e+001 -4.000000e+001 -1.000000e+001
      vertex  1.600000e+001 -4.000000e+001 -2.000000e+000
      vertex  1.600000e+001 -3.100000e+001 -5.500000e+000
    endloop
  endfacet
  facet normal -1.000000e+000  0.000000e+000  -0.000000e+000
    outer loop
      vertex  1.600000e+001 -4.000000e+001 -1.000000e+001
      vertex  1.600000e+001 -3.100000e+001 -5.500000e+000
      vertex  1.600000e+001 -3.092388e+001 -5.882683e+000
    endloop
  endfacet
  facet normal -1.000000e+000  0.000000e+000  -0.000000e+000
    outer loop
      vertex  1.600000e+001 -4.000000e+001 -1.000000e+001
      vertex  1.600000e+001 -3.092388e+001 -5.882683e+000
      vertex  1.600000e+001 -3.070711e+001 -6.207107e+000
    endloop
  endfacet
  facet normal -1.000000e+000  0.000000e+000  -0.000000e+000
    outer loop
      vertex  1.600000e+001 -4.000000e+001 -1.000000e+001
      vertex  1.600000e+001 -3.070711e+001 -6.207107e+000
      vertex  1.600000e+001 -3.038268e+001 -6.423880e+000
    endloop
  endfacet
  facet normal -1.000000e+000  0.000000e+000  -0.000000e+000
    outer loop
      vertex  1.600000e+001 -4.000000e+001 -1.000000e+001
      vertex  1.600000e+001 -3.038268e+001 -6.423880e+000
      vertex  1.600000e+001 -3.000000e+001 -6.500000e+000
    endloop
  endfacet
  facet normal -1.000000e+000  0.000000e+000  -0.000000e+000
    outer loop
      vertex  1.600000e+001 -4.000000e+001 -1.000000e+001
      vertex  1.600000e+001 -3.000000e+001 -6.500000e+000
      vertex  1.600000e+001 -2.961732e+001 -6.423880e+000
    endloop
  endfacet
  facet normal -9.999999e-001  0.000000e+000  -0.000000e+000
    outer loop
      vertex  1.600000e+001 -4.000000e+001 -1.000000e+001
      vertex  1.600000e+001 -2.961732e+001 -6.423880e+000
      vertex  1.600000e+001 -6.000000e+000 -5.500000e+000
    endloop
  endfacet
  facet normal -1.000000e+000  0.000000e+000  -0.000000e+000
    outer loop
      vertex  1.600000e+001 -4.000000e+001 -1.000000e+001
      vertex  1.600000e+001 -6.000000e+000 -5.500000e+000
      vertex  1.600000e+001 -5.923880e+000 -5.882683e+000
    endloop
  endfacet
  facet normal -1.000000e+000  0.000000e+000  -0.000000e+000
    outer loop
      vertex  1.600000e+001 -4.000000e+001 -1.000000e+001
      vertex  1.600000e+001 -5.923880e+000 -5.882683e+000
      vertex  1.600000e+001 -5.707107e+000 -6.207107e+000
    endloop
  endfacet
  facet normal -1.000000e+000  0.000000e+000  -0.000000e+000
    outer loop
      vertex  1.600000e+001 -4.000000e+001 -1.000000e+001
      vertex  1.600000e+001 -5.707107e+000 -6.207107e+000
      vertex  1.600000e+001 -5.382683e+000 -6.423880e+000
    endloop
  endfacet
  facet normal -1.000000e+000  0.000000e+000  -0.000000e+000
    outer loop
      vertex  1.600000e+001 -4.000000e+001 -1.000000e+001
      vertex  1.600000e+001 -5.382683e+000 -6.423880e+000
      vertex  1.600000e+001 -5.000000e+000 -6.500000e+000
    endloop
  endfacet
  facet normal -1.000000e+000  0.000000e+000  -0.000000e+000
    outer loop
      vertex  1.600000e+001 -4.000000e+001 -1.000000e+001
      vertex  1.600000e+001 -5.000000e+000 -6.500000e+000
      vertex  1.600000e+001  1.400000e+001 -5.500000e+000
    endloop
  endfacet
  facet normal -9.999999e-001  0.000000e+000  -0.000000e+000
    outer loop
      vertex  1.600000e+001 -4.000000e+001 -1.000000e+001
      vertex  1.600000e+001  1.400000e+001 -5.500000e+000
      vertex  1.600000e+001  1.407612e+001 -5.882683e+000
    endloop
  endfacet
  facet normal -1.000000e+000  0.000000e+000  -0.000000e+000
    outer loop
      vertex  1.600000e+001 -4.000000e+001 -1.000000e+001
      vertex  1.600000e+001  1.407612e+001 -5.882683e+000
      vertex  1.600000e+001  1.429289e+001 -6.207107e+000
    endloop
  endfacet
  facet normal -9.999999e-001  0.000000e+000  -0.000000e+000
    outer loop
      vertex  1.600000e+001 -4.000000e+001 -1.000000e+001
      vertex  1.600000e+001  1.429289e+001 -6.207107e+000
      vertex  1.600000e+001  1.461732e+001 -6.423880e+000
    endloop
  endfacet
  facet normal -1.000000e+000  0.000000e+000  -0.000000e+000
    outer loop
      vertex  1.600000e+001 -4.000000e+001 -1.000000e+001
      vertex  1.600000e+001  1.461732e+001 -6.423880e+000
      vertex  1.600000e+001  1.500000e+001 -6.500000e+000
    endloop
  endfacet
  facet normal -1.000000e+000  0.000000e+000  0.000000e+000
    outer loop
      vertex  1.600000e+001  2.300000e+001 -1.000000e+001
      vertex  1.600000e+001 -4.000000e+001 -1.000000e+001
      vertex  1.600000e+001  1.500000e+001 -6.500000e+000
    endloop
  endfacet
  facet normal -1.000000e+000  0.000000e+000  0.000000e+000
    outer loop
      vertex  1.600000e+001  2.300000e+001 -1.000000e+001
      vertex  1.600000e+001  1.500000e+001 -6.500000e+000
      vertex  1.600000e+001  1.538268e+001 -6.423880e+000
    endloop
  endfacet
  facet normal -1.000000e+000  0.000000e+000  0.000000e+000
    outer loop
      vertex  1.600000e+001  2.300000e+001 -1.000000e+001
      vertex  1.600000e+001  1.538268e+001 -6.423880e+000
      vertex  1.600000e+001  1.570711e+001 -6.207107e+000
    endloop
  endfacet
  facet normal -1.000000e+000  0.000000e+000  0.000000e+000
    outer loop
      vertex  1.600000e+001  2.300000e+001 -1.000000e+001
      vertex  1.600000e+001  1.570711e+001 -6.207107e+000
      vertex  1.600000e+001  1.592388e+001 -5.882683e+000
    endloop
  endfacet
  facet normal -1.000000e+000  0.000000e+000  0.000000e+000
    outer loop
      vertex  1.600000e+001  2.300000e+001 -1.000000e+001
      vertex  1.600000e+001  1.592388e+001 -5.882683e+000
      vertex  1.600000e+001  1.600000e+001 -5.500000e+000
    endloop
  endfacet
  facet normal -1.000000e+000  0.000000e+000  0.000000e+000
    outer loop
      vertex  1.600000e+001  2.300000e+001 -1.000000e+001
      vertex  1.600000e+001  1.600000e+001 -5.500000e+000
      vertex  1.600000e+001  1.592388e+001 -5.117317e+000
    endloop
  endfacet
  facet normal -1.000000e+000  0.000000e+000  0.000000e+000
    outer loop
      vertex  1.600000e+001  2.000000e+000  0.000000e+000
      vertex  1.600000e+001  1.538268e+001 -4.576120e+000
      vertex  1.600000e+001  1.500000e+001 -4.500000e+000
    endloop
  endfacet
  facet normal -1.000000e+000  -0.000000e+000  0.000000e+000
    outer loop
      vertex  1.600000e+001  2.000000e+000  0.000000e+000
      vertex  1.600000e+001  1.500000e+001 -4.500000e+000
      vertex  1.600000e+001  1.461732e+001 -4.576120e+000
    endloop
  endfacet
  facet normal -1.000000e+000  -0.000000e+000  0.000000e+000
    outer loop
      vertex  1.600000e+001  2.000000e+000  0.000000e+000
      vertex  1.600000e+001  1.461732e+001 -4.576120e+000
      vertex  1.600000e+001  1.429289e+001 -4.792893e+000
    endloop
  endfacet
  facet normal -1.000000e+000  -0.000000e+000  0.000000e+000
    outer loop
      vertex  1.600000e+001  2.000000e+000  0.000000e+000
      vertex  1.600000e+001  1.429289e+001 -4.792893e+000
      vertex  1.600000e+001  1.407612e+001 -5.117317e+000
    endloop
  endfacet
  facet normal -1.000000e+000  -0.000000e+000  0.000000e+000
    outer loop
      vertex  1.600000e+001  2.000000e+000  0.000000e+000
      vertex  1.600000e+001  1.407612e+001 -5.117317e+000
      vertex  1.600000e+001  1.400000e+001 -5.500000e+000
    endloop
  endfacet
  facet normal -9.999999e-001  -0.000000e+000  0.000000e+000
    outer loop
      vertex  1.600000e+001 -4.000000e+001 -2.000000e+000
      vertex  1.600000e+001 -5.000000e+000 -4.500000e+000
      vertex  1.600000e+001 -5.382683e+000 -4.576120e+000
    endloop
  endfacet
  facet normal -1.000000e+000  -0.000000e+000  0.000000e+000
    outer loop
      vertex  1.600000e+001 -4.000000e+001 -2.000000e+000
      vertex  1.600000e+001 -5.382683e+000 -4.576120e+000
      vertex  1.600000e+001 -5.707107e+000 -4.792893e+000
    endloop
  endfacet
  facet normal -1.000000e+000  -0.000000e+000  0.000000e+000
    outer loop
      vertex  1.600000e+001 -4.000000e+001 -2.000000e+000
      vertex  1.600000e+001 -5.707107e+000 -4.792893e+000
      vertex  1.600000e+001 -5.923880e+000 -5.117317e+000
    endloop
  endfacet
  facet normal -1.000000e+000  -0.000000e+000  0.000000e+000
    outer loop
      vertex  1.600000e+001 -4.000000e+001 -2.000000e+000
      vertex  1.600000e+001 -5.923880e+000 -5.117317e+000
      vertex  1.600000e+001 -6.000000e+000 -5.500000e+000
    endloop
  endfacet
  facet normal -9.999999e-001  0.000000e+000  0.000000e+000
    outer loop
      vertex  1.600000e+001 -4.000000e+001 -2.000000e+000
      vertex  1.600000e+001 -6.000000e+000 -5.500000e+000
      vertex  1.600000e+001 -2.961732e+001 -4.576120e+000
    endloop
  endfacet
  facet normal -1.000000e+000  0.000000e+000  0.000000e+000
    outer loop
      vertex  1.600000e+001 -4.000000e+001 -2.000000e+000
      vertex  1.600000e+001 -2.961732e+001 -4.576120e+000
      vertex  1.600000e+001 -3.000000e+001 -4.500000e+000
    endloop
  endfacet
  facet normal -1.000000e+000  -0.000000e+000  0.000000e+000
    outer loop
      vertex  1.600000e+001 -4.000000e+001 -2.000000e+000
      vertex  1.600000e+001 -3.000000e+001 -4.500000e+000
      vertex  1.600000e+001 -3.038268e+001 -4.576120e+000
    endloop
  endfacet
  facet normal -1.000000e+000  -0.000000e+000  0.000000e+000
    outer loop
      vertex  1.600000e+001 -4.000000e+001 -2.000000e+000
      vertex  1.600000e+001 -3.038268e+001 -4.576120e+000
      vertex  1.600000e+001 -3.070711e+001 -4.792893e+000
    endloop
  endfacet
  facet normal -1.000000e+000  -0.000000e+000  0.000000e+000
    outer loop
      vertex  1.600000e+001 -4.000000e+001 -2.000000e+000
      vertex  1.600000e+001 -3.070711e+001 -4.792893e+000
      vertex  1.600000e+001 -3.092388e+001 -5.117317e+000
    endloop
  endfacet
  facet normal -1.000000e+000  -0.000000e+000  0.000000e+000
    outer loop
      vertex  1.600000e+001 -4.000000e+001 -2.000000e+000
      vertex  1.600000e+001 -3.092388e+001 -5.117317e+000
      vertex  1.600000e+001 -3.100000e+001 -5.500000e+000
    endloop
  endfacet
  facet normal  7.071068e-001  0.000000e+000 -7.071068e-001
    outer loop
      vertex  1.800000e+001  2.300000e+001 -8.000000e+000
      vertex  1.800000e+001 -4.000000e+001 -8.000000e+000
      vertex  1.600000e+001  2.300000e+001 -1.000000e+001
    endloop
  endfacet
  facet normal  7.071068e-001  0.000000e+000 -7.071068e-001
    outer loop
      vertex  1.600000e+001  2.300000e+001 -1.000000e+001
      vertex  1.800000e+001 -4.000000e+001 -8.000000e+000
      vertex  1.600000e+001 -4.000000e+001 -1.000000e+001
    endloop
  endfacet
  facet normal -7.071068e-001  7.071068e-001  0.000000e+000
    outer loop
      vertex -1.800000e+001  2.300000e+001  0.000000e+000
      vertex -1.800000e+001  2.300000e+001  7.000000e+000
      vertex -1.600000e+001  2.500000e+001  0.000000e+000
    endloop
  endfacet
  facet normal -7.071068e-001  7.071068e-001  0.000000e+000
    outer loop
      vertex -1.600000e+001  2.500000e+001  0.000000e+000
      vertex -1.800000e+001  2.300000e+001  7.000000e+000
      vertex -1.600000e+001  2.500000e+001  7.000000e+000
    endloop
  endfacet
  facet normal  7.071068e-001  7.071068e-001  0.000000e+000
    outer loop
      vertex  1.800000e+001  2.300000e+001  0.000000e+000
      vertex  1.600000e+001  2.500000e+001  0.000000e+000
      vertex  1.800000e+001  2.300000e+001  7.000000e+000
    endloop
  endfacet
  facet normal  7.071068e-001  7.071068e-001  0.000000e+000
    outer loop
      vertex  1.800000e+001  2.300000e+001  7.000000e+000
      vertex  1.600000e+001  2.500000e+001  0.000000e+000
      vertex  1.600000e+001  2.500000e+001  7.000000e+000
    endloop
  endfacet
  facet normal  0.000000e+000  1.000000e+000  0.000000e+000
    outer loop
      vertex  1.600000e+001  2.000000e+000 -2.000000e+000
      vertex -1.600000e+001  2.000000e+000 -2.000000e+000
      vertex  1.600000e+001  2.000000e+000  0.000000e+000
    endloop
  endfacet
  facet normal  0.000000e+000  1.000000e+000  0.000000e+000
    outer loop
      vertex  1.600000e+001  2.000000e+000  0.000000e+000
      vertex -1.600000e+001  2.000000e+000 -2.000000e+000
      vertex -1.600000e+001  2.000000e+000  0.000000e+000
    endloop
  endfacet
  facet normal  0.000000e+000 -1.950899e-001 -9.807853e-001
    outer loop
      vertex -1.600000e+001  1.500000e+001 -4.500000e+000
      vertex -1.800000e+001  1.538268e+001 -4.576120e+000
      vertex -1.600000e+001  1.538268e+001 -4.576120e+000
    endloop
  endfacet
  facet normal  -0.000000e+000 -5.555713e-001 -8.314689e-001
    outer loop
      vertex -1.600000e+001  1.538268e+001 -4.576120e+000
      vertex -1.800000e+001  1.538268e+001 -4.576120e+000
      vertex -1.800000e+001  1.570711e+001 -4.792893e+000
    endloop
  endfacet
  facet normal  0.000000e+000 -5.555713e-001 -8.314689e-001
    outer loop
      vertex -1.600000e+001  1.538268e+001 -4.576120e+000
      vertex -1.800000e+001  1.570711e+001 -4.792893e+000
      vertex -1.600000e+001  1.570711e+001 -4.792893e+000
    endloop
  endfacet
  facet normal  -0.000000e+000 -8.314692e-001 -5.555708e-001
    outer loop
      vertex -1.600000e+001  1.570711e+001 -4.792893e+000
      vertex -1.800000e+001  1.570711e+001 -4.792893e+000
      vertex -1.800000e+001  1.592388e+001 -5.117317e+000
    endloop
  endfacet
  facet normal  0.000000e+000 -8.314692e-001 -5.555708e-001
    outer loop
      vertex -1.600000e+001  1.570711e+001 -4.792893e+000
      vertex -1.800000e+001  1.592388e+001 -5.117317e+000
      vertex -1.600000e+001  1.592388e+001 -5.117317e+000
    endloop
  endfacet
  facet normal  -0.000000e+000 -9.807853e-001 -1.950902e-001
    outer loop
      vertex -1.600000e+001  1.592388e+001 -5.117317e+000
      vertex -1.800000e+001  1.592388e+001 -5.117317e+000
      vertex -1.800000e+001  1.600000e+001 -5.500000e+000
    endloop
  endfacet
  facet normal  0.000000e+000 -9.807853e-001 -1.950902e-001
    outer loop
      vertex -1.600000e+001  1.592388e+001 -5.117317e+000
      vertex -1.800000e+001  1.600000e+001 -5.500000e+000
      vertex -1.600000e+001  1.600000e+001 -5.500000e+000
    endloop
  endfacet
  facet normal  -0.000000e+000 -1.950899e-001 -9.807853e-001
    outer loop
      vertex -1.800000e+001  1.538268e+001 -4.576120e+000
      vertex -1.600000e+001  1.500000e+001 -4.500000e+000
      vertex -1.800000e+001  1.500000e+001 -4.500000e+000
    endloop
  endfacet
  facet normal  0.000000e+000  1.950899e-001 -9.807853e-001
    outer loop
      vertex -1.800000e+001  1.500000e+001 -4.500000e+000
      vertex -1.600000e+001  1.500000e+001 -4.500000e+000
      vertex -1.600000e+001  1.461732e+001 -4.576120e+000
    endloop
  endfacet
  facet normal  0.000000e+000  1.950899e-001 -9.807853e-001
    outer loop
      vertex -1.800000e+001  1.500000e+001 -4.500000e+000
      vertex -1.600000e+001  1.461732e+001 -4.576120e+000
      vertex -1.800000e+001  1.461732e+001 -4.576120e+000
    endloop
  endfacet
  facet normal  0.000000e+000  5.555713e-001 -8.314689e-001
    outer loop
      vertex -1.800000e+001  1.461732e+001 -4.576120e+000
      vertex -1.600000e+001  1.461732e+001 -4.576120e+000
      vertex -1.600000e+001  1.429289e+001 -4.792893e+000
    endloop
  endfacet
  facet normal  0.000000e+000  5.555713e-001 -8.314689e-001
    outer loop
      vertex -1.800000e+001  1.461732e+001 -4.576120e+000
      vertex -1.600000e+001  1.429289e+001 -4.792893e+000
      vertex -1.800000e+001  1.429289e+001 -4.792893e+000
    endloop
  endfacet
  facet normal  0.000000e+000  8.314692e-001 -5.555708e-001
    outer loop
      vertex -1.800000e+001  1.429289e+001 -4.792893e+000
      vertex -1.600000e+001  1.429289e+001 -4.792893e+000
      vertex -1.600000e+001  1.407612e+001 -5.117317e+000
    endloop
  endfacet
  facet normal  0.000000e+000  8.314692e-001 -5.555708e-001
    outer loop
      vertex -1.800000e+001  1.429289e+001 -4.792893e+000
      vertex -1.600000e+001  1.407612e+001 -5.117317e+000
      vertex -1.800000e+001  1.407612e+001 -5.117317e+000
    endloop
  endfacet
  facet normal  0.000000e+000  9.807853e-001 -1.950902e-001
    outer loop
      vertex -1.800000e+001  1.407612e+001 -5.117317e+000
      vertex -1.600000e+001  1.407612e+001 -5.117317e+000
      vertex -1.600000e+001  1.400000e+001 -5.500000e+000
    endloop
  endfacet
  facet normal  0.000000e+000  9.807853e-001 -1.950902e-001
    outer loop
      vertex -1.800000e+001  1.407612e+001 -5.117317e+000
      vertex -1.600000e+001  1.400000e+001 -5.500000e+000
      vertex -1.800000e+001  1.400000e+001 -5.500000e+000
    endloop
  endfacet
  facet normal  -0.000000e+000  1.950899e-001  9.807853e-001
    outer loop
      vertex -1.600000e+001  1.500000e+001 -6.500000e+000
      vertex -1.800000e+001  1.461732e+001 -6.423880e+000
      vertex -1.600000e+001  1.461732e+001 -6.423880e+000
    endloop
  endfacet
  facet normal  0.000000e+000  5.555713e-001  8.314689e-001
    outer loop
      vertex -1.600000e+001  1.461732e+001 -6.423880e+000
      vertex -1.800000e+001  1.461732e+001 -6.423880e+000
      vertex -1.800000e+001  1.429289e+001 -6.207107e+000
    endloop
  endfacet
  facet normal  -0.000000e+000  5.555713e-001  8.314689e-001
    outer loop
      vertex -1.600000e+001  1.461732e+001 -6.423880e+000
      vertex -1.800000e+001  1.429289e+001 -6.207107e+000
      vertex -1.600000e+001  1.429289e+001 -6.207107e+000
    endloop
  endfacet
  facet normal  0.000000e+000  8.314692e-001  5.555708e-001
    outer loop
      vertex -1.600000e+001  1.429289e+001 -6.207107e+000
      vertex -1.800000e+001  1.429289e+001 -6.207107e+000
      vertex -1.800000e+001  1.407612e+001 -5.882683e+000
    endloop
  endfacet
  facet normal  -0.000000e+000  8.314692e-001  5.555708e-001
    outer loop
      vertex -1.600000e+001  1.429289e+001 -6.207107e+000
      vertex -1.800000e+001  1.407612e+001 -5.882683e+000
      vertex -1.600000e+001  1.407612e+001 -5.882683e+000
    endloop
  endfacet
  facet normal  0.000000e+000  9.807853e-001  1.950902e-001
    outer loop
      vertex -1.600000e+001  1.407612e+001 -5.882683e+000
      vertex -1.800000e+001  1.407612e+001 -5.882683e+000
      vertex -1.800000e+001  1.400000e+001 -5.500000e+000
    endloop
  endfacet
  facet normal  -0.000000e+000  9.807853e-001  1.950902e-001
    outer loop
      vertex -1.600000e+001  1.407612e+001 -5.882683e+000
      vertex -1.800000e+001  1.400000e+001 -5.500000e+000
      vertex -1.600000e+001  1.400000e+001 -5.500000e+000
    endloop
  endfacet
  facet normal  0.000000e+000  1.950899e-001  9.807853e-001
    outer loop
      vertex -1.800000e+001  1.461732e+001 -6.423880e+000
      vertex -1.600000e+001  1.500000e+001 -6.500000e+000
      vertex -1.800000e+001  1.500000e+001 -6.500000e+000
    endloop
  endfacet
  facet normal  0.000000e+000 -1.950899e-001  9.807853e-001
    outer loop
      vertex -1.800000e+001  1.500000e+001 -6.500000e+000
      vertex -1.600000e+001  1.500000e+001 -6.500000e+000
      vertex -1.600000e+001  1.538268e+001 -6.423880e+000
    endloop
  endfacet
  facet normal  0.000000e+000 -1.950899e-001  9.807853e-001
    outer loop
      vertex -1.800000e+001  1.500000e+001 -6.500000e+000
      vertex -1.600000e+001  1.538268e+001 -6.423880e+000
      vertex -1.800000e+001  1.538268e+001 -6.423880e+000
    endloop
  endfacet
  facet normal  0.000000e+000 -5.555713e-001  8.314689e-001
    outer loop
      vertex -1.800000e+001  1.538268e+001 -6.423880e+000
      vertex -1.600000e+001  1.538268e+001 -6.423880e+000
      vertex -1.600000e+001  1.570711e+001 -6.207107e+000
    endloop
  endfacet
  facet normal  0.000000e+000 -5.555713e-001  8.314689e-001
    outer loop
      vertex -1.800000e+001  1.538268e+001 -6.423880e+000
      vertex -1.600000e+001  1.570711e+001 -6.207107e+000
      vertex -1.800000e+001  1.570711e+001 -6.207107e+000
    endloop
  endfacet
  facet normal  0.000000e+000 -8.314692e-001  5.555708e-001
    outer loop
      vertex -1.800000e+001  1.570711e+001 -6.207107e+000
      vertex -1.600000e+001  1.570711e+001 -6.207107e+000
      vertex -1.600000e+001  1.592388e+001 -5.882683e+000
    endloop
  endfacet
  facet normal  0.000000e+000 -8.314692e-001  5.555708e-001
    outer loop
      vertex -1.800000e+001  1.570711e+001 -6.207107e+000
      vertex -1.600000e+001  1.592388e+001 -5.882683e+000
      vertex -1.800000e+001  1.592388e+001 -5.882683e+000
    endloop
  endfacet
  facet normal  0.000000e+000 -9.807853e-001  1.950902e-001
    outer loop
      vertex -1.800000e+001  1.592388e+001 -5.882683e+000
      vertex -1.600000e+001  1.592388e+001 -5.882683e+000
      vertex -1.600000e+001  1.600000e+001 -5.500000e+000
    endloop
  endfacet
  facet normal  0.000000e+000 -9.807853e-001  1.950902e-001
    outer loop
      vertex -1.800000e+001  1.592388e+001 -5.882683e+000
      vertex -1.600000e+001  1.600000e+001 -5.500000e+000
      vertex -1.800000e+001  1.600000e+001 -5.500000e+000
    endloop
  endfacet
  facet normal  0.000000e+000 -1.950902e-001 -9.807853e-001
    outer loop
      vertex -1.600000e+001 -5.000000e+000 -4.500000e+000
      vertex -1.800000e+001 -4.617317e+000 -4.576120e+000
      vertex -1.600000e+001 -4.617317e+000 -4.576120e+000
    endloop
  endfacet
  facet normal  -0.000000e+000 -5.555708e-001 -8.314692e-001
    outer loop
      vertex -1.600000e+001 -4.617317e+000 -4.576120e+000
      vertex -1.800000e+001 -4.617317e+000 -4.576120e+000
      vertex -1.800000e+001 -4.292893e+000 -4.792893e+000
    endloop
  endfacet
  facet normal  0.000000e+000 -5.555708e-001 -8.314692e-001
    outer loop
      vertex -1.600000e+001 -4.617317e+000 -4.576120e+000
      vertex -1.800000e+001 -4.292893e+000 -4.792893e+000
      vertex -1.600000e+001 -4.292893e+000 -4.792893e+000
    endloop
  endfacet
  facet normal  -0.000000e+000 -8.314692e-001 -5.555708e-001
    outer loop
      vertex -1.600000e+001 -4.292893e+000 -4.792893e+000
      vertex -1.800000e+001 -4.292893e+000 -4.792893e+000
      vertex -1.800000e+001 -4.076120e+000 -5.117317e+000
    endloop
  endfacet
  facet normal  0.000000e+000 -8.314692e-001 -5.555708e-001
    outer loop
      vertex -1.600000e+001 -4.292893e+000 -4.792893e+000
      vertex -1.800000e+001 -4.076120e+000 -5.117317e+000
      vertex -1.600000e+001 -4.076120e+000 -5.117317e+000
    endloop
  endfacet
  facet normal  -0.000000e+000 -9.807853e-001 -1.950902e-001
    outer loop
      vertex -1.600000e+001 -4.076120e+000 -5.117317e+000
      vertex -1.800000e+001 -4.076120e+000 -5.117317e+000
      vertex -1.800000e+001 -4.000000e+000 -5.500000e+000
    endloop
  endfacet
  facet normal  0.000000e+000 -9.807853e-001 -1.950902e-001
    outer loop
      vertex -1.600000e+001 -4.076120e+000 -5.117317e+000
      vertex -1.800000e+001 -4.000000e+000 -5.500000e+000
      vertex -1.600000e+001 -4.000000e+000 -5.500000e+000
    endloop
  endfacet
  facet normal  -0.000000e+000 -1.950902e-001 -9.807853e-001
    outer loop
      vertex -1.800000e+001 -4.617317e+000 -4.576120e+000
      vertex -1.600000e+001 -5.000000e+000 -4.500000e+000
      vertex -1.800000e+001 -5.000000e+000 -4.500000e+000
    endloop
  endfacet
  facet normal  0.000000e+000  1.950902e-001 -9.807853e-001
    outer loop
      vertex -1.800000e+001 -5.000000e+000 -4.500000e+000
      vertex -1.600000e+001 -5.000000e+000 -4.500000e+000
      vertex -1.600000e+001 -5.382683e+000 -4.576120e+000
    endloop
  endfacet
  facet normal  0.000000e+000  1.950902e-001 -9.807853e-001
    outer loop
      vertex -1.800000e+001 -5.000000e+000 -4.500000e+000
      vertex -1.600000e+001 -5.382683e+000 -4.576120e+000
      vertex -1.800000e+001 -5.382683e+000 -4.576120e+000
    endloop
  endfacet
  facet normal  0.000000e+000  5.555708e-001 -8.314692e-001
    outer loop
      vertex -1.800000e+001 -5.382683e+000 -4.576120e+000
      vertex -1.600000e+001 -5.382683e+000 -4.576120e+000
      vertex -1.600000e+001 -5.707107e+000 -4.792893e+000
    endloop
  endfacet
  facet normal  0.000000e+000  5.555708e-001 -8.314692e-001
    outer loop
      vertex -1.800000e+001 -5.382683e+000 -4.576120e+000
      vertex -1.600000e+001 -5.707107e+000 -4.792893e+000
      vertex -1.800000e+001 -5.707107e+000 -4.792893e+000
    endloop
  endfacet
  facet normal  0.000000e+000  8.314692e-001 -5.555708e-001
    outer loop
      vertex -1.800000e+001 -5.707107e+000 -4.792893e+000
      vertex -1.600000e+001 -5.707107e+000 -4.792893e+000
      vertex -1.600000e+001 -5.923880e+000 -5.117317e+000
    endloop
  endfacet
  facet normal  0.000000e+000  8.314692e-001 -5.555708e-001
    outer loop
      vertex -1.800000e+001 -5.707107e+000 -4.792893e+000
      vertex -1.600000e+001 -5.923880e+000 -5.117317e+000
      vertex -1.800000e+001 -5.923880e+000 -5.117317e+000
    endloop
  endfacet
  facet normal  0.000000e+000  9.807853e-001 -1.950902e-001
    outer loop
      vertex -1.800000e+001 -5.923880e+000 -5.117317e+000
      vertex -1.600000e+001 -5.923880e+000 -5.117317e+000
      vertex -1.600000e+001 -6.000000e+000 -5.500000e+000
    endloop
  endfacet
  facet normal  0.000000e+000  9.807853e-001 -1.950902e-001
    outer loop
      vertex -1.800000e+001 -5.923880e+000 -5.117317e+000
      vertex -1.600000e+001 -6.000000e+000 -5.500000e+000
      vertex -1.800000e+001 -6.000000e+000 -5.500000e+000
    endloop
  endfacet
  facet normal  -0.000000e+000  1.950902e-001  9.807853e-001
    outer loop
      vertex -1.600000e+001 -5.000000e+000 -6.500000e+000
      vertex -1.800000e+001 -5.382683e+000 -6.423880e+000
      vertex -1.600000e+001 -5.382683e+000 -6.423880e+000
    endloop
  endfacet
  facet normal  0.000000e+000  5.555708e-001  8.314692e-001
    outer loop
      vertex -1.600000e+001 -5.382683e+000 -6.423880e+000
      vertex -1.800000e+001 -5.382683e+000 -6.423880e+000
      vertex -1.800000e+001 -5.707107e+000 -6.207107e+000
    endloop
  endfacet
  facet normal  -0.000000e+000  5.555708e-001  8.314692e-001
    outer loop
      vertex -1.600000e+001 -5.382683e+000 -6.423880e+000
      vertex -1.800000e+001 -5.707107e+000 -6.207107e+000
      vertex -1.600000e+001 -5.707107e+000 -6.207107e+000
    endloop
  endfacet
  facet normal  0.000000e+000  8.314692e-001  5.555708e-001
    outer loop
      vertex -1.600000e+001 -5.707107e+000 -6.207107e+000
      vertex -1.800000e+001 -5.707107e+000 -6.207107e+000
      vertex -1.800000e+001 -5.923880e+000 -5.882683e+000
    endloop
  endfacet
  facet normal  -0.000000e+000  8.314692e-001  5.555708e-001
    outer loop
      vertex -1.600000e+001 -5.707107e+000 -6.207107e+000
      vertex -1.800000e+001 -5.923880e+000 -5.882683e+000
      vertex -1.600000e+001 -5.923880e+000 -5.882683e+000
    endloop
  endfacet
  facet normal  0.000000e+000  9.807853e-001  1.950902e-001
    outer loop
      vertex -1.600000e+001 -5.923880e+000 -5.882683e+000
      vertex -1.800000e+001 -5.923880e+000 -5.882683e+000
      vertex -1.800000e+001 -6.000000e+000 -5.500000e+000
    endloop
  endfacet
  facet normal  -0.000000e+000  9.807853e-001  1.950902e-001
    outer loop
      vertex -1.600000e+001 -5.923880e+000 -5.882683e+000
      vertex -1.800000e+001 -6.000000e+000 -5.500000e+000
      vertex -1.600000e+001 -6.000000e+000 -5.500000e+000
    endloop
  endfacet
  facet normal  0.000000e+000  1.950902e-001  9.807853e-001
    outer loop
      vertex -1.800000e+001 -5.382683e+000 -6.423880e+000
      vertex -1.600000e+001 -5.000000e+000 -6.500000e+000
      vertex -1.800000e+001 -5.000000e+000 -6.500000e+000
    endloop
  endfacet
  facet normal  0.000000e+000 -1.950902e-001  9.807853e-001
    outer loop
      vertex -1.800000e+001 -5.000000e+000 -6.500000e+000
      vertex -1.600000e+001 -5.000000e+000 -6.500000e+000
      vertex -1.600000e+001 -4.617317e+000 -6.423880e+000
    endloop
  endfacet
  facet normal  0.000000e+000 -1.950902e-001  9.807853e-001
    outer loop
      vertex -1.800000e+001 -5.000000e+000 -6.500000e+000
      vertex -1.600000e+001 -4.617317e+000 -6.423880e+000
      vertex -1.800000e+001 -4.617317e+000 -6.423880e+000
    endloop
  endfacet
  facet normal  0.000000e+000 -5.555708e-001  8.314692e-001
    outer loop
      vertex -1.800000e+001 -4.617317e+000 -6.423880e+000
      vertex -1.600000e+001 -4.617317e+000 -6.423880e+000
      vertex -1.600000e+001 -4.292893e+000 -6.207107e+000
    endloop
  endfacet
  facet normal  0.000000e+000 -5.555708e-001  8.314692e-001
    outer loop
      vertex -1.800000e+001 -4.617317e+000 -6.423880e+000
      vertex -1.600000e+001 -4.292893e+000 -6.207107e+000
      vertex -1.800000e+001 -4.292893e+000 -6.207107e+000
    endloop
  endfacet
  facet normal  0.000000e+000 -8.314692e-001  5.555708e-001
    outer loop
      vertex -1.800000e+001 -4.292893e+000 -6.207107e+000
      vertex -1.600000e+001 -4.292893e+000 -6.207107e+000
      vertex -1.600000e+001 -4.076120e+000 -5.882683e+000
    endloop
  endfacet
  facet normal  0.000000e+000 -8.314692e-001  5.555708e-001
    outer loop
      vertex -1.800000e+001 -4.292893e+000 -6.207107e+000
      vertex -1.600000e+001 -4.076120e+000 -5.882683e+000
      vertex -1.800000e+001 -4.076120e+000 -5.882683e+000
    endloop
  endfacet
  facet normal  0.000000e+000 -9.807853e-001  1.950902e-001
    outer loop
      vertex -1.800000e+001 -4.076120e+000 -5.882683e+000
      vertex -1.600000e+001 -4.076120e+000 -5.882683e+000
      vertex -1.600000e+001 -4.000000e+000 -5.500000e+000
    endloop
  endfacet
  facet normal  0.000000e+000 -9.807853e-001  1.950902e-001
    outer loop
      vertex -1.800000e+001 -4.076120e+000 -5.882683e+000
      vertex -1.600000e+001 -4.000000e+000 -5.500000e+000
      vertex -1.800000e+001 -4.000000e+000 -5.500000e+000
    endloop
  endfacet
  facet normal  0.000000e+000 -1.950904e-001 -9.807853e-001
    outer loop
      vertex -1.600000e+001 -3.000000e+001 -4.500000e+000
      vertex -1.800000e+001 -2.961732e+001 -4.576120e+000
      vertex -1.600000e+001 -2.961732e+001 -4.576120e+000
    endloop
  endfacet
  facet normal  -0.000000e+000 -5.555691e-001 -8.314704e-001
    outer loop
      vertex -1.600000e+001 -2.961732e+001 -4.576120e+000
      vertex -1.800000e+001 -2.961732e+001 -4.576120e+000
      vertex -1.800000e+001 -2.929289e+001 -4.792893e+000
    endloop
  endfacet
  facet normal  0.000000e+000 -5.555691e-001 -8.314704e-001
    outer loop
      vertex -1.600000e+001 -2.961732e+001 -4.576120e+000
      vertex -1.800000e+001 -2.929289e+001 -4.792893e+000
      vertex -1.600000e+001 -2.929289e+001 -4.792893e+000
    endloop
  endfacet
  facet normal  -0.000000e+000 -8.314704e-001 -5.555691e-001
    outer loop
      vertex -1.600000e+001 -2.929289e+001 -4.792893e+000
      vertex -1.800000e+001 -2.929289e+001 -4.792893e+000
      vertex -1.800000e+001 -2.907612e+001 -5.117317e+000
    endloop
  endfacet
  facet normal  0.000000e+000 -8.314704e-001 -5.555691e-001
    outer loop
      vertex -1.600000e+001 -2.929289e+001 -4.792893e+000
      vertex -1.800000e+001 -2.907612e+001 -5.117317e+000
      vertex -1.600000e+001 -2.907612e+001 -5.117317e+000
    endloop
  endfacet
  facet normal  -0.000000e+000 -9.807853e-001 -1.950902e-001
    outer loop
      vertex -1.600000e+001 -2.907612e+001 -5.117317e+000
      vertex -1.800000e+001 -2.907612e+001 -5.117317e+000
      vertex -1.800000e+001 -2.900000e+001 -5.500000e+000
    endloop
  endfacet
  facet normal  0.000000e+000 -9.807853e-001 -1.950902e-001
    outer loop
      vertex -1.600000e+001 -2.907612e+001 -5.117317e+000
      vertex -1.800000e+001 -2.900000e+001 -5.500000e+000
      vertex -1.600000e+001 -2.900000e+001 -5.500000e+000
    endloop
  endfacet
  facet normal  -0.000000e+000 -1.950904e-001 -9.807853e-001
    outer loop
      vertex -1.800000e+001 -2.961732e+001 -4.576120e+000
      vertex -1.600000e+001 -3.000000e+001 -4.500000e+000
      vertex -1.800000e+001 -3.000000e+001 -4.500000e+000
    endloop
  endfacet
  facet normal  0.000000e+000  1.950904e-001 -9.807853e-001
    outer loop
      vertex -1.800000e+001 -3.000000e+001 -4.500000e+000
      vertex -1.600000e+001 -3.000000e+001 -4.500000e+000
      vertex -1.600000e+001 -3.038268e+001 -4.576120e+000
    endloop
  endfacet
  facet normal  0.000000e+000  1.950904e-001 -9.807853e-001
    outer loop
      vertex -1.800000e+001 -3.000000e+001 -4.500000e+000
      vertex -1.600000e+001 -3.038268e+001 -4.576120e+000
      vertex -1.800000e+001 -3.038268e+001 -4.576120e+000
    endloop
  endfacet
  facet normal  0.000000e+000  5.555691e-001 -8.314704e-001
    outer loop
      vertex -1.800000e+001 -3.038268e+001 -4.576120e+000
      vertex -1.600000e+001 -3.038268e+001 -4.576120e+000
      vertex -1.600000e+001 -3.070711e+001 -4.792893e+000
    endloop
  endfacet
  facet normal  0.000000e+000  5.555691e-001 -8.314704e-001
    outer loop
      vertex -1.800000e+001 -3.038268e+001 -4.576120e+000
      vertex -1.600000e+001 -3.070711e+001 -4.792893e+000
      vertex -1.800000e+001 -3.070711e+001 -4.792893e+000
    endloop
  endfacet
  facet normal  0.000000e+000  8.314704e-001 -5.555691e-001
    outer loop
      vertex -1.800000e+001 -3.070711e+001 -4.792893e+000
      vertex -1.600000e+001 -3.070711e+001 -4.792893e+000
      vertex -1.600000e+001 -3.092388e+001 -5.117317e+000
    endloop
  endfacet
  facet normal  0.000000e+000  8.314704e-001 -5.555691e-001
    outer loop
      vertex -1.800000e+001 -3.070711e+001 -4.792893e+000
      vertex -1.600000e+001 -3.092388e+001 -5.117317e+000
      vertex -1.800000e+001 -3.092388e+001 -5.117317e+000
    endloop
  endfacet
  facet normal  0.000000e+000  9.807853e-001 -1.950902e-001
    outer loop
      vertex -1.800000e+001 -3.092388e+001 -5.117317e+000
      vertex -1.600000e+001 -3.092388e+001 -5.117317e+000
      vertex -1.600000e+001 -3.100000e+001 -5.500000e+000
    endloop
  endfacet
  facet normal  0.000000e+000  9.807853e-001 -1.950902e-001
    outer loop
      vertex -1.800000e+001 -3.092388e+001 -5.117317e+000
      vertex -1.600000e+001 -3.100000e+001 -5.500000e+000
      vertex -1.800000e+001 -3.100000e+001 -5.500000e+000
    endloop
  endfacet
  facet normal  -0.000000e+000  1.950904e-001  9.807853e-001
    outer loop
      vertex -1.600000e+001 -3.000000e+001 -6.500000e+000
      vertex -1.800000e+001 -3.038268e+001 -6.423880e+000
      vertex -1.600000e+001 -3.038268e+001 -6.423880e+000
    endloop
  endfacet
  facet normal  0.000000e+000  5.555691e-001  8.314704e-001
    outer loop
      vertex -1.600000e+001 -3.038268e+001 -6.423880e+000
      vertex -1.800000e+001 -3.038268e+001 -6.423880e+000
      vertex -1.800000e+001 -3.070711e+001 -6.207107e+000
    endloop
  endfacet
  facet normal  -0.000000e+000  5.555691e-001  8.314704e-001
    outer loop
      vertex -1.600000e+001 -3.038268e+001 -6.423880e+000
      vertex -1.800000e+001 -3.070711e+001 -6.207107e+000
      vertex -1.600000e+001 -3.070711e+001 -6.207107e+000
    endloop
  endfacet
  facet normal  0.000000e+000  8.314704e-001  5.555691e-001
    outer loop
      vertex -1.600000e+001 -3.070711e+001 -6.207107e+000
      vertex -1.800000e+001 -3.070711e+001 -6.207107e+000
      vertex -1.800000e+001 -3.092388e+001 -5.882683e+000
    endloop
  endfacet
  facet normal  -0.000000e+000  8.314704e-001  5.555691e-001
    outer loop
      vertex -1.600000e+001 -3.070711e+001 -6.207107e+000
      vertex -1.800000e+001 -3.092388e+001 -5.882683e+000
      vertex -1.600000e+001 -3.092388e+001 -5.882683e+000
    endloop
  endfacet
  facet normal  0.000000e+000  9.807853e-001  1.950902e-001
    outer loop
      vertex -1.600000e+001 -3.092388e+001 -5.882683e+000
      vertex -1.800000e+001 -3.092388e+001 -5.882683e+000
      vertex -1.800000e+001 -3.100000e+001 -5.500000e+000
    endloop
  endfacet
  facet normal  -0.000000e+000  9.807853e-001  1.950902e-001
    outer loop
      vertex -1.600000e+001 -3.092388e+001 -5.882683e+000
      vertex -1.800000e+001 -3.100000e+001 -5.500000e+000
      vertex -1.600000e+001 -3.100000e+001 -5.500000e+000
    endloop
  endfacet
  facet normal  0.000000e+000  1.950904e-001  9.807853e-001
    outer loop
      vertex -1.800000e+001 -3.038268e+001 -6.423880e+000
      vertex -1.600000e+001 -3.000000e+001 -6.500000e+000
      vertex -1.800000e+001 -3.000000e+001 -6.500000e+000
    endloop
  endfacet
  facet normal  0.000000e+000 -1.950904e-001  9.807853e-001
    outer loop
      vertex -1.800000e+001 -3.000000e+001 -6.500000e+000
      vertex -1.600000e+001 -3.000000e+001 -6.500000e+000
      vertex -1.600000e+001 -2.961732e+001 -6.423880e+000
    endloop
  endfacet
  facet normal  0.000000e+000 -1.950904e-001  9.807853e-001
    outer loop
      vertex -1.800000e+001 -3.000000e+001 -6.500000e+000
      vertex -1.600000e+001 -2.961732e+001 -6.423880e+000
      vertex -1.800000e+001 -2.961732e+001 -6.423880e+000
    endloop
  endfacet
  facet normal  0.000000e+000 -5.555691e-001  8.314704e-001
    outer loop
      vertex -1.800000e+001 -2.961732e+001 -6.423880e+000
      vertex -1.600000e+001 -2.961732e+001 -6.423880e+000
      vertex -1.600000e+001 -2.929289e+001 -6.207107e+000
    endloop
  endfacet
  facet normal  0.000000e+000 -5.555691e-001  8.314704e-001
    outer loop
      vertex -1.800000e+001 -2.961732e+001 -6.423880e+000
      vertex -1.600000e+001 -2.929289e+001 -6.207107e+000
      vertex -1.800000e+001 -2.929289e+001 -6.207107e+000
    endloop
  endfacet
  facet normal  0.000000e+000 -8.314704e-001  5.555691e-001
    outer loop
      vertex -1.800000e+001 -2.929289e+001 -6.207107e+000
      vertex -1.600000e+001 -2.929289e+001 -6.207107e+000
      vertex -1.600000e+001 -2.907612e+001 -5.882683e+000
    endloop
  endfacet
  facet normal  0.000000e+000 -8.314704e-001  5.555691e-001
    outer loop
      vertex -1.800000e+001 -2.929289e+001 -6.207107e+000
      vertex -1.600000e+001 -2.907612e+001 -5.882683e+000
      vertex -1.800000e+001 -2.907612e+001 -5.882683e+000
    endloop
  endfacet
  facet normal  0.000000e+000 -9.807853e-001  1.950902e-001
    outer loop
      vertex -1.800000e+001 -2.907612e+001 -5.882683e+000
      vertex -1.600000e+001 -2.907612e+001 -5.882683e+000
      vertex -1.600000e+001 -2.900000e+001 -5.500000e+000
    endloop
  endfacet
  facet normal  0.000000e+000 -9.807853e-001  1.950902e-001
    outer loop
      vertex -1.800000e+001 -2.907612e+001 -5.882683e+000
      vertex -1.600000e+001 -2.900000e+001 -5.500000e+000
      vertex -1.800000e+001 -2.900000e+001 -5.500000e+000
    endloop
  endfacet
  facet normal  0.000000e+000  1.950899e-001 -9.807853e-001
    outer loop
      vertex  1.600000e+001  1.500000e+001 -4.500000e+000
      vertex  1.800000e+001  1.461732e+001 -4.576120e+000
      vertex  1.600000e+001  1.461732e+001 -4.576120e+000
    endloop
  endfacet
  facet normal  0.000000e+000  5.555713e-001 -8.314689e-001
    outer loop
      vertex  1.600000e+001  1.461732e+001 -4.576120e+000
      vertex  1.800000e+001  1.461732e+001 -4.576120e+000
      vertex  1.800000e+001  1.429289e+001 -4.792893e+000
    endloop
  endfacet
  facet normal  0.000000e+000  5.555713e-001 -8.314689e-001
    outer loop
      vertex  1.600000e+001  1.461732e+001 -4.576120e+000
      vertex  1.800000e+001  1.429289e+001 -4.792893e+000
      vertex  1.600000e+001  1.429289e+001 -4.792893e+000
    endloop
  endfacet
  facet normal  0.000000e+000  8.314692e-001 -5.555708e-001
    outer loop
      vertex  1.600000e+001  1.429289e+001 -4.792893e+000
      vertex  1.800000e+001  1.429289e+001 -4.792893e+000
      vertex  1.800000e+001  1.407612e+001 -5.117317e+000
    endloop
  endfacet
  facet normal  0.000000e+000  8.314692e-001 -5.555708e-001
    outer loop
      vertex  1.600000e+001  1.429289e+001 -4.792893e+000
      vertex  1.800000e+001  1.407612e+001 -5.117317e+000
      vertex  1.600000e+001  1.407612e+001 -5.117317e+000
    endloop
  endfacet
  facet normal  0.000000e+000  9.807853e-001 -1.950902e-001
    outer loop
      vertex  1.600000e+001  1.407612e+001 -5.117317e+000
      vertex  1.800000e+001  1.407612e+001 -5.117317e+000
      vertex  1.800000e+001  1.400000e+001 -5.500000e+000
    endloop
  endfacet
  facet normal  0.000000e+000  9.807853e-001 -1.950902e-001
    outer loop
      vertex  1.600000e+001  1.407612e+001 -5.117317e+000
      vertex  1.800000e+001  1.400000e+001 -5.500000e+000
      vertex  1.600000e+001  1.400000e+001 -5.500000e+000
    endloop
  endfacet
  facet normal  0.000000e+000  1.950899e-001 -9.807853e-001
    outer loop
      vertex  1.800000e+001  1.461732e+001 -4.576120e+000
      vertex  1.600000e+001  1.500000e+001 -4.500000e+000
      vertex  1.800000e+001  1.500000e+001 -4.500000e+000
    endloop
  endfacet
  facet normal  -0.000000e+000 -1.950899e-001 -9.807853e-001
    outer loop
      vertex  1.800000e+001  1.500000e+001 -4.500000e+000
      vertex  1.600000e+001  1.500000e+001 -4.500000e+000
      vertex  1.600000e+001  1.538268e+001 -4.576120e+000
    endloop
  endfacet
  facet normal  0.000000e+000 -1.950899e-001 -9.807853e-001
    outer loop
      vertex  1.800000e+001  1.500000e+001 -4.500000e+000
      vertex  1.600000e+001  1.538268e+001 -4.576120e+000
      vertex  1.800000e+001  1.538268e+001 -4.576120e+000
    endloop
  endfacet
  facet normal  -0.000000e+000 -5.555713e-001 -8.314689e-001
    outer loop
      vertex  1.800000e+001  1.538268e+001 -4.576120e+000
      vertex  1.600000e+001  1.538268e+001 -4.576120e+000
      vertex  1.600000e+001  1.570711e+001 -4.792893e+000
    endloop
  endfacet
  facet normal  0.000000e+000 -5.555713e-001 -8.314689e-001
    outer loop
      vertex  1.800000e+001  1.538268e+001 -4.576120e+000
      vertex  1.600000e+001  1.570711e+001 -4.792893e+000
      vertex  1.800000e+001  1.570711e+001 -4.792893e+000
    endloop
  endfacet
  facet normal  -0.000000e+000 -8.314692e-001 -5.555708e-001
    outer loop
      vertex  1.800000e+001  1.570711e+001 -4.792893e+000
      vertex  1.600000e+001  1.570711e+001 -4.792893e+000
      vertex  1.600000e+001  1.592388e+001 -5.117317e+000
    endloop
  endfacet
  facet normal  0.000000e+000 -8.314692e-001 -5.555708e-001
    outer loop
      vertex  1.800000e+001  1.570711e+001 -4.792893e+000
      vertex  1.600000e+001  1.592388e+001 -5.117317e+000
      vertex  1.800000e+001  1.592388e+001 -5.117317e+000
    endloop
  endfacet
  facet normal  -0.000000e+000 -9.807853e-001 -1.950902e-001
    outer loop
      vertex  1.800000e+001  1.592388e+001 -5.117317e+000
      vertex  1.600000e+001  1.592388e+001 -5.117317e+000
      vertex  1.600000e+001  1.600000e+001 -5.500000e+000
    endloop
  endfacet
  facet normal  0.000000e+000 -9.807853e-001 -1.950902e-001
    outer loop
      vertex  1.800000e+001  1.592388e+001 -5.117317e+000
      vertex  1.600000e+001  1.600000e+001 -5.500000e+000
      vertex  1.800000e+001  1.600000e+001 -5.500000e+000
    endloop
  endfacet
  facet normal  0.000000e+000 -1.950899e-001  9.807853e-001
    outer loop
      vertex  1.600000e+001  1.500000e+001 -6.500000e+000
      vertex  1.800000e+001  1.538268e+001 -6.423880e+000
      vertex  1.600000e+001  1.538268e+001 -6.423880e+000
    endloop
  endfacet
  facet normal  0.000000e+000 -5.555713e-001  8.314689e-001
    outer loop
      vertex  1.600000e+001  1.538268e+001 -6.423880e+000
      vertex  1.800000e+001  1.538268e+001 -6.423880e+000
      vertex  1.800000e+001  1.570711e+001 -6.207107e+000
    endloop
  endfacet
  facet normal  0.000000e+000 -5.555713e-001  8.314689e-001
    outer loop
      vertex  1.600000e+001  1.538268e+001 -6.423880e+000
      vertex  1.800000e+001  1.570711e+001 -6.207107e+000
      vertex  1.600000e+001  1.570711e+001 -6.207107e+000
    endloop
  endfacet
  facet normal  0.000000e+000 -8.314692e-001  5.555708e-001
    outer loop
      vertex  1.600000e+001  1.570711e+001 -6.207107e+000
      vertex  1.800000e+001  1.570711e+001 -6.207107e+000
      vertex  1.800000e+001  1.592388e+001 -5.882683e+000
    endloop
  endfacet
  facet normal  0.000000e+000 -8.314692e-001  5.555708e-001
    outer loop
      vertex  1.600000e+001  1.570711e+001 -6.207107e+000
      vertex  1.800000e+001  1.592388e+001 -5.882683e+000
      vertex  1.600000e+001  1.592388e+001 -5.882683e+000
    endloop
  endfacet
  facet normal  0.000000e+000 -9.807853e-001  1.950902e-001
    outer loop
      vertex  1.600000e+001  1.592388e+001 -5.882683e+000
      vertex  1.800000e+001  1.592388e+001 -5.882683e+000
      vertex  1.800000e+001  1.600000e+001 -5.500000e+000
    endloop
  endfacet
  facet normal  0.000000e+000 -9.807853e-001  1.950902e-001
    outer loop
      vertex  1.600000e+001  1.592388e+001 -5.882683e+000
      vertex  1.800000e+001  1.600000e+001 -5.500000e+000
      vertex  1.600000e+001  1.600000e+001 -5.500000e+000
    endloop
  endfacet
  facet normal  0.000000e+000 -1.950899e-001  9.807853e-001
    outer loop
      vertex  1.800000e+001  1.538268e+001 -6.423880e+000
      vertex  1.600000e+001  1.500000e+001 -6.500000e+000
      vertex  1.800000e+001  1.500000e+001 -6.500000e+000
    endloop
  endfacet
  facet normal  0.000000e+000  1.950899e-001  9.807853e-001
    outer loop
      vertex  1.800000e+001  1.500000e+001 -6.500000e+000
      vertex  1.600000e+001  1.500000e+001 -6.500000e+000
      vertex  1.600000e+001  1.461732e+001 -6.423880e+000
    endloop
  endfacet
  facet normal  -0.000000e+000  1.950899e-001  9.807853e-001
    outer loop
      vertex  1.800000e+001  1.500000e+001 -6.500000e+000
      vertex  1.600000e+001  1.461732e+001 -6.423880e+000
      vertex  1.800000e+001  1.461732e+001 -6.423880e+000
    endloop
  endfacet
  facet normal  0.000000e+000  5.555713e-001  8.314689e-001
    outer loop
      vertex  1.800000e+001  1.461732e+001 -6.423880e+000
      vertex  1.600000e+001  1.461732e+001 -6.423880e+000
      vertex  1.600000e+001  1.429289e+001 -6.207107e+000
    endloop
  endfacet
  facet normal  -0.000000e+000  5.555713e-001  8.314689e-001
    outer loop
      vertex  1.800000e+001  1.461732e+001 -6.423880e+000
      vertex  1.600000e+001  1.429289e+001 -6.207107e+000
      vertex  1.800000e+001  1.429289e+001 -6.207107e+000
    endloop
  endfacet
  facet normal  0.000000e+000  8.314692e-001  5.555708e-001
    outer loop
      vertex  1.800000e+001  1.429289e+001 -6.207107e+000
      vertex  1.600000e+001  1.429289e+001 -6.207107e+000
      vertex  1.600000e+001  1.407612e+001 -5.882683e+000
    endloop
  endfacet
  facet normal  -0.000000e+000  8.314692e-001  5.555708e-001
    outer loop
      vertex  1.800000e+001  1.429289e+001 -6.207107e+000
      vertex  1.600000e+001  1.407612e+001 -5.882683e+000
      vertex  1.800000e+001  1.407612e+001 -5.882683e+000
    endloop
  endfacet
  facet normal  0.000000e+000  9.807853e-001  1.950902e-001
    outer loop
      vertex  1.800000e+001  1.407612e+001 -5.882683e+000
      vertex  1.600000e+001  1.407612e+001 -5.882683e+000
      vertex  1.600000e+001  1.400000e+001 -5.500000e+000
    endloop
  endfacet
  facet normal  -0.000000e+000  9.807853e-001  1.950902e-001
    outer loop
      vertex  1.800000e+001  1.407612e+001 -5.882683e+000
      vertex  1.600000e+001  1.400000e+001 -5.500000e+000
      vertex  1.800000e+001  1.400000e+001 -5.500000e+000
    endloop
  endfacet
  facet normal  0.000000e+000  1.950902e-001 -9.807853e-001
    outer loop
      vertex  1.600000e+001 -5.000000e+000 -4.500000e+000
      vertex  1.800000e+001 -5.382683e+000 -4.576120e+000
      vertex  1.600000e+001 -5.382683e+000 -4.576120e+000
    endloop
  endfacet
  facet normal  0.000000e+000  5.555708e-001 -8.314692e-001
    outer loop
      vertex  1.600000e+001 -5.382683e+000 -4.576120e+000
      vertex  1.800000e+001 -5.382683e+000 -4.576120e+000
      vertex  1.800000e+001 -5.707107e+000 -4.792893e+000
    endloop
  endfacet
  facet normal  0.000000e+000  5.555708e-001 -8.314692e-001
    outer loop
      vertex  1.600000e+001 -5.382683e+000 -4.576120e+000
      vertex  1.800000e+001 -5.707107e+000 -4.792893e+000
      vertex  1.600000e+001 -5.707107e+000 -4.792893e+000
    endloop
  endfacet
  facet normal  0.000000e+000  8.314692e-001 -5.555708e-001
    outer loop
      vertex  1.600000e+001 -5.707107e+000 -4.792893e+000
      vertex  1.800000e+001 -5.707107e+000 -4.792893e+000
      vertex  1.800000e+001 -5.923880e+000 -5.117317e+000
    endloop
  endfacet
  facet normal  0.000000e+000  8.314692e-001 -5.555708e-001
    outer loop
      vertex  1.600000e+001 -5.707107e+000 -4.792893e+000
      vertex  1.800000e+001 -5.923880e+000 -5.117317e+000
      vertex  1.600000e+001 -5.923880e+000 -5.117317e+000
    endloop
  endfacet
  facet normal  0.000000e+000  9.807853e-001 -1.950902e-001
    outer loop
      vertex  1.600000e+001 -5.923880e+000 -5.117317e+000
      vertex  1.800000e+001 -5.923880e+000 -5.117317e+000
      vertex  1.800000e+001 -6.000000e+000 -5.500000e+000
    endloop
  endfacet
  facet normal  0.000000e+000  9.807853e-001 -1.950902e-001
    outer loop
      vertex  1.600000e+001 -5.923880e+000 -5.117317e+000
      vertex  1.800000e+001 -6.000000e+000 -5.500000e+000
      vertex  1.600000e+001 -6.000000e+000 -5.500000e+000
    endloop
  endfacet
  facet normal  0.000000e+000  1.950902e-001 -9.807853e-001
    outer loop
      vertex  1.800000e+001 -5.382683e+000 -4.576120e+000
      vertex  1.600000e+001 -5.000000e+000 -4.500000e+000
      vertex  1.800000e+001 -5.000000e+000 -4.500000e+000
    endloop
  endfacet
  facet normal  -0.000000e+000 -1.950902e-001 -9.807853e-001
    outer loop
      vertex  1.800000e+001 -5.000000e+000 -4.500000e+000
      vertex  1.600000e+001 -5.000000e+000 -4.500000e+000
      vertex  1.600000e+001 -4.617317e+000 -4.576120e+000
    endloop
  endfacet
  facet normal  0.000000e+000 -1.950902e-001 -9.807853e-001
    outer loop
      vertex  1.800000e+001 -5.000000e+000 -4.500000e+000
      vertex  1.600000e+001 -4.617317e+000 -4.576120e+000
      vertex  1.800000e+001 -4.617317e+000 -4.576120e+000
    endloop
  endfacet
  facet normal  -0.000000e+000 -5.555708e-001 -8.314692e-001
    outer loop
      vertex  1.800000e+001 -4.617317e+000 -4.576120e+000
      vertex  1.600000e+001 -4.617317e+000 -4.576120e+000
      vertex  1.600000e+001 -4.292893e+000 -4.792893e+000
    endloop
  endfacet
  facet normal  0.000000e+000 -5.555708e-001 -8.314692e-001
    outer loop
      vertex  1.800000e+001 -4.617317e+000 -4.576120e+000
      vertex  1.600000e+001 -4.292893e+000 -4.792893e+000
      vertex  1.800000e+001 -4.292893e+000 -4.792893e+000
    endloop
  endfacet
  facet normal  -0.000000e+000 -8.314692e-001 -5.555708e-001
    outer loop
      vertex  1.800000e+001 -4.292893e+000 -4.792893e+000
      vertex  1.600000e+001 -4.292893e+000 -4.792893e+000
      vertex  1.600000e+001 -4.076120e+000 -5.117317e+000
    endloop
  endfacet
  facet normal  0.000000e+000 -8.314692e-001 -5.555708e-001
    outer loop
      vertex  1.800000e+001 -4.292893e+000 -4.792893e+000
      vertex  1.600000e+001 -4.076120e+000 -5.117317e+000
      vertex  1.800000e+001 -4.076120e+000 -5.117317e+000
    endloop
  endfacet
  facet normal  -0.000000e+000 -9.807853e-001 -1.950902e-001
    outer loop
      vertex  1.800000e+001 -4.076120e+000 -5.117317e+000
      vertex  1.600000e+001 -4.076120e+000 -5.117317e+000
      vertex  1.600000e+001 -4.000000e+000 -5.500000e+000
    endloop
  endfacet
  facet normal  0.000000e+000 -9.807853e-001 -1.950902e-001
    outer loop
      vertex  1.800000e+001 -4.076120e+000 -5.117317e+000
      vertex  1.600000e+001 -4.000000e+000 -5.500000e+000
      vertex  1.800000e+001 -4.000000e+000 -5.500000e+000
    endloop
  endfacet
  facet normal  0.000000e+000 -1.950902e-001  9.807853e-001
    outer loop
      vertex  1.600000e+001 -5.000000e+000 -6.500000e+000
      vertex  1.800000e+001 -4.617317e+000 -6.423880e+000
      vertex  1.600000e+001 -4.617317e+000 -6.423880e+000
    endloop
  endfacet
  facet normal  0.000000e+000 -5.555708e-001  8.314692e-001
    outer loop
      vertex  1.600000e+001 -4.617317e+000 -6.423880e+000
      vertex  1.800000e+001 -4.617317e+000 -6.423880e+000
      vertex  1.800000e+001 -4.292893e+000 -6.207107e+000
    endloop
  endfacet
  facet normal  0.000000e+000 -5.555708e-001  8.314692e-001
    outer loop
      vertex  1.600000e+001 -4.617317e+000 -6.423880e+000
      vertex  1.800000e+001 -4.292893e+000 -6.207107e+000
      vertex  1.600000e+001 -4.292893e+000 -6.207107e+000
    endloop
  endfacet
  facet normal  0.000000e+000 -8.314692e-001  5.555708e-001
    outer loop
      vertex  1.600000e+001 -4.292893e+000 -6.207107e+000
      vertex  1.800000e+001 -4.292893e+000 -6.207107e+000
      vertex  1.800000e+001 -4.076120e+000 -5.882683e+000
    endloop
  endfacet
  facet normal  0.000000e+000 -8.314692e-001  5.555708e-001
    outer loop
      vertex  1.600000e+001 -4.292893e+000 -6.207107e+000
      vertex  1.800000e+001 -4.076120e+000 -5.882683e+000
      vertex  1.600000e+001 -4.076120e+000 -5.882683e+000
    endloop
  endfacet
  facet normal  0.000000e+000 -9.807853e-001  1.950902e-001
    outer loop
      vertex  1.600000e+001 -4.076120e+000 -5.882683e+000
      vertex  1.800000e+001 -4.076120e+000 -5.882683e+000
      vertex  1.800000e+001 -4.000000e+000 -5.500000e+000
    endloop
  endfacet
  facet normal  0.000000e+000 -9.807853e-001  1.950902e-001
    outer loop
      vertex  1.600000e+001 -4.076120e+000 -5.882683e+000
      vertex  1.800000e+001 -4.000000e+000 -5.500000e+000
      vertex  1.600000e+001 -4.000000e+000 -5.500000e+000
    endloop
  endfacet
  facet normal  0.000000e+000 -1.950902e-001  9.807853e-001
    outer loop
      vertex  1.800000e+001 -4.617317e+000 -6.423880e+000
      vertex  1.600000e+001 -5.000000e+000 -6.500000e+000
      vertex  1.800000e+001 -5.000000e+000 -6.500000e+000
    endloop
  endfacet
  facet normal  0.000000e+000  1.950902e-001  9.807853e-001
    outer loop
      vertex  1.800000e+001 -5.000000e+000 -6.500000e+000
      vertex  1.600000e+001 -5.000000e+000 -6.500000e+000
      vertex  1.600000e+001 -5.382683e+000 -6.423880e+000
    endloop
  endfacet
  facet normal  -0.000000e+000  1.950902e-001  9.807853e-001
    outer loop
      vertex  1.800000e+001 -5.000000e+000 -6.500000e+000
      vertex  1.600000e+001 -5.382683e+000 -6.423880e+000
      vertex  1.800000e+001 -5.382683e+000 -6.423880e+000
    endloop
  endfacet
  facet normal  0.000000e+000  5.555708e-001  8.314692e-001
    outer loop
      vertex  1.800000e+001 -5.382683e+000 -6.423880e+000
      vertex  1.600000e+001 -5.382683e+000 -6.423880e+000
      vertex  1.600000e+001 -5.707107e+000 -6.207107e+000
    endloop
  endfacet
  facet normal  -0.000000e+000  5.555708e-001  8.314692e-001
    outer loop
      vertex  1.800000e+001 -5.382683e+000 -6.423880e+000
      vertex  1.600000e+001 -5.707107e+000 -6.207107e+000
      vertex  1.800000e+001 -5.707107e+000 -6.207107e+000
    endloop
  endfacet
  facet normal  0.000000e+000  8.314692e-001  5.555708e-001
    outer loop
      vertex  1.800000e+001 -5.707107e+000 -6.207107e+000
      vertex  1.600000e+001 -5.707107e+000 -6.207107e+000
      vertex  1.600000e+001 -5.923880e+000 -5.882683e+000
    endloop
  endfacet
  facet normal  -0.000000e+000  8.314692e-001  5.555708e-001
    outer loop
      vertex  1.800000e+001 -5.707107e+000 -6.207107e+000
      vertex  1.600000e+001 -5.923880e+000 -5.882683e+000
      vertex  1.800000e+001 -5.923880e+000 -5.882683e+000
    endloop
  endfacet
  facet normal  0.000000e+000  9.807853e-001  1.950902e-001
    outer loop
      vertex  1.800000e+001 -5.923880e+000 -5.882683e+000
      vertex  1.600000e+001 -5.923880e+000 -5.882683e+000
      vertex  1.600000e+001 -6.000000e+000 -5.500000e+000
    endloop
  endfacet
  facet normal  -0.000000e+000  9.807853e-001  1.950902e-001
    outer loop
      vertex  1.800000e+001 -5.923880e+000 -5.882683e+000
      vertex  1.600000e+001 -6.000000e+000 -5.500000e+000
      vertex  1.800000e+001 -6.000000e+000 -5.500000e+000
    endloop
  endfacet
  facet normal  0.000000e+000  1.950904e-001 -9.807853e-001
    outer loop
      vertex  1.600000e+001 -3.000000e+001 -4.500000e+000
      vertex  1.800000e+001 -3.038268e+001 -4.576120e+000
      vertex  1.600000e+001 -3.038268e+001 -4.576120e+000
    endloop
  endfacet
  facet normal  0.000000e+000  5.555691e-001 -8.314704e-001
    outer loop
      vertex  1.600000e+001 -3.038268e+001 -4.576120e+000
      vertex  1.800000e+001 -3.038268e+001 -4.576120e+000
      vertex  1.800000e+001 -3.070711e+001 -4.792893e+000
    endloop
  endfacet
  facet normal  0.000000e+000  5.555691e-001 -8.314704e-001
    outer loop
      vertex  1.600000e+001 -3.038268e+001 -4.576120e+000
      vertex  1.800000e+001 -3.070711e+001 -4.792893e+000
      vertex  1.600000e+001 -3.070711e+001 -4.792893e+000
    endloop
  endfacet
  facet normal  0.000000e+000  8.314704e-001 -5.555691e-001
    outer loop
      vertex  1.600000e+001 -3.070711e+001 -4.792893e+000
      vertex  1.800000e+001 -3.070711e+001 -4.792893e+000
      vertex  1.800000e+001 -3.092388e+001 -5.117317e+000
    endloop
  endfacet
  facet normal  0.000000e+000  8.314704e-001 -5.555691e-001
    outer loop
      vertex  1.600000e+001 -3.070711e+001 -4.792893e+000
      vertex  1.800000e+001 -3.092388e+001 -5.117317e+000
      vertex  1.600000e+001 -3.092388e+001 -5.117317e+000
    endloop
  endfacet
  facet normal  0.000000e+000  9.807853e-001 -1.950902e-001
    outer loop
      vertex  1.600000e+001 -3.092388e+001 -5.117317e+000
      vertex  1.800000e+001 -3.092388e+001 -5.117317e+000
      vertex  1.800000e+001 -3.100000e+001 -5.500000e+000
    endloop
  endfacet
  facet normal  0.000000e+000  9.807853e-001 -1.950902e-001
    outer loop
      vertex  1.600000e+001 -3.092388e+001 -5.117317e+000
      vertex  1.800000e+001 -3.100000e+001 -5.500000e+000
      vertex  1.600000e+001 -3.100000e+001 -5.500000e+000
    endloop
  endfacet
  facet normal  0.000000e+000  1.950904e-001 -9.807853e-001
    outer loop
      vertex  1.800000e+001 -3.038268e+001 -4.576120e+000
      vertex  1.600000e+001 -3.000000e+001 -4.500000e+000
      vertex  1.800000e+001 -3.000000e+001 -4.500000e+000
    endloop
  endfacet
  facet normal  -0.000000e+000 -1.950904e-001 -9.807853e-001
    outer loop
      vertex  1.800000e+001 -3.000000e+001 -4.500000e+000
      vertex  1.600000e+001 -3.000000e+001 -4.500000e+000
      vertex  1.600000e+001 -2.961732e+001 -4.576120e+000
    endloop
  endfacet
  facet normal  0.000000e+000 -1.950904e-001 -9.807853e-001
    outer loop
      vertex  1.800000e+001 -3.000000e+001 -4.500000e+000
      vertex  1.600000e+001 -2.961732e+001 -4.576120e+000
      vertex  1.800000e+001 -2.961732e+001 -4.576120e+000
    endloop
  endfacet
  facet normal  -0.000000e+000 -5.555691e-001 -8.314704e-001
    outer loop
      vertex  1.800000e+001 -2.961732e+001 -4.576120e+000
      vertex  1.600000e+001 -2.961732e+001 -4.576120e+000
      vertex  1.600000e+001 -2.929289e+001 -4.792893e+000
    endloop
  endfacet
  facet normal  0.000000e+000 -5.555691e-001 -8.314704e-001
    outer loop
      vertex  1.800000e+001 -2.961732e+001 -4.576120e+000
      vertex  1.600000e+001 -2.929289e+001 -4.792893e+000
      vertex  1.800000e+001 -2.929289e+001 -4.792893e+000
    endloop
  endfacet
  facet normal  -0.000000e+000 -8.314704e-001 -5.555691e-001
    outer loop
      vertex  1.800000e+001 -2.929289e+001 -4.792893e+000
      vertex  1.600000e+001 -2.929289e+001 -4.792893e+000
      vertex  1.600000e+001 -2.907612e+001 -5.117317e+000
    endloop
  endfacet
  facet normal  0.000000e+000 -8.314704e-001 -5.555691e-001
    outer loop
      vertex  1.800000e+001 -2.929289e+001 -4.792893e+000
      vertex  1.600000e+001 -2.907612e+001 -5.117317e+000
      vertex  1.800000e+001 -2.907612e+001 -5.117317e+000
    endloop
  endfacet
  facet normal  -0.000000e+000 -9.807853e-001 -1.950902e-001
    outer loop
      vertex  1.800000e+001 -2.907612e+001 -5.117317e+000
      vertex  1.600000e+001 -2.907612e+001 -5.117317e+000
      vertex  1.600000e+001 -2.900000e+001 -5.500000e+000
    endloop
  endfacet
  facet normal  0.000000e+000 -9.807853e-001 -1.950902e-001
    outer loop
      vertex  1.800000e+001 -2.907612e+001 -5.117317e+000
      vertex  1.600000e+001 -2.900000e+001 -5.500000e+000
      vertex  1.800000e+001 -2.900000e+001 -5.500000e+000
    endloop
  endfacet
  facet normal  0.000000e+000 -1.950904e-001  9.807853e-001
    outer loop
      vertex  1.600000e+001 -3.000000e+001 -6.500000e+000
      vertex  1.800000e+001 -2.961732e+001 -6.423880e+000
      vertex  1.600000e+001 -2.961732e+001 -6.423880e+000
    endloop
  endfacet
  facet normal  0.000000e+000 -5.555691e-001  8.314704e-001
    outer loop
      vertex  1.600000e+001 -2.961732e+001 -6.423880e+000
      vertex  1.800000e+001 -2.961732e+001 -6.423880e+000
      vertex  1.800000e+001 -2.929289e+001 -6.207107e+000
    endloop
  endfacet
  facet normal  0.000000e+000 -5.555691e-001  8.314704e-001
    outer loop
      vertex  1.600000e+001 -2.961732e+001 -6.423880e+000
      vertex  1.800000e+001 -2.929289e+001 -6.207107e+000
      vertex  1.600000e+001 -2.929289e+001 -6.207107e+000
    endloop
  endfacet
  facet normal  0.000000e+000 -8.314704e-001  5.555691e-001
    outer loop
      vertex  1.600000e+001 -2.929289e+001 -6.207107e+000
      vertex  1.800000e+001 -2.929289e+001 -6.207107e+000
      vertex  1.800000e+001 -2.907612e+001 -5.882683e+000
    endloop
  endfacet
  facet normal  0.000000e+000 -8.314704e-001  5.555691e-001
    outer loop
      vertex  1.600000e+001 -2.929289e+001 -6.207107e+000
      vertex  1.800000e+001 -2.907612e+001 -5.882683e+000
      vertex  1.600000e+001 -2.907612e+001 -5.882683e+000
    endloop
  endfacet
  facet normal  0.000000e+000 -9.807853e-001  1.950902e-001
    outer loop
      vertex  1.600000e+001 -2.907612e+001 -5.882683e+000
      vertex  1.800000e+001 -2.907612e+001 -5.882683e+000
      vertex  1.800000e+001 -2.900000e+001 -5.500000e+000
    endloop
  endfacet
  facet normal  0.000000e+000 -9.807853e-001  1.950902e-001
    outer loop
      vertex  1.600000e+001 -2.907612e+001 -5.882683e+000
      vertex  1.800000e+001 -2.900000e+001 -5.500000e+000
      vertex  1.600000e+001 -2.900000e+001 -5.500000e+000
    endloop
  endfacet
  facet normal  0.000000e+000 -1.950904e-001  9.807853e-001
    outer loop
      vertex  1.800000e+001 -2.961732e+001 -6.423880e+000
      vertex  1.600000e+001 -3.000000e+001 -6.500000e+000
      vertex  1.800000e+001 -3.000000e+001 -6.500000e+000
    endloop
  endfacet
  facet normal  0.000000e+000  1.950904e-001  9.807853e-001
    outer loop
      vertex  1.800000e+001 -3.000000e+001 -6.500000e+000
      vertex  1.600000e+001 -3.000000e+001 -6.500000e+000
      vertex  1.600000e+001 -3.038268e+001 -6.423880e+000
    endloop
  endfacet
  facet normal  -0.000000e+000  1.950904e-001  9.807853e-001
    outer loop
      vertex  1.800000e+001 -3.000000e+001 -6.500000e+000
      vertex  1.600000e+001 -3.038268e+001 -6.423880e+000
      vertex  1.800000e+001 -3.038268e+001 -6.423880e+000
    endloop
  endfacet
  facet normal  0.000000e+000  5.555691e-001  8.314704e-001
    outer loop
      vertex  1.800000e+001 -3.038268e+001 -6.423880e+000
      vertex  1.600000e+001 -3.038268e+001 -6.423880e+000
      vertex  1.600000e+001 -3.070711e+001 -6.207107e+000
    endloop
  endfacet
  facet normal  -0.000000e+000  5.555691e-001  8.314704e-001
    outer loop
      vertex  1.800000e+001 -3.038268e+001 -6.423880e+000
      vertex  1.600000e+001 -3.070711e+001 -6.207107e+000
      vertex  1.800000e+001 -3.070711e+001 -6.207107e+000
    endloop
  endfacet
  facet normal  0.000000e+000  8.314704e-001  5.555691e-001
    outer loop
      vertex  1.800000e+001 -3.070711e+001 -6.207107e+000
      vertex  1.600000e+001 -3.070711e+001 -6.207107e+000
      vertex  1.600000e+001 -3.092388e+001 -5.882683e+000
    endloop
  endfacet
  facet normal  -0.000000e+000  8.314704e-001  5.555691e-001
    outer loop
      vertex  1.800000e+001 -3.070711e+001 -6.207107e+000
      vertex  1.600000e+001 -3.092388e+001 -5.882683e+000
      vertex  1.800000e+001 -3.092388e+001 -5.882683e+000
    endloop
  endfacet
  facet normal  0.000000e+000  9.807853e-001  1.950902e-001
    outer loop
      vertex  1.800000e+001 -3.092388e+001 -5.882683e+000
      vertex  1.600000e+001 -3.092388e+001 -5.882683e+000
      vertex  1.600000e+001 -3.100000e+001 -5.500000e+000
    endloop
  endfacet
  facet normal  -0.000000e+000  9.807853e-001  1.950902e-001
    outer loop
      vertex  1.800000e+001 -3.092388e+001 -5.882683e+000
      vertex  1.600000e+001 -3.100000e+001 -5.500000e+000
      vertex  1.800000e+001 -3.100000e+001 -5.500000e+000
    endloop
  endfacet
  facet normal -1.000000e+000  0.000000e+000  0.000000e+000
    outer loop
      vertex  9.250000e+000  9.000000e+000  1.000000e+000
      vertex  9.250000e+000  9.000000e+000  7.000000e+000
      vertex  9.250000e+000  5.300000e+001  1.000000e+000
    endloop
  endfacet
  facet normal -1.000000e+000  0.000000e+000  0.000000e+000
    outer loop
      vertex  9.250000e+000  5.300000e+001  1.000000e+000
      vertex  9.250000e+000  9.000000e+000  7.000000e+000
      vertex  9.250000e+000  5.300000e+001  7.000000e+000
    endloop
  endfacet
  facet normal  1.000000e+000  0.000000e+000  0.000000e+000
    outer loop
      vertex -9.250000e+000  5.300000e+001  1.000000e+000
      vertex -9.250000e+000  5.300000e+001  7.000000e+000
      vertex -9.250000e+000  9.000000e+000  1.000000e+000
    endloop
  endfacet
  facet normal  1.000000e+000  0.000000e+000  0.000000e+000
    outer loop
      vertex -9.250000e+000  9.000000e+000  1.000000e+000
      vertex -9.250000e+000  5.300000e+001  7.000000e+000
      vertex -9.250000e+000  9.000000e+000  7.000000e+000
    endloop
  endfacet
endsolid CATIA STL
