solid CATIA STL
  facet normal  0.000000e+000 -1.000000e+000  0.000000e+000
    outer loop
      vertex -5.000000e+000  6.000000e+000 -1.200000e+001
      vertex  5.000000e+000  6.000000e+000 -1.200000e+001
      vertex -5.000000e+000  6.000000e+000  1.300000e+001
    endloop
  endfacet
  facet normal  0.000000e+000 -1.000000e+000  0.000000e+000
    outer loop
      vertex -5.000000e+000  6.000000e+000  1.300000e+001
      vertex  5.000000e+000  6.000000e+000 -1.200000e+001
      vertex  5.000000e+000  6.000000e+000  1.300000e+001
    endloop
  endfacet
  facet normal  0.000000e+000  0.000000e+000 -1.000000e+000
    outer loop
      vertex  5.000000e+000  1.000000e+000  1.600000e+001
      vertex -5.000000e+000  1.000000e+000  1.600000e+001
      vertex  5.000000e+000  3.000000e+000  1.600000e+001
    endloop
  endfacet
  facet normal  -0.000000e+000  0.000000e+000 -1.000000e+000
    outer loop
      vertex  5.000000e+000  3.000000e+000  1.600000e+001
      vertex -5.000000e+000  1.000000e+000  1.600000e+001
      vertex -5.000000e+000  3.000000e+000  1.600000e+001
    endloop
  endfacet
  facet normal  1.000000e+000  0.000000e+000  0.000000e+000
    outer loop
      vertex  5.000000e+000  4.870470e+000  1.534549e+001
      vertex  5.000000e+000  7.924784e+000  1.566756e+001
      vertex  5.000000e+000  4.301651e+000  1.570291e+001
    endloop
  endfacet
  facet normal  1.000000e+000  0.000000e+000  0.000000e+000
    outer loop
      vertex  5.000000e+000  1.000000e+000 -1.500000e+001
      vertex  5.000000e+000  1.000000e+000 -1.700000e+001
      vertex  5.000000e+000  5.000000e+000 -1.700000e+001
    endloop
  endfacet
  facet normal  1.000000e+000  0.000000e+000  -0.000000e+000
    outer loop
      vertex  5.000000e+000  1.000000e+000 -1.500000e+001
      vertex  5.000000e+000  5.000000e+000 -1.700000e+001
      vertex  5.000000e+000  5.667563e+000 -1.692478e+001
    endloop
  endfacet
  facet normal  1.000000e+000  0.000000e+000  -0.000000e+000
    outer loop
      vertex  5.000000e+000  1.000000e+000 -1.500000e+001
      vertex  5.000000e+000  5.667563e+000 -1.692478e+001
      vertex  5.000000e+000  6.301651e+000 -1.670291e+001
    endloop
  endfacet
  facet normal  1.000000e+000  0.000000e+000  -0.000000e+000
    outer loop
      vertex  5.000000e+000  1.000000e+000 -1.500000e+001
      vertex  5.000000e+000  6.301651e+000 -1.670291e+001
      vertex  5.000000e+000  6.870470e+000 -1.634550e+001
    endloop
  endfacet
  facet normal  1.000000e+000  0.000000e+000  -0.000000e+000
    outer loop
      vertex  5.000000e+000  1.000000e+000 -1.500000e+001
      vertex  5.000000e+000  6.870470e+000 -1.634550e+001
      vertex  5.000000e+000  7.345494e+000 -1.587047e+001
    endloop
  endfacet
  facet normal  1.000000e+000  0.000000e+000  -0.000000e+000
    outer loop
      vertex  5.000000e+000  1.000000e+000 -1.500000e+001
      vertex  5.000000e+000  7.345494e+000 -1.587047e+001
      vertex  5.000000e+000  7.702907e+000 -1.530165e+001
    endloop
  endfacet
  facet normal  9.999999e-001  0.000000e+000  0.000000e+000
    outer loop
      vertex  5.000000e+000  1.000000e+000 -1.500000e+001
      vertex  5.000000e+000  7.702907e+000 -1.530165e+001
      vertex  5.000000e+000  3.000000e+000 -1.500000e+001
    endloop
  endfacet
  facet normal  1.000000e+000  0.000000e+000  0.000000e+000
    outer loop
      vertex  5.000000e+000  8.000000e+000  1.500000e+001
      vertex  5.000000e+000  7.924784e+000  1.566756e+001
      vertex  5.000000e+000  4.870470e+000  1.534549e+001
    endloop
  endfacet
  facet normal  1.000000e+000  0.000000e+000  0.000000e+000
    outer loop
      vertex  5.000000e+000  8.000000e+000  1.500000e+001
      vertex  5.000000e+000  4.870470e+000  1.534549e+001
      vertex  5.000000e+000  5.345494e+000  1.487047e+001
    endloop
  endfacet
  facet normal  1.000000e+000  -0.000000e+000  0.000000e+000
    outer loop
      vertex  5.000000e+000  8.000000e+000  1.500000e+001
      vertex  5.000000e+000  5.345494e+000  1.487047e+001
      vertex  5.000000e+000  5.702907e+000  1.430165e+001
    endloop
  endfacet
  facet normal  1.000000e+000  -0.000000e+000  0.000000e+000
    outer loop
      vertex  5.000000e+000  8.000000e+000  1.500000e+001
      vertex  5.000000e+000  5.702907e+000  1.430165e+001
      vertex  5.000000e+000  5.924784e+000  1.366756e+001
    endloop
  endfacet
  facet normal  1.000000e+000  -0.000000e+000  0.000000e+000
    outer loop
      vertex  5.000000e+000  8.000000e+000  1.500000e+001
      vertex  5.000000e+000  5.924784e+000  1.366756e+001
      vertex  5.000000e+000  6.000000e+000  1.300000e+001
    endloop
  endfacet
  facet normal  1.000000e+000  -0.000000e+000  0.000000e+000
    outer loop
      vertex  5.000000e+000  8.000000e+000  1.500000e+001
      vertex  5.000000e+000  6.000000e+000  1.300000e+001
      vertex  5.000000e+000  6.000000e+000 -1.200000e+001
    endloop
  endfacet
  facet normal  1.000000e+000  0.000000e+000  0.000000e+000
    outer loop
      vertex  5.000000e+000  8.000000e+000 -1.400000e+001
      vertex  5.000000e+000  8.000000e+000  1.500000e+001
      vertex  5.000000e+000  6.000000e+000 -1.200000e+001
    endloop
  endfacet
  facet normal  1.000000e+000  0.000000e+000  0.000000e+000
    outer loop
      vertex  5.000000e+000  8.000000e+000 -1.400000e+001
      vertex  5.000000e+000  6.000000e+000 -1.200000e+001
      vertex  5.000000e+000  5.924784e+000 -1.266756e+001
    endloop
  endfacet
  facet normal  1.000000e+000  0.000000e+000  0.000000e+000
    outer loop
      vertex  5.000000e+000  8.000000e+000 -1.400000e+001
      vertex  5.000000e+000  5.924784e+000 -1.266756e+001
      vertex  5.000000e+000  5.702907e+000 -1.330165e+001
    endloop
  endfacet
  facet normal  1.000000e+000  0.000000e+000  0.000000e+000
    outer loop
      vertex  5.000000e+000  8.000000e+000 -1.400000e+001
      vertex  5.000000e+000  5.702907e+000 -1.330165e+001
      vertex  5.000000e+000  5.345494e+000 -1.387047e+001
    endloop
  endfacet
  facet normal  1.000000e+000  0.000000e+000  0.000000e+000
    outer loop
      vertex  5.000000e+000  8.000000e+000 -1.400000e+001
      vertex  5.000000e+000  5.345494e+000 -1.387047e+001
      vertex  5.000000e+000  4.870470e+000 -1.434549e+001
    endloop
  endfacet
  facet normal  1.000000e+000  -0.000000e+000  0.000000e+000
    outer loop
      vertex  5.000000e+000  8.000000e+000 -1.400000e+001
      vertex  5.000000e+000  4.870470e+000 -1.434549e+001
      vertex  5.000000e+000  4.301651e+000 -1.470291e+001
    endloop
  endfacet
  facet normal  1.000000e+000  0.000000e+000  0.000000e+000
    outer loop
      vertex  5.000000e+000  8.000000e+000 -1.400000e+001
      vertex  5.000000e+000  4.301651e+000 -1.470291e+001
      vertex  5.000000e+000  7.924784e+000 -1.466756e+001
    endloop
  endfacet
  facet normal  1.000000e+000  0.000000e+000  0.000000e+000
    outer loop
      vertex  5.000000e+000  7.702907e+000  1.630165e+001
      vertex  5.000000e+000  1.000000e+000  1.800000e+001
      vertex  5.000000e+000  1.000000e+000  1.600000e+001
    endloop
  endfacet
  facet normal  1.000000e+000  0.000000e+000  0.000000e+000
    outer loop
      vertex  5.000000e+000  7.702907e+000  1.630165e+001
      vertex  5.000000e+000  1.000000e+000  1.600000e+001
      vertex  5.000000e+000  3.000000e+000  1.600000e+001
    endloop
  endfacet
  facet normal  1.000000e+000  -0.000000e+000  0.000000e+000
    outer loop
      vertex  5.000000e+000  7.702907e+000  1.630165e+001
      vertex  5.000000e+000  3.000000e+000  1.600000e+001
      vertex  5.000000e+000  3.667563e+000  1.592478e+001
    endloop
  endfacet
  facet normal  1.000000e+000  -0.000000e+000  0.000000e+000
    outer loop
      vertex  5.000000e+000  7.702907e+000  1.630165e+001
      vertex  5.000000e+000  3.667563e+000  1.592478e+001
      vertex  5.000000e+000  4.301651e+000  1.570291e+001
    endloop
  endfacet
  facet normal  9.999999e-001  -0.000000e+000  0.000000e+000
    outer loop
      vertex  5.000000e+000  7.702907e+000  1.630165e+001
      vertex  5.000000e+000  4.301651e+000  1.570291e+001
      vertex  5.000000e+000  7.924784e+000  1.566756e+001
    endloop
  endfacet
  facet normal  1.000000e+000  0.000000e+000  0.000000e+000
    outer loop
      vertex  5.000000e+000  1.000000e+000  1.800000e+001
      vertex  5.000000e+000  7.702907e+000  1.630165e+001
      vertex  5.000000e+000  7.345494e+000  1.687047e+001
    endloop
  endfacet
  facet normal  9.999999e-001  0.000000e+000  0.000000e+000
    outer loop
      vertex  5.000000e+000  1.000000e+000  1.800000e+001
      vertex  5.000000e+000  7.345494e+000  1.687047e+001
      vertex  5.000000e+000  6.870470e+000  1.734550e+001
    endloop
  endfacet
  facet normal  9.999999e-001  0.000000e+000  0.000000e+000
    outer loop
      vertex  5.000000e+000  1.000000e+000  1.800000e+001
      vertex  5.000000e+000  6.870470e+000  1.734550e+001
      vertex  5.000000e+000  6.301651e+000  1.770291e+001
    endloop
  endfacet
  facet normal  1.000000e+000  0.000000e+000  0.000000e+000
    outer loop
      vertex  5.000000e+000  1.000000e+000  1.800000e+001
      vertex  5.000000e+000  6.301651e+000  1.770291e+001
      vertex  5.000000e+000  5.667563e+000  1.792478e+001
    endloop
  endfacet
  facet normal  1.000000e+000  0.000000e+000  0.000000e+000
    outer loop
      vertex  5.000000e+000  1.000000e+000  1.800000e+001
      vertex  5.000000e+000  5.667563e+000  1.792478e+001
      vertex  5.000000e+000  5.000000e+000  1.800000e+001
    endloop
  endfacet
  facet normal  1.000000e+000  0.000000e+000  0.000000e+000
    outer loop
      vertex  5.000000e+000  3.000000e+000 -1.500000e+001
      vertex  5.000000e+000  7.702907e+000 -1.530165e+001
      vertex  5.000000e+000  3.667563e+000 -1.492478e+001
    endloop
  endfacet
  facet normal  1.000000e+000  -0.000000e+000  0.000000e+000
    outer loop
      vertex  5.000000e+000  3.667563e+000 -1.492478e+001
      vertex  5.000000e+000  7.702907e+000 -1.530165e+001
      vertex  5.000000e+000  7.924784e+000 -1.466756e+001
    endloop
  endfacet
  facet normal  9.999999e-001  0.000000e+000  0.000000e+000
    outer loop
      vertex  5.000000e+000  3.667563e+000 -1.492478e+001
      vertex  5.000000e+000  7.924784e+000 -1.466756e+001
      vertex  5.000000e+000  4.301651e+000 -1.470291e+001
    endloop
  endfacet
  facet normal -1.000000e+000  -0.000000e+000  0.000000e+000
    outer loop
      vertex -5.000000e+000  4.870470e+000 -1.434549e+001
      vertex -5.000000e+000  7.924784e+000 -1.466756e+001
      vertex -5.000000e+000  4.301651e+000 -1.470291e+001
    endloop
  endfacet
  facet normal -1.000000e+000  0.000000e+000  0.000000e+000
    outer loop
      vertex -5.000000e+000  1.000000e+000  1.600000e+001
      vertex -5.000000e+000  1.000000e+000  1.800000e+001
      vertex -5.000000e+000  5.000000e+000  1.800000e+001
    endloop
  endfacet
  facet normal -1.000000e+000  0.000000e+000  -0.000000e+000
    outer loop
      vertex -5.000000e+000  1.000000e+000  1.600000e+001
      vertex -5.000000e+000  5.000000e+000  1.800000e+001
      vertex -5.000000e+000  5.667563e+000  1.792478e+001
    endloop
  endfacet
  facet normal -1.000000e+000  0.000000e+000  -0.000000e+000
    outer loop
      vertex -5.000000e+000  1.000000e+000  1.600000e+001
      vertex -5.000000e+000  5.667563e+000  1.792478e+001
      vertex -5.000000e+000  6.301651e+000  1.770291e+001
    endloop
  endfacet
  facet normal -1.000000e+000  0.000000e+000  -0.000000e+000
    outer loop
      vertex -5.000000e+000  1.000000e+000  1.600000e+001
      vertex -5.000000e+000  6.301651e+000  1.770291e+001
      vertex -5.000000e+000  6.870470e+000  1.734550e+001
    endloop
  endfacet
  facet normal -9.999999e-001  0.000000e+000  -0.000000e+000
    outer loop
      vertex -5.000000e+000  1.000000e+000  1.600000e+001
      vertex -5.000000e+000  6.870470e+000  1.734550e+001
      vertex -5.000000e+000  7.345494e+000  1.687047e+001
    endloop
  endfacet
  facet normal -1.000000e+000  0.000000e+000  -0.000000e+000
    outer loop
      vertex -5.000000e+000  1.000000e+000  1.600000e+001
      vertex -5.000000e+000  7.345494e+000  1.687047e+001
      vertex -5.000000e+000  7.702907e+000  1.630165e+001
    endloop
  endfacet
  facet normal -9.999999e-001  0.000000e+000  0.000000e+000
    outer loop
      vertex -5.000000e+000  1.000000e+000  1.600000e+001
      vertex -5.000000e+000  7.702907e+000  1.630165e+001
      vertex -5.000000e+000  3.000000e+000  1.600000e+001
    endloop
  endfacet
  facet normal -1.000000e+000  0.000000e+000  0.000000e+000
    outer loop
      vertex -5.000000e+000  8.000000e+000 -1.400000e+001
      vertex -5.000000e+000  7.924784e+000 -1.466756e+001
      vertex -5.000000e+000  4.870470e+000 -1.434549e+001
    endloop
  endfacet
  facet normal -1.000000e+000  0.000000e+000  0.000000e+000
    outer loop
      vertex -5.000000e+000  8.000000e+000 -1.400000e+001
      vertex -5.000000e+000  4.870470e+000 -1.434549e+001
      vertex -5.000000e+000  5.345494e+000 -1.387047e+001
    endloop
  endfacet
  facet normal -1.000000e+000  0.000000e+000  0.000000e+000
    outer loop
      vertex -5.000000e+000  8.000000e+000 -1.400000e+001
      vertex -5.000000e+000  5.345494e+000 -1.387047e+001
      vertex -5.000000e+000  5.702907e+000 -1.330165e+001
    endloop
  endfacet
  facet normal -1.000000e+000  0.000000e+000  0.000000e+000
    outer loop
      vertex -5.000000e+000  8.000000e+000 -1.400000e+001
      vertex -5.000000e+000  5.702907e+000 -1.330165e+001
      vertex -5.000000e+000  5.924784e+000 -1.266756e+001
    endloop
  endfacet
  facet normal -1.000000e+000  0.000000e+000  0.000000e+000
    outer loop
      vertex -5.000000e+000  8.000000e+000 -1.400000e+001
      vertex -5.000000e+000  5.924784e+000 -1.266756e+001
      vertex -5.000000e+000  6.000000e+000 -1.200000e+001
    endloop
  endfacet
  facet normal -1.000000e+000  0.000000e+000  0.000000e+000
    outer loop
      vertex -5.000000e+000  8.000000e+000 -1.400000e+001
      vertex -5.000000e+000  6.000000e+000 -1.200000e+001
      vertex -5.000000e+000  6.000000e+000  1.300000e+001
    endloop
  endfacet
  facet normal -1.000000e+000  0.000000e+000  0.000000e+000
    outer loop
      vertex -5.000000e+000  8.000000e+000  1.500000e+001
      vertex -5.000000e+000  8.000000e+000 -1.400000e+001
      vertex -5.000000e+000  6.000000e+000  1.300000e+001
    endloop
  endfacet
  facet normal -1.000000e+000  0.000000e+000  0.000000e+000
    outer loop
      vertex -5.000000e+000  8.000000e+000  1.500000e+001
      vertex -5.000000e+000  6.000000e+000  1.300000e+001
      vertex -5.000000e+000  5.924784e+000  1.366756e+001
    endloop
  endfacet
  facet normal -1.000000e+000  0.000000e+000  0.000000e+000
    outer loop
      vertex -5.000000e+000  8.000000e+000  1.500000e+001
      vertex -5.000000e+000  5.924784e+000  1.366756e+001
      vertex -5.000000e+000  5.702907e+000  1.430165e+001
    endloop
  endfacet
  facet normal -1.000000e+000  0.000000e+000  0.000000e+000
    outer loop
      vertex -5.000000e+000  8.000000e+000  1.500000e+001
      vertex -5.000000e+000  5.702907e+000  1.430165e+001
      vertex -5.000000e+000  5.345494e+000  1.487047e+001
    endloop
  endfacet
  facet normal -1.000000e+000  0.000000e+000  0.000000e+000
    outer loop
      vertex -5.000000e+000  8.000000e+000  1.500000e+001
      vertex -5.000000e+000  5.345494e+000  1.487047e+001
      vertex -5.000000e+000  4.870470e+000  1.534549e+001
    endloop
  endfacet
  facet normal -1.000000e+000  0.000000e+000  0.000000e+000
    outer loop
      vertex -5.000000e+000  8.000000e+000  1.500000e+001
      vertex -5.000000e+000  4.870470e+000  1.534549e+001
      vertex -5.000000e+000  4.301651e+000  1.570291e+001
    endloop
  endfacet
  facet normal -1.000000e+000  0.000000e+000  0.000000e+000
    outer loop
      vertex -5.000000e+000  8.000000e+000  1.500000e+001
      vertex -5.000000e+000  4.301651e+000  1.570291e+001
      vertex -5.000000e+000  7.924784e+000  1.566756e+001
    endloop
  endfacet
  facet normal -1.000000e+000  0.000000e+000  0.000000e+000
    outer loop
      vertex -5.000000e+000  7.702907e+000 -1.530165e+001
      vertex -5.000000e+000  1.000000e+000 -1.700000e+001
      vertex -5.000000e+000  1.000000e+000 -1.500000e+001
    endloop
  endfacet
  facet normal -1.000000e+000  0.000000e+000  0.000000e+000
    outer loop
      vertex -5.000000e+000  7.702907e+000 -1.530165e+001
      vertex -5.000000e+000  1.000000e+000 -1.500000e+001
      vertex -5.000000e+000  3.000000e+000 -1.500000e+001
    endloop
  endfacet
  facet normal -1.000000e+000  0.000000e+000  0.000000e+000
    outer loop
      vertex -5.000000e+000  7.702907e+000 -1.530165e+001
      vertex -5.000000e+000  3.000000e+000 -1.500000e+001
      vertex -5.000000e+000  3.667563e+000 -1.492478e+001
    endloop
  endfacet
  facet normal -1.000000e+000  0.000000e+000  0.000000e+000
    outer loop
      vertex -5.000000e+000  7.702907e+000 -1.530165e+001
      vertex -5.000000e+000  3.667563e+000 -1.492478e+001
      vertex -5.000000e+000  4.301651e+000 -1.470291e+001
    endloop
  endfacet
  facet normal -9.999999e-001  0.000000e+000  0.000000e+000
    outer loop
      vertex -5.000000e+000  7.702907e+000 -1.530165e+001
      vertex -5.000000e+000  4.301651e+000 -1.470291e+001
      vertex -5.000000e+000  7.924784e+000 -1.466756e+001
    endloop
  endfacet
  facet normal -1.000000e+000  0.000000e+000  0.000000e+000
    outer loop
      vertex -5.000000e+000  1.000000e+000 -1.700000e+001
      vertex -5.000000e+000  7.702907e+000 -1.530165e+001
      vertex -5.000000e+000  7.345494e+000 -1.587047e+001
    endloop
  endfacet
  facet normal -1.000000e+000  0.000000e+000  0.000000e+000
    outer loop
      vertex -5.000000e+000  1.000000e+000 -1.700000e+001
      vertex -5.000000e+000  7.345494e+000 -1.587047e+001
      vertex -5.000000e+000  6.870470e+000 -1.634550e+001
    endloop
  endfacet
  facet normal -9.999999e-001  0.000000e+000  0.000000e+000
    outer loop
      vertex -5.000000e+000  1.000000e+000 -1.700000e+001
      vertex -5.000000e+000  6.870470e+000 -1.634550e+001
      vertex -5.000000e+000  6.301651e+000 -1.670291e+001
    endloop
  endfacet
  facet normal -1.000000e+000  0.000000e+000  0.000000e+000
    outer loop
      vertex -5.000000e+000  1.000000e+000 -1.700000e+001
      vertex -5.000000e+000  6.301651e+000 -1.670291e+001
      vertex -5.000000e+000  5.667563e+000 -1.692478e+001
    endloop
  endfacet
  facet normal -1.000000e+000  0.000000e+000  0.000000e+000
    outer loop
      vertex -5.000000e+000  1.000000e+000 -1.700000e+001
      vertex -5.000000e+000  5.667563e+000 -1.692478e+001
      vertex -5.000000e+000  5.000000e+000 -1.700000e+001
    endloop
  endfacet
  facet normal -1.000000e+000  0.000000e+000  0.000000e+000
    outer loop
      vertex -5.000000e+000  3.000000e+000  1.600000e+001
      vertex -5.000000e+000  7.702907e+000  1.630165e+001
      vertex -5.000000e+000  3.667563e+000  1.592478e+001
    endloop
  endfacet
  facet normal -1.000000e+000  0.000000e+000  0.000000e+000
    outer loop
      vertex -5.000000e+000  3.667563e+000  1.592478e+001
      vertex -5.000000e+000  7.702907e+000  1.630165e+001
      vertex -5.000000e+000  7.924784e+000  1.566756e+001
    endloop
  endfacet
  facet normal -9.999999e-001  0.000000e+000  0.000000e+000
    outer loop
      vertex -5.000000e+000  3.667563e+000  1.592478e+001
      vertex -5.000000e+000  7.924784e+000  1.566756e+001
      vertex -5.000000e+000  4.301651e+000  1.570291e+001
    endloop
  endfacet
  facet normal  0.000000e+000 -8.467240e-001 -5.320323e-001
    outer loop
      vertex  5.000000e+000  5.345494e+000  1.487047e+001
      vertex -5.000000e+000  5.702907e+000  1.430165e+001
      vertex  5.000000e+000  5.702907e+000  1.430165e+001
    endloop
  endfacet
  facet normal  -0.000000e+000 -9.438834e-001 -3.302790e-001
    outer loop
      vertex  5.000000e+000  5.702907e+000  1.430165e+001
      vertex -5.000000e+000  5.702907e+000  1.430165e+001
      vertex -5.000000e+000  5.924784e+000  1.366756e+001
    endloop
  endfacet
  facet normal  0.000000e+000 -9.438834e-001 -3.302790e-001
    outer loop
      vertex  5.000000e+000  5.702907e+000  1.430165e+001
      vertex -5.000000e+000  5.924784e+000  1.366756e+001
      vertex  5.000000e+000  5.924784e+000  1.366756e+001
    endloop
  endfacet
  facet normal  -0.000000e+000 -9.937122e-001 -1.119646e-001
    outer loop
      vertex  5.000000e+000  5.924784e+000  1.366756e+001
      vertex -5.000000e+000  5.924784e+000  1.366756e+001
      vertex -5.000000e+000  6.000000e+000  1.300000e+001
    endloop
  endfacet
  facet normal  0.000000e+000 -9.937122e-001 -1.119646e-001
    outer loop
      vertex  5.000000e+000  5.924784e+000  1.366756e+001
      vertex -5.000000e+000  6.000000e+000  1.300000e+001
      vertex  5.000000e+000  6.000000e+000  1.300000e+001
    endloop
  endfacet
  facet normal  -0.000000e+000 -8.467240e-001 -5.320323e-001
    outer loop
      vertex -5.000000e+000  5.702907e+000  1.430165e+001
      vertex  5.000000e+000  5.345494e+000  1.487047e+001
      vertex -5.000000e+000  5.345494e+000  1.487047e+001
    endloop
  endfacet
  facet normal  0.000000e+000 -7.071071e-001 -7.071065e-001
    outer loop
      vertex -5.000000e+000  5.345494e+000  1.487047e+001
      vertex  5.000000e+000  5.345494e+000  1.487047e+001
      vertex  5.000000e+000  4.870470e+000  1.534549e+001
    endloop
  endfacet
  facet normal  -0.000000e+000 -7.071071e-001 -7.071065e-001
    outer loop
      vertex -5.000000e+000  5.345494e+000  1.487047e+001
      vertex  5.000000e+000  4.870470e+000  1.534549e+001
      vertex -5.000000e+000  4.870470e+000  1.534549e+001
    endloop
  endfacet
  facet normal  0.000000e+000 -5.320321e-001 -8.467243e-001
    outer loop
      vertex -5.000000e+000  4.870470e+000  1.534549e+001
      vertex  5.000000e+000  4.870470e+000  1.534549e+001
      vertex  5.000000e+000  4.301651e+000  1.570291e+001
    endloop
  endfacet
  facet normal  -0.000000e+000 -5.320321e-001 -8.467243e-001
    outer loop
      vertex -5.000000e+000  4.870470e+000  1.534549e+001
      vertex  5.000000e+000  4.301651e+000  1.570291e+001
      vertex -5.000000e+000  4.301651e+000  1.570291e+001
    endloop
  endfacet
  facet normal  0.000000e+000 -3.302791e-001 -9.438834e-001
    outer loop
      vertex -5.000000e+000  4.301651e+000  1.570291e+001
      vertex  5.000000e+000  4.301651e+000  1.570291e+001
      vertex  5.000000e+000  3.667563e+000  1.592478e+001
    endloop
  endfacet
  facet normal  -0.000000e+000 -3.302791e-001 -9.438834e-001
    outer loop
      vertex -5.000000e+000  4.301651e+000  1.570291e+001
      vertex  5.000000e+000  3.667563e+000  1.592478e+001
      vertex -5.000000e+000  3.667563e+000  1.592478e+001
    endloop
  endfacet
  facet normal  0.000000e+000 -1.119645e-001 -9.937122e-001
    outer loop
      vertex -5.000000e+000  3.667563e+000  1.592478e+001
      vertex  5.000000e+000  3.667563e+000  1.592478e+001
      vertex  5.000000e+000  3.000000e+000  1.600000e+001
    endloop
  endfacet
  facet normal  -0.000000e+000 -1.119645e-001 -9.937122e-001
    outer loop
      vertex -5.000000e+000  3.667563e+000  1.592478e+001
      vertex  5.000000e+000  3.000000e+000  1.600000e+001
      vertex -5.000000e+000  3.000000e+000  1.600000e+001
    endloop
  endfacet
  facet normal  -0.000000e+000  0.000000e+000  1.000000e+000
    outer loop
      vertex  5.000000e+000  3.000000e+000 -1.500000e+001
      vertex -5.000000e+000  3.000000e+000 -1.500000e+001
      vertex  5.000000e+000  1.000000e+000 -1.500000e+001
    endloop
  endfacet
  facet normal  0.000000e+000  0.000000e+000  1.000000e+000
    outer loop
      vertex  5.000000e+000  1.000000e+000 -1.500000e+001
      vertex -5.000000e+000  3.000000e+000 -1.500000e+001
      vertex -5.000000e+000  1.000000e+000 -1.500000e+001
    endloop
  endfacet
  facet normal  0.000000e+000 -5.320321e-001  8.467243e-001
    outer loop
      vertex  5.000000e+000  4.870470e+000 -1.434549e+001
      vertex -5.000000e+000  4.301651e+000 -1.470291e+001
      vertex  5.000000e+000  4.301651e+000 -1.470291e+001
    endloop
  endfacet
  facet normal  0.000000e+000 -3.302791e-001  9.438834e-001
    outer loop
      vertex  5.000000e+000  4.301651e+000 -1.470291e+001
      vertex -5.000000e+000  4.301651e+000 -1.470291e+001
      vertex -5.000000e+000  3.667563e+000 -1.492478e+001
    endloop
  endfacet
  facet normal  0.000000e+000 -3.302791e-001  9.438834e-001
    outer loop
      vertex  5.000000e+000  4.301651e+000 -1.470291e+001
      vertex -5.000000e+000  3.667563e+000 -1.492478e+001
      vertex  5.000000e+000  3.667563e+000 -1.492478e+001
    endloop
  endfacet
  facet normal  0.000000e+000 -1.119645e-001  9.937122e-001
    outer loop
      vertex  5.000000e+000  3.667563e+000 -1.492478e+001
      vertex -5.000000e+000  3.667563e+000 -1.492478e+001
      vertex -5.000000e+000  3.000000e+000 -1.500000e+001
    endloop
  endfacet
  facet normal  0.000000e+000 -1.119645e-001  9.937122e-001
    outer loop
      vertex  5.000000e+000  3.667563e+000 -1.492478e+001
      vertex -5.000000e+000  3.000000e+000 -1.500000e+001
      vertex  5.000000e+000  3.000000e+000 -1.500000e+001
    endloop
  endfacet
  facet normal  0.000000e+000 -5.320321e-001  8.467243e-001
    outer loop
      vertex -5.000000e+000  4.301651e+000 -1.470291e+001
      vertex  5.000000e+000  4.870470e+000 -1.434549e+001
      vertex -5.000000e+000  4.870470e+000 -1.434549e+001
    endloop
  endfacet
  facet normal  0.000000e+000 -7.071071e-001  7.071065e-001
    outer loop
      vertex -5.000000e+000  4.870470e+000 -1.434549e+001
      vertex  5.000000e+000  4.870470e+000 -1.434549e+001
      vertex  5.000000e+000  5.345494e+000 -1.387047e+001
    endloop
  endfacet
  facet normal  0.000000e+000 -7.071071e-001  7.071065e-001
    outer loop
      vertex -5.000000e+000  4.870470e+000 -1.434549e+001
      vertex  5.000000e+000  5.345494e+000 -1.387047e+001
      vertex -5.000000e+000  5.345494e+000 -1.387047e+001
    endloop
  endfacet
  facet normal  0.000000e+000 -8.467240e-001  5.320323e-001
    outer loop
      vertex -5.000000e+000  5.345494e+000 -1.387047e+001
      vertex  5.000000e+000  5.345494e+000 -1.387047e+001
      vertex  5.000000e+000  5.702907e+000 -1.330165e+001
    endloop
  endfacet
  facet normal  0.000000e+000 -8.467240e-001  5.320323e-001
    outer loop
      vertex -5.000000e+000  5.345494e+000 -1.387047e+001
      vertex  5.000000e+000  5.702907e+000 -1.330165e+001
      vertex -5.000000e+000  5.702907e+000 -1.330165e+001
    endloop
  endfacet
  facet normal  0.000000e+000 -9.438834e-001  3.302790e-001
    outer loop
      vertex -5.000000e+000  5.702907e+000 -1.330165e+001
      vertex  5.000000e+000  5.702907e+000 -1.330165e+001
      vertex  5.000000e+000  5.924784e+000 -1.266756e+001
    endloop
  endfacet
  facet normal  0.000000e+000 -9.438834e-001  3.302790e-001
    outer loop
      vertex -5.000000e+000  5.702907e+000 -1.330165e+001
      vertex  5.000000e+000  5.924784e+000 -1.266756e+001
      vertex -5.000000e+000  5.924784e+000 -1.266756e+001
    endloop
  endfacet
  facet normal  0.000000e+000 -9.937122e-001  1.119646e-001
    outer loop
      vertex -5.000000e+000  5.924784e+000 -1.266756e+001
      vertex  5.000000e+000  5.924784e+000 -1.266756e+001
      vertex  5.000000e+000  6.000000e+000 -1.200000e+001
    endloop
  endfacet
  facet normal  0.000000e+000 -9.937122e-001  1.119646e-001
    outer loop
      vertex -5.000000e+000  5.924784e+000 -1.266756e+001
      vertex  5.000000e+000  6.000000e+000 -1.200000e+001
      vertex -5.000000e+000  6.000000e+000 -1.200000e+001
    endloop
  endfacet
  facet normal  0.000000e+000  1.000000e+000  0.000000e+000
    outer loop
      vertex  5.000000e+000  8.000000e+000 -1.400000e+001
      vertex -5.000000e+000  8.000000e+000 -1.400000e+001
      vertex  5.000000e+000  8.000000e+000  1.500000e+001
    endloop
  endfacet
  facet normal  0.000000e+000  1.000000e+000  0.000000e+000
    outer loop
      vertex  5.000000e+000  8.000000e+000  1.500000e+001
      vertex -5.000000e+000  8.000000e+000 -1.400000e+001
      vertex -5.000000e+000  8.000000e+000  1.500000e+001
    endloop
  endfacet
  facet normal  0.000000e+000  0.000000e+000  1.000000e+000
    outer loop
      vertex -5.000000e+000  5.000000e+000  1.800000e+001
      vertex -5.000000e+000  1.000000e+000  1.800000e+001
      vertex  5.000000e+000  5.000000e+000  1.800000e+001
    endloop
  endfacet
  facet normal  0.000000e+000  0.000000e+000  1.000000e+000
    outer loop
      vertex  5.000000e+000  0.000000e+000  1.800000e+001
      vertex  5.000000e+000  1.000000e+000  1.800000e+001
      vertex -5.000000e+000  0.000000e+000  1.800000e+001
    endloop
  endfacet
  facet normal  0.000000e+000  0.000000e+000  1.000000e+000
    outer loop
      vertex -5.000000e+000  0.000000e+000  1.800000e+001
      vertex  5.000000e+000  1.000000e+000  1.800000e+001
      vertex  5.000000e+000  5.000000e+000  1.800000e+001
    endloop
  endfacet
  facet normal  0.000000e+000  0.000000e+000  1.000000e+000
    outer loop
      vertex -5.000000e+000  0.000000e+000  1.800000e+001
      vertex  5.000000e+000  5.000000e+000  1.800000e+001
      vertex -5.000000e+000  1.000000e+000  1.800000e+001
    endloop
  endfacet
  facet normal  -0.000000e+000  9.937122e-001  1.119646e-001
    outer loop
      vertex  5.000000e+000  8.000000e+000  1.500000e+001
      vertex -5.000000e+000  8.000000e+000  1.500000e+001
      vertex  5.000000e+000  7.924784e+000  1.566756e+001
    endloop
  endfacet
  facet normal  0.000000e+000  9.937122e-001  1.119646e-001
    outer loop
      vertex  5.000000e+000  7.924784e+000  1.566756e+001
      vertex -5.000000e+000  8.000000e+000  1.500000e+001
      vertex -5.000000e+000  7.924784e+000  1.566756e+001
    endloop
  endfacet
  facet normal  -0.000000e+000  9.438834e-001  3.302790e-001
    outer loop
      vertex  5.000000e+000  7.924784e+000  1.566756e+001
      vertex -5.000000e+000  7.924784e+000  1.566756e+001
      vertex  5.000000e+000  7.702907e+000  1.630165e+001
    endloop
  endfacet
  facet normal  0.000000e+000  9.438834e-001  3.302790e-001
    outer loop
      vertex  5.000000e+000  7.702907e+000  1.630165e+001
      vertex -5.000000e+000  7.924784e+000  1.566756e+001
      vertex -5.000000e+000  7.702907e+000  1.630165e+001
    endloop
  endfacet
  facet normal  -0.000000e+000  8.467244e-001  5.320317e-001
    outer loop
      vertex  5.000000e+000  7.702907e+000  1.630165e+001
      vertex -5.000000e+000  7.702907e+000  1.630165e+001
      vertex  5.000000e+000  7.345494e+000  1.687047e+001
    endloop
  endfacet
  facet normal  0.000000e+000  8.467244e-001  5.320317e-001
    outer loop
      vertex  5.000000e+000  7.345494e+000  1.687047e+001
      vertex -5.000000e+000  7.702907e+000  1.630165e+001
      vertex -5.000000e+000  7.345494e+000  1.687047e+001
    endloop
  endfacet
  facet normal  -0.000000e+000  7.071071e-001  7.071065e-001
    outer loop
      vertex  5.000000e+000  7.345494e+000  1.687047e+001
      vertex -5.000000e+000  7.345494e+000  1.687047e+001
      vertex  5.000000e+000  6.870470e+000  1.734550e+001
    endloop
  endfacet
  facet normal  0.000000e+000  7.071071e-001  7.071065e-001
    outer loop
      vertex  5.000000e+000  6.870470e+000  1.734550e+001
      vertex -5.000000e+000  7.345494e+000  1.687047e+001
      vertex -5.000000e+000  6.870470e+000  1.734550e+001
    endloop
  endfacet
  facet normal  -0.000000e+000  5.320300e-001  8.467255e-001
    outer loop
      vertex  5.000000e+000  6.870470e+000  1.734550e+001
      vertex -5.000000e+000  6.870470e+000  1.734550e+001
      vertex  5.000000e+000  6.301651e+000  1.770291e+001
    endloop
  endfacet
  facet normal  0.000000e+000  5.320300e-001  8.467255e-001
    outer loop
      vertex  5.000000e+000  6.301651e+000  1.770291e+001
      vertex -5.000000e+000  6.870470e+000  1.734550e+001
      vertex -5.000000e+000  6.301651e+000  1.770291e+001
    endloop
  endfacet
  facet normal  -0.000000e+000  3.302805e-001  9.438828e-001
    outer loop
      vertex  5.000000e+000  6.301651e+000  1.770291e+001
      vertex -5.000000e+000  6.301651e+000  1.770291e+001
      vertex  5.000000e+000  5.667563e+000  1.792478e+001
    endloop
  endfacet
  facet normal  0.000000e+000  3.302805e-001  9.438828e-001
    outer loop
      vertex  5.000000e+000  5.667563e+000  1.792478e+001
      vertex -5.000000e+000  6.301651e+000  1.770291e+001
      vertex -5.000000e+000  5.667563e+000  1.792478e+001
    endloop
  endfacet
  facet normal  -0.000000e+000  1.119645e-001  9.937122e-001
    outer loop
      vertex  5.000000e+000  5.667563e+000  1.792478e+001
      vertex -5.000000e+000  5.667563e+000  1.792478e+001
      vertex  5.000000e+000  5.000000e+000  1.800000e+001
    endloop
  endfacet
  facet normal  0.000000e+000  1.119645e-001  9.937122e-001
    outer loop
      vertex  5.000000e+000  5.000000e+000  1.800000e+001
      vertex -5.000000e+000  5.667563e+000  1.792478e+001
      vertex -5.000000e+000  5.000000e+000  1.800000e+001
    endloop
  endfacet
  facet normal  -0.000000e+000  0.000000e+000 -1.000000e+000
    outer loop
      vertex -5.000000e+000  5.000000e+000 -1.700000e+001
      vertex  5.000000e+000  5.000000e+000 -1.700000e+001
      vertex -5.000000e+000  1.000000e+000 -1.700000e+001
    endloop
  endfacet
  facet normal  0.000000e+000  0.000000e+000 -1.000000e+000
    outer loop
      vertex -5.000000e+000  1.000000e+000 -1.700000e+001
      vertex  5.000000e+000  5.000000e+000 -1.700000e+001
      vertex  5.000000e+000  1.000000e+000 -1.700000e+001
    endloop
  endfacet
  facet normal  0.000000e+000  9.937122e-001 -1.119646e-001
    outer loop
      vertex -5.000000e+000  8.000000e+000 -1.400000e+001
      vertex  5.000000e+000  8.000000e+000 -1.400000e+001
      vertex -5.000000e+000  7.924784e+000 -1.466756e+001
    endloop
  endfacet
  facet normal  0.000000e+000  9.937122e-001 -1.119646e-001
    outer loop
      vertex -5.000000e+000  7.924784e+000 -1.466756e+001
      vertex  5.000000e+000  8.000000e+000 -1.400000e+001
      vertex  5.000000e+000  7.924784e+000 -1.466756e+001
    endloop
  endfacet
  facet normal  0.000000e+000  9.438834e-001 -3.302790e-001
    outer loop
      vertex -5.000000e+000  7.924784e+000 -1.466756e+001
      vertex  5.000000e+000  7.924784e+000 -1.466756e+001
      vertex -5.000000e+000  7.702907e+000 -1.530165e+001
    endloop
  endfacet
  facet normal  0.000000e+000  9.438834e-001 -3.302790e-001
    outer loop
      vertex -5.000000e+000  7.702907e+000 -1.530165e+001
      vertex  5.000000e+000  7.924784e+000 -1.466756e+001
      vertex  5.000000e+000  7.702907e+000 -1.530165e+001
    endloop
  endfacet
  facet normal  0.000000e+000  8.467240e-001 -5.320323e-001
    outer loop
      vertex -5.000000e+000  7.702907e+000 -1.530165e+001
      vertex  5.000000e+000  7.702907e+000 -1.530165e+001
      vertex -5.000000e+000  7.345494e+000 -1.587047e+001
    endloop
  endfacet
  facet normal  0.000000e+000  8.467240e-001 -5.320323e-001
    outer loop
      vertex -5.000000e+000  7.345494e+000 -1.587047e+001
      vertex  5.000000e+000  7.702907e+000 -1.530165e+001
      vertex  5.000000e+000  7.345494e+000 -1.587047e+001
    endloop
  endfacet
  facet normal  0.000000e+000  7.071078e-001 -7.071056e-001
    outer loop
      vertex -5.000000e+000  7.345494e+000 -1.587047e+001
      vertex  5.000000e+000  7.345494e+000 -1.587047e+001
      vertex -5.000000e+000  6.870470e+000 -1.634550e+001
    endloop
  endfacet
  facet normal  0.000000e+000  7.071078e-001 -7.071056e-001
    outer loop
      vertex -5.000000e+000  6.870470e+000 -1.634550e+001
      vertex  5.000000e+000  7.345494e+000 -1.587047e+001
      vertex  5.000000e+000  6.870470e+000 -1.634550e+001
    endloop
  endfacet
  facet normal  0.000000e+000  5.320300e-001 -8.467255e-001
    outer loop
      vertex -5.000000e+000  6.870470e+000 -1.634550e+001
      vertex  5.000000e+000  6.870470e+000 -1.634550e+001
      vertex -5.000000e+000  6.301651e+000 -1.670291e+001
    endloop
  endfacet
  facet normal  0.000000e+000  5.320300e-001 -8.467255e-001
    outer loop
      vertex -5.000000e+000  6.301651e+000 -1.670291e+001
      vertex  5.000000e+000  6.870470e+000 -1.634550e+001
      vertex  5.000000e+000  6.301651e+000 -1.670291e+001
    endloop
  endfacet
  facet normal  0.000000e+000  3.302805e-001 -9.438828e-001
    outer loop
      vertex -5.000000e+000  6.301651e+000 -1.670291e+001
      vertex  5.000000e+000  6.301651e+000 -1.670291e+001
      vertex -5.000000e+000  5.667563e+000 -1.692478e+001
    endloop
  endfacet
  facet normal  0.000000e+000  3.302805e-001 -9.438828e-001
    outer loop
      vertex -5.000000e+000  5.667563e+000 -1.692478e+001
      vertex  5.000000e+000  6.301651e+000 -1.670291e+001
      vertex  5.000000e+000  5.667563e+000 -1.692478e+001
    endloop
  endfacet
  facet normal  0.000000e+000  1.119645e-001 -9.937122e-001
    outer loop
      vertex -5.000000e+000  5.667563e+000 -1.692478e+001
      vertex  5.000000e+000  5.667563e+000 -1.692478e+001
      vertex -5.000000e+000  5.000000e+000 -1.700000e+001
    endloop
  endfacet
  facet normal  0.000000e+000  1.119645e-001 -9.937122e-001
    outer loop
      vertex -5.000000e+000  5.000000e+000 -1.700000e+001
      vertex  5.000000e+000  5.667563e+000 -1.692478e+001
      vertex  5.000000e+000  5.000000e+000 -1.700000e+001
    endloop
  endfacet
  facet normal  0.000000e+000  1.000000e+000  0.000000e+000
    outer loop
      vertex -8.494155e+000  1.000000e+000 -1.800000e+001
      vertex -5.000000e+000  1.000000e+000  1.800000e+001
      vertex -5.000000e+000  1.000000e+000  1.600000e+001
    endloop
  endfacet
  facet normal  -0.000000e+000  1.000000e+000  0.000000e+000
    outer loop
      vertex  8.494155e+000  1.000000e+000 -1.800000e+001
      vertex  5.000000e+000  1.000000e+000  1.600000e+001
      vertex  5.000000e+000  1.000000e+000  1.800000e+001
    endloop
  endfacet
  facet normal  -0.000000e+000  1.000000e+000  0.000000e+000
    outer loop
      vertex  8.494155e+000  1.000000e+000 -1.800000e+001
      vertex  5.000000e+000  1.000000e+000 -1.500000e+001
      vertex  5.000000e+000  1.000000e+000  1.600000e+001
    endloop
  endfacet
  facet normal  0.000000e+000  1.000000e+000  0.000000e+000
    outer loop
      vertex  1.100000e+001  1.000000e+000 -1.600000e+001
      vertex  8.494155e+000  1.000000e+000 -1.800000e+001
      vertex  1.100000e+001  1.000000e+000  1.300000e+001
    endloop
  endfacet
  facet normal  0.000000e+000  1.000000e+000  0.000000e+000
    outer loop
      vertex  1.100000e+001  1.000000e+000 -1.600000e+001
      vertex  1.249415e+001  1.000000e+000 -1.600000e+001
      vertex  8.494155e+000  1.000000e+000 -1.800000e+001
    endloop
  endfacet
  facet normal  0.000000e+000  1.000000e+000  -0.000000e+000
    outer loop
      vertex  1.249415e+001  1.000000e+000 -1.600000e+001
      vertex  8.876839e+000  1.000000e+000 -1.807612e+001
      vertex  8.494155e+000  1.000000e+000 -1.800000e+001
    endloop
  endfacet
  facet normal  0.000000e+000  1.000000e+000  0.000000e+000
    outer loop
      vertex -1.100000e+001  1.000000e+000  1.300000e+001
      vertex -8.494155e+000  1.000000e+000 -1.800000e+001
      vertex -1.100000e+001  1.000000e+000 -1.600000e+001
    endloop
  endfacet
  facet normal  0.000000e+000  1.000000e+000  0.000000e+000
    outer loop
      vertex  5.000000e+000  1.000000e+000 -1.700000e+001
      vertex  5.000000e+000  1.000000e+000 -1.500000e+001
      vertex  8.494155e+000  1.000000e+000 -1.800000e+001
    endloop
  endfacet
  facet normal  0.000000e+000  1.000000e+000  0.000000e+000
    outer loop
      vertex  5.000000e+000  1.000000e+000 -1.700000e+001
      vertex  8.494155e+000  1.000000e+000 -1.800000e+001
      vertex  8.111471e+000  1.000000e+000 -1.807612e+001
    endloop
  endfacet
  facet normal  0.000000e+000  1.000000e+000  0.000000e+000
    outer loop
      vertex  5.000000e+000  1.000000e+000 -1.700000e+001
      vertex  8.111471e+000  1.000000e+000 -1.807612e+001
      vertex  7.787048e+000  1.000000e+000 -1.829289e+001
    endloop
  endfacet
  facet normal  0.000000e+000  1.000000e+000  0.000000e+000
    outer loop
      vertex  5.000000e+000  1.000000e+000 -1.700000e+001
      vertex  7.787048e+000  1.000000e+000 -1.829289e+001
      vertex  7.570275e+000  1.000000e+000 -1.861732e+001
    endloop
  endfacet
  facet normal  0.000000e+000  1.000000e+000  0.000000e+000
    outer loop
      vertex  5.000000e+000  1.000000e+000 -1.700000e+001
      vertex  7.570275e+000  1.000000e+000 -1.861732e+001
      vertex  7.494155e+000  1.000000e+000 -1.900000e+001
    endloop
  endfacet
  facet normal  0.000000e+000  1.000000e+000  0.000000e+000
    outer loop
      vertex  5.000000e+000  1.000000e+000 -1.700000e+001
      vertex  7.494155e+000  1.000000e+000 -1.900000e+001
      vertex  7.570275e+000  1.000000e+000 -1.938268e+001
    endloop
  endfacet
  facet normal  0.000000e+000  1.000000e+000  0.000000e+000
    outer loop
      vertex  5.000000e+000  1.000000e+000 -1.700000e+001
      vertex  7.570275e+000  1.000000e+000 -1.938268e+001
      vertex  7.787048e+000  1.000000e+000 -1.970711e+001
    endloop
  endfacet
  facet normal  0.000000e+000  1.000000e+000  0.000000e+000
    outer loop
      vertex  5.000000e+000  1.000000e+000 -1.700000e+001
      vertex  7.787048e+000  1.000000e+000 -1.970711e+001
      vertex -5.000000e+000  1.000000e+000 -1.700000e+001
    endloop
  endfacet
  facet normal  0.000000e+000  1.000000e+000  -0.000000e+000
    outer loop
      vertex -5.000000e+000  1.000000e+000 -1.700000e+001
      vertex -7.494155e+000  1.000000e+000 -1.900000e+001
      vertex -7.570275e+000  1.000000e+000 -1.861732e+001
    endloop
  endfacet
  facet normal  0.000000e+000  1.000000e+000  -0.000000e+000
    outer loop
      vertex -5.000000e+000  1.000000e+000 -1.700000e+001
      vertex -7.570275e+000  1.000000e+000 -1.861732e+001
      vertex -7.787048e+000  1.000000e+000 -1.829289e+001
    endloop
  endfacet
  facet normal  0.000000e+000  1.000000e+000  -0.000000e+000
    outer loop
      vertex -5.000000e+000  1.000000e+000 -1.700000e+001
      vertex -7.787048e+000  1.000000e+000 -1.829289e+001
      vertex -8.111471e+000  1.000000e+000 -1.807612e+001
    endloop
  endfacet
  facet normal  0.000000e+000  1.000000e+000  -0.000000e+000
    outer loop
      vertex -5.000000e+000  1.000000e+000 -1.700000e+001
      vertex -8.111471e+000  1.000000e+000 -1.807612e+001
      vertex -8.494155e+000  1.000000e+000 -1.800000e+001
    endloop
  endfacet
  facet normal  0.000000e+000  1.000000e+000  0.000000e+000
    outer loop
      vertex -5.000000e+000  1.000000e+000 -1.700000e+001
      vertex -8.494155e+000  1.000000e+000 -1.800000e+001
      vertex -5.000000e+000  1.000000e+000 -1.500000e+001
    endloop
  endfacet
  facet normal  0.000000e+000  1.000000e+000  0.000000e+000
    outer loop
      vertex -1.249415e+001  1.000000e+000 -1.600000e+001
      vertex -1.100000e+001  1.000000e+000 -1.600000e+001
      vertex -8.494155e+000  1.000000e+000 -1.800000e+001
    endloop
  endfacet
  facet normal  0.000000e+000  1.000000e+000  0.000000e+000
    outer loop
      vertex -1.249415e+001  1.000000e+000 -1.600000e+001
      vertex -8.494155e+000  1.000000e+000 -1.800000e+001
      vertex -8.876839e+000  1.000000e+000 -1.807612e+001
    endloop
  endfacet
  facet normal  0.000000e+000  1.000000e+000  0.000000e+000
    outer loop
      vertex -1.249415e+001  1.000000e+000 -1.600000e+001
      vertex -8.876839e+000  1.000000e+000 -1.807612e+001
      vertex -1.249415e+001  1.000000e+000 -2.000000e+001
    endloop
  endfacet
  facet normal  0.000000e+000  1.000000e+000  0.000000e+000
    outer loop
      vertex -1.225000e+001  1.000000e+000 -2.000000e+001
      vertex -9.201262e+000  1.000000e+000 -1.970711e+001
      vertex -8.876839e+000  1.000000e+000 -1.992388e+001
    endloop
  endfacet
  facet normal  0.000000e+000  1.000000e+000  0.000000e+000
    outer loop
      vertex -1.225000e+001  1.000000e+000 -2.000000e+001
      vertex -8.876839e+000  1.000000e+000 -1.992388e+001
      vertex -8.494155e+000  1.000000e+000 -2.000000e+001
    endloop
  endfacet
  facet normal  0.000000e+000  1.000000e+000  0.000000e+000
    outer loop
      vertex -1.225000e+001  1.000000e+000 -2.000000e+001
      vertex -8.494155e+000  1.000000e+000 -2.000000e+001
      vertex  1.225000e+001  1.000000e+000 -2.300000e+001
    endloop
  endfacet
  facet normal  0.000000e+000  1.000000e+000  0.000000e+000
    outer loop
      vertex -1.225000e+001  1.000000e+000 -2.000000e+001
      vertex  1.225000e+001  1.000000e+000 -2.300000e+001
      vertex -1.225000e+001  1.000000e+000 -2.300000e+001
    endloop
  endfacet
  facet normal  -0.000000e+000  1.000000e+000  0.000000e+000
    outer loop
      vertex  1.225000e+001  1.000000e+000 -2.300000e+001
      vertex -8.494155e+000  1.000000e+000 -2.000000e+001
      vertex -8.111471e+000  1.000000e+000 -1.992388e+001
    endloop
  endfacet
  facet normal  -0.000000e+000  1.000000e+000  0.000000e+000
    outer loop
      vertex  1.225000e+001  1.000000e+000 -2.300000e+001
      vertex -8.111471e+000  1.000000e+000 -1.992388e+001
      vertex -7.787048e+000  1.000000e+000 -1.970711e+001
    endloop
  endfacet
  facet normal  -0.000000e+000  1.000000e+000  0.000000e+000
    outer loop
      vertex  1.225000e+001  1.000000e+000 -2.300000e+001
      vertex -7.787048e+000  1.000000e+000 -1.970711e+001
      vertex -7.570275e+000  1.000000e+000 -1.938268e+001
    endloop
  endfacet
  facet normal  -0.000000e+000  1.000000e+000  0.000000e+000
    outer loop
      vertex  1.225000e+001  1.000000e+000 -2.300000e+001
      vertex -7.570275e+000  1.000000e+000 -1.938268e+001
      vertex -7.494155e+000  1.000000e+000 -1.900000e+001
    endloop
  endfacet
  facet normal  -0.000000e+000  1.000000e+000  0.000000e+000
    outer loop
      vertex  1.225000e+001  1.000000e+000 -2.300000e+001
      vertex -7.494155e+000  1.000000e+000 -1.900000e+001
      vertex -5.000000e+000  1.000000e+000 -1.700000e+001
    endloop
  endfacet
  facet normal  0.000000e+000  1.000000e+000  0.000000e+000
    outer loop
      vertex  1.225000e+001  1.000000e+000 -2.300000e+001
      vertex -5.000000e+000  1.000000e+000 -1.700000e+001
      vertex  7.787048e+000  1.000000e+000 -1.970711e+001
    endloop
  endfacet
  facet normal  0.000000e+000  1.000000e+000  0.000000e+000
    outer loop
      vertex  1.225000e+001  1.000000e+000 -2.300000e+001
      vertex  7.787048e+000  1.000000e+000 -1.970711e+001
      vertex  8.111471e+000  1.000000e+000 -1.992388e+001
    endloop
  endfacet
  facet normal  0.000000e+000  1.000000e+000  0.000000e+000
    outer loop
      vertex  1.225000e+001  1.000000e+000 -2.300000e+001
      vertex  8.111471e+000  1.000000e+000 -1.992388e+001
      vertex  8.494155e+000  1.000000e+000 -2.000000e+001
    endloop
  endfacet
  facet normal  0.000000e+000  1.000000e+000  -0.000000e+000
    outer loop
      vertex  1.225000e+001  1.000000e+000 -2.000000e+001
      vertex  1.225000e+001  1.000000e+000 -2.300000e+001
      vertex  8.494155e+000  1.000000e+000 -2.000000e+001
    endloop
  endfacet
  facet normal  0.000000e+000  1.000000e+000  0.000000e+000
    outer loop
      vertex  1.225000e+001  1.000000e+000 -2.000000e+001
      vertex  8.494155e+000  1.000000e+000 -2.000000e+001
      vertex  8.876839e+000  1.000000e+000 -1.992388e+001
    endloop
  endfacet
  facet normal  0.000000e+000  1.000000e+000  0.000000e+000
    outer loop
      vertex  1.225000e+001  1.000000e+000 -2.000000e+001
      vertex  8.876839e+000  1.000000e+000 -1.992388e+001
      vertex  1.249415e+001  1.000000e+000 -2.000000e+001
    endloop
  endfacet
  facet normal  0.000000e+000  1.000000e+000  -0.000000e+000
    outer loop
      vertex  1.600000e+001  1.000000e+000  2.300000e+001
      vertex  1.600000e+001  1.000000e+000  1.800000e+001
      vertex  1.442388e+001  1.000000e+000  2.088268e+001
    endloop
  endfacet
  facet normal  0.000000e+000  1.000000e+000  -0.000000e+000
    outer loop
      vertex  1.600000e+001  1.000000e+000  2.300000e+001
      vertex  1.442388e+001  1.000000e+000  2.088268e+001
      vertex  1.420711e+001  1.000000e+000  2.120711e+001
    endloop
  endfacet
  facet normal  0.000000e+000  1.000000e+000  -0.000000e+000
    outer loop
      vertex  1.600000e+001  1.000000e+000  2.300000e+001
      vertex  1.420711e+001  1.000000e+000  2.120711e+001
      vertex  1.388268e+001  1.000000e+000  2.142388e+001
    endloop
  endfacet
  facet normal  0.000000e+000  1.000000e+000  -0.000000e+000
    outer loop
      vertex  1.600000e+001  1.000000e+000  2.300000e+001
      vertex  1.388268e+001  1.000000e+000  2.142388e+001
      vertex  1.350000e+001  1.000000e+000  2.150000e+001
    endloop
  endfacet
  facet normal  0.000000e+000  1.000000e+000  -0.000000e+000
    outer loop
      vertex  1.600000e+001  1.000000e+000  2.300000e+001
      vertex  1.350000e+001  1.000000e+000  2.150000e+001
      vertex  1.000000e+001  1.000000e+000  2.300000e+001
    endloop
  endfacet
  facet normal  0.000000e+000  1.000000e+000  0.000000e+000
    outer loop
      vertex -1.000000e+001  1.000000e+000  2.300000e+001
      vertex -5.000000e+000  1.000000e+000  1.800000e+001
      vertex -8.494155e+000  1.000000e+000 -1.800000e+001
    endloop
  endfacet
  facet normal  0.000000e+000  1.000000e+000  0.000000e+000
    outer loop
      vertex -1.000000e+001  1.000000e+000  2.300000e+001
      vertex -8.494155e+000  1.000000e+000 -1.800000e+001
      vertex -1.100000e+001  1.000000e+000  1.300000e+001
    endloop
  endfacet
  facet normal  0.000000e+000  1.000000e+000  -0.000000e+000
    outer loop
      vertex -1.000000e+001  1.000000e+000  2.300000e+001
      vertex -1.100000e+001  1.000000e+000  1.300000e+001
      vertex -1.250000e+001  1.000000e+000  2.050000e+001
    endloop
  endfacet
  facet normal  0.000000e+000  1.000000e+000  -0.000000e+000
    outer loop
      vertex -1.000000e+001  1.000000e+000  2.300000e+001
      vertex -1.250000e+001  1.000000e+000  2.050000e+001
      vertex -1.257612e+001  1.000000e+000  2.088268e+001
    endloop
  endfacet
  facet normal  0.000000e+000  1.000000e+000  -0.000000e+000
    outer loop
      vertex -1.000000e+001  1.000000e+000  2.300000e+001
      vertex -1.257612e+001  1.000000e+000  2.088268e+001
      vertex -1.279289e+001  1.000000e+000  2.120711e+001
    endloop
  endfacet
  facet normal  0.000000e+000  9.999999e-001  -0.000000e+000
    outer loop
      vertex -1.000000e+001  1.000000e+000  2.300000e+001
      vertex -1.279289e+001  1.000000e+000  2.120711e+001
      vertex -1.311732e+001  1.000000e+000  2.142388e+001
    endloop
  endfacet
  facet normal  0.000000e+000  9.999999e-001  -0.000000e+000
    outer loop
      vertex -1.000000e+001  1.000000e+000  2.300000e+001
      vertex -1.311732e+001  1.000000e+000  2.142388e+001
      vertex -1.350000e+001  1.000000e+000  2.150000e+001
    endloop
  endfacet
  facet normal  0.000000e+000  1.000000e+000  -0.000000e+000
    outer loop
      vertex -1.000000e+001  1.000000e+000  2.300000e+001
      vertex -1.350000e+001  1.000000e+000  2.150000e+001
      vertex -1.600000e+001  1.000000e+000  2.300000e+001
    endloop
  endfacet
  facet normal  0.000000e+000  9.999999e-001  0.000000e+000
    outer loop
      vertex  1.000000e+001  1.000000e+000  2.300000e+001
      vertex  1.350000e+001  1.000000e+000  2.150000e+001
      vertex  1.311732e+001  1.000000e+000  2.142388e+001
    endloop
  endfacet
  facet normal  0.000000e+000  9.999999e-001  0.000000e+000
    outer loop
      vertex  1.000000e+001  1.000000e+000  2.300000e+001
      vertex  1.311732e+001  1.000000e+000  2.142388e+001
      vertex  1.279289e+001  1.000000e+000  2.120711e+001
    endloop
  endfacet
  facet normal  0.000000e+000  1.000000e+000  0.000000e+000
    outer loop
      vertex  1.000000e+001  1.000000e+000  2.300000e+001
      vertex  1.279289e+001  1.000000e+000  2.120711e+001
      vertex  1.257612e+001  1.000000e+000  2.088268e+001
    endloop
  endfacet
  facet normal  0.000000e+000  1.000000e+000  0.000000e+000
    outer loop
      vertex  1.000000e+001  1.000000e+000  2.300000e+001
      vertex  1.257612e+001  1.000000e+000  2.088268e+001
      vertex  1.250000e+001  1.000000e+000  2.050000e+001
    endloop
  endfacet
  facet normal  0.000000e+000  1.000000e+000  0.000000e+000
    outer loop
      vertex  1.000000e+001  1.000000e+000  2.300000e+001
      vertex  1.250000e+001  1.000000e+000  2.050000e+001
      vertex  1.100000e+001  1.000000e+000  1.300000e+001
    endloop
  endfacet
  facet normal  0.000000e+000  1.000000e+000  0.000000e+000
    outer loop
      vertex  1.000000e+001  1.000000e+000  2.300000e+001
      vertex  1.100000e+001  1.000000e+000  1.300000e+001
      vertex  8.494155e+000  1.000000e+000 -1.800000e+001
    endloop
  endfacet
  facet normal  0.000000e+000  1.000000e+000  -0.000000e+000
    outer loop
      vertex  1.000000e+001  1.000000e+000  2.300000e+001
      vertex  8.494155e+000  1.000000e+000 -1.800000e+001
      vertex  5.000000e+000  1.000000e+000  1.800000e+001
    endloop
  endfacet
  facet normal  0.000000e+000  1.000000e+000  -0.000000e+000
    outer loop
      vertex  1.600000e+001  1.000000e+000  1.800000e+001
      vertex  1.400000e+001  1.000000e+000  1.800000e+001
      vertex  1.350000e+001  1.000000e+000  1.950000e+001
    endloop
  endfacet
  facet normal  -0.000000e+000  1.000000e+000  0.000000e+000
    outer loop
      vertex  1.600000e+001  1.000000e+000  1.800000e+001
      vertex  1.350000e+001  1.000000e+000  1.950000e+001
      vertex  1.388268e+001  1.000000e+000  1.957612e+001
    endloop
  endfacet
  facet normal  -0.000000e+000  1.000000e+000  0.000000e+000
    outer loop
      vertex  1.600000e+001  1.000000e+000  1.800000e+001
      vertex  1.388268e+001  1.000000e+000  1.957612e+001
      vertex  1.420711e+001  1.000000e+000  1.979289e+001
    endloop
  endfacet
  facet normal  -0.000000e+000  1.000000e+000  0.000000e+000
    outer loop
      vertex  1.600000e+001  1.000000e+000  1.800000e+001
      vertex  1.420711e+001  1.000000e+000  1.979289e+001
      vertex  1.442388e+001  1.000000e+000  2.011732e+001
    endloop
  endfacet
  facet normal  -0.000000e+000  1.000000e+000  0.000000e+000
    outer loop
      vertex  1.600000e+001  1.000000e+000  1.800000e+001
      vertex  1.442388e+001  1.000000e+000  2.011732e+001
      vertex  1.450000e+001  1.000000e+000  2.050000e+001
    endloop
  endfacet
  facet normal  -0.000000e+000  1.000000e+000  -0.000000e+000
    outer loop
      vertex  1.600000e+001  1.000000e+000  1.800000e+001
      vertex  1.450000e+001  1.000000e+000  2.050000e+001
      vertex  1.442388e+001  1.000000e+000  2.088268e+001
    endloop
  endfacet
  facet normal  0.000000e+000  1.000000e+000  0.000000e+000
    outer loop
      vertex  1.100000e+001  1.000000e+000  1.300000e+001
      vertex  1.250000e+001  1.000000e+000  2.050000e+001
      vertex  1.257612e+001  1.000000e+000  2.011732e+001
    endloop
  endfacet
  facet normal  0.000000e+000  1.000000e+000  0.000000e+000
    outer loop
      vertex  1.100000e+001  1.000000e+000  1.300000e+001
      vertex  1.257612e+001  1.000000e+000  2.011732e+001
      vertex  1.279289e+001  1.000000e+000  1.979289e+001
    endloop
  endfacet
  facet normal  0.000000e+000  1.000000e+000  0.000000e+000
    outer loop
      vertex  1.100000e+001  1.000000e+000  1.300000e+001
      vertex  1.279289e+001  1.000000e+000  1.979289e+001
      vertex  1.311732e+001  1.000000e+000  1.957612e+001
    endloop
  endfacet
  facet normal  0.000000e+000  1.000000e+000  0.000000e+000
    outer loop
      vertex  1.100000e+001  1.000000e+000  1.300000e+001
      vertex  1.311732e+001  1.000000e+000  1.957612e+001
      vertex  1.350000e+001  1.000000e+000  1.950000e+001
    endloop
  endfacet
  facet normal  0.000000e+000  1.000000e+000  0.000000e+000
    outer loop
      vertex  1.100000e+001  1.000000e+000  1.300000e+001
      vertex  1.350000e+001  1.000000e+000  1.950000e+001
      vertex  1.400000e+001  1.000000e+000  1.800000e+001
    endloop
  endfacet
  facet normal  0.000000e+000  1.000000e+000  0.000000e+000
    outer loop
      vertex  1.100000e+001  1.000000e+000  1.300000e+001
      vertex  1.400000e+001  1.000000e+000  1.800000e+001
      vertex  1.400000e+001  1.000000e+000  1.300000e+001
    endloop
  endfacet
  facet normal  -0.000000e+000  1.000000e+000  0.000000e+000
    outer loop
      vertex  1.249415e+001  1.000000e+000 -2.000000e+001
      vertex  8.876839e+000  1.000000e+000 -1.992388e+001
      vertex  9.201262e+000  1.000000e+000 -1.970711e+001
    endloop
  endfacet
  facet normal  -0.000000e+000  1.000000e+000  0.000000e+000
    outer loop
      vertex  1.249415e+001  1.000000e+000 -2.000000e+001
      vertex  9.201262e+000  1.000000e+000 -1.970711e+001
      vertex  9.418035e+000  1.000000e+000 -1.938268e+001
    endloop
  endfacet
  facet normal  -0.000000e+000  1.000000e+000  0.000000e+000
    outer loop
      vertex  1.249415e+001  1.000000e+000 -2.000000e+001
      vertex  9.418035e+000  1.000000e+000 -1.938268e+001
      vertex  9.494155e+000  1.000000e+000 -1.900000e+001
    endloop
  endfacet
  facet normal  -0.000000e+000  1.000000e+000  -0.000000e+000
    outer loop
      vertex  1.249415e+001  1.000000e+000 -2.000000e+001
      vertex  9.494155e+000  1.000000e+000 -1.900000e+001
      vertex  9.418035e+000  1.000000e+000 -1.861732e+001
    endloop
  endfacet
  facet normal  -0.000000e+000  1.000000e+000  -0.000000e+000
    outer loop
      vertex  1.249415e+001  1.000000e+000 -2.000000e+001
      vertex  9.418035e+000  1.000000e+000 -1.861732e+001
      vertex  9.201262e+000  1.000000e+000 -1.829289e+001
    endloop
  endfacet
  facet normal  -0.000000e+000  1.000000e+000  -0.000000e+000
    outer loop
      vertex  1.249415e+001  1.000000e+000 -2.000000e+001
      vertex  9.201262e+000  1.000000e+000 -1.829289e+001
      vertex  8.876839e+000  1.000000e+000 -1.807612e+001
    endloop
  endfacet
  facet normal  -0.000000e+000  1.000000e+000  0.000000e+000
    outer loop
      vertex  1.249415e+001  1.000000e+000 -2.000000e+001
      vertex  8.876839e+000  1.000000e+000 -1.807612e+001
      vertex  1.249415e+001  1.000000e+000 -1.600000e+001
    endloop
  endfacet
  facet normal  0.000000e+000  1.000000e+000  0.000000e+000
    outer loop
      vertex -1.100000e+001  1.000000e+000  1.300000e+001
      vertex -1.400000e+001  1.000000e+000  1.300000e+001
      vertex -1.400000e+001  1.000000e+000  1.800000e+001
    endloop
  endfacet
  facet normal  -0.000000e+000  1.000000e+000  0.000000e+000
    outer loop
      vertex -1.100000e+001  1.000000e+000  1.300000e+001
      vertex -1.400000e+001  1.000000e+000  1.800000e+001
      vertex -1.350000e+001  1.000000e+000  1.950000e+001
    endloop
  endfacet
  facet normal  -0.000000e+000  1.000000e+000  0.000000e+000
    outer loop
      vertex -1.100000e+001  1.000000e+000  1.300000e+001
      vertex -1.350000e+001  1.000000e+000  1.950000e+001
      vertex -1.311732e+001  1.000000e+000  1.957612e+001
    endloop
  endfacet
  facet normal  -0.000000e+000  1.000000e+000  0.000000e+000
    outer loop
      vertex -1.100000e+001  1.000000e+000  1.300000e+001
      vertex -1.311732e+001  1.000000e+000  1.957612e+001
      vertex -1.279289e+001  1.000000e+000  1.979289e+001
    endloop
  endfacet
  facet normal  -0.000000e+000  1.000000e+000  0.000000e+000
    outer loop
      vertex -1.100000e+001  1.000000e+000  1.300000e+001
      vertex -1.279289e+001  1.000000e+000  1.979289e+001
      vertex -1.257612e+001  1.000000e+000  2.011732e+001
    endloop
  endfacet
  facet normal  -0.000000e+000  1.000000e+000  0.000000e+000
    outer loop
      vertex -1.100000e+001  1.000000e+000  1.300000e+001
      vertex -1.257612e+001  1.000000e+000  2.011732e+001
      vertex -1.250000e+001  1.000000e+000  2.050000e+001
    endloop
  endfacet
  facet normal  0.000000e+000  1.000000e+000  0.000000e+000
    outer loop
      vertex -1.249415e+001  1.000000e+000 -2.000000e+001
      vertex -8.876839e+000  1.000000e+000 -1.807612e+001
      vertex -9.201262e+000  1.000000e+000 -1.829289e+001
    endloop
  endfacet
  facet normal  0.000000e+000  1.000000e+000  0.000000e+000
    outer loop
      vertex -1.249415e+001  1.000000e+000 -2.000000e+001
      vertex -9.201262e+000  1.000000e+000 -1.829289e+001
      vertex -9.418035e+000  1.000000e+000 -1.861732e+001
    endloop
  endfacet
  facet normal  0.000000e+000  1.000000e+000  0.000000e+000
    outer loop
      vertex -1.249415e+001  1.000000e+000 -2.000000e+001
      vertex -9.418035e+000  1.000000e+000 -1.861732e+001
      vertex -9.494155e+000  1.000000e+000 -1.900000e+001
    endloop
  endfacet
  facet normal  0.000000e+000  1.000000e+000  0.000000e+000
    outer loop
      vertex -1.249415e+001  1.000000e+000 -2.000000e+001
      vertex -9.494155e+000  1.000000e+000 -1.900000e+001
      vertex -9.418035e+000  1.000000e+000 -1.938268e+001
    endloop
  endfacet
  facet normal  0.000000e+000  1.000000e+000  0.000000e+000
    outer loop
      vertex -1.249415e+001  1.000000e+000 -2.000000e+001
      vertex -9.418035e+000  1.000000e+000 -1.938268e+001
      vertex -9.201262e+000  1.000000e+000 -1.970711e+001
    endloop
  endfacet
  facet normal  0.000000e+000  1.000000e+000  0.000000e+000
    outer loop
      vertex -1.249415e+001  1.000000e+000 -2.000000e+001
      vertex -9.201262e+000  1.000000e+000 -1.970711e+001
      vertex -1.225000e+001  1.000000e+000 -2.000000e+001
    endloop
  endfacet
  facet normal  0.000000e+000  1.000000e+000  0.000000e+000
    outer loop
      vertex -1.600000e+001  1.000000e+000  1.800000e+001
      vertex -1.442388e+001  1.000000e+000  2.088268e+001
      vertex -1.450000e+001  1.000000e+000  2.050000e+001
    endloop
  endfacet
  facet normal  0.000000e+000  1.000000e+000  0.000000e+000
    outer loop
      vertex -1.600000e+001  1.000000e+000  1.800000e+001
      vertex -1.450000e+001  1.000000e+000  2.050000e+001
      vertex -1.442388e+001  1.000000e+000  2.011732e+001
    endloop
  endfacet
  facet normal  0.000000e+000  1.000000e+000  0.000000e+000
    outer loop
      vertex -1.600000e+001  1.000000e+000  1.800000e+001
      vertex -1.442388e+001  1.000000e+000  2.011732e+001
      vertex -1.420711e+001  1.000000e+000  1.979289e+001
    endloop
  endfacet
  facet normal  0.000000e+000  1.000000e+000  0.000000e+000
    outer loop
      vertex -1.600000e+001  1.000000e+000  1.800000e+001
      vertex -1.420711e+001  1.000000e+000  1.979289e+001
      vertex -1.388268e+001  1.000000e+000  1.957612e+001
    endloop
  endfacet
  facet normal  0.000000e+000  1.000000e+000  0.000000e+000
    outer loop
      vertex -1.600000e+001  1.000000e+000  1.800000e+001
      vertex -1.388268e+001  1.000000e+000  1.957612e+001
      vertex -1.350000e+001  1.000000e+000  1.950000e+001
    endloop
  endfacet
  facet normal  0.000000e+000  1.000000e+000  0.000000e+000
    outer loop
      vertex -1.600000e+001  1.000000e+000  1.800000e+001
      vertex -1.350000e+001  1.000000e+000  1.950000e+001
      vertex -1.400000e+001  1.000000e+000  1.800000e+001
    endloop
  endfacet
  facet normal  0.000000e+000  1.000000e+000  0.000000e+000
    outer loop
      vertex -1.600000e+001  1.000000e+000  2.300000e+001
      vertex -1.350000e+001  1.000000e+000  2.150000e+001
      vertex -1.388268e+001  1.000000e+000  2.142388e+001
    endloop
  endfacet
  facet normal  0.000000e+000  1.000000e+000  0.000000e+000
    outer loop
      vertex -1.600000e+001  1.000000e+000  2.300000e+001
      vertex -1.388268e+001  1.000000e+000  2.142388e+001
      vertex -1.420711e+001  1.000000e+000  2.120711e+001
    endloop
  endfacet
  facet normal  0.000000e+000  1.000000e+000  0.000000e+000
    outer loop
      vertex -1.600000e+001  1.000000e+000  2.300000e+001
      vertex -1.420711e+001  1.000000e+000  2.120711e+001
      vertex -1.442388e+001  1.000000e+000  2.088268e+001
    endloop
  endfacet
  facet normal  0.000000e+000  1.000000e+000  0.000000e+000
    outer loop
      vertex -1.600000e+001  1.000000e+000  2.300000e+001
      vertex -1.442388e+001  1.000000e+000  2.088268e+001
      vertex -1.600000e+001  1.000000e+000  1.800000e+001
    endloop
  endfacet
  facet normal  0.000000e+000  1.000000e+000  -0.000000e+000
    outer loop
      vertex  5.000000e+000  1.000000e+000  1.600000e+001
      vertex  5.000000e+000  1.000000e+000 -1.500000e+001
      vertex -5.000000e+000  1.000000e+000  1.600000e+001
    endloop
  endfacet
  facet normal  0.000000e+000  1.000000e+000  0.000000e+000
    outer loop
      vertex -5.000000e+000  1.000000e+000  1.600000e+001
      vertex  5.000000e+000  1.000000e+000 -1.500000e+001
      vertex -5.000000e+000  1.000000e+000 -1.500000e+001
    endloop
  endfacet
  facet normal  0.000000e+000  1.000000e+000  -0.000000e+000
    outer loop
      vertex -5.000000e+000  1.000000e+000  1.600000e+001
      vertex -5.000000e+000  1.000000e+000 -1.500000e+001
      vertex -8.494155e+000  1.000000e+000 -1.800000e+001
    endloop
  endfacet
  facet normal -1.000000e+000  0.000000e+000  0.000000e+000
    outer loop
      vertex -1.400000e+001  1.000000e+000  1.300000e+001
      vertex -1.400000e+001  0.000000e+000  1.300000e+001
      vertex -1.400000e+001  1.000000e+000  1.800000e+001
    endloop
  endfacet
  facet normal -1.000000e+000  -0.000000e+000  0.000000e+000
    outer loop
      vertex -1.400000e+001  1.000000e+000  1.800000e+001
      vertex -1.400000e+001  0.000000e+000  1.300000e+001
      vertex -1.400000e+001  0.000000e+000  1.800000e+001
    endloop
  endfacet
  facet normal  0.000000e+000  0.000000e+000 -1.000000e+000
    outer loop
      vertex -1.100000e+001  1.000000e+000  1.300000e+001
      vertex -1.100000e+001  0.000000e+000  1.300000e+001
      vertex -1.400000e+001  1.000000e+000  1.300000e+001
    endloop
  endfacet
  facet normal  0.000000e+000  0.000000e+000 -1.000000e+000
    outer loop
      vertex -1.400000e+001  1.000000e+000  1.300000e+001
      vertex -1.100000e+001  0.000000e+000  1.300000e+001
      vertex -1.400000e+001  0.000000e+000  1.300000e+001
    endloop
  endfacet
  facet normal -1.000000e+000  0.000000e+000  0.000000e+000
    outer loop
      vertex -1.100000e+001  1.000000e+000 -1.600000e+001
      vertex -1.100000e+001  0.000000e+000 -1.600000e+001
      vertex -1.100000e+001  1.000000e+000  1.300000e+001
    endloop
  endfacet
  facet normal -1.000000e+000  -0.000000e+000  0.000000e+000
    outer loop
      vertex -1.100000e+001  1.000000e+000  1.300000e+001
      vertex -1.100000e+001  0.000000e+000 -1.600000e+001
      vertex -1.100000e+001  0.000000e+000  1.300000e+001
    endloop
  endfacet
  facet normal -7.071068e-001  0.000000e+000  7.071068e-001
    outer loop
      vertex  5.000000e+000  1.000000e+000  1.800000e+001
      vertex  5.000000e+000  0.000000e+000  1.800000e+001
      vertex  1.000000e+001  1.000000e+000  2.300000e+001
    endloop
  endfacet
  facet normal -7.071068e-001  0.000000e+000  7.071068e-001
    outer loop
      vertex  1.000000e+001  1.000000e+000  2.300000e+001
      vertex  5.000000e+000  0.000000e+000  1.800000e+001
      vertex  1.000000e+001  0.000000e+000  2.300000e+001
    endloop
  endfacet
  facet normal  7.071068e-001  -0.000000e+000  7.071068e-001
    outer loop
      vertex -1.000000e+001  1.000000e+000  2.300000e+001
      vertex -1.000000e+001  0.000000e+000  2.300000e+001
      vertex -5.000000e+000  1.000000e+000  1.800000e+001
    endloop
  endfacet
  facet normal  7.071068e-001  0.000000e+000  7.071068e-001
    outer loop
      vertex -5.000000e+000  1.000000e+000  1.800000e+001
      vertex -1.000000e+001  0.000000e+000  2.300000e+001
      vertex -5.000000e+000  0.000000e+000  1.800000e+001
    endloop
  endfacet
  facet normal  0.000000e+000 -1.000000e+000  0.000000e+000
    outer loop
      vertex  1.100000e+001  0.000000e+000  1.300000e+001
      vertex  8.494155e+000  0.000000e+000 -1.800000e+001
      vertex  1.100000e+001  0.000000e+000 -1.600000e+001
    endloop
  endfacet
  facet normal  -0.000000e+000 -1.000000e+000  0.000000e+000
    outer loop
      vertex  8.494155e+000  0.000000e+000 -1.800000e+001
      vertex  1.249415e+001  0.000000e+000 -1.600000e+001
      vertex  1.100000e+001  0.000000e+000 -1.600000e+001
    endloop
  endfacet
  facet normal  0.000000e+000 -1.000000e+000  0.000000e+000
    outer loop
      vertex  8.494155e+000  0.000000e+000 -1.800000e+001
      vertex  8.876839e+000  0.000000e+000 -1.807612e+001
      vertex  1.249415e+001  0.000000e+000 -1.600000e+001
    endloop
  endfacet
  facet normal  0.000000e+000 -1.000000e+000  0.000000e+000
    outer loop
      vertex -1.100000e+001  0.000000e+000 -1.600000e+001
      vertex -8.494155e+000  0.000000e+000 -1.800000e+001
      vertex -1.100000e+001  0.000000e+000  1.300000e+001
    endloop
  endfacet
  facet normal  0.000000e+000 -1.000000e+000  0.000000e+000
    outer loop
      vertex  1.225000e+001  0.000000e+000 -2.000000e+001
      vertex  1.249415e+001  0.000000e+000 -2.000000e+001
      vertex  8.876839e+000  0.000000e+000 -1.992388e+001
    endloop
  endfacet
  facet normal  0.000000e+000 -1.000000e+000  -0.000000e+000
    outer loop
      vertex  1.225000e+001  0.000000e+000 -2.000000e+001
      vertex  8.876839e+000  0.000000e+000 -1.992388e+001
      vertex  8.494155e+000  0.000000e+000 -2.000000e+001
    endloop
  endfacet
  facet normal  0.000000e+000 -1.000000e+000  0.000000e+000
    outer loop
      vertex  1.225000e+001  0.000000e+000 -2.000000e+001
      vertex  8.494155e+000  0.000000e+000 -2.000000e+001
      vertex  1.225000e+001  0.000000e+000 -2.300000e+001
    endloop
  endfacet
  facet normal  0.000000e+000 -1.000000e+000  0.000000e+000
    outer loop
      vertex -1.249415e+001  0.000000e+000 -1.600000e+001
      vertex -1.249415e+001  0.000000e+000 -2.000000e+001
      vertex -8.876839e+000  0.000000e+000 -1.807612e+001
    endloop
  endfacet
  facet normal  0.000000e+000 -1.000000e+000  0.000000e+000
    outer loop
      vertex -1.249415e+001  0.000000e+000 -1.600000e+001
      vertex -8.876839e+000  0.000000e+000 -1.807612e+001
      vertex -8.494155e+000  0.000000e+000 -1.800000e+001
    endloop
  endfacet
  facet normal  0.000000e+000 -1.000000e+000  0.000000e+000
    outer loop
      vertex -1.249415e+001  0.000000e+000 -1.600000e+001
      vertex -8.494155e+000  0.000000e+000 -1.800000e+001
      vertex -1.100000e+001  0.000000e+000 -1.600000e+001
    endloop
  endfacet
  facet normal  0.000000e+000 -1.000000e+000  0.000000e+000
    outer loop
      vertex -1.225000e+001  0.000000e+000 -2.000000e+001
      vertex -1.225000e+001  0.000000e+000 -2.300000e+001
      vertex  1.225000e+001  0.000000e+000 -2.300000e+001
    endloop
  endfacet
  facet normal  0.000000e+000 -1.000000e+000  0.000000e+000
    outer loop
      vertex -1.225000e+001  0.000000e+000 -2.000000e+001
      vertex  1.225000e+001  0.000000e+000 -2.300000e+001
      vertex -8.494155e+000  0.000000e+000 -2.000000e+001
    endloop
  endfacet
  facet normal  0.000000e+000 -1.000000e+000  0.000000e+000
    outer loop
      vertex -1.225000e+001  0.000000e+000 -2.000000e+001
      vertex -8.494155e+000  0.000000e+000 -2.000000e+001
      vertex -8.876839e+000  0.000000e+000 -1.992388e+001
    endloop
  endfacet
  facet normal  -0.000000e+000 -1.000000e+000  0.000000e+000
    outer loop
      vertex -1.225000e+001  0.000000e+000 -2.000000e+001
      vertex -8.876839e+000  0.000000e+000 -1.992388e+001
      vertex -9.201262e+000  0.000000e+000 -1.970711e+001
    endloop
  endfacet
  facet normal  0.000000e+000 -1.000000e+000  0.000000e+000
    outer loop
      vertex  1.000000e+001  0.000000e+000  2.300000e+001
      vertex  5.000000e+000  0.000000e+000  1.800000e+001
      vertex  8.494155e+000  0.000000e+000 -1.800000e+001
    endloop
  endfacet
  facet normal  0.000000e+000 -1.000000e+000  0.000000e+000
    outer loop
      vertex  1.000000e+001  0.000000e+000  2.300000e+001
      vertex  8.494155e+000  0.000000e+000 -1.800000e+001
      vertex  1.100000e+001  0.000000e+000  1.300000e+001
    endloop
  endfacet
  facet normal  0.000000e+000 -1.000000e+000  0.000000e+000
    outer loop
      vertex  1.000000e+001  0.000000e+000  2.300000e+001
      vertex  1.100000e+001  0.000000e+000  1.300000e+001
      vertex  1.250000e+001  0.000000e+000  2.050000e+001
    endloop
  endfacet
  facet normal  0.000000e+000 -1.000000e+000  0.000000e+000
    outer loop
      vertex  1.000000e+001  0.000000e+000  2.300000e+001
      vertex  1.250000e+001  0.000000e+000  2.050000e+001
      vertex  1.257612e+001  0.000000e+000  2.088268e+001
    endloop
  endfacet
  facet normal  0.000000e+000 -1.000000e+000  0.000000e+000
    outer loop
      vertex  1.000000e+001  0.000000e+000  2.300000e+001
      vertex  1.257612e+001  0.000000e+000  2.088268e+001
      vertex  1.279289e+001  0.000000e+000  2.120711e+001
    endloop
  endfacet
  facet normal  0.000000e+000 -9.999999e-001  0.000000e+000
    outer loop
      vertex  1.000000e+001  0.000000e+000  2.300000e+001
      vertex  1.279289e+001  0.000000e+000  2.120711e+001
      vertex  1.311732e+001  0.000000e+000  2.142388e+001
    endloop
  endfacet
  facet normal  0.000000e+000 -9.999999e-001  0.000000e+000
    outer loop
      vertex  1.000000e+001  0.000000e+000  2.300000e+001
      vertex  1.311732e+001  0.000000e+000  2.142388e+001
      vertex  1.350000e+001  0.000000e+000  2.150000e+001
    endloop
  endfacet
  facet normal  0.000000e+000 -1.000000e+000  0.000000e+000
    outer loop
      vertex -1.000000e+001  0.000000e+000  2.300000e+001
      vertex -1.600000e+001  0.000000e+000  2.300000e+001
      vertex -1.350000e+001  0.000000e+000  2.150000e+001
    endloop
  endfacet
  facet normal  0.000000e+000 -9.999999e-001  0.000000e+000
    outer loop
      vertex -1.000000e+001  0.000000e+000  2.300000e+001
      vertex -1.350000e+001  0.000000e+000  2.150000e+001
      vertex -1.311732e+001  0.000000e+000  2.142388e+001
    endloop
  endfacet
  facet normal  0.000000e+000 -9.999999e-001  0.000000e+000
    outer loop
      vertex -1.000000e+001  0.000000e+000  2.300000e+001
      vertex -1.311732e+001  0.000000e+000  2.142388e+001
      vertex -1.279289e+001  0.000000e+000  2.120711e+001
    endloop
  endfacet
  facet normal  0.000000e+000 -1.000000e+000  0.000000e+000
    outer loop
      vertex -1.000000e+001  0.000000e+000  2.300000e+001
      vertex -1.279289e+001  0.000000e+000  2.120711e+001
      vertex -1.257612e+001  0.000000e+000  2.088268e+001
    endloop
  endfacet
  facet normal  0.000000e+000 -1.000000e+000  0.000000e+000
    outer loop
      vertex -1.000000e+001  0.000000e+000  2.300000e+001
      vertex -1.257612e+001  0.000000e+000  2.088268e+001
      vertex -1.250000e+001  0.000000e+000  2.050000e+001
    endloop
  endfacet
  facet normal  0.000000e+000 -1.000000e+000  0.000000e+000
    outer loop
      vertex -1.000000e+001  0.000000e+000  2.300000e+001
      vertex -1.250000e+001  0.000000e+000  2.050000e+001
      vertex -1.100000e+001  0.000000e+000  1.300000e+001
    endloop
  endfacet
  facet normal  0.000000e+000 -1.000000e+000  0.000000e+000
    outer loop
      vertex -1.000000e+001  0.000000e+000  2.300000e+001
      vertex -1.100000e+001  0.000000e+000  1.300000e+001
      vertex -8.494155e+000  0.000000e+000 -1.800000e+001
    endloop
  endfacet
  facet normal  0.000000e+000 -1.000000e+000  0.000000e+000
    outer loop
      vertex -1.000000e+001  0.000000e+000  2.300000e+001
      vertex -8.494155e+000  0.000000e+000 -1.800000e+001
      vertex -5.000000e+000  0.000000e+000  1.800000e+001
    endloop
  endfacet
  facet normal  0.000000e+000 -1.000000e+000  0.000000e+000
    outer loop
      vertex  1.600000e+001  0.000000e+000  2.300000e+001
      vertex  1.000000e+001  0.000000e+000  2.300000e+001
      vertex  1.350000e+001  0.000000e+000  2.150000e+001
    endloop
  endfacet
  facet normal  0.000000e+000 -1.000000e+000  0.000000e+000
    outer loop
      vertex  1.600000e+001  0.000000e+000  2.300000e+001
      vertex  1.350000e+001  0.000000e+000  2.150000e+001
      vertex  1.388268e+001  0.000000e+000  2.142388e+001
    endloop
  endfacet
  facet normal  0.000000e+000 -1.000000e+000  0.000000e+000
    outer loop
      vertex  1.600000e+001  0.000000e+000  2.300000e+001
      vertex  1.388268e+001  0.000000e+000  2.142388e+001
      vertex  1.420711e+001  0.000000e+000  2.120711e+001
    endloop
  endfacet
  facet normal  0.000000e+000 -1.000000e+000  0.000000e+000
    outer loop
      vertex  1.600000e+001  0.000000e+000  2.300000e+001
      vertex  1.420711e+001  0.000000e+000  2.120711e+001
      vertex  1.442388e+001  0.000000e+000  2.088268e+001
    endloop
  endfacet
  facet normal  0.000000e+000 -1.000000e+000  0.000000e+000
    outer loop
      vertex  1.600000e+001  0.000000e+000  2.300000e+001
      vertex  1.442388e+001  0.000000e+000  2.088268e+001
      vertex  1.600000e+001  0.000000e+000  1.800000e+001
    endloop
  endfacet
  facet normal  0.000000e+000 -1.000000e+000  0.000000e+000
    outer loop
      vertex  1.600000e+001  0.000000e+000  1.800000e+001
      vertex  1.442388e+001  0.000000e+000  2.088268e+001
      vertex  1.450000e+001  0.000000e+000  2.050000e+001
    endloop
  endfacet
  facet normal  0.000000e+000 -1.000000e+000  -0.000000e+000
    outer loop
      vertex  1.600000e+001  0.000000e+000  1.800000e+001
      vertex  1.450000e+001  0.000000e+000  2.050000e+001
      vertex  1.442388e+001  0.000000e+000  2.011732e+001
    endloop
  endfacet
  facet normal  0.000000e+000 -1.000000e+000  -0.000000e+000
    outer loop
      vertex  1.600000e+001  0.000000e+000  1.800000e+001
      vertex  1.442388e+001  0.000000e+000  2.011732e+001
      vertex  1.420711e+001  0.000000e+000  1.979289e+001
    endloop
  endfacet
  facet normal  0.000000e+000 -1.000000e+000  -0.000000e+000
    outer loop
      vertex  1.600000e+001  0.000000e+000  1.800000e+001
      vertex  1.420711e+001  0.000000e+000  1.979289e+001
      vertex  1.388268e+001  0.000000e+000  1.957612e+001
    endloop
  endfacet
  facet normal  0.000000e+000 -1.000000e+000  -0.000000e+000
    outer loop
      vertex  1.600000e+001  0.000000e+000  1.800000e+001
      vertex  1.388268e+001  0.000000e+000  1.957612e+001
      vertex  1.350000e+001  0.000000e+000  1.950000e+001
    endloop
  endfacet
  facet normal  0.000000e+000 -1.000000e+000  0.000000e+000
    outer loop
      vertex  1.600000e+001  0.000000e+000  1.800000e+001
      vertex  1.350000e+001  0.000000e+000  1.950000e+001
      vertex  1.400000e+001  0.000000e+000  1.800000e+001
    endloop
  endfacet
  facet normal  0.000000e+000 -1.000000e+000  0.000000e+000
    outer loop
      vertex  1.100000e+001  0.000000e+000  1.300000e+001
      vertex  1.400000e+001  0.000000e+000  1.300000e+001
      vertex  1.400000e+001  0.000000e+000  1.800000e+001
    endloop
  endfacet
  facet normal  -0.000000e+000 -1.000000e+000  0.000000e+000
    outer loop
      vertex  1.100000e+001  0.000000e+000  1.300000e+001
      vertex  1.400000e+001  0.000000e+000  1.800000e+001
      vertex  1.350000e+001  0.000000e+000  1.950000e+001
    endloop
  endfacet
  facet normal  -0.000000e+000 -1.000000e+000  0.000000e+000
    outer loop
      vertex  1.100000e+001  0.000000e+000  1.300000e+001
      vertex  1.350000e+001  0.000000e+000  1.950000e+001
      vertex  1.311732e+001  0.000000e+000  1.957612e+001
    endloop
  endfacet
  facet normal  -0.000000e+000 -1.000000e+000  0.000000e+000
    outer loop
      vertex  1.100000e+001  0.000000e+000  1.300000e+001
      vertex  1.311732e+001  0.000000e+000  1.957612e+001
      vertex  1.279289e+001  0.000000e+000  1.979289e+001
    endloop
  endfacet
  facet normal  -0.000000e+000 -1.000000e+000  0.000000e+000
    outer loop
      vertex  1.100000e+001  0.000000e+000  1.300000e+001
      vertex  1.279289e+001  0.000000e+000  1.979289e+001
      vertex  1.257612e+001  0.000000e+000  2.011732e+001
    endloop
  endfacet
  facet normal  -0.000000e+000 -1.000000e+000  0.000000e+000
    outer loop
      vertex  1.100000e+001  0.000000e+000  1.300000e+001
      vertex  1.257612e+001  0.000000e+000  2.011732e+001
      vertex  1.250000e+001  0.000000e+000  2.050000e+001
    endloop
  endfacet
  facet normal  0.000000e+000 -1.000000e+000  -0.000000e+000
    outer loop
      vertex  1.249415e+001  0.000000e+000 -2.000000e+001
      vertex  1.249415e+001  0.000000e+000 -1.600000e+001
      vertex  8.876839e+000  0.000000e+000 -1.807612e+001
    endloop
  endfacet
  facet normal  0.000000e+000 -1.000000e+000  0.000000e+000
    outer loop
      vertex  1.249415e+001  0.000000e+000 -2.000000e+001
      vertex  8.876839e+000  0.000000e+000 -1.807612e+001
      vertex  9.201262e+000  0.000000e+000 -1.829289e+001
    endloop
  endfacet
  facet normal  0.000000e+000 -1.000000e+000  0.000000e+000
    outer loop
      vertex  1.249415e+001  0.000000e+000 -2.000000e+001
      vertex  9.201262e+000  0.000000e+000 -1.829289e+001
      vertex  9.418035e+000  0.000000e+000 -1.861732e+001
    endloop
  endfacet
  facet normal  0.000000e+000 -1.000000e+000  0.000000e+000
    outer loop
      vertex  1.249415e+001  0.000000e+000 -2.000000e+001
      vertex  9.418035e+000  0.000000e+000 -1.861732e+001
      vertex  9.494155e+000  0.000000e+000 -1.900000e+001
    endloop
  endfacet
  facet normal  0.000000e+000 -1.000000e+000  -0.000000e+000
    outer loop
      vertex  1.249415e+001  0.000000e+000 -2.000000e+001
      vertex  9.494155e+000  0.000000e+000 -1.900000e+001
      vertex  9.418035e+000  0.000000e+000 -1.938268e+001
    endloop
  endfacet
  facet normal  0.000000e+000 -1.000000e+000  -0.000000e+000
    outer loop
      vertex  1.249415e+001  0.000000e+000 -2.000000e+001
      vertex  9.418035e+000  0.000000e+000 -1.938268e+001
      vertex  9.201262e+000  0.000000e+000 -1.970711e+001
    endloop
  endfacet
  facet normal  0.000000e+000 -1.000000e+000  -0.000000e+000
    outer loop
      vertex  1.249415e+001  0.000000e+000 -2.000000e+001
      vertex  9.201262e+000  0.000000e+000 -1.970711e+001
      vertex  8.876839e+000  0.000000e+000 -1.992388e+001
    endloop
  endfacet
  facet normal  0.000000e+000 -1.000000e+000  -0.000000e+000
    outer loop
      vertex -1.100000e+001  0.000000e+000  1.300000e+001
      vertex -1.250000e+001  0.000000e+000  2.050000e+001
      vertex -1.257612e+001  0.000000e+000  2.011732e+001
    endloop
  endfacet
  facet normal  0.000000e+000 -1.000000e+000  -0.000000e+000
    outer loop
      vertex -1.100000e+001  0.000000e+000  1.300000e+001
      vertex -1.257612e+001  0.000000e+000  2.011732e+001
      vertex -1.279289e+001  0.000000e+000  1.979289e+001
    endloop
  endfacet
  facet normal  0.000000e+000 -1.000000e+000  -0.000000e+000
    outer loop
      vertex -1.100000e+001  0.000000e+000  1.300000e+001
      vertex -1.279289e+001  0.000000e+000  1.979289e+001
      vertex -1.311732e+001  0.000000e+000  1.957612e+001
    endloop
  endfacet
  facet normal  0.000000e+000 -1.000000e+000  -0.000000e+000
    outer loop
      vertex -1.100000e+001  0.000000e+000  1.300000e+001
      vertex -1.311732e+001  0.000000e+000  1.957612e+001
      vertex -1.350000e+001  0.000000e+000  1.950000e+001
    endloop
  endfacet
  facet normal  0.000000e+000 -1.000000e+000  -0.000000e+000
    outer loop
      vertex -1.100000e+001  0.000000e+000  1.300000e+001
      vertex -1.350000e+001  0.000000e+000  1.950000e+001
      vertex -1.400000e+001  0.000000e+000  1.800000e+001
    endloop
  endfacet
  facet normal  0.000000e+000 -1.000000e+000  0.000000e+000
    outer loop
      vertex -1.100000e+001  0.000000e+000  1.300000e+001
      vertex -1.400000e+001  0.000000e+000  1.800000e+001
      vertex -1.400000e+001  0.000000e+000  1.300000e+001
    endloop
  endfacet
  facet normal  0.000000e+000 -1.000000e+000  0.000000e+000
    outer loop
      vertex -1.249415e+001  0.000000e+000 -2.000000e+001
      vertex -1.225000e+001  0.000000e+000 -2.000000e+001
      vertex -9.201262e+000  0.000000e+000 -1.970711e+001
    endloop
  endfacet
  facet normal  -0.000000e+000 -1.000000e+000  0.000000e+000
    outer loop
      vertex -1.249415e+001  0.000000e+000 -2.000000e+001
      vertex -9.201262e+000  0.000000e+000 -1.970711e+001
      vertex -9.418035e+000  0.000000e+000 -1.938268e+001
    endloop
  endfacet
  facet normal  -0.000000e+000 -1.000000e+000  0.000000e+000
    outer loop
      vertex -1.249415e+001  0.000000e+000 -2.000000e+001
      vertex -9.418035e+000  0.000000e+000 -1.938268e+001
      vertex -9.494155e+000  0.000000e+000 -1.900000e+001
    endloop
  endfacet
  facet normal  -0.000000e+000 -1.000000e+000  0.000000e+000
    outer loop
      vertex -1.249415e+001  0.000000e+000 -2.000000e+001
      vertex -9.494155e+000  0.000000e+000 -1.900000e+001
      vertex -9.418035e+000  0.000000e+000 -1.861732e+001
    endloop
  endfacet
  facet normal  -0.000000e+000 -1.000000e+000  0.000000e+000
    outer loop
      vertex -1.249415e+001  0.000000e+000 -2.000000e+001
      vertex -9.418035e+000  0.000000e+000 -1.861732e+001
      vertex -9.201262e+000  0.000000e+000 -1.829289e+001
    endloop
  endfacet
  facet normal  -0.000000e+000 -1.000000e+000  0.000000e+000
    outer loop
      vertex -1.249415e+001  0.000000e+000 -2.000000e+001
      vertex -9.201262e+000  0.000000e+000 -1.829289e+001
      vertex -8.876839e+000  0.000000e+000 -1.807612e+001
    endloop
  endfacet
  facet normal  0.000000e+000 -1.000000e+000  0.000000e+000
    outer loop
      vertex -1.600000e+001  0.000000e+000  1.800000e+001
      vertex -1.400000e+001  0.000000e+000  1.800000e+001
      vertex -1.350000e+001  0.000000e+000  1.950000e+001
    endloop
  endfacet
  facet normal  -0.000000e+000 -1.000000e+000  0.000000e+000
    outer loop
      vertex -1.600000e+001  0.000000e+000  1.800000e+001
      vertex -1.350000e+001  0.000000e+000  1.950000e+001
      vertex -1.388268e+001  0.000000e+000  1.957612e+001
    endloop
  endfacet
  facet normal  -0.000000e+000 -1.000000e+000  0.000000e+000
    outer loop
      vertex -1.600000e+001  0.000000e+000  1.800000e+001
      vertex -1.388268e+001  0.000000e+000  1.957612e+001
      vertex -1.420711e+001  0.000000e+000  1.979289e+001
    endloop
  endfacet
  facet normal  -0.000000e+000 -1.000000e+000  0.000000e+000
    outer loop
      vertex -1.600000e+001  0.000000e+000  1.800000e+001
      vertex -1.420711e+001  0.000000e+000  1.979289e+001
      vertex -1.442388e+001  0.000000e+000  2.011732e+001
    endloop
  endfacet
  facet normal  -0.000000e+000 -1.000000e+000  0.000000e+000
    outer loop
      vertex -1.600000e+001  0.000000e+000  1.800000e+001
      vertex -1.442388e+001  0.000000e+000  2.011732e+001
      vertex -1.450000e+001  0.000000e+000  2.050000e+001
    endloop
  endfacet
  facet normal  -0.000000e+000 -1.000000e+000  0.000000e+000
    outer loop
      vertex -1.600000e+001  0.000000e+000  1.800000e+001
      vertex -1.450000e+001  0.000000e+000  2.050000e+001
      vertex -1.442388e+001  0.000000e+000  2.088268e+001
    endloop
  endfacet
  facet normal  0.000000e+000 -1.000000e+000  0.000000e+000
    outer loop
      vertex -1.600000e+001  0.000000e+000  2.300000e+001
      vertex -1.600000e+001  0.000000e+000  1.800000e+001
      vertex -1.442388e+001  0.000000e+000  2.088268e+001
    endloop
  endfacet
  facet normal  0.000000e+000 -1.000000e+000  0.000000e+000
    outer loop
      vertex -1.600000e+001  0.000000e+000  2.300000e+001
      vertex -1.442388e+001  0.000000e+000  2.088268e+001
      vertex -1.420711e+001  0.000000e+000  2.120711e+001
    endloop
  endfacet
  facet normal  0.000000e+000 -1.000000e+000  0.000000e+000
    outer loop
      vertex -1.600000e+001  0.000000e+000  2.300000e+001
      vertex -1.420711e+001  0.000000e+000  2.120711e+001
      vertex -1.388268e+001  0.000000e+000  2.142388e+001
    endloop
  endfacet
  facet normal  0.000000e+000 -1.000000e+000  0.000000e+000
    outer loop
      vertex -1.600000e+001  0.000000e+000  2.300000e+001
      vertex -1.388268e+001  0.000000e+000  2.142388e+001
      vertex -1.350000e+001  0.000000e+000  2.150000e+001
    endloop
  endfacet
  facet normal  -0.000000e+000 -1.000000e+000  -0.000000e+000
    outer loop
      vertex  1.225000e+001  0.000000e+000 -2.300000e+001
      vertex  8.494155e+000  0.000000e+000 -2.000000e+001
      vertex -8.494155e+000  0.000000e+000 -2.000000e+001
    endloop
  endfacet
  facet normal  0.000000e+000 -1.000000e+000  0.000000e+000
    outer loop
      vertex -8.494155e+000  0.000000e+000 -2.000000e+001
      vertex  8.494155e+000  0.000000e+000 -2.000000e+001
      vertex  8.111471e+000  0.000000e+000 -1.992388e+001
    endloop
  endfacet
  facet normal  -0.000000e+000 -9.999999e-001  0.000000e+000
    outer loop
      vertex -8.494155e+000  0.000000e+000 -2.000000e+001
      vertex  8.111471e+000  0.000000e+000 -1.992388e+001
      vertex -8.111471e+000  0.000000e+000 -1.992388e+001
    endloop
  endfacet
  facet normal  0.000000e+000 -1.000000e+000  0.000000e+000
    outer loop
      vertex -8.111471e+000  0.000000e+000 -1.992388e+001
      vertex  8.111471e+000  0.000000e+000 -1.992388e+001
      vertex  7.787048e+000  0.000000e+000 -1.970711e+001
    endloop
  endfacet
  facet normal  -0.000000e+000 -1.000000e+000  0.000000e+000
    outer loop
      vertex -8.111471e+000  0.000000e+000 -1.992388e+001
      vertex  7.787048e+000  0.000000e+000 -1.970711e+001
      vertex -7.787048e+000  0.000000e+000 -1.970711e+001
    endloop
  endfacet
  facet normal  0.000000e+000 -1.000000e+000  0.000000e+000
    outer loop
      vertex -7.787048e+000  0.000000e+000 -1.970711e+001
      vertex  7.787048e+000  0.000000e+000 -1.970711e+001
      vertex  7.570275e+000  0.000000e+000 -1.938268e+001
    endloop
  endfacet
  facet normal  -0.000000e+000 -1.000000e+000  0.000000e+000
    outer loop
      vertex -7.787048e+000  0.000000e+000 -1.970711e+001
      vertex  7.570275e+000  0.000000e+000 -1.938268e+001
      vertex -7.570275e+000  0.000000e+000 -1.938268e+001
    endloop
  endfacet
  facet normal  0.000000e+000 -1.000000e+000  0.000000e+000
    outer loop
      vertex -7.570275e+000  0.000000e+000 -1.938268e+001
      vertex  7.570275e+000  0.000000e+000 -1.938268e+001
      vertex  7.494155e+000  0.000000e+000 -1.900000e+001
    endloop
  endfacet
  facet normal  -0.000000e+000 -1.000000e+000  0.000000e+000
    outer loop
      vertex -7.570275e+000  0.000000e+000 -1.938268e+001
      vertex  7.494155e+000  0.000000e+000 -1.900000e+001
      vertex -7.494155e+000  0.000000e+000 -1.900000e+001
    endloop
  endfacet
  facet normal  0.000000e+000 -1.000000e+000  0.000000e+000
    outer loop
      vertex -7.494155e+000  0.000000e+000 -1.900000e+001
      vertex  7.494155e+000  0.000000e+000 -1.900000e+001
      vertex  7.570275e+000  0.000000e+000 -1.861732e+001
    endloop
  endfacet
  facet normal  -0.000000e+000 -1.000000e+000  0.000000e+000
    outer loop
      vertex -7.494155e+000  0.000000e+000 -1.900000e+001
      vertex  7.570275e+000  0.000000e+000 -1.861732e+001
      vertex -7.570275e+000  0.000000e+000 -1.861732e+001
    endloop
  endfacet
  facet normal  0.000000e+000 -1.000000e+000  0.000000e+000
    outer loop
      vertex -7.570275e+000  0.000000e+000 -1.861732e+001
      vertex  7.570275e+000  0.000000e+000 -1.861732e+001
      vertex  7.787048e+000  0.000000e+000 -1.829289e+001
    endloop
  endfacet
  facet normal  -0.000000e+000 -1.000000e+000  0.000000e+000
    outer loop
      vertex -7.570275e+000  0.000000e+000 -1.861732e+001
      vertex  7.787048e+000  0.000000e+000 -1.829289e+001
      vertex -7.787048e+000  0.000000e+000 -1.829289e+001
    endloop
  endfacet
  facet normal  0.000000e+000 -1.000000e+000  0.000000e+000
    outer loop
      vertex -7.787048e+000  0.000000e+000 -1.829289e+001
      vertex  7.787048e+000  0.000000e+000 -1.829289e+001
      vertex  8.111471e+000  0.000000e+000 -1.807612e+001
    endloop
  endfacet
  facet normal  -0.000000e+000 -1.000000e+000  0.000000e+000
    outer loop
      vertex -7.787048e+000  0.000000e+000 -1.829289e+001
      vertex  8.111471e+000  0.000000e+000 -1.807612e+001
      vertex -8.111471e+000  0.000000e+000 -1.807612e+001
    endloop
  endfacet
  facet normal  0.000000e+000 -9.999999e-001  0.000000e+000
    outer loop
      vertex -8.111471e+000  0.000000e+000 -1.807612e+001
      vertex  8.111471e+000  0.000000e+000 -1.807612e+001
      vertex  8.494155e+000  0.000000e+000 -1.800000e+001
    endloop
  endfacet
  facet normal  -0.000000e+000 -1.000000e+000  0.000000e+000
    outer loop
      vertex -8.111471e+000  0.000000e+000 -1.807612e+001
      vertex  8.494155e+000  0.000000e+000 -1.800000e+001
      vertex -8.494155e+000  0.000000e+000 -1.800000e+001
    endloop
  endfacet
  facet normal  0.000000e+000 -1.000000e+000  0.000000e+000
    outer loop
      vertex -8.494155e+000  0.000000e+000 -1.800000e+001
      vertex  8.494155e+000  0.000000e+000 -1.800000e+001
      vertex  5.000000e+000  0.000000e+000  1.800000e+001
    endloop
  endfacet
  facet normal  -0.000000e+000 -1.000000e+000  0.000000e+000
    outer loop
      vertex -8.494155e+000  0.000000e+000 -1.800000e+001
      vertex  5.000000e+000  0.000000e+000  1.800000e+001
      vertex -5.000000e+000  0.000000e+000  1.800000e+001
    endloop
  endfacet
  facet normal -1.950899e-001  -0.000000e+000 -9.807853e-001
    outer loop
      vertex  8.494155e+000  0.000000e+000 -1.800000e+001
      vertex  8.876839e+000  1.000000e+000 -1.807612e+001
      vertex  8.876839e+000  0.000000e+000 -1.807612e+001
    endloop
  endfacet
  facet normal -5.555696e-001  0.000000e+000 -8.314700e-001
    outer loop
      vertex  8.876839e+000  0.000000e+000 -1.807612e+001
      vertex  8.876839e+000  1.000000e+000 -1.807612e+001
      vertex  9.201262e+000  1.000000e+000 -1.829289e+001
    endloop
  endfacet
  facet normal -5.555696e-001  -0.000000e+000 -8.314700e-001
    outer loop
      vertex  8.876839e+000  0.000000e+000 -1.807612e+001
      vertex  9.201262e+000  1.000000e+000 -1.829289e+001
      vertex  9.201262e+000  0.000000e+000 -1.829289e+001
    endloop
  endfacet
  facet normal -8.314704e-001  0.000000e+000 -5.555691e-001
    outer loop
      vertex  9.201262e+000  0.000000e+000 -1.829289e+001
      vertex  9.201262e+000  1.000000e+000 -1.829289e+001
      vertex  9.418035e+000  1.000000e+000 -1.861732e+001
    endloop
  endfacet
  facet normal -8.314704e-001  -0.000000e+000 -5.555691e-001
    outer loop
      vertex  9.201262e+000  0.000000e+000 -1.829289e+001
      vertex  9.418035e+000  1.000000e+000 -1.861732e+001
      vertex  9.418035e+000  0.000000e+000 -1.861732e+001
    endloop
  endfacet
  facet normal -9.807853e-001  0.000000e+000 -1.950904e-001
    outer loop
      vertex  9.418035e+000  0.000000e+000 -1.861732e+001
      vertex  9.418035e+000  1.000000e+000 -1.861732e+001
      vertex  9.494155e+000  1.000000e+000 -1.900000e+001
    endloop
  endfacet
  facet normal -9.807853e-001  -0.000000e+000 -1.950904e-001
    outer loop
      vertex  9.418035e+000  0.000000e+000 -1.861732e+001
      vertex  9.494155e+000  1.000000e+000 -1.900000e+001
      vertex  9.494155e+000  0.000000e+000 -1.900000e+001
    endloop
  endfacet
  facet normal -1.950899e-001  0.000000e+000 -9.807853e-001
    outer loop
      vertex  8.876839e+000  1.000000e+000 -1.807612e+001
      vertex  8.494155e+000  0.000000e+000 -1.800000e+001
      vertex  8.494155e+000  1.000000e+000 -1.800000e+001
    endloop
  endfacet
  facet normal  1.950899e-001  0.000000e+000 -9.807853e-001
    outer loop
      vertex  8.494155e+000  1.000000e+000 -1.800000e+001
      vertex  8.494155e+000  0.000000e+000 -1.800000e+001
      vertex  8.111471e+000  0.000000e+000 -1.807612e+001
    endloop
  endfacet
  facet normal  1.950899e-001  0.000000e+000 -9.807853e-001
    outer loop
      vertex  8.494155e+000  1.000000e+000 -1.800000e+001
      vertex  8.111471e+000  0.000000e+000 -1.807612e+001
      vertex  8.111471e+000  1.000000e+000 -1.807612e+001
    endloop
  endfacet
  facet normal  5.555696e-001  0.000000e+000 -8.314700e-001
    outer loop
      vertex  8.111471e+000  1.000000e+000 -1.807612e+001
      vertex  8.111471e+000  0.000000e+000 -1.807612e+001
      vertex  7.787048e+000  0.000000e+000 -1.829289e+001
    endloop
  endfacet
  facet normal  5.555696e-001  0.000000e+000 -8.314700e-001
    outer loop
      vertex  8.111471e+000  1.000000e+000 -1.807612e+001
      vertex  7.787048e+000  0.000000e+000 -1.829289e+001
      vertex  7.787048e+000  1.000000e+000 -1.829289e+001
    endloop
  endfacet
  facet normal  8.314704e-001  0.000000e+000 -5.555691e-001
    outer loop
      vertex  7.787048e+000  1.000000e+000 -1.829289e+001
      vertex  7.787048e+000  0.000000e+000 -1.829289e+001
      vertex  7.570275e+000  0.000000e+000 -1.861732e+001
    endloop
  endfacet
  facet normal  8.314704e-001  0.000000e+000 -5.555691e-001
    outer loop
      vertex  7.787048e+000  1.000000e+000 -1.829289e+001
      vertex  7.570275e+000  0.000000e+000 -1.861732e+001
      vertex  7.570275e+000  1.000000e+000 -1.861732e+001
    endloop
  endfacet
  facet normal  9.807853e-001  0.000000e+000 -1.950904e-001
    outer loop
      vertex  7.570275e+000  1.000000e+000 -1.861732e+001
      vertex  7.570275e+000  0.000000e+000 -1.861732e+001
      vertex  7.494155e+000  0.000000e+000 -1.900000e+001
    endloop
  endfacet
  facet normal  9.807853e-001  0.000000e+000 -1.950904e-001
    outer loop
      vertex  7.570275e+000  1.000000e+000 -1.861732e+001
      vertex  7.494155e+000  0.000000e+000 -1.900000e+001
      vertex  7.494155e+000  1.000000e+000 -1.900000e+001
    endloop
  endfacet
  facet normal  1.950899e-001  0.000000e+000  9.807853e-001
    outer loop
      vertex  8.494155e+000  0.000000e+000 -2.000000e+001
      vertex  8.111471e+000  1.000000e+000 -1.992388e+001
      vertex  8.111471e+000  0.000000e+000 -1.992388e+001
    endloop
  endfacet
  facet normal  5.555696e-001  -0.000000e+000  8.314700e-001
    outer loop
      vertex  8.111471e+000  0.000000e+000 -1.992388e+001
      vertex  8.111471e+000  1.000000e+000 -1.992388e+001
      vertex  7.787048e+000  1.000000e+000 -1.970711e+001
    endloop
  endfacet
  facet normal  5.555696e-001  0.000000e+000  8.314700e-001
    outer loop
      vertex  8.111471e+000  0.000000e+000 -1.992388e+001
      vertex  7.787048e+000  1.000000e+000 -1.970711e+001
      vertex  7.787048e+000  0.000000e+000 -1.970711e+001
    endloop
  endfacet
  facet normal  8.314704e-001  -0.000000e+000  5.555691e-001
    outer loop
      vertex  7.787048e+000  0.000000e+000 -1.970711e+001
      vertex  7.787048e+000  1.000000e+000 -1.970711e+001
      vertex  7.570275e+000  1.000000e+000 -1.938268e+001
    endloop
  endfacet
  facet normal  8.314704e-001  0.000000e+000  5.555691e-001
    outer loop
      vertex  7.787048e+000  0.000000e+000 -1.970711e+001
      vertex  7.570275e+000  1.000000e+000 -1.938268e+001
      vertex  7.570275e+000  0.000000e+000 -1.938268e+001
    endloop
  endfacet
  facet normal  9.807853e-001  -0.000000e+000  1.950904e-001
    outer loop
      vertex  7.570275e+000  0.000000e+000 -1.938268e+001
      vertex  7.570275e+000  1.000000e+000 -1.938268e+001
      vertex  7.494155e+000  1.000000e+000 -1.900000e+001
    endloop
  endfacet
  facet normal  9.807853e-001  0.000000e+000  1.950904e-001
    outer loop
      vertex  7.570275e+000  0.000000e+000 -1.938268e+001
      vertex  7.494155e+000  1.000000e+000 -1.900000e+001
      vertex  7.494155e+000  0.000000e+000 -1.900000e+001
    endloop
  endfacet
  facet normal  1.950899e-001  -0.000000e+000  9.807853e-001
    outer loop
      vertex  8.111471e+000  1.000000e+000 -1.992388e+001
      vertex  8.494155e+000  0.000000e+000 -2.000000e+001
      vertex  8.494155e+000  1.000000e+000 -2.000000e+001
    endloop
  endfacet
  facet normal -1.950899e-001  0.000000e+000  9.807853e-001
    outer loop
      vertex  8.494155e+000  1.000000e+000 -2.000000e+001
      vertex  8.494155e+000  0.000000e+000 -2.000000e+001
      vertex  8.876839e+000  0.000000e+000 -1.992388e+001
    endloop
  endfacet
  facet normal -1.950899e-001  0.000000e+000  9.807853e-001
    outer loop
      vertex  8.494155e+000  1.000000e+000 -2.000000e+001
      vertex  8.876839e+000  0.000000e+000 -1.992388e+001
      vertex  8.876839e+000  1.000000e+000 -1.992388e+001
    endloop
  endfacet
  facet normal -5.555696e-001  0.000000e+000  8.314700e-001
    outer loop
      vertex  8.876839e+000  1.000000e+000 -1.992388e+001
      vertex  8.876839e+000  0.000000e+000 -1.992388e+001
      vertex  9.201262e+000  0.000000e+000 -1.970711e+001
    endloop
  endfacet
  facet normal -5.555696e-001  0.000000e+000  8.314700e-001
    outer loop
      vertex  8.876839e+000  1.000000e+000 -1.992388e+001
      vertex  9.201262e+000  0.000000e+000 -1.970711e+001
      vertex  9.201262e+000  1.000000e+000 -1.970711e+001
    endloop
  endfacet
  facet normal -8.314704e-001  0.000000e+000  5.555691e-001
    outer loop
      vertex  9.201262e+000  1.000000e+000 -1.970711e+001
      vertex  9.201262e+000  0.000000e+000 -1.970711e+001
      vertex  9.418035e+000  0.000000e+000 -1.938268e+001
    endloop
  endfacet
  facet normal -8.314704e-001  0.000000e+000  5.555691e-001
    outer loop
      vertex  9.201262e+000  1.000000e+000 -1.970711e+001
      vertex  9.418035e+000  0.000000e+000 -1.938268e+001
      vertex  9.418035e+000  1.000000e+000 -1.938268e+001
    endloop
  endfacet
  facet normal -9.807853e-001  0.000000e+000  1.950904e-001
    outer loop
      vertex  9.418035e+000  1.000000e+000 -1.938268e+001
      vertex  9.418035e+000  0.000000e+000 -1.938268e+001
      vertex  9.494155e+000  0.000000e+000 -1.900000e+001
    endloop
  endfacet
  facet normal -9.807853e-001  0.000000e+000  1.950904e-001
    outer loop
      vertex  9.418035e+000  1.000000e+000 -1.938268e+001
      vertex  9.494155e+000  0.000000e+000 -1.900000e+001
      vertex  9.494155e+000  1.000000e+000 -1.900000e+001
    endloop
  endfacet
  facet normal -1.950899e-001  -0.000000e+000 -9.807853e-001
    outer loop
      vertex -8.494155e+000  0.000000e+000 -1.800000e+001
      vertex -8.111471e+000  1.000000e+000 -1.807612e+001
      vertex -8.111471e+000  0.000000e+000 -1.807612e+001
    endloop
  endfacet
  facet normal -5.555696e-001  0.000000e+000 -8.314700e-001
    outer loop
      vertex -8.111471e+000  0.000000e+000 -1.807612e+001
      vertex -8.111471e+000  1.000000e+000 -1.807612e+001
      vertex -7.787048e+000  1.000000e+000 -1.829289e+001
    endloop
  endfacet
  facet normal -5.555696e-001  -0.000000e+000 -8.314700e-001
    outer loop
      vertex -8.111471e+000  0.000000e+000 -1.807612e+001
      vertex -7.787048e+000  1.000000e+000 -1.829289e+001
      vertex -7.787048e+000  0.000000e+000 -1.829289e+001
    endloop
  endfacet
  facet normal -8.314704e-001  0.000000e+000 -5.555691e-001
    outer loop
      vertex -7.787048e+000  0.000000e+000 -1.829289e+001
      vertex -7.787048e+000  1.000000e+000 -1.829289e+001
      vertex -7.570275e+000  1.000000e+000 -1.861732e+001
    endloop
  endfacet
  facet normal -8.314704e-001  -0.000000e+000 -5.555691e-001
    outer loop
      vertex -7.787048e+000  0.000000e+000 -1.829289e+001
      vertex -7.570275e+000  1.000000e+000 -1.861732e+001
      vertex -7.570275e+000  0.000000e+000 -1.861732e+001
    endloop
  endfacet
  facet normal -9.807853e-001  0.000000e+000 -1.950904e-001
    outer loop
      vertex -7.570275e+000  0.000000e+000 -1.861732e+001
      vertex -7.570275e+000  1.000000e+000 -1.861732e+001
      vertex -7.494155e+000  1.000000e+000 -1.900000e+001
    endloop
  endfacet
  facet normal -9.807853e-001  -0.000000e+000 -1.950904e-001
    outer loop
      vertex -7.570275e+000  0.000000e+000 -1.861732e+001
      vertex -7.494155e+000  1.000000e+000 -1.900000e+001
      vertex -7.494155e+000  0.000000e+000 -1.900000e+001
    endloop
  endfacet
  facet normal -1.950899e-001  0.000000e+000 -9.807853e-001
    outer loop
      vertex -8.111471e+000  1.000000e+000 -1.807612e+001
      vertex -8.494155e+000  0.000000e+000 -1.800000e+001
      vertex -8.494155e+000  1.000000e+000 -1.800000e+001
    endloop
  endfacet
  facet normal  1.950899e-001  0.000000e+000 -9.807853e-001
    outer loop
      vertex -8.494155e+000  1.000000e+000 -1.800000e+001
      vertex -8.494155e+000  0.000000e+000 -1.800000e+001
      vertex -8.876839e+000  0.000000e+000 -1.807612e+001
    endloop
  endfacet
  facet normal  1.950899e-001  0.000000e+000 -9.807853e-001
    outer loop
      vertex -8.494155e+000  1.000000e+000 -1.800000e+001
      vertex -8.876839e+000  0.000000e+000 -1.807612e+001
      vertex -8.876839e+000  1.000000e+000 -1.807612e+001
    endloop
  endfacet
  facet normal  5.555696e-001  0.000000e+000 -8.314700e-001
    outer loop
      vertex -8.876839e+000  1.000000e+000 -1.807612e+001
      vertex -8.876839e+000  0.000000e+000 -1.807612e+001
      vertex -9.201262e+000  0.000000e+000 -1.829289e+001
    endloop
  endfacet
  facet normal  5.555696e-001  0.000000e+000 -8.314700e-001
    outer loop
      vertex -8.876839e+000  1.000000e+000 -1.807612e+001
      vertex -9.201262e+000  0.000000e+000 -1.829289e+001
      vertex -9.201262e+000  1.000000e+000 -1.829289e+001
    endloop
  endfacet
  facet normal  8.314704e-001  0.000000e+000 -5.555691e-001
    outer loop
      vertex -9.201262e+000  1.000000e+000 -1.829289e+001
      vertex -9.201262e+000  0.000000e+000 -1.829289e+001
      vertex -9.418035e+000  0.000000e+000 -1.861732e+001
    endloop
  endfacet
  facet normal  8.314704e-001  0.000000e+000 -5.555691e-001
    outer loop
      vertex -9.201262e+000  1.000000e+000 -1.829289e+001
      vertex -9.418035e+000  0.000000e+000 -1.861732e+001
      vertex -9.418035e+000  1.000000e+000 -1.861732e+001
    endloop
  endfacet
  facet normal  9.807853e-001  0.000000e+000 -1.950904e-001
    outer loop
      vertex -9.418035e+000  1.000000e+000 -1.861732e+001
      vertex -9.418035e+000  0.000000e+000 -1.861732e+001
      vertex -9.494155e+000  0.000000e+000 -1.900000e+001
    endloop
  endfacet
  facet normal  9.807853e-001  0.000000e+000 -1.950904e-001
    outer loop
      vertex -9.418035e+000  1.000000e+000 -1.861732e+001
      vertex -9.494155e+000  0.000000e+000 -1.900000e+001
      vertex -9.494155e+000  1.000000e+000 -1.900000e+001
    endloop
  endfacet
  facet normal  1.950899e-001  0.000000e+000  9.807853e-001
    outer loop
      vertex -8.494155e+000  0.000000e+000 -2.000000e+001
      vertex -8.876839e+000  1.000000e+000 -1.992388e+001
      vertex -8.876839e+000  0.000000e+000 -1.992388e+001
    endloop
  endfacet
  facet normal  5.555696e-001  -0.000000e+000  8.314700e-001
    outer loop
      vertex -8.876839e+000  0.000000e+000 -1.992388e+001
      vertex -8.876839e+000  1.000000e+000 -1.992388e+001
      vertex -9.201262e+000  1.000000e+000 -1.970711e+001
    endloop
  endfacet
  facet normal  5.555696e-001  0.000000e+000  8.314700e-001
    outer loop
      vertex -8.876839e+000  0.000000e+000 -1.992388e+001
      vertex -9.201262e+000  1.000000e+000 -1.970711e+001
      vertex -9.201262e+000  0.000000e+000 -1.970711e+001
    endloop
  endfacet
  facet normal  8.314704e-001  -0.000000e+000  5.555691e-001
    outer loop
      vertex -9.201262e+000  0.000000e+000 -1.970711e+001
      vertex -9.201262e+000  1.000000e+000 -1.970711e+001
      vertex -9.418035e+000  1.000000e+000 -1.938268e+001
    endloop
  endfacet
  facet normal  8.314704e-001  0.000000e+000  5.555691e-001
    outer loop
      vertex -9.201262e+000  0.000000e+000 -1.970711e+001
      vertex -9.418035e+000  1.000000e+000 -1.938268e+001
      vertex -9.418035e+000  0.000000e+000 -1.938268e+001
    endloop
  endfacet
  facet normal  9.807853e-001  -0.000000e+000  1.950904e-001
    outer loop
      vertex -9.418035e+000  0.000000e+000 -1.938268e+001
      vertex -9.418035e+000  1.000000e+000 -1.938268e+001
      vertex -9.494155e+000  1.000000e+000 -1.900000e+001
    endloop
  endfacet
  facet normal  9.807853e-001  0.000000e+000  1.950904e-001
    outer loop
      vertex -9.418035e+000  0.000000e+000 -1.938268e+001
      vertex -9.494155e+000  1.000000e+000 -1.900000e+001
      vertex -9.494155e+000  0.000000e+000 -1.900000e+001
    endloop
  endfacet
  facet normal  1.950899e-001  -0.000000e+000  9.807853e-001
    outer loop
      vertex -8.876839e+000  1.000000e+000 -1.992388e+001
      vertex -8.494155e+000  0.000000e+000 -2.000000e+001
      vertex -8.494155e+000  1.000000e+000 -2.000000e+001
    endloop
  endfacet
  facet normal -1.950899e-001  0.000000e+000  9.807853e-001
    outer loop
      vertex -8.494155e+000  1.000000e+000 -2.000000e+001
      vertex -8.494155e+000  0.000000e+000 -2.000000e+001
      vertex -8.111471e+000  0.000000e+000 -1.992388e+001
    endloop
  endfacet
  facet normal -1.950899e-001  0.000000e+000  9.807853e-001
    outer loop
      vertex -8.494155e+000  1.000000e+000 -2.000000e+001
      vertex -8.111471e+000  0.000000e+000 -1.992388e+001
      vertex -8.111471e+000  1.000000e+000 -1.992388e+001
    endloop
  endfacet
  facet normal -5.555696e-001  0.000000e+000  8.314700e-001
    outer loop
      vertex -8.111471e+000  1.000000e+000 -1.992388e+001
      vertex -8.111471e+000  0.000000e+000 -1.992388e+001
      vertex -7.787048e+000  0.000000e+000 -1.970711e+001
    endloop
  endfacet
  facet normal -5.555696e-001  0.000000e+000  8.314700e-001
    outer loop
      vertex -8.111471e+000  1.000000e+000 -1.992388e+001
      vertex -7.787048e+000  0.000000e+000 -1.970711e+001
      vertex -7.787048e+000  1.000000e+000 -1.970711e+001
    endloop
  endfacet
  facet normal -8.314704e-001  0.000000e+000  5.555691e-001
    outer loop
      vertex -7.787048e+000  1.000000e+000 -1.970711e+001
      vertex -7.787048e+000  0.000000e+000 -1.970711e+001
      vertex -7.570275e+000  0.000000e+000 -1.938268e+001
    endloop
  endfacet
  facet normal -8.314704e-001  0.000000e+000  5.555691e-001
    outer loop
      vertex -7.787048e+000  1.000000e+000 -1.970711e+001
      vertex -7.570275e+000  0.000000e+000 -1.938268e+001
      vertex -7.570275e+000  1.000000e+000 -1.938268e+001
    endloop
  endfacet
  facet normal -9.807853e-001  0.000000e+000  1.950904e-001
    outer loop
      vertex -7.570275e+000  1.000000e+000 -1.938268e+001
      vertex -7.570275e+000  0.000000e+000 -1.938268e+001
      vertex -7.494155e+000  0.000000e+000 -1.900000e+001
    endloop
  endfacet
  facet normal -9.807853e-001  0.000000e+000  1.950904e-001
    outer loop
      vertex -7.570275e+000  1.000000e+000 -1.938268e+001
      vertex -7.494155e+000  0.000000e+000 -1.900000e+001
      vertex -7.494155e+000  1.000000e+000 -1.900000e+001
    endloop
  endfacet
  facet normal -1.950899e-001  -0.000000e+000 -9.807853e-001
    outer loop
      vertex  1.350000e+001  0.000000e+000  2.150000e+001
      vertex  1.388268e+001  1.000000e+000  2.142388e+001
      vertex  1.388268e+001  0.000000e+000  2.142388e+001
    endloop
  endfacet
  facet normal -5.555696e-001  0.000000e+000 -8.314700e-001
    outer loop
      vertex  1.388268e+001  0.000000e+000  2.142388e+001
      vertex  1.388268e+001  1.000000e+000  2.142388e+001
      vertex  1.420711e+001  1.000000e+000  2.120711e+001
    endloop
  endfacet
  facet normal -5.555696e-001  -0.000000e+000 -8.314700e-001
    outer loop
      vertex  1.388268e+001  0.000000e+000  2.142388e+001
      vertex  1.420711e+001  1.000000e+000  2.120711e+001
      vertex  1.420711e+001  0.000000e+000  2.120711e+001
    endloop
  endfacet
  facet normal -8.314704e-001  0.000000e+000 -5.555691e-001
    outer loop
      vertex  1.420711e+001  0.000000e+000  2.120711e+001
      vertex  1.420711e+001  1.000000e+000  2.120711e+001
      vertex  1.442388e+001  1.000000e+000  2.088268e+001
    endloop
  endfacet
  facet normal -8.314704e-001  -0.000000e+000 -5.555691e-001
    outer loop
      vertex  1.420711e+001  0.000000e+000  2.120711e+001
      vertex  1.442388e+001  1.000000e+000  2.088268e+001
      vertex  1.442388e+001  0.000000e+000  2.088268e+001
    endloop
  endfacet
  facet normal -9.807853e-001  0.000000e+000 -1.950904e-001
    outer loop
      vertex  1.442388e+001  0.000000e+000  2.088268e+001
      vertex  1.442388e+001  1.000000e+000  2.088268e+001
      vertex  1.450000e+001  1.000000e+000  2.050000e+001
    endloop
  endfacet
  facet normal -9.807853e-001  -0.000000e+000 -1.950904e-001
    outer loop
      vertex  1.442388e+001  0.000000e+000  2.088268e+001
      vertex  1.450000e+001  1.000000e+000  2.050000e+001
      vertex  1.450000e+001  0.000000e+000  2.050000e+001
    endloop
  endfacet
  facet normal -1.950899e-001  0.000000e+000 -9.807853e-001
    outer loop
      vertex  1.388268e+001  1.000000e+000  2.142388e+001
      vertex  1.350000e+001  0.000000e+000  2.150000e+001
      vertex  1.350000e+001  1.000000e+000  2.150000e+001
    endloop
  endfacet
  facet normal  1.950899e-001  0.000000e+000 -9.807853e-001
    outer loop
      vertex  1.350000e+001  1.000000e+000  2.150000e+001
      vertex  1.350000e+001  0.000000e+000  2.150000e+001
      vertex  1.311732e+001  0.000000e+000  2.142388e+001
    endloop
  endfacet
  facet normal  1.950899e-001  0.000000e+000 -9.807853e-001
    outer loop
      vertex  1.350000e+001  1.000000e+000  2.150000e+001
      vertex  1.311732e+001  0.000000e+000  2.142388e+001
      vertex  1.311732e+001  1.000000e+000  2.142388e+001
    endloop
  endfacet
  facet normal  5.555696e-001  0.000000e+000 -8.314700e-001
    outer loop
      vertex  1.311732e+001  1.000000e+000  2.142388e+001
      vertex  1.311732e+001  0.000000e+000  2.142388e+001
      vertex  1.279289e+001  0.000000e+000  2.120711e+001
    endloop
  endfacet
  facet normal  5.555696e-001  0.000000e+000 -8.314700e-001
    outer loop
      vertex  1.311732e+001  1.000000e+000  2.142388e+001
      vertex  1.279289e+001  0.000000e+000  2.120711e+001
      vertex  1.279289e+001  1.000000e+000  2.120711e+001
    endloop
  endfacet
  facet normal  8.314704e-001  0.000000e+000 -5.555691e-001
    outer loop
      vertex  1.279289e+001  1.000000e+000  2.120711e+001
      vertex  1.279289e+001  0.000000e+000  2.120711e+001
      vertex  1.257612e+001  0.000000e+000  2.088268e+001
    endloop
  endfacet
  facet normal  8.314704e-001  0.000000e+000 -5.555691e-001
    outer loop
      vertex  1.279289e+001  1.000000e+000  2.120711e+001
      vertex  1.257612e+001  0.000000e+000  2.088268e+001
      vertex  1.257612e+001  1.000000e+000  2.088268e+001
    endloop
  endfacet
  facet normal  9.807853e-001  0.000000e+000 -1.950904e-001
    outer loop
      vertex  1.257612e+001  1.000000e+000  2.088268e+001
      vertex  1.257612e+001  0.000000e+000  2.088268e+001
      vertex  1.250000e+001  0.000000e+000  2.050000e+001
    endloop
  endfacet
  facet normal  9.807853e-001  0.000000e+000 -1.950904e-001
    outer loop
      vertex  1.257612e+001  1.000000e+000  2.088268e+001
      vertex  1.250000e+001  0.000000e+000  2.050000e+001
      vertex  1.250000e+001  1.000000e+000  2.050000e+001
    endloop
  endfacet
  facet normal  1.950899e-001  0.000000e+000  9.807853e-001
    outer loop
      vertex  1.350000e+001  0.000000e+000  1.950000e+001
      vertex  1.311732e+001  1.000000e+000  1.957612e+001
      vertex  1.311732e+001  0.000000e+000  1.957612e+001
    endloop
  endfacet
  facet normal  5.555696e-001  -0.000000e+000  8.314700e-001
    outer loop
      vertex  1.311732e+001  0.000000e+000  1.957612e+001
      vertex  1.311732e+001  1.000000e+000  1.957612e+001
      vertex  1.279289e+001  1.000000e+000  1.979289e+001
    endloop
  endfacet
  facet normal  5.555696e-001  0.000000e+000  8.314700e-001
    outer loop
      vertex  1.311732e+001  0.000000e+000  1.957612e+001
      vertex  1.279289e+001  1.000000e+000  1.979289e+001
      vertex  1.279289e+001  0.000000e+000  1.979289e+001
    endloop
  endfacet
  facet normal  8.314704e-001  -0.000000e+000  5.555691e-001
    outer loop
      vertex  1.279289e+001  0.000000e+000  1.979289e+001
      vertex  1.279289e+001  1.000000e+000  1.979289e+001
      vertex  1.257612e+001  1.000000e+000  2.011732e+001
    endloop
  endfacet
  facet normal  8.314704e-001  0.000000e+000  5.555691e-001
    outer loop
      vertex  1.279289e+001  0.000000e+000  1.979289e+001
      vertex  1.257612e+001  1.000000e+000  2.011732e+001
      vertex  1.257612e+001  0.000000e+000  2.011732e+001
    endloop
  endfacet
  facet normal  9.807853e-001  -0.000000e+000  1.950904e-001
    outer loop
      vertex  1.257612e+001  0.000000e+000  2.011732e+001
      vertex  1.257612e+001  1.000000e+000  2.011732e+001
      vertex  1.250000e+001  1.000000e+000  2.050000e+001
    endloop
  endfacet
  facet normal  9.807853e-001  0.000000e+000  1.950904e-001
    outer loop
      vertex  1.257612e+001  0.000000e+000  2.011732e+001
      vertex  1.250000e+001  1.000000e+000  2.050000e+001
      vertex  1.250000e+001  0.000000e+000  2.050000e+001
    endloop
  endfacet
  facet normal  1.950899e-001  -0.000000e+000  9.807853e-001
    outer loop
      vertex  1.311732e+001  1.000000e+000  1.957612e+001
      vertex  1.350000e+001  0.000000e+000  1.950000e+001
      vertex  1.350000e+001  1.000000e+000  1.950000e+001
    endloop
  endfacet
  facet normal -1.950899e-001  0.000000e+000  9.807853e-001
    outer loop
      vertex  1.350000e+001  1.000000e+000  1.950000e+001
      vertex  1.350000e+001  0.000000e+000  1.950000e+001
      vertex  1.388268e+001  0.000000e+000  1.957612e+001
    endloop
  endfacet
  facet normal -1.950899e-001  0.000000e+000  9.807853e-001
    outer loop
      vertex  1.350000e+001  1.000000e+000  1.950000e+001
      vertex  1.388268e+001  0.000000e+000  1.957612e+001
      vertex  1.388268e+001  1.000000e+000  1.957612e+001
    endloop
  endfacet
  facet normal -5.555696e-001  0.000000e+000  8.314700e-001
    outer loop
      vertex  1.388268e+001  1.000000e+000  1.957612e+001
      vertex  1.388268e+001  0.000000e+000  1.957612e+001
      vertex  1.420711e+001  0.000000e+000  1.979289e+001
    endloop
  endfacet
  facet normal -5.555696e-001  0.000000e+000  8.314700e-001
    outer loop
      vertex  1.388268e+001  1.000000e+000  1.957612e+001
      vertex  1.420711e+001  0.000000e+000  1.979289e+001
      vertex  1.420711e+001  1.000000e+000  1.979289e+001
    endloop
  endfacet
  facet normal -8.314704e-001  0.000000e+000  5.555691e-001
    outer loop
      vertex  1.420711e+001  1.000000e+000  1.979289e+001
      vertex  1.420711e+001  0.000000e+000  1.979289e+001
      vertex  1.442388e+001  0.000000e+000  2.011732e+001
    endloop
  endfacet
  facet normal -8.314704e-001  0.000000e+000  5.555691e-001
    outer loop
      vertex  1.420711e+001  1.000000e+000  1.979289e+001
      vertex  1.442388e+001  0.000000e+000  2.011732e+001
      vertex  1.442388e+001  1.000000e+000  2.011732e+001
    endloop
  endfacet
  facet normal -9.807853e-001  0.000000e+000  1.950904e-001
    outer loop
      vertex  1.442388e+001  1.000000e+000  2.011732e+001
      vertex  1.442388e+001  0.000000e+000  2.011732e+001
      vertex  1.450000e+001  0.000000e+000  2.050000e+001
    endloop
  endfacet
  facet normal -9.807853e-001  0.000000e+000  1.950904e-001
    outer loop
      vertex  1.442388e+001  1.000000e+000  2.011732e+001
      vertex  1.450000e+001  0.000000e+000  2.050000e+001
      vertex  1.450000e+001  1.000000e+000  2.050000e+001
    endloop
  endfacet
  facet normal -1.950899e-001  -0.000000e+000 -9.807853e-001
    outer loop
      vertex -1.350000e+001  0.000000e+000  2.150000e+001
      vertex -1.311732e+001  1.000000e+000  2.142388e+001
      vertex -1.311732e+001  0.000000e+000  2.142388e+001
    endloop
  endfacet
  facet normal -5.555696e-001  0.000000e+000 -8.314700e-001
    outer loop
      vertex -1.311732e+001  0.000000e+000  2.142388e+001
      vertex -1.311732e+001  1.000000e+000  2.142388e+001
      vertex -1.279289e+001  1.000000e+000  2.120711e+001
    endloop
  endfacet
  facet normal -5.555696e-001  -0.000000e+000 -8.314700e-001
    outer loop
      vertex -1.311732e+001  0.000000e+000  2.142388e+001
      vertex -1.279289e+001  1.000000e+000  2.120711e+001
      vertex -1.279289e+001  0.000000e+000  2.120711e+001
    endloop
  endfacet
  facet normal -8.314704e-001  0.000000e+000 -5.555691e-001
    outer loop
      vertex -1.279289e+001  0.000000e+000  2.120711e+001
      vertex -1.279289e+001  1.000000e+000  2.120711e+001
      vertex -1.257612e+001  1.000000e+000  2.088268e+001
    endloop
  endfacet
  facet normal -8.314704e-001  -0.000000e+000 -5.555691e-001
    outer loop
      vertex -1.279289e+001  0.000000e+000  2.120711e+001
      vertex -1.257612e+001  1.000000e+000  2.088268e+001
      vertex -1.257612e+001  0.000000e+000  2.088268e+001
    endloop
  endfacet
  facet normal -9.807853e-001  0.000000e+000 -1.950904e-001
    outer loop
      vertex -1.257612e+001  0.000000e+000  2.088268e+001
      vertex -1.257612e+001  1.000000e+000  2.088268e+001
      vertex -1.250000e+001  1.000000e+000  2.050000e+001
    endloop
  endfacet
  facet normal -9.807853e-001  -0.000000e+000 -1.950904e-001
    outer loop
      vertex -1.257612e+001  0.000000e+000  2.088268e+001
      vertex -1.250000e+001  1.000000e+000  2.050000e+001
      vertex -1.250000e+001  0.000000e+000  2.050000e+001
    endloop
  endfacet
  facet normal -1.950899e-001  0.000000e+000 -9.807853e-001
    outer loop
      vertex -1.311732e+001  1.000000e+000  2.142388e+001
      vertex -1.350000e+001  0.000000e+000  2.150000e+001
      vertex -1.350000e+001  1.000000e+000  2.150000e+001
    endloop
  endfacet
  facet normal  1.950899e-001  0.000000e+000 -9.807853e-001
    outer loop
      vertex -1.350000e+001  1.000000e+000  2.150000e+001
      vertex -1.350000e+001  0.000000e+000  2.150000e+001
      vertex -1.388268e+001  0.000000e+000  2.142388e+001
    endloop
  endfacet
  facet normal  1.950899e-001  0.000000e+000 -9.807853e-001
    outer loop
      vertex -1.350000e+001  1.000000e+000  2.150000e+001
      vertex -1.388268e+001  0.000000e+000  2.142388e+001
      vertex -1.388268e+001  1.000000e+000  2.142388e+001
    endloop
  endfacet
  facet normal  5.555696e-001  0.000000e+000 -8.314700e-001
    outer loop
      vertex -1.388268e+001  1.000000e+000  2.142388e+001
      vertex -1.388268e+001  0.000000e+000  2.142388e+001
      vertex -1.420711e+001  0.000000e+000  2.120711e+001
    endloop
  endfacet
  facet normal  5.555696e-001  0.000000e+000 -8.314700e-001
    outer loop
      vertex -1.388268e+001  1.000000e+000  2.142388e+001
      vertex -1.420711e+001  0.000000e+000  2.120711e+001
      vertex -1.420711e+001  1.000000e+000  2.120711e+001
    endloop
  endfacet
  facet normal  8.314704e-001  0.000000e+000 -5.555691e-001
    outer loop
      vertex -1.420711e+001  1.000000e+000  2.120711e+001
      vertex -1.420711e+001  0.000000e+000  2.120711e+001
      vertex -1.442388e+001  0.000000e+000  2.088268e+001
    endloop
  endfacet
  facet normal  8.314704e-001  0.000000e+000 -5.555691e-001
    outer loop
      vertex -1.420711e+001  1.000000e+000  2.120711e+001
      vertex -1.442388e+001  0.000000e+000  2.088268e+001
      vertex -1.442388e+001  1.000000e+000  2.088268e+001
    endloop
  endfacet
  facet normal  9.807853e-001  0.000000e+000 -1.950904e-001
    outer loop
      vertex -1.442388e+001  1.000000e+000  2.088268e+001
      vertex -1.442388e+001  0.000000e+000  2.088268e+001
      vertex -1.450000e+001  0.000000e+000  2.050000e+001
    endloop
  endfacet
  facet normal  9.807853e-001  0.000000e+000 -1.950904e-001
    outer loop
      vertex -1.442388e+001  1.000000e+000  2.088268e+001
      vertex -1.450000e+001  0.000000e+000  2.050000e+001
      vertex -1.450000e+001  1.000000e+000  2.050000e+001
    endloop
  endfacet
  facet normal  1.950899e-001  0.000000e+000  9.807853e-001
    outer loop
      vertex -1.350000e+001  0.000000e+000  1.950000e+001
      vertex -1.388268e+001  1.000000e+000  1.957612e+001
      vertex -1.388268e+001  0.000000e+000  1.957612e+001
    endloop
  endfacet
  facet normal  5.555696e-001  -0.000000e+000  8.314700e-001
    outer loop
      vertex -1.388268e+001  0.000000e+000  1.957612e+001
      vertex -1.388268e+001  1.000000e+000  1.957612e+001
      vertex -1.420711e+001  1.000000e+000  1.979289e+001
    endloop
  endfacet
  facet normal  5.555696e-001  0.000000e+000  8.314700e-001
    outer loop
      vertex -1.388268e+001  0.000000e+000  1.957612e+001
      vertex -1.420711e+001  1.000000e+000  1.979289e+001
      vertex -1.420711e+001  0.000000e+000  1.979289e+001
    endloop
  endfacet
  facet normal  8.314704e-001  -0.000000e+000  5.555691e-001
    outer loop
      vertex -1.420711e+001  0.000000e+000  1.979289e+001
      vertex -1.420711e+001  1.000000e+000  1.979289e+001
      vertex -1.442388e+001  1.000000e+000  2.011732e+001
    endloop
  endfacet
  facet normal  8.314704e-001  0.000000e+000  5.555691e-001
    outer loop
      vertex -1.420711e+001  0.000000e+000  1.979289e+001
      vertex -1.442388e+001  1.000000e+000  2.011732e+001
      vertex -1.442388e+001  0.000000e+000  2.011732e+001
    endloop
  endfacet
  facet normal  9.807853e-001  -0.000000e+000  1.950904e-001
    outer loop
      vertex -1.442388e+001  0.000000e+000  2.011732e+001
      vertex -1.442388e+001  1.000000e+000  2.011732e+001
      vertex -1.450000e+001  1.000000e+000  2.050000e+001
    endloop
  endfacet
  facet normal  9.807853e-001  0.000000e+000  1.950904e-001
    outer loop
      vertex -1.442388e+001  0.000000e+000  2.011732e+001
      vertex -1.450000e+001  1.000000e+000  2.050000e+001
      vertex -1.450000e+001  0.000000e+000  2.050000e+001
    endloop
  endfacet
  facet normal  1.950899e-001  -0.000000e+000  9.807853e-001
    outer loop
      vertex -1.388268e+001  1.000000e+000  1.957612e+001
      vertex -1.350000e+001  0.000000e+000  1.950000e+001
      vertex -1.350000e+001  1.000000e+000  1.950000e+001
    endloop
  endfacet
  facet normal -1.950899e-001  0.000000e+000  9.807853e-001
    outer loop
      vertex -1.350000e+001  1.000000e+000  1.950000e+001
      vertex -1.350000e+001  0.000000e+000  1.950000e+001
      vertex -1.311732e+001  0.000000e+000  1.957612e+001
    endloop
  endfacet
  facet normal -1.950899e-001  0.000000e+000  9.807853e-001
    outer loop
      vertex -1.350000e+001  1.000000e+000  1.950000e+001
      vertex -1.311732e+001  0.000000e+000  1.957612e+001
      vertex -1.311732e+001  1.000000e+000  1.957612e+001
    endloop
  endfacet
  facet normal -5.555696e-001  0.000000e+000  8.314700e-001
    outer loop
      vertex -1.311732e+001  1.000000e+000  1.957612e+001
      vertex -1.311732e+001  0.000000e+000  1.957612e+001
      vertex -1.279289e+001  0.000000e+000  1.979289e+001
    endloop
  endfacet
  facet normal -5.555696e-001  0.000000e+000  8.314700e-001
    outer loop
      vertex -1.311732e+001  1.000000e+000  1.957612e+001
      vertex -1.279289e+001  0.000000e+000  1.979289e+001
      vertex -1.279289e+001  1.000000e+000  1.979289e+001
    endloop
  endfacet
  facet normal -8.314704e-001  0.000000e+000  5.555691e-001
    outer loop
      vertex -1.279289e+001  1.000000e+000  1.979289e+001
      vertex -1.279289e+001  0.000000e+000  1.979289e+001
      vertex -1.257612e+001  0.000000e+000  2.011732e+001
    endloop
  endfacet
  facet normal -8.314704e-001  0.000000e+000  5.555691e-001
    outer loop
      vertex -1.279289e+001  1.000000e+000  1.979289e+001
      vertex -1.257612e+001  0.000000e+000  2.011732e+001
      vertex -1.257612e+001  1.000000e+000  2.011732e+001
    endloop
  endfacet
  facet normal -9.807853e-001  0.000000e+000  1.950904e-001
    outer loop
      vertex -1.257612e+001  1.000000e+000  2.011732e+001
      vertex -1.257612e+001  0.000000e+000  2.011732e+001
      vertex -1.250000e+001  0.000000e+000  2.050000e+001
    endloop
  endfacet
  facet normal -9.807853e-001  0.000000e+000  1.950904e-001
    outer loop
      vertex -1.257612e+001  1.000000e+000  2.011732e+001
      vertex -1.250000e+001  0.000000e+000  2.050000e+001
      vertex -1.250000e+001  1.000000e+000  2.050000e+001
    endloop
  endfacet
  facet normal  1.000000e+000  0.000000e+000  0.000000e+000
    outer loop
      vertex  1.225000e+001  1.000000e+000 -2.300000e+001
      vertex  1.225000e+001  1.000000e+000 -2.000000e+001
      vertex  1.225000e+001  0.000000e+000 -2.300000e+001
    endloop
  endfacet
  facet normal  1.000000e+000  0.000000e+000  0.000000e+000
    outer loop
      vertex  1.225000e+001  0.000000e+000 -2.300000e+001
      vertex  1.225000e+001  1.000000e+000 -2.000000e+001
      vertex  1.225000e+001  0.000000e+000 -2.000000e+001
    endloop
  endfacet
  facet normal  0.000000e+000  0.000000e+000 -9.999999e-001
    outer loop
      vertex  1.249415e+001  1.000000e+000 -2.000000e+001
      vertex  1.249415e+001  0.000000e+000 -2.000000e+001
      vertex  1.225000e+001  1.000000e+000 -2.000000e+001
    endloop
  endfacet
  facet normal  0.000000e+000  0.000000e+000 -9.999999e-001
    outer loop
      vertex  1.225000e+001  1.000000e+000 -2.000000e+001
      vertex  1.249415e+001  0.000000e+000 -2.000000e+001
      vertex  1.225000e+001  0.000000e+000 -2.000000e+001
    endloop
  endfacet
  facet normal  1.000000e+000  0.000000e+000  0.000000e+000
    outer loop
      vertex  1.249415e+001  1.000000e+000 -2.000000e+001
      vertex  1.249415e+001  1.000000e+000 -1.600000e+001
      vertex  1.249415e+001  0.000000e+000 -2.000000e+001
    endloop
  endfacet
  facet normal  1.000000e+000  0.000000e+000  0.000000e+000
    outer loop
      vertex  1.249415e+001  0.000000e+000 -2.000000e+001
      vertex  1.249415e+001  1.000000e+000 -1.600000e+001
      vertex  1.249415e+001  0.000000e+000 -1.600000e+001
    endloop
  endfacet
  facet normal  0.000000e+000  0.000000e+000  1.000000e+000
    outer loop
      vertex  1.100000e+001  1.000000e+000 -1.600000e+001
      vertex  1.100000e+001  0.000000e+000 -1.600000e+001
      vertex  1.249415e+001  1.000000e+000 -1.600000e+001
    endloop
  endfacet
  facet normal  0.000000e+000  0.000000e+000  1.000000e+000
    outer loop
      vertex  1.249415e+001  1.000000e+000 -1.600000e+001
      vertex  1.100000e+001  0.000000e+000 -1.600000e+001
      vertex  1.249415e+001  0.000000e+000 -1.600000e+001
    endloop
  endfacet
  facet normal  1.000000e+000  0.000000e+000  0.000000e+000
    outer loop
      vertex  1.100000e+001  1.000000e+000 -1.600000e+001
      vertex  1.100000e+001  1.000000e+000  1.300000e+001
      vertex  1.100000e+001  0.000000e+000 -1.600000e+001
    endloop
  endfacet
  facet normal  1.000000e+000  0.000000e+000  0.000000e+000
    outer loop
      vertex  1.100000e+001  0.000000e+000 -1.600000e+001
      vertex  1.100000e+001  1.000000e+000  1.300000e+001
      vertex  1.100000e+001  0.000000e+000  1.300000e+001
    endloop
  endfacet
  facet normal  0.000000e+000  0.000000e+000 -1.000000e+000
    outer loop
      vertex  1.400000e+001  1.000000e+000  1.300000e+001
      vertex  1.400000e+001  0.000000e+000  1.300000e+001
      vertex  1.100000e+001  1.000000e+000  1.300000e+001
    endloop
  endfacet
  facet normal  0.000000e+000  0.000000e+000 -1.000000e+000
    outer loop
      vertex  1.100000e+001  1.000000e+000  1.300000e+001
      vertex  1.400000e+001  0.000000e+000  1.300000e+001
      vertex  1.100000e+001  0.000000e+000  1.300000e+001
    endloop
  endfacet
  facet normal  1.000000e+000  -0.000000e+000  0.000000e+000
    outer loop
      vertex  1.400000e+001  1.000000e+000  1.800000e+001
      vertex  1.400000e+001  0.000000e+000  1.800000e+001
      vertex  1.400000e+001  1.000000e+000  1.300000e+001
    endloop
  endfacet
  facet normal  1.000000e+000  0.000000e+000  0.000000e+000
    outer loop
      vertex  1.400000e+001  1.000000e+000  1.300000e+001
      vertex  1.400000e+001  0.000000e+000  1.800000e+001
      vertex  1.400000e+001  0.000000e+000  1.300000e+001
    endloop
  endfacet
  facet normal  0.000000e+000  0.000000e+000 -1.000000e+000
    outer loop
      vertex  1.600000e+001  1.000000e+000  1.800000e+001
      vertex  1.600000e+001  0.000000e+000  1.800000e+001
      vertex  1.400000e+001  1.000000e+000  1.800000e+001
    endloop
  endfacet
  facet normal  0.000000e+000  0.000000e+000 -1.000000e+000
    outer loop
      vertex  1.400000e+001  1.000000e+000  1.800000e+001
      vertex  1.600000e+001  0.000000e+000  1.800000e+001
      vertex  1.400000e+001  0.000000e+000  1.800000e+001
    endloop
  endfacet
  facet normal  1.000000e+000  -0.000000e+000  0.000000e+000
    outer loop
      vertex  1.600000e+001  1.000000e+000  2.300000e+001
      vertex  1.600000e+001  0.000000e+000  2.300000e+001
      vertex  1.600000e+001  1.000000e+000  1.800000e+001
    endloop
  endfacet
  facet normal  1.000000e+000  0.000000e+000  0.000000e+000
    outer loop
      vertex  1.600000e+001  1.000000e+000  1.800000e+001
      vertex  1.600000e+001  0.000000e+000  2.300000e+001
      vertex  1.600000e+001  0.000000e+000  1.800000e+001
    endloop
  endfacet
  facet normal  0.000000e+000  0.000000e+000  1.000000e+000
    outer loop
      vertex  1.000000e+001  1.000000e+000  2.300000e+001
      vertex  1.000000e+001  0.000000e+000  2.300000e+001
      vertex  1.600000e+001  1.000000e+000  2.300000e+001
    endloop
  endfacet
  facet normal  0.000000e+000  0.000000e+000  1.000000e+000
    outer loop
      vertex  1.600000e+001  1.000000e+000  2.300000e+001
      vertex  1.000000e+001  0.000000e+000  2.300000e+001
      vertex  1.600000e+001  0.000000e+000  2.300000e+001
    endloop
  endfacet
  facet normal  0.000000e+000  0.000000e+000  1.000000e+000
    outer loop
      vertex -1.600000e+001  1.000000e+000  2.300000e+001
      vertex -1.600000e+001  0.000000e+000  2.300000e+001
      vertex -1.000000e+001  1.000000e+000  2.300000e+001
    endloop
  endfacet
  facet normal  0.000000e+000  0.000000e+000  1.000000e+000
    outer loop
      vertex -1.000000e+001  1.000000e+000  2.300000e+001
      vertex -1.600000e+001  0.000000e+000  2.300000e+001
      vertex -1.000000e+001  0.000000e+000  2.300000e+001
    endloop
  endfacet
  facet normal -1.000000e+000  0.000000e+000  0.000000e+000
    outer loop
      vertex -1.600000e+001  1.000000e+000  1.800000e+001
      vertex -1.600000e+001  0.000000e+000  1.800000e+001
      vertex -1.600000e+001  1.000000e+000  2.300000e+001
    endloop
  endfacet
  facet normal -1.000000e+000  -0.000000e+000  0.000000e+000
    outer loop
      vertex -1.600000e+001  1.000000e+000  2.300000e+001
      vertex -1.600000e+001  0.000000e+000  1.800000e+001
      vertex -1.600000e+001  0.000000e+000  2.300000e+001
    endloop
  endfacet
  facet normal  0.000000e+000  0.000000e+000 -1.000000e+000
    outer loop
      vertex -1.400000e+001  1.000000e+000  1.800000e+001
      vertex -1.400000e+001  0.000000e+000  1.800000e+001
      vertex -1.600000e+001  1.000000e+000  1.800000e+001
    endloop
  endfacet
  facet normal  0.000000e+000  0.000000e+000 -1.000000e+000
    outer loop
      vertex -1.600000e+001  1.000000e+000  1.800000e+001
      vertex -1.400000e+001  0.000000e+000  1.800000e+001
      vertex -1.600000e+001  0.000000e+000  1.800000e+001
    endloop
  endfacet
  facet normal  0.000000e+000  0.000000e+000  1.000000e+000
    outer loop
      vertex -1.249415e+001  1.000000e+000 -1.600000e+001
      vertex -1.249415e+001  0.000000e+000 -1.600000e+001
      vertex -1.100000e+001  1.000000e+000 -1.600000e+001
    endloop
  endfacet
  facet normal  0.000000e+000  0.000000e+000  1.000000e+000
    outer loop
      vertex -1.100000e+001  1.000000e+000 -1.600000e+001
      vertex -1.249415e+001  0.000000e+000 -1.600000e+001
      vertex -1.100000e+001  0.000000e+000 -1.600000e+001
    endloop
  endfacet
  facet normal -1.000000e+000  0.000000e+000  0.000000e+000
    outer loop
      vertex -1.249415e+001  1.000000e+000 -1.600000e+001
      vertex -1.249415e+001  1.000000e+000 -2.000000e+001
      vertex -1.249415e+001  0.000000e+000 -1.600000e+001
    endloop
  endfacet
  facet normal -1.000000e+000  0.000000e+000  0.000000e+000
    outer loop
      vertex -1.249415e+001  0.000000e+000 -1.600000e+001
      vertex -1.249415e+001  1.000000e+000 -2.000000e+001
      vertex -1.249415e+001  0.000000e+000 -2.000000e+001
    endloop
  endfacet
  facet normal  0.000000e+000  0.000000e+000 -9.999999e-001
    outer loop
      vertex -1.225000e+001  1.000000e+000 -2.000000e+001
      vertex -1.225000e+001  0.000000e+000 -2.000000e+001
      vertex -1.249415e+001  1.000000e+000 -2.000000e+001
    endloop
  endfacet
  facet normal  0.000000e+000  0.000000e+000 -9.999999e-001
    outer loop
      vertex -1.249415e+001  1.000000e+000 -2.000000e+001
      vertex -1.225000e+001  0.000000e+000 -2.000000e+001
      vertex -1.249415e+001  0.000000e+000 -2.000000e+001
    endloop
  endfacet
  facet normal -1.000000e+000  0.000000e+000  0.000000e+000
    outer loop
      vertex -1.225000e+001  1.000000e+000 -2.300000e+001
      vertex -1.225000e+001  0.000000e+000 -2.300000e+001
      vertex -1.225000e+001  1.000000e+000 -2.000000e+001
    endloop
  endfacet
  facet normal -1.000000e+000  -0.000000e+000  0.000000e+000
    outer loop
      vertex -1.225000e+001  1.000000e+000 -2.000000e+001
      vertex -1.225000e+001  0.000000e+000 -2.300000e+001
      vertex -1.225000e+001  0.000000e+000 -2.000000e+001
    endloop
  endfacet
  facet normal  0.000000e+000  0.000000e+000 -1.000000e+000
    outer loop
      vertex  1.225000e+001  1.000000e+000 -2.300000e+001
      vertex  1.225000e+001  0.000000e+000 -2.300000e+001
      vertex -1.225000e+001  1.000000e+000 -2.300000e+001
    endloop
  endfacet
  facet normal  0.000000e+000  0.000000e+000 -1.000000e+000
    outer loop
      vertex -1.225000e+001  1.000000e+000 -2.300000e+001
      vertex  1.225000e+001  0.000000e+000 -2.300000e+001
      vertex -1.225000e+001  0.000000e+000 -2.300000e+001
    endloop
  endfacet
endsolid CATIA STL
