solid CATIA STL
  facet normal  0.000000e+000  9.999999e-001  0.000000e+000
    outer loop
      vertex -7.500000e+000  1.000000e+000  2.122690e+001
      vertex  1.279289e+001  1.000000e+000  2.893401e+001
      vertex  1.257612e+001  1.000000e+000  2.860958e+001
    endloop
  endfacet
  facet normal  -0.000000e+000  1.000000e+000  -0.000000e+000
    outer loop
      vertex  1.450000e+001  1.000000e+000 -1.477310e+001
      vertex  1.442388e+001  1.000000e+000 -1.439042e+001
      vertex  1.350000e+001  1.000000e+000  2.722690e+001
    endloop
  endfacet
  facet normal  -0.000000e+000  1.000000e+000  -0.000000e+000
    outer loop
      vertex  1.442388e+001  1.000000e+000 -1.439042e+001
      vertex  1.420711e+001  1.000000e+000 -1.406600e+001
      vertex  1.350000e+001  1.000000e+000  2.722690e+001
    endloop
  endfacet
  facet normal  -0.000000e+000  1.000000e+000  -0.000000e+000
    outer loop
      vertex  1.420711e+001  1.000000e+000 -1.406600e+001
      vertex  1.388268e+001  1.000000e+000 -1.384922e+001
      vertex  1.350000e+001  1.000000e+000  2.722690e+001
    endloop
  endfacet
  facet normal  -0.000000e+000  1.000000e+000  0.000000e+000
    outer loop
      vertex  1.388268e+001  1.000000e+000 -1.384922e+001
      vertex  1.350000e+001  1.000000e+000 -1.377310e+001
      vertex  1.350000e+001  1.000000e+000  2.722690e+001
    endloop
  endfacet
  facet normal  -0.000000e+000  1.000000e+000  -0.000000e+000
    outer loop
      vertex  1.442388e+001  1.000000e+000 -2.639042e+001
      vertex  1.420711e+001  1.000000e+000 -2.606599e+001
      vertex  1.350000e+001  1.000000e+000 -1.577310e+001
    endloop
  endfacet
  facet normal  -0.000000e+000  1.000000e+000  -0.000000e+000
    outer loop
      vertex  1.420711e+001  1.000000e+000 -2.606599e+001
      vertex  1.388268e+001  1.000000e+000 -2.584922e+001
      vertex  1.350000e+001  1.000000e+000 -1.577310e+001
    endloop
  endfacet
  facet normal  -0.000000e+000  9.999999e-001  0.000000e+000
    outer loop
      vertex  1.388268e+001  1.000000e+000 -2.584922e+001
      vertex  1.350000e+001  1.000000e+000 -2.577310e+001
      vertex  1.350000e+001  1.000000e+000 -1.577310e+001
    endloop
  endfacet
  facet normal  0.000000e+000  1.000000e+000  0.000000e+000
    outer loop
      vertex -1.450000e+001  1.000000e+000 -1.477310e+001
      vertex -1.350000e+001  1.000000e+000  2.722690e+001
      vertex -1.442388e+001  1.000000e+000 -1.439042e+001
    endloop
  endfacet
  facet normal  0.000000e+000  1.000000e+000  0.000000e+000
    outer loop
      vertex -1.442388e+001  1.000000e+000 -1.439042e+001
      vertex -1.350000e+001  1.000000e+000  2.722690e+001
      vertex -1.420711e+001  1.000000e+000 -1.406600e+001
    endloop
  endfacet
  facet normal  0.000000e+000  1.000000e+000  0.000000e+000
    outer loop
      vertex -1.420711e+001  1.000000e+000 -1.406600e+001
      vertex -1.350000e+001  1.000000e+000  2.722690e+001
      vertex -1.388268e+001  1.000000e+000 -1.384922e+001
    endloop
  endfacet
  facet normal  0.000000e+000  1.000000e+000  0.000000e+000
    outer loop
      vertex -1.388268e+001  1.000000e+000 -1.384922e+001
      vertex -1.350000e+001  1.000000e+000  2.722690e+001
      vertex -1.350000e+001  1.000000e+000 -1.377310e+001
    endloop
  endfacet
  facet normal  0.000000e+000  1.000000e+000  0.000000e+000
    outer loop
      vertex -1.442388e+001  1.000000e+000 -2.639042e+001
      vertex -1.350000e+001  1.000000e+000 -1.577310e+001
      vertex -1.420711e+001  1.000000e+000 -2.606599e+001
    endloop
  endfacet
  facet normal  0.000000e+000  9.999999e-001  0.000000e+000
    outer loop
      vertex -1.420711e+001  1.000000e+000 -2.606599e+001
      vertex -1.350000e+001  1.000000e+000 -1.577310e+001
      vertex -1.388268e+001  1.000000e+000 -2.584922e+001
    endloop
  endfacet
  facet normal  0.000000e+000  9.999999e-001  0.000000e+000
    outer loop
      vertex -1.388268e+001  1.000000e+000 -2.584922e+001
      vertex -1.350000e+001  1.000000e+000 -1.577310e+001
      vertex -1.350000e+001  1.000000e+000 -2.577310e+001
    endloop
  endfacet
  facet normal  0.000000e+000  1.000000e+000  -0.000000e+000
    outer loop
      vertex -7.500000e+000  1.000000e+000 -2.477310e+001
      vertex -7.500000e+000  1.000000e+000 -2.777310e+001
      vertex -1.311732e+001  1.000000e+000 -2.584922e+001
    endloop
  endfacet
  facet normal  0.000000e+000  1.000000e+000  -0.000000e+000
    outer loop
      vertex -7.500000e+000  1.000000e+000 -2.477310e+001
      vertex -1.311732e+001  1.000000e+000 -2.584922e+001
      vertex -1.350000e+001  1.000000e+000 -2.577310e+001
    endloop
  endfacet
  facet normal  0.000000e+000  1.000000e+000  0.000000e+000
    outer loop
      vertex -7.500000e+000  1.000000e+000 -2.477310e+001
      vertex -1.350000e+001  1.000000e+000 -2.577310e+001
      vertex -1.350000e+001  1.000000e+000 -1.577310e+001
    endloop
  endfacet
  facet normal  -0.000000e+000  9.999999e-001  0.000000e+000
    outer loop
      vertex -7.500000e+000  1.000000e+000 -2.477310e+001
      vertex -1.350000e+001  1.000000e+000 -1.577310e+001
      vertex -1.311732e+001  1.000000e+000 -1.569698e+001
    endloop
  endfacet
  facet normal  -0.000000e+000  1.000000e+000  0.000000e+000
    outer loop
      vertex -7.500000e+000  1.000000e+000 -2.477310e+001
      vertex -1.311732e+001  1.000000e+000 -1.569698e+001
      vertex -1.279289e+001  1.000000e+000 -1.548021e+001
    endloop
  endfacet
  facet normal  -0.000000e+000  1.000000e+000  0.000000e+000
    outer loop
      vertex -7.500000e+000  1.000000e+000 -2.477310e+001
      vertex -1.279289e+001  1.000000e+000 -1.548021e+001
      vertex -1.257612e+001  1.000000e+000 -1.515579e+001
    endloop
  endfacet
  facet normal  -0.000000e+000  1.000000e+000  0.000000e+000
    outer loop
      vertex -7.500000e+000  1.000000e+000 -2.477310e+001
      vertex -1.257612e+001  1.000000e+000 -1.515579e+001
      vertex -1.250000e+001  1.000000e+000 -1.477310e+001
    endloop
  endfacet
  facet normal  0.000000e+000  1.000000e+000  0.000000e+000
    outer loop
      vertex  7.500000e+000  1.000000e+000 -2.477310e+001
      vertex  2.500000e+000  1.000000e+000 -2.477310e+001
      vertex  7.500000e+000  1.000000e+000  1.122690e+001
    endloop
  endfacet
  facet normal  0.000000e+000  1.000000e+000  0.000000e+000
    outer loop
      vertex  7.500000e+000  1.000000e+000 -2.477310e+001
      vertex  7.500000e+000  1.000000e+000  1.122690e+001
      vertex  1.257612e+001  1.000000e+000 -1.439042e+001
    endloop
  endfacet
  facet normal  0.000000e+000  1.000000e+000  0.000000e+000
    outer loop
      vertex  7.500000e+000  1.000000e+000 -2.477310e+001
      vertex  1.257612e+001  1.000000e+000 -1.439042e+001
      vertex  1.250000e+001  1.000000e+000 -1.477310e+001
    endloop
  endfacet
  facet normal  0.000000e+000  1.000000e+000  0.000000e+000
    outer loop
      vertex  7.500000e+000  1.000000e+000 -2.477310e+001
      vertex  1.250000e+001  1.000000e+000 -1.477310e+001
      vertex  1.257612e+001  1.000000e+000 -1.515579e+001
    endloop
  endfacet
  facet normal  0.000000e+000  1.000000e+000  0.000000e+000
    outer loop
      vertex  7.500000e+000  1.000000e+000 -2.477310e+001
      vertex  1.257612e+001  1.000000e+000 -1.515579e+001
      vertex  1.279289e+001  1.000000e+000 -1.548021e+001
    endloop
  endfacet
  facet normal  0.000000e+000  1.000000e+000  0.000000e+000
    outer loop
      vertex  7.500000e+000  1.000000e+000 -2.477310e+001
      vertex  1.279289e+001  1.000000e+000 -1.548021e+001
      vertex  1.311732e+001  1.000000e+000 -1.569698e+001
    endloop
  endfacet
  facet normal  0.000000e+000  9.999999e-001  0.000000e+000
    outer loop
      vertex  7.500000e+000  1.000000e+000 -2.477310e+001
      vertex  1.311732e+001  1.000000e+000 -1.569698e+001
      vertex  1.350000e+001  1.000000e+000 -1.577310e+001
    endloop
  endfacet
  facet normal  0.000000e+000  1.000000e+000  0.000000e+000
    outer loop
      vertex  7.500000e+000  1.000000e+000 -2.477310e+001
      vertex  1.350000e+001  1.000000e+000 -1.577310e+001
      vertex  1.350000e+001  1.000000e+000 -2.577310e+001
    endloop
  endfacet
  facet normal  0.000000e+000  1.000000e+000  0.000000e+000
    outer loop
      vertex  7.500000e+000  1.000000e+000 -2.477310e+001
      vertex  1.350000e+001  1.000000e+000 -2.577310e+001
      vertex  1.311732e+001  1.000000e+000 -2.584922e+001
    endloop
  endfacet
  facet normal  0.000000e+000  1.000000e+000  0.000000e+000
    outer loop
      vertex  7.500000e+000  1.000000e+000 -2.477310e+001
      vertex  1.311732e+001  1.000000e+000 -2.584922e+001
      vertex  7.500000e+000  1.000000e+000 -2.777310e+001
    endloop
  endfacet
  facet normal  0.000000e+000  9.999999e-001  -0.000000e+000
    outer loop
      vertex -7.500000e+000  1.000000e+000  1.122690e+001
      vertex -1.257612e+001  1.000000e+000 -1.439042e+001
      vertex -1.279289e+001  1.000000e+000 -1.406600e+001
    endloop
  endfacet
  facet normal  0.000000e+000  1.000000e+000  -0.000000e+000
    outer loop
      vertex -7.500000e+000  1.000000e+000  1.122690e+001
      vertex -1.279289e+001  1.000000e+000 -1.406600e+001
      vertex -1.311732e+001  1.000000e+000 -1.384922e+001
    endloop
  endfacet
  facet normal  0.000000e+000  1.000000e+000  -0.000000e+000
    outer loop
      vertex -7.500000e+000  1.000000e+000  1.122690e+001
      vertex -1.311732e+001  1.000000e+000 -1.384922e+001
      vertex -1.350000e+001  1.000000e+000 -1.377310e+001
    endloop
  endfacet
  facet normal  0.000000e+000  9.999999e-001  0.000000e+000
    outer loop
      vertex -7.500000e+000  1.000000e+000  1.122690e+001
      vertex -1.350000e+001  1.000000e+000 -1.377310e+001
      vertex -1.350000e+001  1.000000e+000  2.722690e+001
    endloop
  endfacet
  facet normal  0.000000e+000  1.000000e+000  0.000000e+000
    outer loop
      vertex -7.500000e+000  1.000000e+000  1.122690e+001
      vertex -1.350000e+001  1.000000e+000  2.722690e+001
      vertex -7.500000e+000  1.000000e+000  2.122690e+001
    endloop
  endfacet
  facet normal  -0.000000e+000  1.000000e+000  0.000000e+000
    outer loop
      vertex  7.500000e+000  1.000000e+000  1.122690e+001
      vertex  7.500000e+000  1.000000e+000  2.122690e+001
      vertex  1.350000e+001  1.000000e+000  2.722690e+001
    endloop
  endfacet
  facet normal  0.000000e+000  9.999999e-001  0.000000e+000
    outer loop
      vertex  7.500000e+000  1.000000e+000  1.122690e+001
      vertex  1.350000e+001  1.000000e+000  2.722690e+001
      vertex  1.350000e+001  1.000000e+000 -1.377310e+001
    endloop
  endfacet
  facet normal  0.000000e+000  1.000000e+000  0.000000e+000
    outer loop
      vertex  7.500000e+000  1.000000e+000  1.122690e+001
      vertex  1.350000e+001  1.000000e+000 -1.377310e+001
      vertex  1.311732e+001  1.000000e+000 -1.384922e+001
    endloop
  endfacet
  facet normal  0.000000e+000  1.000000e+000  0.000000e+000
    outer loop
      vertex  7.500000e+000  1.000000e+000  1.122690e+001
      vertex  1.311732e+001  1.000000e+000 -1.384922e+001
      vertex  1.279289e+001  1.000000e+000 -1.406600e+001
    endloop
  endfacet
  facet normal  0.000000e+000  1.000000e+000  0.000000e+000
    outer loop
      vertex  7.500000e+000  1.000000e+000  1.122690e+001
      vertex  1.279289e+001  1.000000e+000 -1.406600e+001
      vertex  1.257612e+001  1.000000e+000 -1.439042e+001
    endloop
  endfacet
  facet normal  0.000000e+000  9.999999e-001  -0.000000e+000
    outer loop
      vertex  1.600000e+001  1.000000e+000  3.222690e+001
      vertex  1.600000e+001  1.000000e+000 -3.077310e+001
      vertex  1.450000e+001  1.000000e+000  2.822690e+001
    endloop
  endfacet
  facet normal  0.000000e+000  9.999999e-001  -0.000000e+000
    outer loop
      vertex  1.600000e+001  1.000000e+000  3.222690e+001
      vertex  1.450000e+001  1.000000e+000  2.822690e+001
      vertex  1.442388e+001  1.000000e+000  2.860958e+001
    endloop
  endfacet
  facet normal  0.000000e+000  1.000000e+000  -0.000000e+000
    outer loop
      vertex  1.600000e+001  1.000000e+000  3.222690e+001
      vertex  1.442388e+001  1.000000e+000  2.860958e+001
      vertex  1.420711e+001  1.000000e+000  2.893401e+001
    endloop
  endfacet
  facet normal  0.000000e+000  1.000000e+000  -0.000000e+000
    outer loop
      vertex  1.600000e+001  1.000000e+000  3.222690e+001
      vertex  1.420711e+001  1.000000e+000  2.893401e+001
      vertex  1.388268e+001  1.000000e+000  2.915078e+001
    endloop
  endfacet
  facet normal  0.000000e+000  1.000000e+000  -0.000000e+000
    outer loop
      vertex  1.600000e+001  1.000000e+000  3.222690e+001
      vertex  1.388268e+001  1.000000e+000  2.915078e+001
      vertex  1.350000e+001  1.000000e+000  2.922690e+001
    endloop
  endfacet
  facet normal  0.000000e+000  1.000000e+000  -0.000000e+000
    outer loop
      vertex  1.600000e+001  1.000000e+000  3.222690e+001
      vertex  1.350000e+001  1.000000e+000  2.922690e+001
      vertex  1.311732e+001  1.000000e+000  2.915078e+001
    endloop
  endfacet
  facet normal  0.000000e+000  9.999999e-001  -0.000000e+000
    outer loop
      vertex  1.600000e+001  1.000000e+000  3.222690e+001
      vertex  1.311732e+001  1.000000e+000  2.915078e+001
      vertex  1.279289e+001  1.000000e+000  2.893401e+001
    endloop
  endfacet
  facet normal  0.000000e+000  1.000000e+000  -0.000000e+000
    outer loop
      vertex  1.600000e+001  1.000000e+000  3.222690e+001
      vertex  1.279289e+001  1.000000e+000  2.893401e+001
      vertex -7.500000e+000  1.000000e+000  2.122690e+001
    endloop
  endfacet
  facet normal  0.000000e+000  1.000000e+000  -0.000000e+000
    outer loop
      vertex  1.600000e+001  1.000000e+000  3.222690e+001
      vertex -7.500000e+000  1.000000e+000  2.122690e+001
      vertex -1.250000e+001  1.000000e+000  2.822690e+001
    endloop
  endfacet
  facet normal  0.000000e+000  1.000000e+000  -0.000000e+000
    outer loop
      vertex  1.600000e+001  1.000000e+000  3.222690e+001
      vertex -1.250000e+001  1.000000e+000  2.822690e+001
      vertex -1.257612e+001  1.000000e+000  2.860958e+001
    endloop
  endfacet
  facet normal  0.000000e+000  1.000000e+000  -0.000000e+000
    outer loop
      vertex  1.600000e+001  1.000000e+000  3.222690e+001
      vertex -1.257612e+001  1.000000e+000  2.860958e+001
      vertex -1.279289e+001  1.000000e+000  2.893401e+001
    endloop
  endfacet
  facet normal  0.000000e+000  9.999999e-001  -0.000000e+000
    outer loop
      vertex  1.600000e+001  1.000000e+000  3.222690e+001
      vertex -1.279289e+001  1.000000e+000  2.893401e+001
      vertex -1.311732e+001  1.000000e+000  2.915078e+001
    endloop
  endfacet
  facet normal  0.000000e+000  1.000000e+000  -0.000000e+000
    outer loop
      vertex  1.600000e+001  1.000000e+000  3.222690e+001
      vertex -1.311732e+001  1.000000e+000  2.915078e+001
      vertex -1.350000e+001  1.000000e+000  2.922690e+001
    endloop
  endfacet
  facet normal  0.000000e+000  1.000000e+000  -0.000000e+000
    outer loop
      vertex  1.600000e+001  1.000000e+000  3.222690e+001
      vertex -1.350000e+001  1.000000e+000  2.922690e+001
      vertex -1.600000e+001  1.000000e+000  3.222690e+001
    endloop
  endfacet
  facet normal  0.000000e+000  1.000000e+000  0.000000e+000
    outer loop
      vertex  1.600000e+001  1.000000e+000 -3.077310e+001
      vertex -1.600000e+001  1.000000e+000 -3.077310e+001
      vertex -1.350000e+001  1.000000e+000 -2.777310e+001
    endloop
  endfacet
  facet normal  -0.000000e+000  1.000000e+000  0.000000e+000
    outer loop
      vertex  1.600000e+001  1.000000e+000 -3.077310e+001
      vertex -1.350000e+001  1.000000e+000 -2.777310e+001
      vertex -7.500000e+000  1.000000e+000 -2.777310e+001
    endloop
  endfacet
  facet normal  -0.000000e+000  1.000000e+000  0.000000e+000
    outer loop
      vertex  1.600000e+001  1.000000e+000 -3.077310e+001
      vertex -7.500000e+000  1.000000e+000 -2.777310e+001
      vertex -2.500000e+000  1.000000e+000 -2.777310e+001
    endloop
  endfacet
  facet normal  -0.000000e+000  1.000000e+000  0.000000e+000
    outer loop
      vertex  1.600000e+001  1.000000e+000 -3.077310e+001
      vertex -2.500000e+000  1.000000e+000 -2.777310e+001
      vertex  2.500000e+000  1.000000e+000 -2.777310e+001
    endloop
  endfacet
  facet normal  -0.000000e+000  1.000000e+000  0.000000e+000
    outer loop
      vertex  1.600000e+001  1.000000e+000 -3.077310e+001
      vertex  2.500000e+000  1.000000e+000 -2.777310e+001
      vertex  7.500000e+000  1.000000e+000 -2.777310e+001
    endloop
  endfacet
  facet normal  -0.000000e+000  1.000000e+000  0.000000e+000
    outer loop
      vertex  1.600000e+001  1.000000e+000 -3.077310e+001
      vertex  7.500000e+000  1.000000e+000 -2.777310e+001
      vertex  1.350000e+001  1.000000e+000 -2.777310e+001
    endloop
  endfacet
  facet normal  -0.000000e+000  1.000000e+000  0.000000e+000
    outer loop
      vertex  1.600000e+001  1.000000e+000 -3.077310e+001
      vertex  1.350000e+001  1.000000e+000 -2.777310e+001
      vertex  1.388268e+001  1.000000e+000 -2.769698e+001
    endloop
  endfacet
  facet normal  -0.000000e+000  1.000000e+000  0.000000e+000
    outer loop
      vertex  1.600000e+001  1.000000e+000 -3.077310e+001
      vertex  1.388268e+001  1.000000e+000 -2.769698e+001
      vertex  1.420711e+001  1.000000e+000 -2.748021e+001
    endloop
  endfacet
  facet normal  -0.000000e+000  1.000000e+000  0.000000e+000
    outer loop
      vertex  1.600000e+001  1.000000e+000 -3.077310e+001
      vertex  1.420711e+001  1.000000e+000 -2.748021e+001
      vertex  1.442388e+001  1.000000e+000 -2.715578e+001
    endloop
  endfacet
  facet normal  -0.000000e+000  9.999999e-001  0.000000e+000
    outer loop
      vertex  1.600000e+001  1.000000e+000 -3.077310e+001
      vertex  1.442388e+001  1.000000e+000 -2.715578e+001
      vertex  1.450000e+001  1.000000e+000 -2.677310e+001
    endloop
  endfacet
  facet normal  -0.000000e+000  1.000000e+000  -0.000000e+000
    outer loop
      vertex  1.600000e+001  1.000000e+000 -3.077310e+001
      vertex  1.450000e+001  1.000000e+000 -2.677310e+001
      vertex  1.442388e+001  1.000000e+000 -2.639042e+001
    endloop
  endfacet
  facet normal  -0.000000e+000  1.000000e+000  -0.000000e+000
    outer loop
      vertex  1.600000e+001  1.000000e+000 -3.077310e+001
      vertex  1.442388e+001  1.000000e+000 -2.639042e+001
      vertex  1.350000e+001  1.000000e+000 -1.577310e+001
    endloop
  endfacet
  facet normal  -0.000000e+000  1.000000e+000  0.000000e+000
    outer loop
      vertex  1.600000e+001  1.000000e+000 -3.077310e+001
      vertex  1.350000e+001  1.000000e+000 -1.577310e+001
      vertex  1.388268e+001  1.000000e+000 -1.569698e+001
    endloop
  endfacet
  facet normal  -0.000000e+000  1.000000e+000  0.000000e+000
    outer loop
      vertex  1.600000e+001  1.000000e+000 -3.077310e+001
      vertex  1.388268e+001  1.000000e+000 -1.569698e+001
      vertex  1.420711e+001  1.000000e+000 -1.548021e+001
    endloop
  endfacet
  facet normal  -0.000000e+000  1.000000e+000  0.000000e+000
    outer loop
      vertex  1.600000e+001  1.000000e+000 -3.077310e+001
      vertex  1.420711e+001  1.000000e+000 -1.548021e+001
      vertex  1.442388e+001  1.000000e+000 -1.515579e+001
    endloop
  endfacet
  facet normal  -0.000000e+000  9.999999e-001  0.000000e+000
    outer loop
      vertex  1.600000e+001  1.000000e+000 -3.077310e+001
      vertex  1.442388e+001  1.000000e+000 -1.515579e+001
      vertex  1.450000e+001  1.000000e+000 -1.477310e+001
    endloop
  endfacet
  facet normal  -0.000000e+000  9.999999e-001  -0.000000e+000
    outer loop
      vertex  1.600000e+001  1.000000e+000 -3.077310e+001
      vertex  1.450000e+001  1.000000e+000 -1.477310e+001
      vertex  1.350000e+001  1.000000e+000  2.722690e+001
    endloop
  endfacet
  facet normal  -0.000000e+000  1.000000e+000  0.000000e+000
    outer loop
      vertex  1.600000e+001  1.000000e+000 -3.077310e+001
      vertex  1.350000e+001  1.000000e+000  2.722690e+001
      vertex  1.388268e+001  1.000000e+000  2.730302e+001
    endloop
  endfacet
  facet normal  -0.000000e+000  1.000000e+000  0.000000e+000
    outer loop
      vertex  1.600000e+001  1.000000e+000 -3.077310e+001
      vertex  1.388268e+001  1.000000e+000  2.730302e+001
      vertex  1.420711e+001  1.000000e+000  2.751979e+001
    endloop
  endfacet
  facet normal  -0.000000e+000  1.000000e+000  0.000000e+000
    outer loop
      vertex  1.600000e+001  1.000000e+000 -3.077310e+001
      vertex  1.420711e+001  1.000000e+000  2.751979e+001
      vertex  1.442388e+001  1.000000e+000  2.784422e+001
    endloop
  endfacet
  facet normal  -0.000000e+000  1.000000e+000  0.000000e+000
    outer loop
      vertex  1.600000e+001  1.000000e+000 -3.077310e+001
      vertex  1.442388e+001  1.000000e+000  2.784422e+001
      vertex  1.450000e+001  1.000000e+000  2.822690e+001
    endloop
  endfacet
  facet normal  -0.000000e+000  1.000000e+000  0.000000e+000
    outer loop
      vertex -7.500000e+000  1.000000e+000  2.122690e+001
      vertex -1.350000e+001  1.000000e+000  2.722690e+001
      vertex -1.311732e+001  1.000000e+000  2.730302e+001
    endloop
  endfacet
  facet normal  -0.000000e+000  1.000000e+000  0.000000e+000
    outer loop
      vertex -7.500000e+000  1.000000e+000  2.122690e+001
      vertex -1.311732e+001  1.000000e+000  2.730302e+001
      vertex -1.279289e+001  1.000000e+000  2.751979e+001
    endloop
  endfacet
  facet normal  -0.000000e+000  1.000000e+000  0.000000e+000
    outer loop
      vertex -7.500000e+000  1.000000e+000  2.122690e+001
      vertex -1.279289e+001  1.000000e+000  2.751979e+001
      vertex -1.257612e+001  1.000000e+000  2.784422e+001
    endloop
  endfacet
  facet normal  -0.000000e+000  1.000000e+000  0.000000e+000
    outer loop
      vertex -7.500000e+000  1.000000e+000  2.122690e+001
      vertex -1.257612e+001  1.000000e+000  2.784422e+001
      vertex -1.250000e+001  1.000000e+000  2.822690e+001
    endloop
  endfacet
  facet normal  0.000000e+000  1.000000e+000  0.000000e+000
    outer loop
      vertex  7.500000e+000  1.000000e+000  2.122690e+001
      vertex -7.500000e+000  1.000000e+000  2.122690e+001
      vertex  1.257612e+001  1.000000e+000  2.860958e+001
    endloop
  endfacet
  facet normal  0.000000e+000  9.999999e-001  0.000000e+000
    outer loop
      vertex  7.500000e+000  1.000000e+000  2.122690e+001
      vertex  1.257612e+001  1.000000e+000  2.860958e+001
      vertex  1.250000e+001  1.000000e+000  2.822690e+001
    endloop
  endfacet
  facet normal  0.000000e+000  1.000000e+000  0.000000e+000
    outer loop
      vertex  7.500000e+000  1.000000e+000  2.122690e+001
      vertex  1.250000e+001  1.000000e+000  2.822690e+001
      vertex  1.257612e+001  1.000000e+000  2.784422e+001
    endloop
  endfacet
  facet normal  0.000000e+000  1.000000e+000  0.000000e+000
    outer loop
      vertex  7.500000e+000  1.000000e+000  2.122690e+001
      vertex  1.257612e+001  1.000000e+000  2.784422e+001
      vertex  1.279289e+001  1.000000e+000  2.751979e+001
    endloop
  endfacet
  facet normal  0.000000e+000  1.000000e+000  0.000000e+000
    outer loop
      vertex  7.500000e+000  1.000000e+000  2.122690e+001
      vertex  1.279289e+001  1.000000e+000  2.751979e+001
      vertex  1.311732e+001  1.000000e+000  2.730302e+001
    endloop
  endfacet
  facet normal  0.000000e+000  1.000000e+000  0.000000e+000
    outer loop
      vertex  7.500000e+000  1.000000e+000  2.122690e+001
      vertex  1.311732e+001  1.000000e+000  2.730302e+001
      vertex  1.350000e+001  1.000000e+000  2.722690e+001
    endloop
  endfacet
  facet normal  0.000000e+000  1.000000e+000  0.000000e+000
    outer loop
      vertex  7.500000e+000  1.000000e+000 -2.777310e+001
      vertex  1.311732e+001  1.000000e+000 -2.584922e+001
      vertex  1.279289e+001  1.000000e+000 -2.606599e+001
    endloop
  endfacet
  facet normal  0.000000e+000  1.000000e+000  0.000000e+000
    outer loop
      vertex  7.500000e+000  1.000000e+000 -2.777310e+001
      vertex  1.279289e+001  1.000000e+000 -2.606599e+001
      vertex  1.257612e+001  1.000000e+000 -2.639042e+001
    endloop
  endfacet
  facet normal  0.000000e+000  1.000000e+000  0.000000e+000
    outer loop
      vertex  7.500000e+000  1.000000e+000 -2.777310e+001
      vertex  1.257612e+001  1.000000e+000 -2.639042e+001
      vertex  1.250000e+001  1.000000e+000 -2.677310e+001
    endloop
  endfacet
  facet normal  0.000000e+000  1.000000e+000  0.000000e+000
    outer loop
      vertex  7.500000e+000  1.000000e+000 -2.777310e+001
      vertex  1.250000e+001  1.000000e+000 -2.677310e+001
      vertex  1.257612e+001  1.000000e+000 -2.715578e+001
    endloop
  endfacet
  facet normal  0.000000e+000  1.000000e+000  0.000000e+000
    outer loop
      vertex  7.500000e+000  1.000000e+000 -2.777310e+001
      vertex  1.257612e+001  1.000000e+000 -2.715578e+001
      vertex  1.279289e+001  1.000000e+000 -2.748021e+001
    endloop
  endfacet
  facet normal  0.000000e+000  1.000000e+000  0.000000e+000
    outer loop
      vertex  7.500000e+000  1.000000e+000 -2.777310e+001
      vertex  1.279289e+001  1.000000e+000 -2.748021e+001
      vertex  1.311732e+001  1.000000e+000 -2.769698e+001
    endloop
  endfacet
  facet normal  0.000000e+000  9.999999e-001  0.000000e+000
    outer loop
      vertex  7.500000e+000  1.000000e+000 -2.777310e+001
      vertex  1.311732e+001  1.000000e+000 -2.769698e+001
      vertex  1.350000e+001  1.000000e+000 -2.777310e+001
    endloop
  endfacet
  facet normal  0.000000e+000  9.999999e-001  0.000000e+000
    outer loop
      vertex -7.500000e+000  1.000000e+000 -2.777310e+001
      vertex -1.350000e+001  1.000000e+000 -2.777310e+001
      vertex -1.311732e+001  1.000000e+000 -2.769698e+001
    endloop
  endfacet
  facet normal  -0.000000e+000  1.000000e+000  0.000000e+000
    outer loop
      vertex -7.500000e+000  1.000000e+000 -2.777310e+001
      vertex -1.311732e+001  1.000000e+000 -2.769698e+001
      vertex -1.279289e+001  1.000000e+000 -2.748021e+001
    endloop
  endfacet
  facet normal  -0.000000e+000  1.000000e+000  0.000000e+000
    outer loop
      vertex -7.500000e+000  1.000000e+000 -2.777310e+001
      vertex -1.279289e+001  1.000000e+000 -2.748021e+001
      vertex -1.257612e+001  1.000000e+000 -2.715578e+001
    endloop
  endfacet
  facet normal  -0.000000e+000  1.000000e+000  0.000000e+000
    outer loop
      vertex -7.500000e+000  1.000000e+000 -2.777310e+001
      vertex -1.257612e+001  1.000000e+000 -2.715578e+001
      vertex -1.250000e+001  1.000000e+000 -2.677310e+001
    endloop
  endfacet
  facet normal  -0.000000e+000  1.000000e+000  -0.000000e+000
    outer loop
      vertex -7.500000e+000  1.000000e+000 -2.777310e+001
      vertex -1.250000e+001  1.000000e+000 -2.677310e+001
      vertex -1.257612e+001  1.000000e+000 -2.639042e+001
    endloop
  endfacet
  facet normal  -0.000000e+000  1.000000e+000  -0.000000e+000
    outer loop
      vertex -7.500000e+000  1.000000e+000 -2.777310e+001
      vertex -1.257612e+001  1.000000e+000 -2.639042e+001
      vertex -1.279289e+001  1.000000e+000 -2.606599e+001
    endloop
  endfacet
  facet normal  -0.000000e+000  1.000000e+000  -0.000000e+000
    outer loop
      vertex -7.500000e+000  1.000000e+000 -2.777310e+001
      vertex -1.279289e+001  1.000000e+000 -2.606599e+001
      vertex -1.311732e+001  1.000000e+000 -2.584922e+001
    endloop
  endfacet
  facet normal  0.000000e+000  1.000000e+000  0.000000e+000
    outer loop
      vertex -1.600000e+001  1.000000e+000 -3.077310e+001
      vertex -1.450000e+001  1.000000e+000  2.822690e+001
      vertex -1.442388e+001  1.000000e+000  2.784422e+001
    endloop
  endfacet
  facet normal  0.000000e+000  1.000000e+000  0.000000e+000
    outer loop
      vertex -1.600000e+001  1.000000e+000 -3.077310e+001
      vertex -1.442388e+001  1.000000e+000  2.784422e+001
      vertex -1.420711e+001  1.000000e+000  2.751979e+001
    endloop
  endfacet
  facet normal  0.000000e+000  1.000000e+000  0.000000e+000
    outer loop
      vertex -1.600000e+001  1.000000e+000 -3.077310e+001
      vertex -1.420711e+001  1.000000e+000  2.751979e+001
      vertex -1.388268e+001  1.000000e+000  2.730302e+001
    endloop
  endfacet
  facet normal  0.000000e+000  1.000000e+000  0.000000e+000
    outer loop
      vertex -1.600000e+001  1.000000e+000 -3.077310e+001
      vertex -1.388268e+001  1.000000e+000  2.730302e+001
      vertex -1.350000e+001  1.000000e+000  2.722690e+001
    endloop
  endfacet
  facet normal  0.000000e+000  9.999999e-001  0.000000e+000
    outer loop
      vertex -1.600000e+001  1.000000e+000 -3.077310e+001
      vertex -1.350000e+001  1.000000e+000  2.722690e+001
      vertex -1.450000e+001  1.000000e+000 -1.477310e+001
    endloop
  endfacet
  facet normal  0.000000e+000  9.999999e-001  0.000000e+000
    outer loop
      vertex -1.600000e+001  1.000000e+000 -3.077310e+001
      vertex -1.450000e+001  1.000000e+000 -1.477310e+001
      vertex -1.442388e+001  1.000000e+000 -1.515579e+001
    endloop
  endfacet
  facet normal  0.000000e+000  1.000000e+000  0.000000e+000
    outer loop
      vertex -1.600000e+001  1.000000e+000 -3.077310e+001
      vertex -1.442388e+001  1.000000e+000 -1.515579e+001
      vertex -1.420711e+001  1.000000e+000 -1.548021e+001
    endloop
  endfacet
  facet normal  0.000000e+000  9.999999e-001  0.000000e+000
    outer loop
      vertex -1.600000e+001  1.000000e+000 -3.077310e+001
      vertex -1.420711e+001  1.000000e+000 -1.548021e+001
      vertex -1.388268e+001  1.000000e+000 -1.569698e+001
    endloop
  endfacet
  facet normal  0.000000e+000  1.000000e+000  0.000000e+000
    outer loop
      vertex -1.600000e+001  1.000000e+000 -3.077310e+001
      vertex -1.388268e+001  1.000000e+000 -1.569698e+001
      vertex -1.350000e+001  1.000000e+000 -1.577310e+001
    endloop
  endfacet
  facet normal  0.000000e+000  1.000000e+000  0.000000e+000
    outer loop
      vertex -1.600000e+001  1.000000e+000 -3.077310e+001
      vertex -1.350000e+001  1.000000e+000 -1.577310e+001
      vertex -1.442388e+001  1.000000e+000 -2.639042e+001
    endloop
  endfacet
  facet normal  0.000000e+000  1.000000e+000  0.000000e+000
    outer loop
      vertex -1.600000e+001  1.000000e+000 -3.077310e+001
      vertex -1.442388e+001  1.000000e+000 -2.639042e+001
      vertex -1.450000e+001  1.000000e+000 -2.677310e+001
    endloop
  endfacet
  facet normal  0.000000e+000  9.999999e-001  0.000000e+000
    outer loop
      vertex -1.600000e+001  1.000000e+000 -3.077310e+001
      vertex -1.450000e+001  1.000000e+000 -2.677310e+001
      vertex -1.442388e+001  1.000000e+000 -2.715578e+001
    endloop
  endfacet
  facet normal  0.000000e+000  1.000000e+000  0.000000e+000
    outer loop
      vertex -1.600000e+001  1.000000e+000 -3.077310e+001
      vertex -1.442388e+001  1.000000e+000 -2.715578e+001
      vertex -1.420711e+001  1.000000e+000 -2.748021e+001
    endloop
  endfacet
  facet normal  0.000000e+000  1.000000e+000  0.000000e+000
    outer loop
      vertex -1.600000e+001  1.000000e+000 -3.077310e+001
      vertex -1.420711e+001  1.000000e+000 -2.748021e+001
      vertex -1.388268e+001  1.000000e+000 -2.769698e+001
    endloop
  endfacet
  facet normal  0.000000e+000  1.000000e+000  0.000000e+000
    outer loop
      vertex -1.600000e+001  1.000000e+000 -3.077310e+001
      vertex -1.388268e+001  1.000000e+000 -2.769698e+001
      vertex -1.350000e+001  1.000000e+000 -2.777310e+001
    endloop
  endfacet
  facet normal  0.000000e+000  1.000000e+000  0.000000e+000
    outer loop
      vertex -1.600000e+001  1.000000e+000  3.222690e+001
      vertex -1.350000e+001  1.000000e+000  2.922690e+001
      vertex -1.388268e+001  1.000000e+000  2.915078e+001
    endloop
  endfacet
  facet normal  0.000000e+000  1.000000e+000  0.000000e+000
    outer loop
      vertex -1.600000e+001  1.000000e+000  3.222690e+001
      vertex -1.388268e+001  1.000000e+000  2.915078e+001
      vertex -1.420711e+001  1.000000e+000  2.893401e+001
    endloop
  endfacet
  facet normal  0.000000e+000  1.000000e+000  0.000000e+000
    outer loop
      vertex -1.600000e+001  1.000000e+000  3.222690e+001
      vertex -1.420711e+001  1.000000e+000  2.893401e+001
      vertex -1.442388e+001  1.000000e+000  2.860958e+001
    endloop
  endfacet
  facet normal  0.000000e+000  9.999999e-001  0.000000e+000
    outer loop
      vertex -1.600000e+001  1.000000e+000  3.222690e+001
      vertex -1.442388e+001  1.000000e+000  2.860958e+001
      vertex -1.450000e+001  1.000000e+000  2.822690e+001
    endloop
  endfacet
  facet normal  0.000000e+000  9.999999e-001  0.000000e+000
    outer loop
      vertex -1.600000e+001  1.000000e+000  3.222690e+001
      vertex -1.450000e+001  1.000000e+000  2.822690e+001
      vertex -1.600000e+001  1.000000e+000 -3.077310e+001
    endloop
  endfacet
  facet normal  0.000000e+000  1.000000e+000  0.000000e+000
    outer loop
      vertex -1.250000e+001  1.000000e+000 -1.477310e+001
      vertex -1.257612e+001  1.000000e+000 -1.439042e+001
      vertex -7.500000e+000  1.000000e+000 -2.477310e+001
    endloop
  endfacet
  facet normal  0.000000e+000  1.000000e+000  -0.000000e+000
    outer loop
      vertex -7.500000e+000  1.000000e+000 -2.477310e+001
      vertex -1.257612e+001  1.000000e+000 -1.439042e+001
      vertex -7.500000e+000  1.000000e+000  1.122690e+001
    endloop
  endfacet
  facet normal  0.000000e+000  1.000000e+000  0.000000e+000
    outer loop
      vertex -7.500000e+000  1.000000e+000 -2.477310e+001
      vertex -7.500000e+000  1.000000e+000  1.122690e+001
      vertex -2.500000e+000  1.000000e+000 -2.477310e+001
    endloop
  endfacet
  facet normal  0.000000e+000  1.000000e+000  -0.000000e+000
    outer loop
      vertex -2.500000e+000  1.000000e+000 -2.477310e+001
      vertex -7.500000e+000  1.000000e+000  1.122690e+001
      vertex  7.500000e+000  1.000000e+000  1.122690e+001
    endloop
  endfacet
  facet normal  0.000000e+000  1.000000e+000  0.000000e+000
    outer loop
      vertex -2.500000e+000  1.000000e+000 -2.477310e+001
      vertex  7.500000e+000  1.000000e+000  1.122690e+001
      vertex  2.500000e+000  1.000000e+000 -2.477310e+001
    endloop
  endfacet
  facet normal  0.000000e+000  1.000000e+000  0.000000e+000
    outer loop
      vertex  2.500000e+000  1.000000e+000 -2.777310e+001
      vertex -2.500000e+000  1.000000e+000 -2.777310e+001
      vertex  2.500000e+000  1.000000e+000 -2.477310e+001
    endloop
  endfacet
  facet normal  0.000000e+000  1.000000e+000  0.000000e+000
    outer loop
      vertex  2.500000e+000  1.000000e+000 -2.477310e+001
      vertex -2.500000e+000  1.000000e+000 -2.777310e+001
      vertex -2.500000e+000  1.000000e+000 -2.477310e+001
    endloop
  endfacet
  facet normal  0.000000e+000 -9.999999e-001  0.000000e+000
    outer loop
      vertex  1.257612e+001  0.000000e+000  2.860958e+001
      vertex  1.279289e+001  0.000000e+000  2.893401e+001
      vertex -7.500000e+000  0.000000e+000  2.122690e+001
    endloop
  endfacet
  facet normal  0.000000e+000 -1.000000e+000  0.000000e+000
    outer loop
      vertex  1.350000e+001  0.000000e+000  2.722690e+001
      vertex  1.442388e+001  0.000000e+000 -1.439042e+001
      vertex  1.450000e+001  0.000000e+000 -1.477310e+001
    endloop
  endfacet
  facet normal  0.000000e+000 -1.000000e+000  0.000000e+000
    outer loop
      vertex  1.350000e+001  0.000000e+000  2.722690e+001
      vertex  1.420711e+001  0.000000e+000 -1.406600e+001
      vertex  1.442388e+001  0.000000e+000 -1.439042e+001
    endloop
  endfacet
  facet normal  0.000000e+000 -1.000000e+000  0.000000e+000
    outer loop
      vertex  1.350000e+001  0.000000e+000  2.722690e+001
      vertex  1.388268e+001  0.000000e+000 -1.384922e+001
      vertex  1.420711e+001  0.000000e+000 -1.406600e+001
    endloop
  endfacet
  facet normal  0.000000e+000 -1.000000e+000  0.000000e+000
    outer loop
      vertex  1.350000e+001  0.000000e+000  2.722690e+001
      vertex  1.350000e+001  0.000000e+000 -1.377310e+001
      vertex  1.388268e+001  0.000000e+000 -1.384922e+001
    endloop
  endfacet
  facet normal  0.000000e+000 -1.000000e+000  0.000000e+000
    outer loop
      vertex  1.350000e+001  0.000000e+000 -1.577310e+001
      vertex  1.420711e+001  0.000000e+000 -2.606599e+001
      vertex  1.442388e+001  0.000000e+000 -2.639042e+001
    endloop
  endfacet
  facet normal  0.000000e+000 -1.000000e+000  0.000000e+000
    outer loop
      vertex  1.350000e+001  0.000000e+000 -1.577310e+001
      vertex  1.388268e+001  0.000000e+000 -2.584922e+001
      vertex  1.420711e+001  0.000000e+000 -2.606599e+001
    endloop
  endfacet
  facet normal  0.000000e+000 -9.999999e-001  0.000000e+000
    outer loop
      vertex  1.350000e+001  0.000000e+000 -1.577310e+001
      vertex  1.350000e+001  0.000000e+000 -2.577310e+001
      vertex  1.388268e+001  0.000000e+000 -2.584922e+001
    endloop
  endfacet
  facet normal  0.000000e+000 -1.000000e+000  0.000000e+000
    outer loop
      vertex -1.442388e+001  0.000000e+000 -1.439042e+001
      vertex -1.350000e+001  0.000000e+000  2.722690e+001
      vertex -1.450000e+001  0.000000e+000 -1.477310e+001
    endloop
  endfacet
  facet normal  0.000000e+000 -1.000000e+000  0.000000e+000
    outer loop
      vertex -1.420711e+001  0.000000e+000 -1.406600e+001
      vertex -1.350000e+001  0.000000e+000  2.722690e+001
      vertex -1.442388e+001  0.000000e+000 -1.439042e+001
    endloop
  endfacet
  facet normal  0.000000e+000 -1.000000e+000  0.000000e+000
    outer loop
      vertex -1.388268e+001  0.000000e+000 -1.384922e+001
      vertex -1.350000e+001  0.000000e+000  2.722690e+001
      vertex -1.420711e+001  0.000000e+000 -1.406600e+001
    endloop
  endfacet
  facet normal  0.000000e+000 -1.000000e+000  -0.000000e+000
    outer loop
      vertex -1.350000e+001  0.000000e+000 -1.377310e+001
      vertex -1.350000e+001  0.000000e+000  2.722690e+001
      vertex -1.388268e+001  0.000000e+000 -1.384922e+001
    endloop
  endfacet
  facet normal  0.000000e+000 -1.000000e+000  0.000000e+000
    outer loop
      vertex -1.420711e+001  0.000000e+000 -2.606599e+001
      vertex -1.350000e+001  0.000000e+000 -1.577310e+001
      vertex -1.442388e+001  0.000000e+000 -2.639042e+001
    endloop
  endfacet
  facet normal  0.000000e+000 -9.999999e-001  0.000000e+000
    outer loop
      vertex -1.388268e+001  0.000000e+000 -2.584922e+001
      vertex -1.350000e+001  0.000000e+000 -1.577310e+001
      vertex -1.420711e+001  0.000000e+000 -2.606599e+001
    endloop
  endfacet
  facet normal  0.000000e+000 -9.999999e-001  -0.000000e+000
    outer loop
      vertex -1.350000e+001  0.000000e+000 -2.577310e+001
      vertex -1.350000e+001  0.000000e+000 -1.577310e+001
      vertex -1.388268e+001  0.000000e+000 -2.584922e+001
    endloop
  endfacet
  facet normal  0.000000e+000 -1.000000e+000  -0.000000e+000
    outer loop
      vertex -7.500000e+000  0.000000e+000 -2.477310e+001
      vertex -1.250000e+001  0.000000e+000 -1.477310e+001
      vertex -1.257612e+001  0.000000e+000 -1.515579e+001
    endloop
  endfacet
  facet normal  0.000000e+000 -1.000000e+000  -0.000000e+000
    outer loop
      vertex -7.500000e+000  0.000000e+000 -2.477310e+001
      vertex -1.257612e+001  0.000000e+000 -1.515579e+001
      vertex -1.279289e+001  0.000000e+000 -1.548021e+001
    endloop
  endfacet
  facet normal  0.000000e+000 -1.000000e+000  -0.000000e+000
    outer loop
      vertex -7.500000e+000  0.000000e+000 -2.477310e+001
      vertex -1.279289e+001  0.000000e+000 -1.548021e+001
      vertex -1.311732e+001  0.000000e+000 -1.569698e+001
    endloop
  endfacet
  facet normal  0.000000e+000 -9.999999e-001  -0.000000e+000
    outer loop
      vertex -7.500000e+000  0.000000e+000 -2.477310e+001
      vertex -1.311732e+001  0.000000e+000 -1.569698e+001
      vertex -1.350000e+001  0.000000e+000 -1.577310e+001
    endloop
  endfacet
  facet normal  0.000000e+000 -1.000000e+000  0.000000e+000
    outer loop
      vertex -7.500000e+000  0.000000e+000 -2.477310e+001
      vertex -1.350000e+001  0.000000e+000 -1.577310e+001
      vertex -1.350000e+001  0.000000e+000 -2.577310e+001
    endloop
  endfacet
  facet normal  0.000000e+000 -1.000000e+000  0.000000e+000
    outer loop
      vertex -7.500000e+000  0.000000e+000 -2.477310e+001
      vertex -1.350000e+001  0.000000e+000 -2.577310e+001
      vertex -1.311732e+001  0.000000e+000 -2.584922e+001
    endloop
  endfacet
  facet normal  0.000000e+000 -1.000000e+000  0.000000e+000
    outer loop
      vertex -7.500000e+000  0.000000e+000 -2.477310e+001
      vertex -1.311732e+001  0.000000e+000 -2.584922e+001
      vertex -7.500000e+000  0.000000e+000 -2.777310e+001
    endloop
  endfacet
  facet normal  0.000000e+000 -1.000000e+000  0.000000e+000
    outer loop
      vertex  7.500000e+000  0.000000e+000 -2.477310e+001
      vertex  7.500000e+000  0.000000e+000 -2.777310e+001
      vertex  1.311732e+001  0.000000e+000 -2.584922e+001
    endloop
  endfacet
  facet normal  0.000000e+000 -1.000000e+000  0.000000e+000
    outer loop
      vertex  7.500000e+000  0.000000e+000 -2.477310e+001
      vertex  1.311732e+001  0.000000e+000 -2.584922e+001
      vertex  1.350000e+001  0.000000e+000 -2.577310e+001
    endloop
  endfacet
  facet normal  0.000000e+000 -1.000000e+000  0.000000e+000
    outer loop
      vertex  7.500000e+000  0.000000e+000 -2.477310e+001
      vertex  1.350000e+001  0.000000e+000 -2.577310e+001
      vertex  1.350000e+001  0.000000e+000 -1.577310e+001
    endloop
  endfacet
  facet normal  -0.000000e+000 -9.999999e-001  0.000000e+000
    outer loop
      vertex  7.500000e+000  0.000000e+000 -2.477310e+001
      vertex  1.350000e+001  0.000000e+000 -1.577310e+001
      vertex  1.311732e+001  0.000000e+000 -1.569698e+001
    endloop
  endfacet
  facet normal  -0.000000e+000 -1.000000e+000  0.000000e+000
    outer loop
      vertex  7.500000e+000  0.000000e+000 -2.477310e+001
      vertex  1.311732e+001  0.000000e+000 -1.569698e+001
      vertex  1.279289e+001  0.000000e+000 -1.548021e+001
    endloop
  endfacet
  facet normal  -0.000000e+000 -1.000000e+000  0.000000e+000
    outer loop
      vertex  7.500000e+000  0.000000e+000 -2.477310e+001
      vertex  1.279289e+001  0.000000e+000 -1.548021e+001
      vertex  1.257612e+001  0.000000e+000 -1.515579e+001
    endloop
  endfacet
  facet normal  -0.000000e+000 -1.000000e+000  0.000000e+000
    outer loop
      vertex  7.500000e+000  0.000000e+000 -2.477310e+001
      vertex  1.257612e+001  0.000000e+000 -1.515579e+001
      vertex  1.250000e+001  0.000000e+000 -1.477310e+001
    endloop
  endfacet
  facet normal  -0.000000e+000 -1.000000e+000  0.000000e+000
    outer loop
      vertex  7.500000e+000  0.000000e+000 -2.477310e+001
      vertex  1.250000e+001  0.000000e+000 -1.477310e+001
      vertex  1.257612e+001  0.000000e+000 -1.439042e+001
    endloop
  endfacet
  facet normal  -0.000000e+000 -1.000000e+000  0.000000e+000
    outer loop
      vertex  7.500000e+000  0.000000e+000 -2.477310e+001
      vertex  1.257612e+001  0.000000e+000 -1.439042e+001
      vertex  7.500000e+000  0.000000e+000  1.122690e+001
    endloop
  endfacet
  facet normal  0.000000e+000 -1.000000e+000  -0.000000e+000
    outer loop
      vertex  7.500000e+000  0.000000e+000 -2.477310e+001
      vertex  7.500000e+000  0.000000e+000  1.122690e+001
      vertex  2.500000e+000  0.000000e+000 -2.477310e+001
    endloop
  endfacet
  facet normal  -0.000000e+000 -1.000000e+000  -0.000000e+000
    outer loop
      vertex -7.500000e+000  0.000000e+000  1.122690e+001
      vertex -7.500000e+000  0.000000e+000  2.122690e+001
      vertex -1.350000e+001  0.000000e+000  2.722690e+001
    endloop
  endfacet
  facet normal  0.000000e+000 -9.999999e-001  0.000000e+000
    outer loop
      vertex -7.500000e+000  0.000000e+000  1.122690e+001
      vertex -1.350000e+001  0.000000e+000  2.722690e+001
      vertex -1.350000e+001  0.000000e+000 -1.377310e+001
    endloop
  endfacet
  facet normal  0.000000e+000 -1.000000e+000  0.000000e+000
    outer loop
      vertex -7.500000e+000  0.000000e+000  1.122690e+001
      vertex -1.350000e+001  0.000000e+000 -1.377310e+001
      vertex -1.311732e+001  0.000000e+000 -1.384922e+001
    endloop
  endfacet
  facet normal  0.000000e+000 -1.000000e+000  0.000000e+000
    outer loop
      vertex -7.500000e+000  0.000000e+000  1.122690e+001
      vertex -1.311732e+001  0.000000e+000 -1.384922e+001
      vertex -1.279289e+001  0.000000e+000 -1.406600e+001
    endloop
  endfacet
  facet normal  0.000000e+000 -1.000000e+000  0.000000e+000
    outer loop
      vertex -7.500000e+000  0.000000e+000  1.122690e+001
      vertex -1.279289e+001  0.000000e+000 -1.406600e+001
      vertex -1.257612e+001  0.000000e+000 -1.439042e+001
    endloop
  endfacet
  facet normal  0.000000e+000 -9.999999e-001  0.000000e+000
    outer loop
      vertex  7.500000e+000  0.000000e+000  1.122690e+001
      vertex  1.257612e+001  0.000000e+000 -1.439042e+001
      vertex  1.279289e+001  0.000000e+000 -1.406600e+001
    endloop
  endfacet
  facet normal  0.000000e+000 -1.000000e+000  0.000000e+000
    outer loop
      vertex  7.500000e+000  0.000000e+000  1.122690e+001
      vertex  1.279289e+001  0.000000e+000 -1.406600e+001
      vertex  1.311732e+001  0.000000e+000 -1.384922e+001
    endloop
  endfacet
  facet normal  0.000000e+000 -1.000000e+000  0.000000e+000
    outer loop
      vertex  7.500000e+000  0.000000e+000  1.122690e+001
      vertex  1.311732e+001  0.000000e+000 -1.384922e+001
      vertex  1.350000e+001  0.000000e+000 -1.377310e+001
    endloop
  endfacet
  facet normal  0.000000e+000 -9.999999e-001  0.000000e+000
    outer loop
      vertex  7.500000e+000  0.000000e+000  1.122690e+001
      vertex  1.350000e+001  0.000000e+000 -1.377310e+001
      vertex  1.350000e+001  0.000000e+000  2.722690e+001
    endloop
  endfacet
  facet normal  0.000000e+000 -1.000000e+000  0.000000e+000
    outer loop
      vertex  7.500000e+000  0.000000e+000  1.122690e+001
      vertex  1.350000e+001  0.000000e+000  2.722690e+001
      vertex  7.500000e+000  0.000000e+000  2.122690e+001
    endloop
  endfacet
  facet normal  0.000000e+000 -1.000000e+000  0.000000e+000
    outer loop
      vertex  1.600000e+001  0.000000e+000  3.222690e+001
      vertex -1.600000e+001  0.000000e+000  3.222690e+001
      vertex -1.350000e+001  0.000000e+000  2.922690e+001
    endloop
  endfacet
  facet normal  0.000000e+000 -1.000000e+000  0.000000e+000
    outer loop
      vertex  1.600000e+001  0.000000e+000  3.222690e+001
      vertex -1.350000e+001  0.000000e+000  2.922690e+001
      vertex -1.311732e+001  0.000000e+000  2.915078e+001
    endloop
  endfacet
  facet normal  0.000000e+000 -1.000000e+000  0.000000e+000
    outer loop
      vertex  1.600000e+001  0.000000e+000  3.222690e+001
      vertex -1.311732e+001  0.000000e+000  2.915078e+001
      vertex -1.279289e+001  0.000000e+000  2.893401e+001
    endloop
  endfacet
  facet normal  0.000000e+000 -1.000000e+000  0.000000e+000
    outer loop
      vertex  1.600000e+001  0.000000e+000  3.222690e+001
      vertex -1.279289e+001  0.000000e+000  2.893401e+001
      vertex -1.257612e+001  0.000000e+000  2.860958e+001
    endloop
  endfacet
  facet normal  0.000000e+000 -1.000000e+000  0.000000e+000
    outer loop
      vertex  1.600000e+001  0.000000e+000  3.222690e+001
      vertex -1.257612e+001  0.000000e+000  2.860958e+001
      vertex -1.250000e+001  0.000000e+000  2.822690e+001
    endloop
  endfacet
  facet normal  0.000000e+000 -1.000000e+000  0.000000e+000
    outer loop
      vertex  1.600000e+001  0.000000e+000  3.222690e+001
      vertex -1.250000e+001  0.000000e+000  2.822690e+001
      vertex -7.500000e+000  0.000000e+000  2.122690e+001
    endloop
  endfacet
  facet normal  0.000000e+000 -1.000000e+000  0.000000e+000
    outer loop
      vertex  1.600000e+001  0.000000e+000  3.222690e+001
      vertex -7.500000e+000  0.000000e+000  2.122690e+001
      vertex  1.279289e+001  0.000000e+000  2.893401e+001
    endloop
  endfacet
  facet normal  0.000000e+000 -9.999999e-001  0.000000e+000
    outer loop
      vertex  1.600000e+001  0.000000e+000  3.222690e+001
      vertex  1.279289e+001  0.000000e+000  2.893401e+001
      vertex  1.311732e+001  0.000000e+000  2.915078e+001
    endloop
  endfacet
  facet normal  0.000000e+000 -1.000000e+000  0.000000e+000
    outer loop
      vertex  1.600000e+001  0.000000e+000  3.222690e+001
      vertex  1.311732e+001  0.000000e+000  2.915078e+001
      vertex  1.350000e+001  0.000000e+000  2.922690e+001
    endloop
  endfacet
  facet normal  0.000000e+000 -1.000000e+000  0.000000e+000
    outer loop
      vertex  1.600000e+001  0.000000e+000  3.222690e+001
      vertex  1.350000e+001  0.000000e+000  2.922690e+001
      vertex  1.388268e+001  0.000000e+000  2.915078e+001
    endloop
  endfacet
  facet normal  0.000000e+000 -1.000000e+000  0.000000e+000
    outer loop
      vertex  1.600000e+001  0.000000e+000  3.222690e+001
      vertex  1.388268e+001  0.000000e+000  2.915078e+001
      vertex  1.420711e+001  0.000000e+000  2.893401e+001
    endloop
  endfacet
  facet normal  0.000000e+000 -1.000000e+000  0.000000e+000
    outer loop
      vertex  1.600000e+001  0.000000e+000  3.222690e+001
      vertex  1.420711e+001  0.000000e+000  2.893401e+001
      vertex  1.442388e+001  0.000000e+000  2.860958e+001
    endloop
  endfacet
  facet normal  0.000000e+000 -9.999999e-001  0.000000e+000
    outer loop
      vertex  1.600000e+001  0.000000e+000  3.222690e+001
      vertex  1.442388e+001  0.000000e+000  2.860958e+001
      vertex  1.450000e+001  0.000000e+000  2.822690e+001
    endloop
  endfacet
  facet normal  0.000000e+000 -9.999999e-001  0.000000e+000
    outer loop
      vertex  1.600000e+001  0.000000e+000  3.222690e+001
      vertex  1.450000e+001  0.000000e+000  2.822690e+001
      vertex  1.600000e+001  0.000000e+000 -3.077310e+001
    endloop
  endfacet
  facet normal  0.000000e+000 -1.000000e+000  -0.000000e+000
    outer loop
      vertex  1.600000e+001  0.000000e+000 -3.077310e+001
      vertex  1.450000e+001  0.000000e+000  2.822690e+001
      vertex  1.442388e+001  0.000000e+000  2.784422e+001
    endloop
  endfacet
  facet normal  0.000000e+000 -1.000000e+000  -0.000000e+000
    outer loop
      vertex  1.600000e+001  0.000000e+000 -3.077310e+001
      vertex  1.442388e+001  0.000000e+000  2.784422e+001
      vertex  1.420711e+001  0.000000e+000  2.751979e+001
    endloop
  endfacet
  facet normal  0.000000e+000 -1.000000e+000  -0.000000e+000
    outer loop
      vertex  1.600000e+001  0.000000e+000 -3.077310e+001
      vertex  1.420711e+001  0.000000e+000  2.751979e+001
      vertex  1.388268e+001  0.000000e+000  2.730302e+001
    endloop
  endfacet
  facet normal  0.000000e+000 -1.000000e+000  -0.000000e+000
    outer loop
      vertex  1.600000e+001  0.000000e+000 -3.077310e+001
      vertex  1.388268e+001  0.000000e+000  2.730302e+001
      vertex  1.350000e+001  0.000000e+000  2.722690e+001
    endloop
  endfacet
  facet normal  0.000000e+000 -9.999999e-001  0.000000e+000
    outer loop
      vertex  1.600000e+001  0.000000e+000 -3.077310e+001
      vertex  1.350000e+001  0.000000e+000  2.722690e+001
      vertex  1.450000e+001  0.000000e+000 -1.477310e+001
    endloop
  endfacet
  facet normal  0.000000e+000 -9.999999e-001  -0.000000e+000
    outer loop
      vertex  1.600000e+001  0.000000e+000 -3.077310e+001
      vertex  1.450000e+001  0.000000e+000 -1.477310e+001
      vertex  1.442388e+001  0.000000e+000 -1.515579e+001
    endloop
  endfacet
  facet normal  0.000000e+000 -1.000000e+000  -0.000000e+000
    outer loop
      vertex  1.600000e+001  0.000000e+000 -3.077310e+001
      vertex  1.442388e+001  0.000000e+000 -1.515579e+001
      vertex  1.420711e+001  0.000000e+000 -1.548021e+001
    endloop
  endfacet
  facet normal  0.000000e+000 -9.999999e-001  -0.000000e+000
    outer loop
      vertex  1.600000e+001  0.000000e+000 -3.077310e+001
      vertex  1.420711e+001  0.000000e+000 -1.548021e+001
      vertex  1.388268e+001  0.000000e+000 -1.569698e+001
    endloop
  endfacet
  facet normal  0.000000e+000 -1.000000e+000  -0.000000e+000
    outer loop
      vertex  1.600000e+001  0.000000e+000 -3.077310e+001
      vertex  1.388268e+001  0.000000e+000 -1.569698e+001
      vertex  1.350000e+001  0.000000e+000 -1.577310e+001
    endloop
  endfacet
  facet normal  0.000000e+000 -1.000000e+000  0.000000e+000
    outer loop
      vertex  1.600000e+001  0.000000e+000 -3.077310e+001
      vertex  1.350000e+001  0.000000e+000 -1.577310e+001
      vertex  1.442388e+001  0.000000e+000 -2.639042e+001
    endloop
  endfacet
  facet normal  0.000000e+000 -1.000000e+000  0.000000e+000
    outer loop
      vertex  1.600000e+001  0.000000e+000 -3.077310e+001
      vertex  1.442388e+001  0.000000e+000 -2.639042e+001
      vertex  1.450000e+001  0.000000e+000 -2.677310e+001
    endloop
  endfacet
  facet normal  0.000000e+000 -9.999999e-001  -0.000000e+000
    outer loop
      vertex  1.600000e+001  0.000000e+000 -3.077310e+001
      vertex  1.450000e+001  0.000000e+000 -2.677310e+001
      vertex  1.442388e+001  0.000000e+000 -2.715578e+001
    endloop
  endfacet
  facet normal  0.000000e+000 -1.000000e+000  -0.000000e+000
    outer loop
      vertex  1.600000e+001  0.000000e+000 -3.077310e+001
      vertex  1.442388e+001  0.000000e+000 -2.715578e+001
      vertex  1.420711e+001  0.000000e+000 -2.748021e+001
    endloop
  endfacet
  facet normal  0.000000e+000 -1.000000e+000  -0.000000e+000
    outer loop
      vertex  1.600000e+001  0.000000e+000 -3.077310e+001
      vertex  1.420711e+001  0.000000e+000 -2.748021e+001
      vertex  1.388268e+001  0.000000e+000 -2.769698e+001
    endloop
  endfacet
  facet normal  0.000000e+000 -1.000000e+000  -0.000000e+000
    outer loop
      vertex  1.600000e+001  0.000000e+000 -3.077310e+001
      vertex  1.388268e+001  0.000000e+000 -2.769698e+001
      vertex  1.350000e+001  0.000000e+000 -2.777310e+001
    endloop
  endfacet
  facet normal  -0.000000e+000 -1.000000e+000  -0.000000e+000
    outer loop
      vertex  1.600000e+001  0.000000e+000 -3.077310e+001
      vertex  1.350000e+001  0.000000e+000 -2.777310e+001
      vertex  7.500000e+000  0.000000e+000 -2.777310e+001
    endloop
  endfacet
  facet normal  -0.000000e+000 -1.000000e+000  -0.000000e+000
    outer loop
      vertex  1.600000e+001  0.000000e+000 -3.077310e+001
      vertex  7.500000e+000  0.000000e+000 -2.777310e+001
      vertex  2.500000e+000  0.000000e+000 -2.777310e+001
    endloop
  endfacet
  facet normal  -0.000000e+000 -1.000000e+000  -0.000000e+000
    outer loop
      vertex  1.600000e+001  0.000000e+000 -3.077310e+001
      vertex  2.500000e+000  0.000000e+000 -2.777310e+001
      vertex -2.500000e+000  0.000000e+000 -2.777310e+001
    endloop
  endfacet
  facet normal  -0.000000e+000 -1.000000e+000  -0.000000e+000
    outer loop
      vertex  1.600000e+001  0.000000e+000 -3.077310e+001
      vertex -2.500000e+000  0.000000e+000 -2.777310e+001
      vertex -7.500000e+000  0.000000e+000 -2.777310e+001
    endloop
  endfacet
  facet normal  -0.000000e+000 -1.000000e+000  -0.000000e+000
    outer loop
      vertex  1.600000e+001  0.000000e+000 -3.077310e+001
      vertex -7.500000e+000  0.000000e+000 -2.777310e+001
      vertex -1.350000e+001  0.000000e+000 -2.777310e+001
    endloop
  endfacet
  facet normal  0.000000e+000 -1.000000e+000  -0.000000e+000
    outer loop
      vertex  1.600000e+001  0.000000e+000 -3.077310e+001
      vertex -1.350000e+001  0.000000e+000 -2.777310e+001
      vertex -1.600000e+001  0.000000e+000 -3.077310e+001
    endloop
  endfacet
  facet normal  0.000000e+000 -1.000000e+000  -0.000000e+000
    outer loop
      vertex -7.500000e+000  0.000000e+000  2.122690e+001
      vertex -1.250000e+001  0.000000e+000  2.822690e+001
      vertex -1.257612e+001  0.000000e+000  2.784422e+001
    endloop
  endfacet
  facet normal  0.000000e+000 -1.000000e+000  -0.000000e+000
    outer loop
      vertex -7.500000e+000  0.000000e+000  2.122690e+001
      vertex -1.257612e+001  0.000000e+000  2.784422e+001
      vertex -1.279289e+001  0.000000e+000  2.751979e+001
    endloop
  endfacet
  facet normal  0.000000e+000 -1.000000e+000  -0.000000e+000
    outer loop
      vertex -7.500000e+000  0.000000e+000  2.122690e+001
      vertex -1.279289e+001  0.000000e+000  2.751979e+001
      vertex -1.311732e+001  0.000000e+000  2.730302e+001
    endloop
  endfacet
  facet normal  0.000000e+000 -1.000000e+000  -0.000000e+000
    outer loop
      vertex -7.500000e+000  0.000000e+000  2.122690e+001
      vertex -1.311732e+001  0.000000e+000  2.730302e+001
      vertex -1.350000e+001  0.000000e+000  2.722690e+001
    endloop
  endfacet
  facet normal  -0.000000e+000 -1.000000e+000  0.000000e+000
    outer loop
      vertex  7.500000e+000  0.000000e+000  2.122690e+001
      vertex  1.350000e+001  0.000000e+000  2.722690e+001
      vertex  1.311732e+001  0.000000e+000  2.730302e+001
    endloop
  endfacet
  facet normal  -0.000000e+000 -1.000000e+000  0.000000e+000
    outer loop
      vertex  7.500000e+000  0.000000e+000  2.122690e+001
      vertex  1.311732e+001  0.000000e+000  2.730302e+001
      vertex  1.279289e+001  0.000000e+000  2.751979e+001
    endloop
  endfacet
  facet normal  -0.000000e+000 -1.000000e+000  0.000000e+000
    outer loop
      vertex  7.500000e+000  0.000000e+000  2.122690e+001
      vertex  1.279289e+001  0.000000e+000  2.751979e+001
      vertex  1.257612e+001  0.000000e+000  2.784422e+001
    endloop
  endfacet
  facet normal  -0.000000e+000 -1.000000e+000  0.000000e+000
    outer loop
      vertex  7.500000e+000  0.000000e+000  2.122690e+001
      vertex  1.257612e+001  0.000000e+000  2.784422e+001
      vertex  1.250000e+001  0.000000e+000  2.822690e+001
    endloop
  endfacet
  facet normal  -0.000000e+000 -9.999999e-001  0.000000e+000
    outer loop
      vertex  7.500000e+000  0.000000e+000  2.122690e+001
      vertex  1.250000e+001  0.000000e+000  2.822690e+001
      vertex  1.257612e+001  0.000000e+000  2.860958e+001
    endloop
  endfacet
  facet normal  0.000000e+000 -1.000000e+000  0.000000e+000
    outer loop
      vertex  7.500000e+000  0.000000e+000  2.122690e+001
      vertex  1.257612e+001  0.000000e+000  2.860958e+001
      vertex -7.500000e+000  0.000000e+000  2.122690e+001
    endloop
  endfacet
  facet normal  0.000000e+000 -9.999999e-001  0.000000e+000
    outer loop
      vertex  7.500000e+000  0.000000e+000 -2.777310e+001
      vertex  1.350000e+001  0.000000e+000 -2.777310e+001
      vertex  1.311732e+001  0.000000e+000 -2.769698e+001
    endloop
  endfacet
  facet normal  -0.000000e+000 -1.000000e+000  0.000000e+000
    outer loop
      vertex  7.500000e+000  0.000000e+000 -2.777310e+001
      vertex  1.311732e+001  0.000000e+000 -2.769698e+001
      vertex  1.279289e+001  0.000000e+000 -2.748021e+001
    endloop
  endfacet
  facet normal  -0.000000e+000 -1.000000e+000  0.000000e+000
    outer loop
      vertex  7.500000e+000  0.000000e+000 -2.777310e+001
      vertex  1.279289e+001  0.000000e+000 -2.748021e+001
      vertex  1.257612e+001  0.000000e+000 -2.715578e+001
    endloop
  endfacet
  facet normal  -0.000000e+000 -1.000000e+000  0.000000e+000
    outer loop
      vertex  7.500000e+000  0.000000e+000 -2.777310e+001
      vertex  1.257612e+001  0.000000e+000 -2.715578e+001
      vertex  1.250000e+001  0.000000e+000 -2.677310e+001
    endloop
  endfacet
  facet normal  -0.000000e+000 -1.000000e+000  0.000000e+000
    outer loop
      vertex  7.500000e+000  0.000000e+000 -2.777310e+001
      vertex  1.250000e+001  0.000000e+000 -2.677310e+001
      vertex  1.257612e+001  0.000000e+000 -2.639042e+001
    endloop
  endfacet
  facet normal  -0.000000e+000 -1.000000e+000  0.000000e+000
    outer loop
      vertex  7.500000e+000  0.000000e+000 -2.777310e+001
      vertex  1.257612e+001  0.000000e+000 -2.639042e+001
      vertex  1.279289e+001  0.000000e+000 -2.606599e+001
    endloop
  endfacet
  facet normal  -0.000000e+000 -1.000000e+000  0.000000e+000
    outer loop
      vertex  7.500000e+000  0.000000e+000 -2.777310e+001
      vertex  1.279289e+001  0.000000e+000 -2.606599e+001
      vertex  1.311732e+001  0.000000e+000 -2.584922e+001
    endloop
  endfacet
  facet normal  0.000000e+000 -1.000000e+000  0.000000e+000
    outer loop
      vertex -7.500000e+000  0.000000e+000 -2.777310e+001
      vertex -1.311732e+001  0.000000e+000 -2.584922e+001
      vertex -1.279289e+001  0.000000e+000 -2.606599e+001
    endloop
  endfacet
  facet normal  0.000000e+000 -1.000000e+000  0.000000e+000
    outer loop
      vertex -7.500000e+000  0.000000e+000 -2.777310e+001
      vertex -1.279289e+001  0.000000e+000 -2.606599e+001
      vertex -1.257612e+001  0.000000e+000 -2.639042e+001
    endloop
  endfacet
  facet normal  0.000000e+000 -1.000000e+000  0.000000e+000
    outer loop
      vertex -7.500000e+000  0.000000e+000 -2.777310e+001
      vertex -1.257612e+001  0.000000e+000 -2.639042e+001
      vertex -1.250000e+001  0.000000e+000 -2.677310e+001
    endloop
  endfacet
  facet normal  0.000000e+000 -1.000000e+000  -0.000000e+000
    outer loop
      vertex -7.500000e+000  0.000000e+000 -2.777310e+001
      vertex -1.250000e+001  0.000000e+000 -2.677310e+001
      vertex -1.257612e+001  0.000000e+000 -2.715578e+001
    endloop
  endfacet
  facet normal  0.000000e+000 -1.000000e+000  -0.000000e+000
    outer loop
      vertex -7.500000e+000  0.000000e+000 -2.777310e+001
      vertex -1.257612e+001  0.000000e+000 -2.715578e+001
      vertex -1.279289e+001  0.000000e+000 -2.748021e+001
    endloop
  endfacet
  facet normal  0.000000e+000 -1.000000e+000  -0.000000e+000
    outer loop
      vertex -7.500000e+000  0.000000e+000 -2.777310e+001
      vertex -1.279289e+001  0.000000e+000 -2.748021e+001
      vertex -1.311732e+001  0.000000e+000 -2.769698e+001
    endloop
  endfacet
  facet normal  0.000000e+000 -9.999999e-001  -0.000000e+000
    outer loop
      vertex -7.500000e+000  0.000000e+000 -2.777310e+001
      vertex -1.311732e+001  0.000000e+000 -2.769698e+001
      vertex -1.350000e+001  0.000000e+000 -2.777310e+001
    endloop
  endfacet
  facet normal  -0.000000e+000 -1.000000e+000  0.000000e+000
    outer loop
      vertex -1.600000e+001  0.000000e+000 -3.077310e+001
      vertex -1.350000e+001  0.000000e+000 -2.777310e+001
      vertex -1.388268e+001  0.000000e+000 -2.769698e+001
    endloop
  endfacet
  facet normal  -0.000000e+000 -1.000000e+000  0.000000e+000
    outer loop
      vertex -1.600000e+001  0.000000e+000 -3.077310e+001
      vertex -1.388268e+001  0.000000e+000 -2.769698e+001
      vertex -1.420711e+001  0.000000e+000 -2.748021e+001
    endloop
  endfacet
  facet normal  -0.000000e+000 -1.000000e+000  0.000000e+000
    outer loop
      vertex -1.600000e+001  0.000000e+000 -3.077310e+001
      vertex -1.420711e+001  0.000000e+000 -2.748021e+001
      vertex -1.442388e+001  0.000000e+000 -2.715578e+001
    endloop
  endfacet
  facet normal  -0.000000e+000 -9.999999e-001  0.000000e+000
    outer loop
      vertex -1.600000e+001  0.000000e+000 -3.077310e+001
      vertex -1.442388e+001  0.000000e+000 -2.715578e+001
      vertex -1.450000e+001  0.000000e+000 -2.677310e+001
    endloop
  endfacet
  facet normal  -0.000000e+000 -1.000000e+000  0.000000e+000
    outer loop
      vertex -1.600000e+001  0.000000e+000 -3.077310e+001
      vertex -1.450000e+001  0.000000e+000 -2.677310e+001
      vertex -1.442388e+001  0.000000e+000 -2.639042e+001
    endloop
  endfacet
  facet normal  -0.000000e+000 -1.000000e+000  0.000000e+000
    outer loop
      vertex -1.600000e+001  0.000000e+000 -3.077310e+001
      vertex -1.442388e+001  0.000000e+000 -2.639042e+001
      vertex -1.350000e+001  0.000000e+000 -1.577310e+001
    endloop
  endfacet
  facet normal  -0.000000e+000 -1.000000e+000  0.000000e+000
    outer loop
      vertex -1.600000e+001  0.000000e+000 -3.077310e+001
      vertex -1.350000e+001  0.000000e+000 -1.577310e+001
      vertex -1.388268e+001  0.000000e+000 -1.569698e+001
    endloop
  endfacet
  facet normal  -0.000000e+000 -1.000000e+000  0.000000e+000
    outer loop
      vertex -1.600000e+001  0.000000e+000 -3.077310e+001
      vertex -1.388268e+001  0.000000e+000 -1.569698e+001
      vertex -1.420711e+001  0.000000e+000 -1.548021e+001
    endloop
  endfacet
  facet normal  -0.000000e+000 -1.000000e+000  0.000000e+000
    outer loop
      vertex -1.600000e+001  0.000000e+000 -3.077310e+001
      vertex -1.420711e+001  0.000000e+000 -1.548021e+001
      vertex -1.442388e+001  0.000000e+000 -1.515579e+001
    endloop
  endfacet
  facet normal  -0.000000e+000 -9.999999e-001  0.000000e+000
    outer loop
      vertex -1.600000e+001  0.000000e+000 -3.077310e+001
      vertex -1.442388e+001  0.000000e+000 -1.515579e+001
      vertex -1.450000e+001  0.000000e+000 -1.477310e+001
    endloop
  endfacet
  facet normal  -0.000000e+000 -9.999999e-001  0.000000e+000
    outer loop
      vertex -1.600000e+001  0.000000e+000 -3.077310e+001
      vertex -1.450000e+001  0.000000e+000 -1.477310e+001
      vertex -1.350000e+001  0.000000e+000  2.722690e+001
    endloop
  endfacet
  facet normal  -0.000000e+000 -1.000000e+000  0.000000e+000
    outer loop
      vertex -1.600000e+001  0.000000e+000 -3.077310e+001
      vertex -1.350000e+001  0.000000e+000  2.722690e+001
      vertex -1.388268e+001  0.000000e+000  2.730302e+001
    endloop
  endfacet
  facet normal  -0.000000e+000 -1.000000e+000  0.000000e+000
    outer loop
      vertex -1.600000e+001  0.000000e+000 -3.077310e+001
      vertex -1.388268e+001  0.000000e+000  2.730302e+001
      vertex -1.420711e+001  0.000000e+000  2.751979e+001
    endloop
  endfacet
  facet normal  -0.000000e+000 -1.000000e+000  0.000000e+000
    outer loop
      vertex -1.600000e+001  0.000000e+000 -3.077310e+001
      vertex -1.420711e+001  0.000000e+000  2.751979e+001
      vertex -1.442388e+001  0.000000e+000  2.784422e+001
    endloop
  endfacet
  facet normal  -0.000000e+000 -1.000000e+000  0.000000e+000
    outer loop
      vertex -1.600000e+001  0.000000e+000 -3.077310e+001
      vertex -1.442388e+001  0.000000e+000  2.784422e+001
      vertex -1.450000e+001  0.000000e+000  2.822690e+001
    endloop
  endfacet
  facet normal  0.000000e+000 -9.999999e-001  0.000000e+000
    outer loop
      vertex -1.600000e+001  0.000000e+000  3.222690e+001
      vertex -1.600000e+001  0.000000e+000 -3.077310e+001
      vertex -1.450000e+001  0.000000e+000  2.822690e+001
    endloop
  endfacet
  facet normal  0.000000e+000 -9.999999e-001  0.000000e+000
    outer loop
      vertex -1.600000e+001  0.000000e+000  3.222690e+001
      vertex -1.450000e+001  0.000000e+000  2.822690e+001
      vertex -1.442388e+001  0.000000e+000  2.860958e+001
    endloop
  endfacet
  facet normal  0.000000e+000 -1.000000e+000  0.000000e+000
    outer loop
      vertex -1.600000e+001  0.000000e+000  3.222690e+001
      vertex -1.442388e+001  0.000000e+000  2.860958e+001
      vertex -1.420711e+001  0.000000e+000  2.893401e+001
    endloop
  endfacet
  facet normal  0.000000e+000 -1.000000e+000  0.000000e+000
    outer loop
      vertex -1.600000e+001  0.000000e+000  3.222690e+001
      vertex -1.420711e+001  0.000000e+000  2.893401e+001
      vertex -1.388268e+001  0.000000e+000  2.915078e+001
    endloop
  endfacet
  facet normal  0.000000e+000 -1.000000e+000  0.000000e+000
    outer loop
      vertex -1.600000e+001  0.000000e+000  3.222690e+001
      vertex -1.388268e+001  0.000000e+000  2.915078e+001
      vertex -1.350000e+001  0.000000e+000  2.922690e+001
    endloop
  endfacet
  facet normal  0.000000e+000 -1.000000e+000  0.000000e+000
    outer loop
      vertex  2.500000e+000  0.000000e+000 -2.477310e+001
      vertex  7.500000e+000  0.000000e+000  1.122690e+001
      vertex -2.500000e+000  0.000000e+000 -2.477310e+001
    endloop
  endfacet
  facet normal  0.000000e+000 -1.000000e+000  0.000000e+000
    outer loop
      vertex -2.500000e+000  0.000000e+000 -2.477310e+001
      vertex  7.500000e+000  0.000000e+000  1.122690e+001
      vertex -7.500000e+000  0.000000e+000  1.122690e+001
    endloop
  endfacet
  facet normal  0.000000e+000 -1.000000e+000  0.000000e+000
    outer loop
      vertex -2.500000e+000  0.000000e+000 -2.477310e+001
      vertex -7.500000e+000  0.000000e+000  1.122690e+001
      vertex -7.500000e+000  0.000000e+000 -2.477310e+001
    endloop
  endfacet
  facet normal  0.000000e+000 -1.000000e+000  0.000000e+000
    outer loop
      vertex -7.500000e+000  0.000000e+000 -2.477310e+001
      vertex -7.500000e+000  0.000000e+000  1.122690e+001
      vertex -1.257612e+001  0.000000e+000 -1.439042e+001
    endloop
  endfacet
  facet normal  0.000000e+000 -1.000000e+000  0.000000e+000
    outer loop
      vertex -7.500000e+000  0.000000e+000 -2.477310e+001
      vertex -1.257612e+001  0.000000e+000 -1.439042e+001
      vertex -1.250000e+001  0.000000e+000 -1.477310e+001
    endloop
  endfacet
  facet normal  0.000000e+000 -1.000000e+000  -0.000000e+000
    outer loop
      vertex  2.500000e+000  0.000000e+000 -2.777310e+001
      vertex  2.500000e+000  0.000000e+000 -2.477310e+001
      vertex -2.500000e+000  0.000000e+000 -2.777310e+001
    endloop
  endfacet
  facet normal  0.000000e+000 -1.000000e+000  0.000000e+000
    outer loop
      vertex -2.500000e+000  0.000000e+000 -2.777310e+001
      vertex  2.500000e+000  0.000000e+000 -2.477310e+001
      vertex -2.500000e+000  0.000000e+000 -2.477310e+001
    endloop
  endfacet
  facet normal -1.000000e+000  0.000000e+000  0.000000e+000
    outer loop
      vertex -2.500000e+000  1.000000e+000 -2.477310e+001
      vertex -2.500000e+000  1.000000e+000 -2.777310e+001
      vertex -2.500000e+000  0.000000e+000 -2.477310e+001
    endloop
  endfacet
  facet normal -1.000000e+000  0.000000e+000  0.000000e+000
    outer loop
      vertex -2.500000e+000  0.000000e+000 -2.477310e+001
      vertex -2.500000e+000  1.000000e+000 -2.777310e+001
      vertex -2.500000e+000  0.000000e+000 -2.777310e+001
    endloop
  endfacet
  facet normal  0.000000e+000  0.000000e+000  1.000000e+000
    outer loop
      vertex -7.500000e+000  1.000000e+000 -2.777310e+001
      vertex -7.500000e+000  0.000000e+000 -2.777310e+001
      vertex -2.500000e+000  1.000000e+000 -2.777310e+001
    endloop
  endfacet
  facet normal  0.000000e+000  0.000000e+000  1.000000e+000
    outer loop
      vertex -2.500000e+000  1.000000e+000 -2.777310e+001
      vertex -7.500000e+000  0.000000e+000 -2.777310e+001
      vertex -2.500000e+000  0.000000e+000 -2.777310e+001
    endloop
  endfacet
  facet normal  1.000000e+000  -0.000000e+000  0.000000e+000
    outer loop
      vertex -7.500000e+000  1.000000e+000 -2.477310e+001
      vertex -7.500000e+000  0.000000e+000 -2.477310e+001
      vertex -7.500000e+000  1.000000e+000 -2.777310e+001
    endloop
  endfacet
  facet normal  1.000000e+000  0.000000e+000  0.000000e+000
    outer loop
      vertex -7.500000e+000  1.000000e+000 -2.777310e+001
      vertex -7.500000e+000  0.000000e+000 -2.477310e+001
      vertex -7.500000e+000  0.000000e+000 -2.777310e+001
    endloop
  endfacet
  facet normal  0.000000e+000  0.000000e+000 -1.000000e+000
    outer loop
      vertex -2.500000e+000  1.000000e+000 -2.477310e+001
      vertex -2.500000e+000  0.000000e+000 -2.477310e+001
      vertex -7.500000e+000  1.000000e+000 -2.477310e+001
    endloop
  endfacet
  facet normal  0.000000e+000  0.000000e+000 -1.000000e+000
    outer loop
      vertex -7.500000e+000  1.000000e+000 -2.477310e+001
      vertex -2.500000e+000  0.000000e+000 -2.477310e+001
      vertex -7.500000e+000  0.000000e+000 -2.477310e+001
    endloop
  endfacet
  facet normal -1.000000e+000  0.000000e+000  0.000000e+000
    outer loop
      vertex  7.500000e+000  1.000000e+000 -2.777310e+001
      vertex  7.500000e+000  0.000000e+000 -2.777310e+001
      vertex  7.500000e+000  1.000000e+000 -2.477310e+001
    endloop
  endfacet
  facet normal -1.000000e+000  -0.000000e+000  0.000000e+000
    outer loop
      vertex  7.500000e+000  1.000000e+000 -2.477310e+001
      vertex  7.500000e+000  0.000000e+000 -2.777310e+001
      vertex  7.500000e+000  0.000000e+000 -2.477310e+001
    endloop
  endfacet
  facet normal  0.000000e+000  0.000000e+000  1.000000e+000
    outer loop
      vertex  2.500000e+000  1.000000e+000 -2.777310e+001
      vertex  2.500000e+000  0.000000e+000 -2.777310e+001
      vertex  7.500000e+000  1.000000e+000 -2.777310e+001
    endloop
  endfacet
  facet normal  0.000000e+000  0.000000e+000  1.000000e+000
    outer loop
      vertex  7.500000e+000  1.000000e+000 -2.777310e+001
      vertex  2.500000e+000  0.000000e+000 -2.777310e+001
      vertex  7.500000e+000  0.000000e+000 -2.777310e+001
    endloop
  endfacet
  facet normal  1.000000e+000  0.000000e+000  0.000000e+000
    outer loop
      vertex  2.500000e+000  1.000000e+000 -2.777310e+001
      vertex  2.500000e+000  1.000000e+000 -2.477310e+001
      vertex  2.500000e+000  0.000000e+000 -2.777310e+001
    endloop
  endfacet
  facet normal  1.000000e+000  0.000000e+000  0.000000e+000
    outer loop
      vertex  2.500000e+000  0.000000e+000 -2.777310e+001
      vertex  2.500000e+000  1.000000e+000 -2.477310e+001
      vertex  2.500000e+000  0.000000e+000 -2.477310e+001
    endloop
  endfacet
  facet normal  0.000000e+000  0.000000e+000 -1.000000e+000
    outer loop
      vertex  7.500000e+000  1.000000e+000 -2.477310e+001
      vertex  7.500000e+000  0.000000e+000 -2.477310e+001
      vertex  2.500000e+000  1.000000e+000 -2.477310e+001
    endloop
  endfacet
  facet normal  0.000000e+000  0.000000e+000 -1.000000e+000
    outer loop
      vertex  2.500000e+000  1.000000e+000 -2.477310e+001
      vertex  7.500000e+000  0.000000e+000 -2.477310e+001
      vertex  2.500000e+000  0.000000e+000 -2.477310e+001
    endloop
  endfacet
  facet normal  1.000000e+000  -0.000000e+000  0.000000e+000
    outer loop
      vertex -7.500000e+000  1.000000e+000  2.122690e+001
      vertex -7.500000e+000  0.000000e+000  2.122690e+001
      vertex -7.500000e+000  1.000000e+000  1.122690e+001
    endloop
  endfacet
  facet normal  1.000000e+000  0.000000e+000  0.000000e+000
    outer loop
      vertex -7.500000e+000  1.000000e+000  1.122690e+001
      vertex -7.500000e+000  0.000000e+000  2.122690e+001
      vertex -7.500000e+000  0.000000e+000  1.122690e+001
    endloop
  endfacet
  facet normal  -0.000000e+000  0.000000e+000 -1.000000e+000
    outer loop
      vertex -7.500000e+000  1.000000e+000  2.122690e+001
      vertex  7.500000e+000  1.000000e+000  2.122690e+001
      vertex -7.500000e+000  0.000000e+000  2.122690e+001
    endloop
  endfacet
  facet normal  0.000000e+000  0.000000e+000 -1.000000e+000
    outer loop
      vertex -7.500000e+000  0.000000e+000  2.122690e+001
      vertex  7.500000e+000  1.000000e+000  2.122690e+001
      vertex  7.500000e+000  0.000000e+000  2.122690e+001
    endloop
  endfacet
  facet normal -1.000000e+000  0.000000e+000  0.000000e+000
    outer loop
      vertex  7.500000e+000  1.000000e+000  1.122690e+001
      vertex  7.500000e+000  0.000000e+000  1.122690e+001
      vertex  7.500000e+000  1.000000e+000  2.122690e+001
    endloop
  endfacet
  facet normal -1.000000e+000  -0.000000e+000  0.000000e+000
    outer loop
      vertex  7.500000e+000  1.000000e+000  2.122690e+001
      vertex  7.500000e+000  0.000000e+000  1.122690e+001
      vertex  7.500000e+000  0.000000e+000  2.122690e+001
    endloop
  endfacet
  facet normal  -0.000000e+000  0.000000e+000  1.000000e+000
    outer loop
      vertex  7.500000e+000  1.000000e+000  1.122690e+001
      vertex -7.500000e+000  1.000000e+000  1.122690e+001
      vertex  7.500000e+000  0.000000e+000  1.122690e+001
    endloop
  endfacet
  facet normal  0.000000e+000  0.000000e+000  1.000000e+000
    outer loop
      vertex  7.500000e+000  0.000000e+000  1.122690e+001
      vertex -7.500000e+000  1.000000e+000  1.122690e+001
      vertex -7.500000e+000  0.000000e+000  1.122690e+001
    endloop
  endfacet
  facet normal -1.950899e-001  -0.000000e+000 -9.807853e-001
    outer loop
      vertex -1.350000e+001  0.000000e+000 -1.377310e+001
      vertex -1.311732e+001  1.000000e+000 -1.384922e+001
      vertex -1.311732e+001  0.000000e+000 -1.384922e+001
    endloop
  endfacet
  facet normal -5.555713e-001  0.000000e+000 -8.314689e-001
    outer loop
      vertex -1.311732e+001  0.000000e+000 -1.384922e+001
      vertex -1.311732e+001  1.000000e+000 -1.384922e+001
      vertex -1.279289e+001  1.000000e+000 -1.406600e+001
    endloop
  endfacet
  facet normal -5.555713e-001  -0.000000e+000 -8.314689e-001
    outer loop
      vertex -1.311732e+001  0.000000e+000 -1.384922e+001
      vertex -1.279289e+001  1.000000e+000 -1.406600e+001
      vertex -1.279289e+001  0.000000e+000 -1.406600e+001
    endloop
  endfacet
  facet normal -8.314689e-001  0.000000e+000 -5.555713e-001
    outer loop
      vertex -1.279289e+001  0.000000e+000 -1.406600e+001
      vertex -1.279289e+001  1.000000e+000 -1.406600e+001
      vertex -1.257612e+001  1.000000e+000 -1.439042e+001
    endloop
  endfacet
  facet normal -8.314689e-001  -0.000000e+000 -5.555713e-001
    outer loop
      vertex -1.279289e+001  0.000000e+000 -1.406600e+001
      vertex -1.257612e+001  1.000000e+000 -1.439042e+001
      vertex -1.257612e+001  0.000000e+000 -1.439042e+001
    endloop
  endfacet
  facet normal -9.807853e-001  0.000000e+000 -1.950899e-001
    outer loop
      vertex -1.257612e+001  0.000000e+000 -1.439042e+001
      vertex -1.257612e+001  1.000000e+000 -1.439042e+001
      vertex -1.250000e+001  1.000000e+000 -1.477310e+001
    endloop
  endfacet
  facet normal -9.807853e-001  -0.000000e+000 -1.950899e-001
    outer loop
      vertex -1.257612e+001  0.000000e+000 -1.439042e+001
      vertex -1.250000e+001  1.000000e+000 -1.477310e+001
      vertex -1.250000e+001  0.000000e+000 -1.477310e+001
    endloop
  endfacet
  facet normal -1.950899e-001  0.000000e+000 -9.807853e-001
    outer loop
      vertex -1.311732e+001  1.000000e+000 -1.384922e+001
      vertex -1.350000e+001  0.000000e+000 -1.377310e+001
      vertex -1.350000e+001  1.000000e+000 -1.377310e+001
    endloop
  endfacet
  facet normal  1.950899e-001  0.000000e+000 -9.807853e-001
    outer loop
      vertex -1.350000e+001  1.000000e+000 -1.377310e+001
      vertex -1.350000e+001  0.000000e+000 -1.377310e+001
      vertex -1.388268e+001  0.000000e+000 -1.384922e+001
    endloop
  endfacet
  facet normal  1.950899e-001  0.000000e+000 -9.807853e-001
    outer loop
      vertex -1.350000e+001  1.000000e+000 -1.377310e+001
      vertex -1.388268e+001  0.000000e+000 -1.384922e+001
      vertex -1.388268e+001  1.000000e+000 -1.384922e+001
    endloop
  endfacet
  facet normal  5.555713e-001  0.000000e+000 -8.314689e-001
    outer loop
      vertex -1.388268e+001  1.000000e+000 -1.384922e+001
      vertex -1.388268e+001  0.000000e+000 -1.384922e+001
      vertex -1.420711e+001  0.000000e+000 -1.406600e+001
    endloop
  endfacet
  facet normal  5.555713e-001  0.000000e+000 -8.314689e-001
    outer loop
      vertex -1.388268e+001  1.000000e+000 -1.384922e+001
      vertex -1.420711e+001  0.000000e+000 -1.406600e+001
      vertex -1.420711e+001  1.000000e+000 -1.406600e+001
    endloop
  endfacet
  facet normal  8.314689e-001  0.000000e+000 -5.555713e-001
    outer loop
      vertex -1.420711e+001  1.000000e+000 -1.406600e+001
      vertex -1.420711e+001  0.000000e+000 -1.406600e+001
      vertex -1.442388e+001  0.000000e+000 -1.439042e+001
    endloop
  endfacet
  facet normal  8.314689e-001  0.000000e+000 -5.555713e-001
    outer loop
      vertex -1.420711e+001  1.000000e+000 -1.406600e+001
      vertex -1.442388e+001  0.000000e+000 -1.439042e+001
      vertex -1.442388e+001  1.000000e+000 -1.439042e+001
    endloop
  endfacet
  facet normal  9.807853e-001  0.000000e+000 -1.950899e-001
    outer loop
      vertex -1.442388e+001  1.000000e+000 -1.439042e+001
      vertex -1.442388e+001  0.000000e+000 -1.439042e+001
      vertex -1.450000e+001  0.000000e+000 -1.477310e+001
    endloop
  endfacet
  facet normal  9.807853e-001  0.000000e+000 -1.950899e-001
    outer loop
      vertex -1.442388e+001  1.000000e+000 -1.439042e+001
      vertex -1.450000e+001  0.000000e+000 -1.477310e+001
      vertex -1.450000e+001  1.000000e+000 -1.477310e+001
    endloop
  endfacet
  facet normal  1.950899e-001  0.000000e+000  9.807853e-001
    outer loop
      vertex -1.350000e+001  0.000000e+000 -1.577310e+001
      vertex -1.388268e+001  1.000000e+000 -1.569698e+001
      vertex -1.388268e+001  0.000000e+000 -1.569698e+001
    endloop
  endfacet
  facet normal  5.555713e-001  -0.000000e+000  8.314689e-001
    outer loop
      vertex -1.388268e+001  0.000000e+000 -1.569698e+001
      vertex -1.388268e+001  1.000000e+000 -1.569698e+001
      vertex -1.420711e+001  1.000000e+000 -1.548021e+001
    endloop
  endfacet
  facet normal  5.555713e-001  0.000000e+000  8.314689e-001
    outer loop
      vertex -1.388268e+001  0.000000e+000 -1.569698e+001
      vertex -1.420711e+001  1.000000e+000 -1.548021e+001
      vertex -1.420711e+001  0.000000e+000 -1.548021e+001
    endloop
  endfacet
  facet normal  8.314689e-001  -0.000000e+000  5.555713e-001
    outer loop
      vertex -1.420711e+001  0.000000e+000 -1.548021e+001
      vertex -1.420711e+001  1.000000e+000 -1.548021e+001
      vertex -1.442388e+001  1.000000e+000 -1.515579e+001
    endloop
  endfacet
  facet normal  8.314689e-001  0.000000e+000  5.555713e-001
    outer loop
      vertex -1.420711e+001  0.000000e+000 -1.548021e+001
      vertex -1.442388e+001  1.000000e+000 -1.515579e+001
      vertex -1.442388e+001  0.000000e+000 -1.515579e+001
    endloop
  endfacet
  facet normal  9.807853e-001  -0.000000e+000  1.950899e-001
    outer loop
      vertex -1.442388e+001  0.000000e+000 -1.515579e+001
      vertex -1.442388e+001  1.000000e+000 -1.515579e+001
      vertex -1.450000e+001  1.000000e+000 -1.477310e+001
    endloop
  endfacet
  facet normal  9.807853e-001  0.000000e+000  1.950899e-001
    outer loop
      vertex -1.442388e+001  0.000000e+000 -1.515579e+001
      vertex -1.450000e+001  1.000000e+000 -1.477310e+001
      vertex -1.450000e+001  0.000000e+000 -1.477310e+001
    endloop
  endfacet
  facet normal  1.950899e-001  -0.000000e+000  9.807853e-001
    outer loop
      vertex -1.388268e+001  1.000000e+000 -1.569698e+001
      vertex -1.350000e+001  0.000000e+000 -1.577310e+001
      vertex -1.350000e+001  1.000000e+000 -1.577310e+001
    endloop
  endfacet
  facet normal -1.950899e-001  0.000000e+000  9.807853e-001
    outer loop
      vertex -1.350000e+001  1.000000e+000 -1.577310e+001
      vertex -1.350000e+001  0.000000e+000 -1.577310e+001
      vertex -1.311732e+001  0.000000e+000 -1.569698e+001
    endloop
  endfacet
  facet normal -1.950899e-001  0.000000e+000  9.807853e-001
    outer loop
      vertex -1.350000e+001  1.000000e+000 -1.577310e+001
      vertex -1.311732e+001  0.000000e+000 -1.569698e+001
      vertex -1.311732e+001  1.000000e+000 -1.569698e+001
    endloop
  endfacet
  facet normal -5.555713e-001  0.000000e+000  8.314689e-001
    outer loop
      vertex -1.311732e+001  1.000000e+000 -1.569698e+001
      vertex -1.311732e+001  0.000000e+000 -1.569698e+001
      vertex -1.279289e+001  0.000000e+000 -1.548021e+001
    endloop
  endfacet
  facet normal -5.555713e-001  0.000000e+000  8.314689e-001
    outer loop
      vertex -1.311732e+001  1.000000e+000 -1.569698e+001
      vertex -1.279289e+001  0.000000e+000 -1.548021e+001
      vertex -1.279289e+001  1.000000e+000 -1.548021e+001
    endloop
  endfacet
  facet normal -8.314689e-001  0.000000e+000  5.555713e-001
    outer loop
      vertex -1.279289e+001  1.000000e+000 -1.548021e+001
      vertex -1.279289e+001  0.000000e+000 -1.548021e+001
      vertex -1.257612e+001  0.000000e+000 -1.515579e+001
    endloop
  endfacet
  facet normal -8.314689e-001  0.000000e+000  5.555713e-001
    outer loop
      vertex -1.279289e+001  1.000000e+000 -1.548021e+001
      vertex -1.257612e+001  0.000000e+000 -1.515579e+001
      vertex -1.257612e+001  1.000000e+000 -1.515579e+001
    endloop
  endfacet
  facet normal -9.807853e-001  0.000000e+000  1.950899e-001
    outer loop
      vertex -1.257612e+001  1.000000e+000 -1.515579e+001
      vertex -1.257612e+001  0.000000e+000 -1.515579e+001
      vertex -1.250000e+001  0.000000e+000 -1.477310e+001
    endloop
  endfacet
  facet normal -9.807853e-001  0.000000e+000  1.950899e-001
    outer loop
      vertex -1.257612e+001  1.000000e+000 -1.515579e+001
      vertex -1.250000e+001  0.000000e+000 -1.477310e+001
      vertex -1.250000e+001  1.000000e+000 -1.477310e+001
    endloop
  endfacet
  facet normal -1.950899e-001  -0.000000e+000 -9.807853e-001
    outer loop
      vertex -1.350000e+001  0.000000e+000 -2.577310e+001
      vertex -1.311732e+001  1.000000e+000 -2.584922e+001
      vertex -1.311732e+001  0.000000e+000 -2.584922e+001
    endloop
  endfacet
  facet normal -5.555696e-001  0.000000e+000 -8.314700e-001
    outer loop
      vertex -1.311732e+001  0.000000e+000 -2.584922e+001
      vertex -1.311732e+001  1.000000e+000 -2.584922e+001
      vertex -1.279289e+001  1.000000e+000 -2.606599e+001
    endloop
  endfacet
  facet normal -5.555696e-001  -0.000000e+000 -8.314700e-001
    outer loop
      vertex -1.311732e+001  0.000000e+000 -2.584922e+001
      vertex -1.279289e+001  1.000000e+000 -2.606599e+001
      vertex -1.279289e+001  0.000000e+000 -2.606599e+001
    endloop
  endfacet
  facet normal -8.314704e-001  0.000000e+000 -5.555691e-001
    outer loop
      vertex -1.279289e+001  0.000000e+000 -2.606599e+001
      vertex -1.279289e+001  1.000000e+000 -2.606599e+001
      vertex -1.257612e+001  1.000000e+000 -2.639042e+001
    endloop
  endfacet
  facet normal -8.314704e-001  -0.000000e+000 -5.555691e-001
    outer loop
      vertex -1.279289e+001  0.000000e+000 -2.606599e+001
      vertex -1.257612e+001  1.000000e+000 -2.639042e+001
      vertex -1.257612e+001  0.000000e+000 -2.639042e+001
    endloop
  endfacet
  facet normal -9.807853e-001  0.000000e+000 -1.950904e-001
    outer loop
      vertex -1.257612e+001  0.000000e+000 -2.639042e+001
      vertex -1.257612e+001  1.000000e+000 -2.639042e+001
      vertex -1.250000e+001  1.000000e+000 -2.677310e+001
    endloop
  endfacet
  facet normal -9.807853e-001  -0.000000e+000 -1.950904e-001
    outer loop
      vertex -1.257612e+001  0.000000e+000 -2.639042e+001
      vertex -1.250000e+001  1.000000e+000 -2.677310e+001
      vertex -1.250000e+001  0.000000e+000 -2.677310e+001
    endloop
  endfacet
  facet normal -1.950899e-001  0.000000e+000 -9.807853e-001
    outer loop
      vertex -1.311732e+001  1.000000e+000 -2.584922e+001
      vertex -1.350000e+001  0.000000e+000 -2.577310e+001
      vertex -1.350000e+001  1.000000e+000 -2.577310e+001
    endloop
  endfacet
  facet normal  1.950899e-001  0.000000e+000 -9.807853e-001
    outer loop
      vertex -1.350000e+001  1.000000e+000 -2.577310e+001
      vertex -1.350000e+001  0.000000e+000 -2.577310e+001
      vertex -1.388268e+001  0.000000e+000 -2.584922e+001
    endloop
  endfacet
  facet normal  1.950899e-001  0.000000e+000 -9.807853e-001
    outer loop
      vertex -1.350000e+001  1.000000e+000 -2.577310e+001
      vertex -1.388268e+001  0.000000e+000 -2.584922e+001
      vertex -1.388268e+001  1.000000e+000 -2.584922e+001
    endloop
  endfacet
  facet normal  5.555696e-001  0.000000e+000 -8.314700e-001
    outer loop
      vertex -1.388268e+001  1.000000e+000 -2.584922e+001
      vertex -1.388268e+001  0.000000e+000 -2.584922e+001
      vertex -1.420711e+001  0.000000e+000 -2.606599e+001
    endloop
  endfacet
  facet normal  5.555696e-001  0.000000e+000 -8.314700e-001
    outer loop
      vertex -1.388268e+001  1.000000e+000 -2.584922e+001
      vertex -1.420711e+001  0.000000e+000 -2.606599e+001
      vertex -1.420711e+001  1.000000e+000 -2.606599e+001
    endloop
  endfacet
  facet normal  8.314704e-001  0.000000e+000 -5.555691e-001
    outer loop
      vertex -1.420711e+001  1.000000e+000 -2.606599e+001
      vertex -1.420711e+001  0.000000e+000 -2.606599e+001
      vertex -1.442388e+001  0.000000e+000 -2.639042e+001
    endloop
  endfacet
  facet normal  8.314704e-001  0.000000e+000 -5.555691e-001
    outer loop
      vertex -1.420711e+001  1.000000e+000 -2.606599e+001
      vertex -1.442388e+001  0.000000e+000 -2.639042e+001
      vertex -1.442388e+001  1.000000e+000 -2.639042e+001
    endloop
  endfacet
  facet normal  9.807853e-001  0.000000e+000 -1.950904e-001
    outer loop
      vertex -1.442388e+001  1.000000e+000 -2.639042e+001
      vertex -1.442388e+001  0.000000e+000 -2.639042e+001
      vertex -1.450000e+001  0.000000e+000 -2.677310e+001
    endloop
  endfacet
  facet normal  9.807853e-001  0.000000e+000 -1.950904e-001
    outer loop
      vertex -1.442388e+001  1.000000e+000 -2.639042e+001
      vertex -1.450000e+001  0.000000e+000 -2.677310e+001
      vertex -1.450000e+001  1.000000e+000 -2.677310e+001
    endloop
  endfacet
  facet normal  1.950899e-001  0.000000e+000  9.807853e-001
    outer loop
      vertex -1.350000e+001  0.000000e+000 -2.777310e+001
      vertex -1.388268e+001  1.000000e+000 -2.769698e+001
      vertex -1.388268e+001  0.000000e+000 -2.769698e+001
    endloop
  endfacet
  facet normal  5.555696e-001  -0.000000e+000  8.314700e-001
    outer loop
      vertex -1.388268e+001  0.000000e+000 -2.769698e+001
      vertex -1.388268e+001  1.000000e+000 -2.769698e+001
      vertex -1.420711e+001  1.000000e+000 -2.748021e+001
    endloop
  endfacet
  facet normal  5.555696e-001  0.000000e+000  8.314700e-001
    outer loop
      vertex -1.388268e+001  0.000000e+000 -2.769698e+001
      vertex -1.420711e+001  1.000000e+000 -2.748021e+001
      vertex -1.420711e+001  0.000000e+000 -2.748021e+001
    endloop
  endfacet
  facet normal  8.314704e-001  -0.000000e+000  5.555691e-001
    outer loop
      vertex -1.420711e+001  0.000000e+000 -2.748021e+001
      vertex -1.420711e+001  1.000000e+000 -2.748021e+001
      vertex -1.442388e+001  1.000000e+000 -2.715578e+001
    endloop
  endfacet
  facet normal  8.314704e-001  0.000000e+000  5.555691e-001
    outer loop
      vertex -1.420711e+001  0.000000e+000 -2.748021e+001
      vertex -1.442388e+001  1.000000e+000 -2.715578e+001
      vertex -1.442388e+001  0.000000e+000 -2.715578e+001
    endloop
  endfacet
  facet normal  9.807853e-001  -0.000000e+000  1.950904e-001
    outer loop
      vertex -1.442388e+001  0.000000e+000 -2.715578e+001
      vertex -1.442388e+001  1.000000e+000 -2.715578e+001
      vertex -1.450000e+001  1.000000e+000 -2.677310e+001
    endloop
  endfacet
  facet normal  9.807853e-001  0.000000e+000  1.950904e-001
    outer loop
      vertex -1.442388e+001  0.000000e+000 -2.715578e+001
      vertex -1.450000e+001  1.000000e+000 -2.677310e+001
      vertex -1.450000e+001  0.000000e+000 -2.677310e+001
    endloop
  endfacet
  facet normal  1.950899e-001  -0.000000e+000  9.807853e-001
    outer loop
      vertex -1.388268e+001  1.000000e+000 -2.769698e+001
      vertex -1.350000e+001  0.000000e+000 -2.777310e+001
      vertex -1.350000e+001  1.000000e+000 -2.777310e+001
    endloop
  endfacet
  facet normal -1.950899e-001  0.000000e+000  9.807853e-001
    outer loop
      vertex -1.350000e+001  1.000000e+000 -2.777310e+001
      vertex -1.350000e+001  0.000000e+000 -2.777310e+001
      vertex -1.311732e+001  0.000000e+000 -2.769698e+001
    endloop
  endfacet
  facet normal -1.950899e-001  0.000000e+000  9.807853e-001
    outer loop
      vertex -1.350000e+001  1.000000e+000 -2.777310e+001
      vertex -1.311732e+001  0.000000e+000 -2.769698e+001
      vertex -1.311732e+001  1.000000e+000 -2.769698e+001
    endloop
  endfacet
  facet normal -5.555696e-001  0.000000e+000  8.314700e-001
    outer loop
      vertex -1.311732e+001  1.000000e+000 -2.769698e+001
      vertex -1.311732e+001  0.000000e+000 -2.769698e+001
      vertex -1.279289e+001  0.000000e+000 -2.748021e+001
    endloop
  endfacet
  facet normal -5.555696e-001  0.000000e+000  8.314700e-001
    outer loop
      vertex -1.311732e+001  1.000000e+000 -2.769698e+001
      vertex -1.279289e+001  0.000000e+000 -2.748021e+001
      vertex -1.279289e+001  1.000000e+000 -2.748021e+001
    endloop
  endfacet
  facet normal -8.314704e-001  0.000000e+000  5.555691e-001
    outer loop
      vertex -1.279289e+001  1.000000e+000 -2.748021e+001
      vertex -1.279289e+001  0.000000e+000 -2.748021e+001
      vertex -1.257612e+001  0.000000e+000 -2.715578e+001
    endloop
  endfacet
  facet normal -8.314704e-001  0.000000e+000  5.555691e-001
    outer loop
      vertex -1.279289e+001  1.000000e+000 -2.748021e+001
      vertex -1.257612e+001  0.000000e+000 -2.715578e+001
      vertex -1.257612e+001  1.000000e+000 -2.715578e+001
    endloop
  endfacet
  facet normal -9.807853e-001  0.000000e+000  1.950904e-001
    outer loop
      vertex -1.257612e+001  1.000000e+000 -2.715578e+001
      vertex -1.257612e+001  0.000000e+000 -2.715578e+001
      vertex -1.250000e+001  0.000000e+000 -2.677310e+001
    endloop
  endfacet
  facet normal -9.807853e-001  0.000000e+000  1.950904e-001
    outer loop
      vertex -1.257612e+001  1.000000e+000 -2.715578e+001
      vertex -1.250000e+001  0.000000e+000 -2.677310e+001
      vertex -1.250000e+001  1.000000e+000 -2.677310e+001
    endloop
  endfacet
  facet normal -1.950899e-001  -0.000000e+000 -9.807853e-001
    outer loop
      vertex  1.350000e+001  0.000000e+000 -1.377310e+001
      vertex  1.388268e+001  1.000000e+000 -1.384922e+001
      vertex  1.388268e+001  0.000000e+000 -1.384922e+001
    endloop
  endfacet
  facet normal -5.555713e-001  0.000000e+000 -8.314689e-001
    outer loop
      vertex  1.388268e+001  0.000000e+000 -1.384922e+001
      vertex  1.388268e+001  1.000000e+000 -1.384922e+001
      vertex  1.420711e+001  1.000000e+000 -1.406600e+001
    endloop
  endfacet
  facet normal -5.555713e-001  -0.000000e+000 -8.314689e-001
    outer loop
      vertex  1.388268e+001  0.000000e+000 -1.384922e+001
      vertex  1.420711e+001  1.000000e+000 -1.406600e+001
      vertex  1.420711e+001  0.000000e+000 -1.406600e+001
    endloop
  endfacet
  facet normal -8.314689e-001  0.000000e+000 -5.555713e-001
    outer loop
      vertex  1.420711e+001  0.000000e+000 -1.406600e+001
      vertex  1.420711e+001  1.000000e+000 -1.406600e+001
      vertex  1.442388e+001  1.000000e+000 -1.439042e+001
    endloop
  endfacet
  facet normal -8.314689e-001  -0.000000e+000 -5.555713e-001
    outer loop
      vertex  1.420711e+001  0.000000e+000 -1.406600e+001
      vertex  1.442388e+001  1.000000e+000 -1.439042e+001
      vertex  1.442388e+001  0.000000e+000 -1.439042e+001
    endloop
  endfacet
  facet normal -9.807853e-001  0.000000e+000 -1.950899e-001
    outer loop
      vertex  1.442388e+001  0.000000e+000 -1.439042e+001
      vertex  1.442388e+001  1.000000e+000 -1.439042e+001
      vertex  1.450000e+001  1.000000e+000 -1.477310e+001
    endloop
  endfacet
  facet normal -9.807853e-001  -0.000000e+000 -1.950899e-001
    outer loop
      vertex  1.442388e+001  0.000000e+000 -1.439042e+001
      vertex  1.450000e+001  1.000000e+000 -1.477310e+001
      vertex  1.450000e+001  0.000000e+000 -1.477310e+001
    endloop
  endfacet
  facet normal -1.950899e-001  0.000000e+000 -9.807853e-001
    outer loop
      vertex  1.388268e+001  1.000000e+000 -1.384922e+001
      vertex  1.350000e+001  0.000000e+000 -1.377310e+001
      vertex  1.350000e+001  1.000000e+000 -1.377310e+001
    endloop
  endfacet
  facet normal  1.950899e-001  0.000000e+000 -9.807853e-001
    outer loop
      vertex  1.350000e+001  1.000000e+000 -1.377310e+001
      vertex  1.350000e+001  0.000000e+000 -1.377310e+001
      vertex  1.311732e+001  0.000000e+000 -1.384922e+001
    endloop
  endfacet
  facet normal  1.950899e-001  0.000000e+000 -9.807853e-001
    outer loop
      vertex  1.350000e+001  1.000000e+000 -1.377310e+001
      vertex  1.311732e+001  0.000000e+000 -1.384922e+001
      vertex  1.311732e+001  1.000000e+000 -1.384922e+001
    endloop
  endfacet
  facet normal  5.555713e-001  0.000000e+000 -8.314689e-001
    outer loop
      vertex  1.311732e+001  1.000000e+000 -1.384922e+001
      vertex  1.311732e+001  0.000000e+000 -1.384922e+001
      vertex  1.279289e+001  0.000000e+000 -1.406600e+001
    endloop
  endfacet
  facet normal  5.555713e-001  0.000000e+000 -8.314689e-001
    outer loop
      vertex  1.311732e+001  1.000000e+000 -1.384922e+001
      vertex  1.279289e+001  0.000000e+000 -1.406600e+001
      vertex  1.279289e+001  1.000000e+000 -1.406600e+001
    endloop
  endfacet
  facet normal  8.314689e-001  0.000000e+000 -5.555713e-001
    outer loop
      vertex  1.279289e+001  1.000000e+000 -1.406600e+001
      vertex  1.279289e+001  0.000000e+000 -1.406600e+001
      vertex  1.257612e+001  0.000000e+000 -1.439042e+001
    endloop
  endfacet
  facet normal  8.314689e-001  0.000000e+000 -5.555713e-001
    outer loop
      vertex  1.279289e+001  1.000000e+000 -1.406600e+001
      vertex  1.257612e+001  0.000000e+000 -1.439042e+001
      vertex  1.257612e+001  1.000000e+000 -1.439042e+001
    endloop
  endfacet
  facet normal  9.807853e-001  0.000000e+000 -1.950899e-001
    outer loop
      vertex  1.257612e+001  1.000000e+000 -1.439042e+001
      vertex  1.257612e+001  0.000000e+000 -1.439042e+001
      vertex  1.250000e+001  0.000000e+000 -1.477310e+001
    endloop
  endfacet
  facet normal  9.807853e-001  0.000000e+000 -1.950899e-001
    outer loop
      vertex  1.257612e+001  1.000000e+000 -1.439042e+001
      vertex  1.250000e+001  0.000000e+000 -1.477310e+001
      vertex  1.250000e+001  1.000000e+000 -1.477310e+001
    endloop
  endfacet
  facet normal  1.950899e-001  0.000000e+000  9.807853e-001
    outer loop
      vertex  1.350000e+001  0.000000e+000 -1.577310e+001
      vertex  1.311732e+001  1.000000e+000 -1.569698e+001
      vertex  1.311732e+001  0.000000e+000 -1.569698e+001
    endloop
  endfacet
  facet normal  5.555713e-001  -0.000000e+000  8.314689e-001
    outer loop
      vertex  1.311732e+001  0.000000e+000 -1.569698e+001
      vertex  1.311732e+001  1.000000e+000 -1.569698e+001
      vertex  1.279289e+001  1.000000e+000 -1.548021e+001
    endloop
  endfacet
  facet normal  5.555713e-001  0.000000e+000  8.314689e-001
    outer loop
      vertex  1.311732e+001  0.000000e+000 -1.569698e+001
      vertex  1.279289e+001  1.000000e+000 -1.548021e+001
      vertex  1.279289e+001  0.000000e+000 -1.548021e+001
    endloop
  endfacet
  facet normal  8.314689e-001  -0.000000e+000  5.555713e-001
    outer loop
      vertex  1.279289e+001  0.000000e+000 -1.548021e+001
      vertex  1.279289e+001  1.000000e+000 -1.548021e+001
      vertex  1.257612e+001  1.000000e+000 -1.515579e+001
    endloop
  endfacet
  facet normal  8.314689e-001  0.000000e+000  5.555713e-001
    outer loop
      vertex  1.279289e+001  0.000000e+000 -1.548021e+001
      vertex  1.257612e+001  1.000000e+000 -1.515579e+001
      vertex  1.257612e+001  0.000000e+000 -1.515579e+001
    endloop
  endfacet
  facet normal  9.807853e-001  -0.000000e+000  1.950899e-001
    outer loop
      vertex  1.257612e+001  0.000000e+000 -1.515579e+001
      vertex  1.257612e+001  1.000000e+000 -1.515579e+001
      vertex  1.250000e+001  1.000000e+000 -1.477310e+001
    endloop
  endfacet
  facet normal  9.807853e-001  0.000000e+000  1.950899e-001
    outer loop
      vertex  1.257612e+001  0.000000e+000 -1.515579e+001
      vertex  1.250000e+001  1.000000e+000 -1.477310e+001
      vertex  1.250000e+001  0.000000e+000 -1.477310e+001
    endloop
  endfacet
  facet normal  1.950899e-001  -0.000000e+000  9.807853e-001
    outer loop
      vertex  1.311732e+001  1.000000e+000 -1.569698e+001
      vertex  1.350000e+001  0.000000e+000 -1.577310e+001
      vertex  1.350000e+001  1.000000e+000 -1.577310e+001
    endloop
  endfacet
  facet normal -1.950899e-001  0.000000e+000  9.807853e-001
    outer loop
      vertex  1.350000e+001  1.000000e+000 -1.577310e+001
      vertex  1.350000e+001  0.000000e+000 -1.577310e+001
      vertex  1.388268e+001  0.000000e+000 -1.569698e+001
    endloop
  endfacet
  facet normal -1.950899e-001  0.000000e+000  9.807853e-001
    outer loop
      vertex  1.350000e+001  1.000000e+000 -1.577310e+001
      vertex  1.388268e+001  0.000000e+000 -1.569698e+001
      vertex  1.388268e+001  1.000000e+000 -1.569698e+001
    endloop
  endfacet
  facet normal -5.555713e-001  0.000000e+000  8.314689e-001
    outer loop
      vertex  1.388268e+001  1.000000e+000 -1.569698e+001
      vertex  1.388268e+001  0.000000e+000 -1.569698e+001
      vertex  1.420711e+001  0.000000e+000 -1.548021e+001
    endloop
  endfacet
  facet normal -5.555713e-001  0.000000e+000  8.314689e-001
    outer loop
      vertex  1.388268e+001  1.000000e+000 -1.569698e+001
      vertex  1.420711e+001  0.000000e+000 -1.548021e+001
      vertex  1.420711e+001  1.000000e+000 -1.548021e+001
    endloop
  endfacet
  facet normal -8.314689e-001  0.000000e+000  5.555713e-001
    outer loop
      vertex  1.420711e+001  1.000000e+000 -1.548021e+001
      vertex  1.420711e+001  0.000000e+000 -1.548021e+001
      vertex  1.442388e+001  0.000000e+000 -1.515579e+001
    endloop
  endfacet
  facet normal -8.314689e-001  0.000000e+000  5.555713e-001
    outer loop
      vertex  1.420711e+001  1.000000e+000 -1.548021e+001
      vertex  1.442388e+001  0.000000e+000 -1.515579e+001
      vertex  1.442388e+001  1.000000e+000 -1.515579e+001
    endloop
  endfacet
  facet normal -9.807853e-001  0.000000e+000  1.950899e-001
    outer loop
      vertex  1.442388e+001  1.000000e+000 -1.515579e+001
      vertex  1.442388e+001  0.000000e+000 -1.515579e+001
      vertex  1.450000e+001  0.000000e+000 -1.477310e+001
    endloop
  endfacet
  facet normal -9.807853e-001  0.000000e+000  1.950899e-001
    outer loop
      vertex  1.442388e+001  1.000000e+000 -1.515579e+001
      vertex  1.450000e+001  0.000000e+000 -1.477310e+001
      vertex  1.450000e+001  1.000000e+000 -1.477310e+001
    endloop
  endfacet
  facet normal -1.950899e-001  -0.000000e+000 -9.807853e-001
    outer loop
      vertex  1.350000e+001  0.000000e+000 -2.577310e+001
      vertex  1.388268e+001  1.000000e+000 -2.584922e+001
      vertex  1.388268e+001  0.000000e+000 -2.584922e+001
    endloop
  endfacet
  facet normal -5.555696e-001  0.000000e+000 -8.314700e-001
    outer loop
      vertex  1.388268e+001  0.000000e+000 -2.584922e+001
      vertex  1.388268e+001  1.000000e+000 -2.584922e+001
      vertex  1.420711e+001  1.000000e+000 -2.606599e+001
    endloop
  endfacet
  facet normal -5.555696e-001  -0.000000e+000 -8.314700e-001
    outer loop
      vertex  1.388268e+001  0.000000e+000 -2.584922e+001
      vertex  1.420711e+001  1.000000e+000 -2.606599e+001
      vertex  1.420711e+001  0.000000e+000 -2.606599e+001
    endloop
  endfacet
  facet normal -8.314704e-001  0.000000e+000 -5.555691e-001
    outer loop
      vertex  1.420711e+001  0.000000e+000 -2.606599e+001
      vertex  1.420711e+001  1.000000e+000 -2.606599e+001
      vertex  1.442388e+001  1.000000e+000 -2.639042e+001
    endloop
  endfacet
  facet normal -8.314704e-001  -0.000000e+000 -5.555691e-001
    outer loop
      vertex  1.420711e+001  0.000000e+000 -2.606599e+001
      vertex  1.442388e+001  1.000000e+000 -2.639042e+001
      vertex  1.442388e+001  0.000000e+000 -2.639042e+001
    endloop
  endfacet
  facet normal -9.807853e-001  0.000000e+000 -1.950904e-001
    outer loop
      vertex  1.442388e+001  0.000000e+000 -2.639042e+001
      vertex  1.442388e+001  1.000000e+000 -2.639042e+001
      vertex  1.450000e+001  1.000000e+000 -2.677310e+001
    endloop
  endfacet
  facet normal -9.807853e-001  -0.000000e+000 -1.950904e-001
    outer loop
      vertex  1.442388e+001  0.000000e+000 -2.639042e+001
      vertex  1.450000e+001  1.000000e+000 -2.677310e+001
      vertex  1.450000e+001  0.000000e+000 -2.677310e+001
    endloop
  endfacet
  facet normal -1.950899e-001  0.000000e+000 -9.807853e-001
    outer loop
      vertex  1.388268e+001  1.000000e+000 -2.584922e+001
      vertex  1.350000e+001  0.000000e+000 -2.577310e+001
      vertex  1.350000e+001  1.000000e+000 -2.577310e+001
    endloop
  endfacet
  facet normal  1.950899e-001  0.000000e+000 -9.807853e-001
    outer loop
      vertex  1.350000e+001  1.000000e+000 -2.577310e+001
      vertex  1.350000e+001  0.000000e+000 -2.577310e+001
      vertex  1.311732e+001  0.000000e+000 -2.584922e+001
    endloop
  endfacet
  facet normal  1.950899e-001  0.000000e+000 -9.807853e-001
    outer loop
      vertex  1.350000e+001  1.000000e+000 -2.577310e+001
      vertex  1.311732e+001  0.000000e+000 -2.584922e+001
      vertex  1.311732e+001  1.000000e+000 -2.584922e+001
    endloop
  endfacet
  facet normal  5.555696e-001  0.000000e+000 -8.314700e-001
    outer loop
      vertex  1.311732e+001  1.000000e+000 -2.584922e+001
      vertex  1.311732e+001  0.000000e+000 -2.584922e+001
      vertex  1.279289e+001  0.000000e+000 -2.606599e+001
    endloop
  endfacet
  facet normal  5.555696e-001  0.000000e+000 -8.314700e-001
    outer loop
      vertex  1.311732e+001  1.000000e+000 -2.584922e+001
      vertex  1.279289e+001  0.000000e+000 -2.606599e+001
      vertex  1.279289e+001  1.000000e+000 -2.606599e+001
    endloop
  endfacet
  facet normal  8.314704e-001  0.000000e+000 -5.555691e-001
    outer loop
      vertex  1.279289e+001  1.000000e+000 -2.606599e+001
      vertex  1.279289e+001  0.000000e+000 -2.606599e+001
      vertex  1.257612e+001  0.000000e+000 -2.639042e+001
    endloop
  endfacet
  facet normal  8.314704e-001  0.000000e+000 -5.555691e-001
    outer loop
      vertex  1.279289e+001  1.000000e+000 -2.606599e+001
      vertex  1.257612e+001  0.000000e+000 -2.639042e+001
      vertex  1.257612e+001  1.000000e+000 -2.639042e+001
    endloop
  endfacet
  facet normal  9.807853e-001  0.000000e+000 -1.950904e-001
    outer loop
      vertex  1.257612e+001  1.000000e+000 -2.639042e+001
      vertex  1.257612e+001  0.000000e+000 -2.639042e+001
      vertex  1.250000e+001  0.000000e+000 -2.677310e+001
    endloop
  endfacet
  facet normal  9.807853e-001  0.000000e+000 -1.950904e-001
    outer loop
      vertex  1.257612e+001  1.000000e+000 -2.639042e+001
      vertex  1.250000e+001  0.000000e+000 -2.677310e+001
      vertex  1.250000e+001  1.000000e+000 -2.677310e+001
    endloop
  endfacet
  facet normal  1.950899e-001  0.000000e+000  9.807853e-001
    outer loop
      vertex  1.350000e+001  0.000000e+000 -2.777310e+001
      vertex  1.311732e+001  1.000000e+000 -2.769698e+001
      vertex  1.311732e+001  0.000000e+000 -2.769698e+001
    endloop
  endfacet
  facet normal  5.555696e-001  -0.000000e+000  8.314700e-001
    outer loop
      vertex  1.311732e+001  0.000000e+000 -2.769698e+001
      vertex  1.311732e+001  1.000000e+000 -2.769698e+001
      vertex  1.279289e+001  1.000000e+000 -2.748021e+001
    endloop
  endfacet
  facet normal  5.555696e-001  0.000000e+000  8.314700e-001
    outer loop
      vertex  1.311732e+001  0.000000e+000 -2.769698e+001
      vertex  1.279289e+001  1.000000e+000 -2.748021e+001
      vertex  1.279289e+001  0.000000e+000 -2.748021e+001
    endloop
  endfacet
  facet normal  8.314704e-001  -0.000000e+000  5.555691e-001
    outer loop
      vertex  1.279289e+001  0.000000e+000 -2.748021e+001
      vertex  1.279289e+001  1.000000e+000 -2.748021e+001
      vertex  1.257612e+001  1.000000e+000 -2.715578e+001
    endloop
  endfacet
  facet normal  8.314704e-001  0.000000e+000  5.555691e-001
    outer loop
      vertex  1.279289e+001  0.000000e+000 -2.748021e+001
      vertex  1.257612e+001  1.000000e+000 -2.715578e+001
      vertex  1.257612e+001  0.000000e+000 -2.715578e+001
    endloop
  endfacet
  facet normal  9.807853e-001  -0.000000e+000  1.950904e-001
    outer loop
      vertex  1.257612e+001  0.000000e+000 -2.715578e+001
      vertex  1.257612e+001  1.000000e+000 -2.715578e+001
      vertex  1.250000e+001  1.000000e+000 -2.677310e+001
    endloop
  endfacet
  facet normal  9.807853e-001  0.000000e+000  1.950904e-001
    outer loop
      vertex  1.257612e+001  0.000000e+000 -2.715578e+001
      vertex  1.250000e+001  1.000000e+000 -2.677310e+001
      vertex  1.250000e+001  0.000000e+000 -2.677310e+001
    endloop
  endfacet
  facet normal  1.950899e-001  -0.000000e+000  9.807853e-001
    outer loop
      vertex  1.311732e+001  1.000000e+000 -2.769698e+001
      vertex  1.350000e+001  0.000000e+000 -2.777310e+001
      vertex  1.350000e+001  1.000000e+000 -2.777310e+001
    endloop
  endfacet
  facet normal -1.950899e-001  0.000000e+000  9.807853e-001
    outer loop
      vertex  1.350000e+001  1.000000e+000 -2.777310e+001
      vertex  1.350000e+001  0.000000e+000 -2.777310e+001
      vertex  1.388268e+001  0.000000e+000 -2.769698e+001
    endloop
  endfacet
  facet normal -1.950899e-001  0.000000e+000  9.807853e-001
    outer loop
      vertex  1.350000e+001  1.000000e+000 -2.777310e+001
      vertex  1.388268e+001  0.000000e+000 -2.769698e+001
      vertex  1.388268e+001  1.000000e+000 -2.769698e+001
    endloop
  endfacet
  facet normal -5.555696e-001  0.000000e+000  8.314700e-001
    outer loop
      vertex  1.388268e+001  1.000000e+000 -2.769698e+001
      vertex  1.388268e+001  0.000000e+000 -2.769698e+001
      vertex  1.420711e+001  0.000000e+000 -2.748021e+001
    endloop
  endfacet
  facet normal -5.555696e-001  0.000000e+000  8.314700e-001
    outer loop
      vertex  1.388268e+001  1.000000e+000 -2.769698e+001
      vertex  1.420711e+001  0.000000e+000 -2.748021e+001
      vertex  1.420711e+001  1.000000e+000 -2.748021e+001
    endloop
  endfacet
  facet normal -8.314704e-001  0.000000e+000  5.555691e-001
    outer loop
      vertex  1.420711e+001  1.000000e+000 -2.748021e+001
      vertex  1.420711e+001  0.000000e+000 -2.748021e+001
      vertex  1.442388e+001  0.000000e+000 -2.715578e+001
    endloop
  endfacet
  facet normal -8.314704e-001  0.000000e+000  5.555691e-001
    outer loop
      vertex  1.420711e+001  1.000000e+000 -2.748021e+001
      vertex  1.442388e+001  0.000000e+000 -2.715578e+001
      vertex  1.442388e+001  1.000000e+000 -2.715578e+001
    endloop
  endfacet
  facet normal -9.807853e-001  0.000000e+000  1.950904e-001
    outer loop
      vertex  1.442388e+001  1.000000e+000 -2.715578e+001
      vertex  1.442388e+001  0.000000e+000 -2.715578e+001
      vertex  1.450000e+001  0.000000e+000 -2.677310e+001
    endloop
  endfacet
  facet normal -9.807853e-001  0.000000e+000  1.950904e-001
    outer loop
      vertex  1.442388e+001  1.000000e+000 -2.715578e+001
      vertex  1.450000e+001  0.000000e+000 -2.677310e+001
      vertex  1.450000e+001  1.000000e+000 -2.677310e+001
    endloop
  endfacet
  facet normal -1.950899e-001  -0.000000e+000 -9.807853e-001
    outer loop
      vertex -1.350000e+001  0.000000e+000  2.922690e+001
      vertex -1.311732e+001  1.000000e+000  2.915078e+001
      vertex -1.311732e+001  0.000000e+000  2.915078e+001
    endloop
  endfacet
  facet normal -5.555696e-001  0.000000e+000 -8.314700e-001
    outer loop
      vertex -1.311732e+001  0.000000e+000  2.915078e+001
      vertex -1.311732e+001  1.000000e+000  2.915078e+001
      vertex -1.279289e+001  1.000000e+000  2.893401e+001
    endloop
  endfacet
  facet normal -5.555696e-001  -0.000000e+000 -8.314700e-001
    outer loop
      vertex -1.311732e+001  0.000000e+000  2.915078e+001
      vertex -1.279289e+001  1.000000e+000  2.893401e+001
      vertex -1.279289e+001  0.000000e+000  2.893401e+001
    endloop
  endfacet
  facet normal -8.314704e-001  0.000000e+000 -5.555691e-001
    outer loop
      vertex -1.279289e+001  0.000000e+000  2.893401e+001
      vertex -1.279289e+001  1.000000e+000  2.893401e+001
      vertex -1.257612e+001  1.000000e+000  2.860958e+001
    endloop
  endfacet
  facet normal -8.314704e-001  -0.000000e+000 -5.555691e-001
    outer loop
      vertex -1.279289e+001  0.000000e+000  2.893401e+001
      vertex -1.257612e+001  1.000000e+000  2.860958e+001
      vertex -1.257612e+001  0.000000e+000  2.860958e+001
    endloop
  endfacet
  facet normal -9.807853e-001  0.000000e+000 -1.950904e-001
    outer loop
      vertex -1.257612e+001  0.000000e+000  2.860958e+001
      vertex -1.257612e+001  1.000000e+000  2.860958e+001
      vertex -1.250000e+001  1.000000e+000  2.822690e+001
    endloop
  endfacet
  facet normal -9.807853e-001  -0.000000e+000 -1.950904e-001
    outer loop
      vertex -1.257612e+001  0.000000e+000  2.860958e+001
      vertex -1.250000e+001  1.000000e+000  2.822690e+001
      vertex -1.250000e+001  0.000000e+000  2.822690e+001
    endloop
  endfacet
  facet normal -1.950899e-001  0.000000e+000 -9.807853e-001
    outer loop
      vertex -1.311732e+001  1.000000e+000  2.915078e+001
      vertex -1.350000e+001  0.000000e+000  2.922690e+001
      vertex -1.350000e+001  1.000000e+000  2.922690e+001
    endloop
  endfacet
  facet normal  1.950899e-001  0.000000e+000 -9.807853e-001
    outer loop
      vertex -1.350000e+001  1.000000e+000  2.922690e+001
      vertex -1.350000e+001  0.000000e+000  2.922690e+001
      vertex -1.388268e+001  0.000000e+000  2.915078e+001
    endloop
  endfacet
  facet normal  1.950899e-001  0.000000e+000 -9.807853e-001
    outer loop
      vertex -1.350000e+001  1.000000e+000  2.922690e+001
      vertex -1.388268e+001  0.000000e+000  2.915078e+001
      vertex -1.388268e+001  1.000000e+000  2.915078e+001
    endloop
  endfacet
  facet normal  5.555696e-001  0.000000e+000 -8.314700e-001
    outer loop
      vertex -1.388268e+001  1.000000e+000  2.915078e+001
      vertex -1.388268e+001  0.000000e+000  2.915078e+001
      vertex -1.420711e+001  0.000000e+000  2.893401e+001
    endloop
  endfacet
  facet normal  5.555696e-001  0.000000e+000 -8.314700e-001
    outer loop
      vertex -1.388268e+001  1.000000e+000  2.915078e+001
      vertex -1.420711e+001  0.000000e+000  2.893401e+001
      vertex -1.420711e+001  1.000000e+000  2.893401e+001
    endloop
  endfacet
  facet normal  8.314704e-001  0.000000e+000 -5.555691e-001
    outer loop
      vertex -1.420711e+001  1.000000e+000  2.893401e+001
      vertex -1.420711e+001  0.000000e+000  2.893401e+001
      vertex -1.442388e+001  0.000000e+000  2.860958e+001
    endloop
  endfacet
  facet normal  8.314704e-001  0.000000e+000 -5.555691e-001
    outer loop
      vertex -1.420711e+001  1.000000e+000  2.893401e+001
      vertex -1.442388e+001  0.000000e+000  2.860958e+001
      vertex -1.442388e+001  1.000000e+000  2.860958e+001
    endloop
  endfacet
  facet normal  9.807853e-001  0.000000e+000 -1.950904e-001
    outer loop
      vertex -1.442388e+001  1.000000e+000  2.860958e+001
      vertex -1.442388e+001  0.000000e+000  2.860958e+001
      vertex -1.450000e+001  0.000000e+000  2.822690e+001
    endloop
  endfacet
  facet normal  9.807853e-001  0.000000e+000 -1.950904e-001
    outer loop
      vertex -1.442388e+001  1.000000e+000  2.860958e+001
      vertex -1.450000e+001  0.000000e+000  2.822690e+001
      vertex -1.450000e+001  1.000000e+000  2.822690e+001
    endloop
  endfacet
  facet normal  1.950899e-001  0.000000e+000  9.807853e-001
    outer loop
      vertex -1.350000e+001  0.000000e+000  2.722690e+001
      vertex -1.388268e+001  1.000000e+000  2.730302e+001
      vertex -1.388268e+001  0.000000e+000  2.730302e+001
    endloop
  endfacet
  facet normal  5.555696e-001  -0.000000e+000  8.314700e-001
    outer loop
      vertex -1.388268e+001  0.000000e+000  2.730302e+001
      vertex -1.388268e+001  1.000000e+000  2.730302e+001
      vertex -1.420711e+001  1.000000e+000  2.751979e+001
    endloop
  endfacet
  facet normal  5.555696e-001  0.000000e+000  8.314700e-001
    outer loop
      vertex -1.388268e+001  0.000000e+000  2.730302e+001
      vertex -1.420711e+001  1.000000e+000  2.751979e+001
      vertex -1.420711e+001  0.000000e+000  2.751979e+001
    endloop
  endfacet
  facet normal  8.314704e-001  -0.000000e+000  5.555691e-001
    outer loop
      vertex -1.420711e+001  0.000000e+000  2.751979e+001
      vertex -1.420711e+001  1.000000e+000  2.751979e+001
      vertex -1.442388e+001  1.000000e+000  2.784422e+001
    endloop
  endfacet
  facet normal  8.314704e-001  0.000000e+000  5.555691e-001
    outer loop
      vertex -1.420711e+001  0.000000e+000  2.751979e+001
      vertex -1.442388e+001  1.000000e+000  2.784422e+001
      vertex -1.442388e+001  0.000000e+000  2.784422e+001
    endloop
  endfacet
  facet normal  9.807853e-001  -0.000000e+000  1.950904e-001
    outer loop
      vertex -1.442388e+001  0.000000e+000  2.784422e+001
      vertex -1.442388e+001  1.000000e+000  2.784422e+001
      vertex -1.450000e+001  1.000000e+000  2.822690e+001
    endloop
  endfacet
  facet normal  9.807853e-001  0.000000e+000  1.950904e-001
    outer loop
      vertex -1.442388e+001  0.000000e+000  2.784422e+001
      vertex -1.450000e+001  1.000000e+000  2.822690e+001
      vertex -1.450000e+001  0.000000e+000  2.822690e+001
    endloop
  endfacet
  facet normal  1.950899e-001  -0.000000e+000  9.807853e-001
    outer loop
      vertex -1.388268e+001  1.000000e+000  2.730302e+001
      vertex -1.350000e+001  0.000000e+000  2.722690e+001
      vertex -1.350000e+001  1.000000e+000  2.722690e+001
    endloop
  endfacet
  facet normal -1.950899e-001  0.000000e+000  9.807853e-001
    outer loop
      vertex -1.350000e+001  1.000000e+000  2.722690e+001
      vertex -1.350000e+001  0.000000e+000  2.722690e+001
      vertex -1.311732e+001  0.000000e+000  2.730302e+001
    endloop
  endfacet
  facet normal -1.950899e-001  0.000000e+000  9.807853e-001
    outer loop
      vertex -1.350000e+001  1.000000e+000  2.722690e+001
      vertex -1.311732e+001  0.000000e+000  2.730302e+001
      vertex -1.311732e+001  1.000000e+000  2.730302e+001
    endloop
  endfacet
  facet normal -5.555696e-001  0.000000e+000  8.314700e-001
    outer loop
      vertex -1.311732e+001  1.000000e+000  2.730302e+001
      vertex -1.311732e+001  0.000000e+000  2.730302e+001
      vertex -1.279289e+001  0.000000e+000  2.751979e+001
    endloop
  endfacet
  facet normal -5.555696e-001  0.000000e+000  8.314700e-001
    outer loop
      vertex -1.311732e+001  1.000000e+000  2.730302e+001
      vertex -1.279289e+001  0.000000e+000  2.751979e+001
      vertex -1.279289e+001  1.000000e+000  2.751979e+001
    endloop
  endfacet
  facet normal -8.314704e-001  0.000000e+000  5.555691e-001
    outer loop
      vertex -1.279289e+001  1.000000e+000  2.751979e+001
      vertex -1.279289e+001  0.000000e+000  2.751979e+001
      vertex -1.257612e+001  0.000000e+000  2.784422e+001
    endloop
  endfacet
  facet normal -8.314704e-001  0.000000e+000  5.555691e-001
    outer loop
      vertex -1.279289e+001  1.000000e+000  2.751979e+001
      vertex -1.257612e+001  0.000000e+000  2.784422e+001
      vertex -1.257612e+001  1.000000e+000  2.784422e+001
    endloop
  endfacet
  facet normal -9.807853e-001  0.000000e+000  1.950904e-001
    outer loop
      vertex -1.257612e+001  1.000000e+000  2.784422e+001
      vertex -1.257612e+001  0.000000e+000  2.784422e+001
      vertex -1.250000e+001  0.000000e+000  2.822690e+001
    endloop
  endfacet
  facet normal -9.807853e-001  0.000000e+000  1.950904e-001
    outer loop
      vertex -1.257612e+001  1.000000e+000  2.784422e+001
      vertex -1.250000e+001  0.000000e+000  2.822690e+001
      vertex -1.250000e+001  1.000000e+000  2.822690e+001
    endloop
  endfacet
  facet normal -1.950899e-001  -0.000000e+000 -9.807853e-001
    outer loop
      vertex  1.350000e+001  0.000000e+000  2.922690e+001
      vertex  1.388268e+001  1.000000e+000  2.915078e+001
      vertex  1.388268e+001  0.000000e+000  2.915078e+001
    endloop
  endfacet
  facet normal -5.555696e-001  0.000000e+000 -8.314700e-001
    outer loop
      vertex  1.388268e+001  0.000000e+000  2.915078e+001
      vertex  1.388268e+001  1.000000e+000  2.915078e+001
      vertex  1.420711e+001  1.000000e+000  2.893401e+001
    endloop
  endfacet
  facet normal -5.555696e-001  -0.000000e+000 -8.314700e-001
    outer loop
      vertex  1.388268e+001  0.000000e+000  2.915078e+001
      vertex  1.420711e+001  1.000000e+000  2.893401e+001
      vertex  1.420711e+001  0.000000e+000  2.893401e+001
    endloop
  endfacet
  facet normal -8.314704e-001  0.000000e+000 -5.555691e-001
    outer loop
      vertex  1.420711e+001  0.000000e+000  2.893401e+001
      vertex  1.420711e+001  1.000000e+000  2.893401e+001
      vertex  1.442388e+001  1.000000e+000  2.860958e+001
    endloop
  endfacet
  facet normal -8.314704e-001  -0.000000e+000 -5.555691e-001
    outer loop
      vertex  1.420711e+001  0.000000e+000  2.893401e+001
      vertex  1.442388e+001  1.000000e+000  2.860958e+001
      vertex  1.442388e+001  0.000000e+000  2.860958e+001
    endloop
  endfacet
  facet normal -9.807853e-001  0.000000e+000 -1.950904e-001
    outer loop
      vertex  1.442388e+001  0.000000e+000  2.860958e+001
      vertex  1.442388e+001  1.000000e+000  2.860958e+001
      vertex  1.450000e+001  1.000000e+000  2.822690e+001
    endloop
  endfacet
  facet normal -9.807853e-001  -0.000000e+000 -1.950904e-001
    outer loop
      vertex  1.442388e+001  0.000000e+000  2.860958e+001
      vertex  1.450000e+001  1.000000e+000  2.822690e+001
      vertex  1.450000e+001  0.000000e+000  2.822690e+001
    endloop
  endfacet
  facet normal -1.950899e-001  0.000000e+000 -9.807853e-001
    outer loop
      vertex  1.388268e+001  1.000000e+000  2.915078e+001
      vertex  1.350000e+001  0.000000e+000  2.922690e+001
      vertex  1.350000e+001  1.000000e+000  2.922690e+001
    endloop
  endfacet
  facet normal  1.950899e-001  0.000000e+000 -9.807853e-001
    outer loop
      vertex  1.350000e+001  1.000000e+000  2.922690e+001
      vertex  1.350000e+001  0.000000e+000  2.922690e+001
      vertex  1.311732e+001  0.000000e+000  2.915078e+001
    endloop
  endfacet
  facet normal  1.950899e-001  0.000000e+000 -9.807853e-001
    outer loop
      vertex  1.350000e+001  1.000000e+000  2.922690e+001
      vertex  1.311732e+001  0.000000e+000  2.915078e+001
      vertex  1.311732e+001  1.000000e+000  2.915078e+001
    endloop
  endfacet
  facet normal  5.555696e-001  0.000000e+000 -8.314700e-001
    outer loop
      vertex  1.311732e+001  1.000000e+000  2.915078e+001
      vertex  1.311732e+001  0.000000e+000  2.915078e+001
      vertex  1.279289e+001  0.000000e+000  2.893401e+001
    endloop
  endfacet
  facet normal  5.555696e-001  0.000000e+000 -8.314700e-001
    outer loop
      vertex  1.311732e+001  1.000000e+000  2.915078e+001
      vertex  1.279289e+001  0.000000e+000  2.893401e+001
      vertex  1.279289e+001  1.000000e+000  2.893401e+001
    endloop
  endfacet
  facet normal  8.314704e-001  0.000000e+000 -5.555691e-001
    outer loop
      vertex  1.279289e+001  1.000000e+000  2.893401e+001
      vertex  1.279289e+001  0.000000e+000  2.893401e+001
      vertex  1.257612e+001  0.000000e+000  2.860958e+001
    endloop
  endfacet
  facet normal  8.314704e-001  0.000000e+000 -5.555691e-001
    outer loop
      vertex  1.279289e+001  1.000000e+000  2.893401e+001
      vertex  1.257612e+001  0.000000e+000  2.860958e+001
      vertex  1.257612e+001  1.000000e+000  2.860958e+001
    endloop
  endfacet
  facet normal  9.807853e-001  0.000000e+000 -1.950904e-001
    outer loop
      vertex  1.257612e+001  1.000000e+000  2.860958e+001
      vertex  1.257612e+001  0.000000e+000  2.860958e+001
      vertex  1.250000e+001  0.000000e+000  2.822690e+001
    endloop
  endfacet
  facet normal  9.807853e-001  0.000000e+000 -1.950904e-001
    outer loop
      vertex  1.257612e+001  1.000000e+000  2.860958e+001
      vertex  1.250000e+001  0.000000e+000  2.822690e+001
      vertex  1.250000e+001  1.000000e+000  2.822690e+001
    endloop
  endfacet
  facet normal  1.950899e-001  0.000000e+000  9.807853e-001
    outer loop
      vertex  1.350000e+001  0.000000e+000  2.722690e+001
      vertex  1.311732e+001  1.000000e+000  2.730302e+001
      vertex  1.311732e+001  0.000000e+000  2.730302e+001
    endloop
  endfacet
  facet normal  5.555696e-001  -0.000000e+000  8.314700e-001
    outer loop
      vertex  1.311732e+001  0.000000e+000  2.730302e+001
      vertex  1.311732e+001  1.000000e+000  2.730302e+001
      vertex  1.279289e+001  1.000000e+000  2.751979e+001
    endloop
  endfacet
  facet normal  5.555696e-001  0.000000e+000  8.314700e-001
    outer loop
      vertex  1.311732e+001  0.000000e+000  2.730302e+001
      vertex  1.279289e+001  1.000000e+000  2.751979e+001
      vertex  1.279289e+001  0.000000e+000  2.751979e+001
    endloop
  endfacet
  facet normal  8.314704e-001  -0.000000e+000  5.555691e-001
    outer loop
      vertex  1.279289e+001  0.000000e+000  2.751979e+001
      vertex  1.279289e+001  1.000000e+000  2.751979e+001
      vertex  1.257612e+001  1.000000e+000  2.784422e+001
    endloop
  endfacet
  facet normal  8.314704e-001  0.000000e+000  5.555691e-001
    outer loop
      vertex  1.279289e+001  0.000000e+000  2.751979e+001
      vertex  1.257612e+001  1.000000e+000  2.784422e+001
      vertex  1.257612e+001  0.000000e+000  2.784422e+001
    endloop
  endfacet
  facet normal  9.807853e-001  -0.000000e+000  1.950904e-001
    outer loop
      vertex  1.257612e+001  0.000000e+000  2.784422e+001
      vertex  1.257612e+001  1.000000e+000  2.784422e+001
      vertex  1.250000e+001  1.000000e+000  2.822690e+001
    endloop
  endfacet
  facet normal  9.807853e-001  0.000000e+000  1.950904e-001
    outer loop
      vertex  1.257612e+001  0.000000e+000  2.784422e+001
      vertex  1.250000e+001  1.000000e+000  2.822690e+001
      vertex  1.250000e+001  0.000000e+000  2.822690e+001
    endloop
  endfacet
  facet normal  1.950899e-001  -0.000000e+000  9.807853e-001
    outer loop
      vertex  1.311732e+001  1.000000e+000  2.730302e+001
      vertex  1.350000e+001  0.000000e+000  2.722690e+001
      vertex  1.350000e+001  1.000000e+000  2.722690e+001
    endloop
  endfacet
  facet normal -1.950899e-001  0.000000e+000  9.807853e-001
    outer loop
      vertex  1.350000e+001  1.000000e+000  2.722690e+001
      vertex  1.350000e+001  0.000000e+000  2.722690e+001
      vertex  1.388268e+001  0.000000e+000  2.730302e+001
    endloop
  endfacet
  facet normal -1.950899e-001  0.000000e+000  9.807853e-001
    outer loop
      vertex  1.350000e+001  1.000000e+000  2.722690e+001
      vertex  1.388268e+001  0.000000e+000  2.730302e+001
      vertex  1.388268e+001  1.000000e+000  2.730302e+001
    endloop
  endfacet
  facet normal -5.555696e-001  0.000000e+000  8.314700e-001
    outer loop
      vertex  1.388268e+001  1.000000e+000  2.730302e+001
      vertex  1.388268e+001  0.000000e+000  2.730302e+001
      vertex  1.420711e+001  0.000000e+000  2.751979e+001
    endloop
  endfacet
  facet normal -5.555696e-001  0.000000e+000  8.314700e-001
    outer loop
      vertex  1.388268e+001  1.000000e+000  2.730302e+001
      vertex  1.420711e+001  0.000000e+000  2.751979e+001
      vertex  1.420711e+001  1.000000e+000  2.751979e+001
    endloop
  endfacet
  facet normal -8.314704e-001  0.000000e+000  5.555691e-001
    outer loop
      vertex  1.420711e+001  1.000000e+000  2.751979e+001
      vertex  1.420711e+001  0.000000e+000  2.751979e+001
      vertex  1.442388e+001  0.000000e+000  2.784422e+001
    endloop
  endfacet
  facet normal -8.314704e-001  0.000000e+000  5.555691e-001
    outer loop
      vertex  1.420711e+001  1.000000e+000  2.751979e+001
      vertex  1.442388e+001  0.000000e+000  2.784422e+001
      vertex  1.442388e+001  1.000000e+000  2.784422e+001
    endloop
  endfacet
  facet normal -9.807853e-001  0.000000e+000  1.950904e-001
    outer loop
      vertex  1.442388e+001  1.000000e+000  2.784422e+001
      vertex  1.442388e+001  0.000000e+000  2.784422e+001
      vertex  1.450000e+001  0.000000e+000  2.822690e+001
    endloop
  endfacet
  facet normal -9.807853e-001  0.000000e+000  1.950904e-001
    outer loop
      vertex  1.442388e+001  1.000000e+000  2.784422e+001
      vertex  1.450000e+001  0.000000e+000  2.822690e+001
      vertex  1.450000e+001  1.000000e+000  2.822690e+001
    endloop
  endfacet
  facet normal  1.000000e+000  0.000000e+000  0.000000e+000
    outer loop
      vertex  1.600000e+001  1.000000e+000 -3.077310e+001
      vertex  1.600000e+001  1.000000e+000  3.222690e+001
      vertex  1.600000e+001  0.000000e+000 -3.077310e+001
    endloop
  endfacet
  facet normal  1.000000e+000  0.000000e+000  0.000000e+000
    outer loop
      vertex  1.600000e+001  0.000000e+000 -3.077310e+001
      vertex  1.600000e+001  1.000000e+000  3.222690e+001
      vertex  1.600000e+001  0.000000e+000  3.222690e+001
    endloop
  endfacet
  facet normal  0.000000e+000  0.000000e+000  1.000000e+000
    outer loop
      vertex -1.600000e+001  1.000000e+000  3.222690e+001
      vertex -1.600000e+001  0.000000e+000  3.222690e+001
      vertex  1.600000e+001  1.000000e+000  3.222690e+001
    endloop
  endfacet
  facet normal  0.000000e+000  0.000000e+000  1.000000e+000
    outer loop
      vertex  1.600000e+001  1.000000e+000  3.222690e+001
      vertex -1.600000e+001  0.000000e+000  3.222690e+001
      vertex  1.600000e+001  0.000000e+000  3.222690e+001
    endloop
  endfacet
  facet normal -1.000000e+000  0.000000e+000  0.000000e+000
    outer loop
      vertex -1.600000e+001  1.000000e+000  3.222690e+001
      vertex -1.600000e+001  1.000000e+000 -3.077310e+001
      vertex -1.600000e+001  0.000000e+000  3.222690e+001
    endloop
  endfacet
  facet normal -1.000000e+000  0.000000e+000  0.000000e+000
    outer loop
      vertex -1.600000e+001  0.000000e+000  3.222690e+001
      vertex -1.600000e+001  1.000000e+000 -3.077310e+001
      vertex -1.600000e+001  0.000000e+000 -3.077310e+001
    endloop
  endfacet
  facet normal  0.000000e+000  0.000000e+000 -1.000000e+000
    outer loop
      vertex  1.600000e+001  1.000000e+000 -3.077310e+001
      vertex  1.600000e+001  0.000000e+000 -3.077310e+001
      vertex -1.600000e+001  1.000000e+000 -3.077310e+001
    endloop
  endfacet
  facet normal  0.000000e+000  0.000000e+000 -1.000000e+000
    outer loop
      vertex -1.600000e+001  1.000000e+000 -3.077310e+001
      vertex  1.600000e+001  0.000000e+000 -3.077310e+001
      vertex -1.600000e+001  0.000000e+000 -3.077310e+001
    endloop
  endfacet
endsolid CATIA STL
