solid CATIA STL
  facet normal -1.000000e+000  0.000000e+000  0.000000e+000
    outer loop
      vertex -1.600000e+001 -1.400000e+001  2.500000e+000
      vertex -1.600000e+001  1.000000e+001  3.500000e+000
      vertex -1.600000e+001  9.617316e+000  3.423880e+000
    endloop
  endfacet
  facet normal -1.000000e+000  0.000000e+000  0.000000e+000
    outer loop
      vertex -1.600000e+001 -1.400000e+001  2.500000e+000
      vertex -1.600000e+001  9.617316e+000  3.423880e+000
      vertex -1.600000e+001  9.292893e+000  3.207107e+000
    endloop
  endfacet
  facet normal -1.000000e+000  0.000000e+000  0.000000e+000
    outer loop
      vertex -1.600000e+001 -1.400000e+001  2.500000e+000
      vertex -1.600000e+001  9.292893e+000  3.207107e+000
      vertex -1.600000e+001  9.076120e+000  2.882684e+000
    endloop
  endfacet
  facet normal -1.000000e+000  0.000000e+000  0.000000e+000
    outer loop
      vertex -1.600000e+001 -1.400000e+001  2.500000e+000
      vertex -1.600000e+001  9.076120e+000  2.882684e+000
      vertex -1.600000e+001  9.000000e+000  2.500000e+000
    endloop
  endfacet
  facet normal -1.000000e+000  -0.000000e+000  -0.000000e+000
    outer loop
      vertex -1.600000e+001 -1.400000e+001  2.500000e+000
      vertex -1.600000e+001  9.000000e+000  2.500000e+000
      vertex -1.600000e+001  9.076120e+000  2.117316e+000
    endloop
  endfacet
  facet normal -1.000000e+000  -0.000000e+000  -0.000000e+000
    outer loop
      vertex -1.600000e+001 -1.400000e+001  2.500000e+000
      vertex -1.600000e+001  9.076120e+000  2.117316e+000
      vertex -1.600000e+001  9.292893e+000  1.792893e+000
    endloop
  endfacet
  facet normal -1.000000e+000  -0.000000e+000  -0.000000e+000
    outer loop
      vertex -1.600000e+001 -1.400000e+001  2.500000e+000
      vertex -1.600000e+001  9.292893e+000  1.792893e+000
      vertex -1.600000e+001  9.617316e+000  1.576120e+000
    endloop
  endfacet
  facet normal -1.000000e+000  0.000000e+000  0.000000e+000
    outer loop
      vertex -1.600000e+001 -3.400000e+001  2.500000e+000
      vertex -1.600000e+001 -3.407612e+001  2.882684e+000
      vertex -1.600000e+001 -1.500000e+001  3.500000e+000
    endloop
  endfacet
  facet normal -1.000000e+000  0.000000e+000  0.000000e+000
    outer loop
      vertex -1.600000e+001 -3.400000e+001  2.500000e+000
      vertex -1.600000e+001 -1.500000e+001  3.500000e+000
      vertex -1.600000e+001 -1.538268e+001  3.423880e+000
    endloop
  endfacet
  facet normal -9.999999e-001  0.000000e+000  0.000000e+000
    outer loop
      vertex -1.600000e+001 -3.400000e+001  2.500000e+000
      vertex -1.600000e+001 -1.538268e+001  3.423880e+000
      vertex -1.600000e+001 -1.570711e+001  3.207107e+000
    endloop
  endfacet
  facet normal -9.999999e-001  0.000000e+000  0.000000e+000
    outer loop
      vertex -1.600000e+001 -3.400000e+001  2.500000e+000
      vertex -1.600000e+001 -1.570711e+001  3.207107e+000
      vertex -1.600000e+001 -1.592388e+001  2.882684e+000
    endloop
  endfacet
  facet normal -9.999999e-001  0.000000e+000  0.000000e+000
    outer loop
      vertex -1.600000e+001 -3.400000e+001  2.500000e+000
      vertex -1.600000e+001 -1.592388e+001  2.882684e+000
      vertex -1.600000e+001 -1.600000e+001  2.500000e+000
    endloop
  endfacet
  facet normal -9.999999e-001  -0.000000e+000  -0.000000e+000
    outer loop
      vertex -1.600000e+001 -3.400000e+001  2.500000e+000
      vertex -1.600000e+001 -1.600000e+001  2.500000e+000
      vertex -1.600000e+001 -1.592388e+001  2.117316e+000
    endloop
  endfacet
  facet normal -1.000000e+000  -0.000000e+000  -0.000000e+000
    outer loop
      vertex -1.600000e+001 -3.400000e+001  2.500000e+000
      vertex -1.600000e+001 -1.592388e+001  2.117316e+000
      vertex -1.600000e+001 -1.570711e+001  1.792893e+000
    endloop
  endfacet
  facet normal -1.000000e+000  -0.000000e+000  -0.000000e+000
    outer loop
      vertex -1.600000e+001 -3.400000e+001  2.500000e+000
      vertex -1.600000e+001 -1.570711e+001  1.792893e+000
      vertex -1.600000e+001 -1.538268e+001  1.576120e+000
    endloop
  endfacet
  facet normal -1.000000e+000  -0.000000e+000  -0.000000e+000
    outer loop
      vertex -1.600000e+001 -3.400000e+001  2.500000e+000
      vertex -1.600000e+001 -1.538268e+001  1.576120e+000
      vertex -1.600000e+001 -1.500000e+001  1.500000e+000
    endloop
  endfacet
  facet normal -9.999999e-001  -0.000000e+000  0.000000e+000
    outer loop
      vertex -1.600000e+001 -4.300000e+001  5.000000e+000
      vertex -1.600000e+001  2.000000e+001  5.000000e+000
      vertex -1.600000e+001 -3.500000e+001  3.500000e+000
    endloop
  endfacet
  facet normal -1.000000e+000  -0.000000e+000  0.000000e+000
    outer loop
      vertex -1.600000e+001 -4.300000e+001  5.000000e+000
      vertex -1.600000e+001 -3.500000e+001  3.500000e+000
      vertex -1.600000e+001 -3.538268e+001  3.423880e+000
    endloop
  endfacet
  facet normal -1.000000e+000  -0.000000e+000  0.000000e+000
    outer loop
      vertex -1.600000e+001 -4.300000e+001  5.000000e+000
      vertex -1.600000e+001 -3.538268e+001  3.423880e+000
      vertex -1.600000e+001 -3.570711e+001  3.207107e+000
    endloop
  endfacet
  facet normal -1.000000e+000  -0.000000e+000  0.000000e+000
    outer loop
      vertex -1.600000e+001 -4.300000e+001  5.000000e+000
      vertex -1.600000e+001 -3.570711e+001  3.207107e+000
      vertex -1.600000e+001 -3.592388e+001  2.882684e+000
    endloop
  endfacet
  facet normal -1.000000e+000  -0.000000e+000  0.000000e+000
    outer loop
      vertex -1.600000e+001 -4.300000e+001  5.000000e+000
      vertex -1.600000e+001 -3.592388e+001  2.882684e+000
      vertex -1.600000e+001 -4.300000e+001 -2.000000e+000
    endloop
  endfacet
  facet normal -1.000000e+000  0.000000e+000  0.000000e+000
    outer loop
      vertex -1.600000e+001  2.000000e+001 -2.000000e+000
      vertex -1.600000e+001 -3.500000e+001  1.500000e+000
      vertex -1.600000e+001 -3.461732e+001  1.576120e+000
    endloop
  endfacet
  facet normal -1.000000e+000  0.000000e+000  0.000000e+000
    outer loop
      vertex -1.600000e+001  2.000000e+001 -2.000000e+000
      vertex -1.600000e+001 -3.461732e+001  1.576120e+000
      vertex -1.600000e+001 -3.429289e+001  1.792893e+000
    endloop
  endfacet
  facet normal -1.000000e+000  0.000000e+000  0.000000e+000
    outer loop
      vertex -1.600000e+001  2.000000e+001 -2.000000e+000
      vertex -1.600000e+001 -3.429289e+001  1.792893e+000
      vertex -1.600000e+001 -3.407612e+001  2.117316e+000
    endloop
  endfacet
  facet normal -1.000000e+000  0.000000e+000  0.000000e+000
    outer loop
      vertex -1.600000e+001  2.000000e+001 -2.000000e+000
      vertex -1.600000e+001 -3.407612e+001  2.117316e+000
      vertex -1.600000e+001 -3.400000e+001  2.500000e+000
    endloop
  endfacet
  facet normal -1.000000e+000  0.000000e+000  0.000000e+000
    outer loop
      vertex -1.600000e+001  2.000000e+001 -2.000000e+000
      vertex -1.600000e+001 -3.400000e+001  2.500000e+000
      vertex -1.600000e+001 -1.500000e+001  1.500000e+000
    endloop
  endfacet
  facet normal -1.000000e+000  0.000000e+000  0.000000e+000
    outer loop
      vertex -1.600000e+001  2.000000e+001 -2.000000e+000
      vertex -1.600000e+001 -1.500000e+001  1.500000e+000
      vertex -1.600000e+001 -1.461732e+001  1.576120e+000
    endloop
  endfacet
  facet normal -1.000000e+000  0.000000e+000  0.000000e+000
    outer loop
      vertex -1.600000e+001  2.000000e+001 -2.000000e+000
      vertex -1.600000e+001 -1.461732e+001  1.576120e+000
      vertex -1.600000e+001 -1.429289e+001  1.792893e+000
    endloop
  endfacet
  facet normal -1.000000e+000  0.000000e+000  0.000000e+000
    outer loop
      vertex -1.600000e+001  2.000000e+001 -2.000000e+000
      vertex -1.600000e+001 -1.429289e+001  1.792893e+000
      vertex -1.600000e+001 -1.407612e+001  2.117316e+000
    endloop
  endfacet
  facet normal -1.000000e+000  0.000000e+000  0.000000e+000
    outer loop
      vertex -1.600000e+001  2.000000e+001 -2.000000e+000
      vertex -1.600000e+001 -1.407612e+001  2.117316e+000
      vertex -1.600000e+001 -1.400000e+001  2.500000e+000
    endloop
  endfacet
  facet normal -9.999999e-001  0.000000e+000  0.000000e+000
    outer loop
      vertex -1.600000e+001  2.000000e+001 -2.000000e+000
      vertex -1.600000e+001 -1.400000e+001  2.500000e+000
      vertex -1.600000e+001  9.617316e+000  1.576120e+000
    endloop
  endfacet
  facet normal -1.000000e+000  0.000000e+000  0.000000e+000
    outer loop
      vertex -1.600000e+001  2.000000e+001 -2.000000e+000
      vertex -1.600000e+001  9.617316e+000  1.576120e+000
      vertex -1.600000e+001  1.000000e+001  1.500000e+000
    endloop
  endfacet
  facet normal -9.999999e-001  0.000000e+000  0.000000e+000
    outer loop
      vertex -1.600000e+001  2.000000e+001 -2.000000e+000
      vertex -1.600000e+001  1.000000e+001  1.500000e+000
      vertex -1.600000e+001  1.038268e+001  1.576120e+000
    endloop
  endfacet
  facet normal -9.999999e-001  0.000000e+000  0.000000e+000
    outer loop
      vertex -1.600000e+001  2.000000e+001 -2.000000e+000
      vertex -1.600000e+001  1.038268e+001  1.576120e+000
      vertex -1.600000e+001  1.070711e+001  1.792893e+000
    endloop
  endfacet
  facet normal -1.000000e+000  0.000000e+000  0.000000e+000
    outer loop
      vertex -1.600000e+001  2.000000e+001 -2.000000e+000
      vertex -1.600000e+001  1.070711e+001  1.792893e+000
      vertex -1.600000e+001  1.092388e+001  2.117316e+000
    endloop
  endfacet
  facet normal -1.000000e+000  0.000000e+000  0.000000e+000
    outer loop
      vertex -1.600000e+001  2.000000e+001 -2.000000e+000
      vertex -1.600000e+001  1.092388e+001  2.117316e+000
      vertex -1.600000e+001  1.100000e+001  2.500000e+000
    endloop
  endfacet
  facet normal -1.000000e+000  0.000000e+000  0.000000e+000
    outer loop
      vertex -1.600000e+001  2.000000e+001 -2.000000e+000
      vertex -1.600000e+001  1.100000e+001  2.500000e+000
      vertex -1.600000e+001  2.000000e+001  5.000000e+000
    endloop
  endfacet
  facet normal -1.000000e+000  0.000000e+000  0.000000e+000
    outer loop
      vertex -1.600000e+001 -4.300000e+001 -2.000000e+000
      vertex -1.600000e+001 -3.592388e+001  2.882684e+000
      vertex -1.600000e+001 -3.600000e+001  2.500000e+000
    endloop
  endfacet
  facet normal -1.000000e+000  0.000000e+000  -0.000000e+000
    outer loop
      vertex -1.600000e+001 -4.300000e+001 -2.000000e+000
      vertex -1.600000e+001 -3.600000e+001  2.500000e+000
      vertex -1.600000e+001 -3.592388e+001  2.117316e+000
    endloop
  endfacet
  facet normal -1.000000e+000  0.000000e+000  -0.000000e+000
    outer loop
      vertex -1.600000e+001 -4.300000e+001 -2.000000e+000
      vertex -1.600000e+001 -3.592388e+001  2.117316e+000
      vertex -1.600000e+001 -3.570711e+001  1.792893e+000
    endloop
  endfacet
  facet normal -1.000000e+000  0.000000e+000  -0.000000e+000
    outer loop
      vertex -1.600000e+001 -4.300000e+001 -2.000000e+000
      vertex -1.600000e+001 -3.570711e+001  1.792893e+000
      vertex -1.600000e+001 -3.538268e+001  1.576120e+000
    endloop
  endfacet
  facet normal -1.000000e+000  0.000000e+000  -0.000000e+000
    outer loop
      vertex -1.600000e+001 -4.300000e+001 -2.000000e+000
      vertex -1.600000e+001 -3.538268e+001  1.576120e+000
      vertex -1.600000e+001 -3.500000e+001  1.500000e+000
    endloop
  endfacet
  facet normal -1.000000e+000  0.000000e+000  -0.000000e+000
    outer loop
      vertex -1.600000e+001 -4.300000e+001 -2.000000e+000
      vertex -1.600000e+001 -3.500000e+001  1.500000e+000
      vertex -1.600000e+001  2.000000e+001 -2.000000e+000
    endloop
  endfacet
  facet normal -1.000000e+000  0.000000e+000  0.000000e+000
    outer loop
      vertex -1.600000e+001  2.000000e+001  5.000000e+000
      vertex -1.600000e+001  1.100000e+001  2.500000e+000
      vertex -1.600000e+001  1.092388e+001  2.882684e+000
    endloop
  endfacet
  facet normal -1.000000e+000  0.000000e+000  0.000000e+000
    outer loop
      vertex -1.600000e+001  2.000000e+001  5.000000e+000
      vertex -1.600000e+001  1.092388e+001  2.882684e+000
      vertex -1.600000e+001  1.070711e+001  3.207107e+000
    endloop
  endfacet
  facet normal -1.000000e+000  0.000000e+000  0.000000e+000
    outer loop
      vertex -1.600000e+001  2.000000e+001  5.000000e+000
      vertex -1.600000e+001  1.070711e+001  3.207107e+000
      vertex -1.600000e+001  1.038268e+001  3.423880e+000
    endloop
  endfacet
  facet normal -1.000000e+000  0.000000e+000  0.000000e+000
    outer loop
      vertex -1.600000e+001  2.000000e+001  5.000000e+000
      vertex -1.600000e+001  1.038268e+001  3.423880e+000
      vertex -1.600000e+001  1.000000e+001  3.500000e+000
    endloop
  endfacet
  facet normal -1.000000e+000  -0.000000e+000  0.000000e+000
    outer loop
      vertex -1.600000e+001  2.000000e+001  5.000000e+000
      vertex -1.600000e+001  1.000000e+001  3.500000e+000
      vertex -1.600000e+001 -1.400000e+001  2.500000e+000
    endloop
  endfacet
  facet normal -1.000000e+000  0.000000e+000  0.000000e+000
    outer loop
      vertex -1.600000e+001  2.000000e+001  5.000000e+000
      vertex -1.600000e+001 -1.400000e+001  2.500000e+000
      vertex -1.600000e+001 -1.407612e+001  2.882684e+000
    endloop
  endfacet
  facet normal -1.000000e+000  0.000000e+000  0.000000e+000
    outer loop
      vertex -1.600000e+001  2.000000e+001  5.000000e+000
      vertex -1.600000e+001 -1.407612e+001  2.882684e+000
      vertex -1.600000e+001 -1.429289e+001  3.207107e+000
    endloop
  endfacet
  facet normal -1.000000e+000  0.000000e+000  0.000000e+000
    outer loop
      vertex -1.600000e+001  2.000000e+001  5.000000e+000
      vertex -1.600000e+001 -1.429289e+001  3.207107e+000
      vertex -1.600000e+001 -1.461732e+001  3.423880e+000
    endloop
  endfacet
  facet normal -1.000000e+000  0.000000e+000  0.000000e+000
    outer loop
      vertex -1.600000e+001  2.000000e+001  5.000000e+000
      vertex -1.600000e+001 -1.461732e+001  3.423880e+000
      vertex -1.600000e+001 -1.500000e+001  3.500000e+000
    endloop
  endfacet
  facet normal -9.999999e-001  -0.000000e+000  0.000000e+000
    outer loop
      vertex -1.600000e+001  2.000000e+001  5.000000e+000
      vertex -1.600000e+001 -1.500000e+001  3.500000e+000
      vertex -1.600000e+001 -3.407612e+001  2.882684e+000
    endloop
  endfacet
  facet normal -1.000000e+000  0.000000e+000  0.000000e+000
    outer loop
      vertex -1.600000e+001  2.000000e+001  5.000000e+000
      vertex -1.600000e+001 -3.407612e+001  2.882684e+000
      vertex -1.600000e+001 -3.429289e+001  3.207107e+000
    endloop
  endfacet
  facet normal -1.000000e+000  0.000000e+000  0.000000e+000
    outer loop
      vertex -1.600000e+001  2.000000e+001  5.000000e+000
      vertex -1.600000e+001 -3.429289e+001  3.207107e+000
      vertex -1.600000e+001 -3.461732e+001  3.423880e+000
    endloop
  endfacet
  facet normal -1.000000e+000  0.000000e+000  0.000000e+000
    outer loop
      vertex -1.600000e+001  2.000000e+001  5.000000e+000
      vertex -1.600000e+001 -3.461732e+001  3.423880e+000
      vertex -1.600000e+001 -3.500000e+001  3.500000e+000
    endloop
  endfacet
  facet normal  -0.000000e+000  1.950902e-001  9.807853e-001
    outer loop
      vertex -1.200000e+001  1.000000e+001  1.500000e+000
      vertex -1.600000e+001  9.617316e+000  1.576120e+000
      vertex -1.200000e+001  9.617316e+000  1.576120e+000
    endloop
  endfacet
  facet normal  0.000000e+000  5.555707e-001  8.314694e-001
    outer loop
      vertex -1.200000e+001  9.617316e+000  1.576120e+000
      vertex -1.600000e+001  9.617316e+000  1.576120e+000
      vertex -1.600000e+001  9.292893e+000  1.792893e+000
    endloop
  endfacet
  facet normal  -0.000000e+000  5.555707e-001  8.314694e-001
    outer loop
      vertex -1.200000e+001  9.617316e+000  1.576120e+000
      vertex -1.600000e+001  9.292893e+000  1.792893e+000
      vertex -1.200000e+001  9.292893e+000  1.792893e+000
    endloop
  endfacet
  facet normal  0.000000e+000  8.314692e-001  5.555708e-001
    outer loop
      vertex -1.200000e+001  9.292893e+000  1.792893e+000
      vertex -1.600000e+001  9.292893e+000  1.792893e+000
      vertex -1.600000e+001  9.076120e+000  2.117316e+000
    endloop
  endfacet
  facet normal  -0.000000e+000  8.314692e-001  5.555708e-001
    outer loop
      vertex -1.200000e+001  9.292893e+000  1.792893e+000
      vertex -1.600000e+001  9.076120e+000  2.117316e+000
      vertex -1.200000e+001  9.076120e+000  2.117316e+000
    endloop
  endfacet
  facet normal  0.000000e+000  9.807854e-001  1.950901e-001
    outer loop
      vertex -1.200000e+001  9.076120e+000  2.117316e+000
      vertex -1.600000e+001  9.076120e+000  2.117316e+000
      vertex -1.600000e+001  9.000000e+000  2.500000e+000
    endloop
  endfacet
  facet normal  -0.000000e+000  9.807854e-001  1.950901e-001
    outer loop
      vertex -1.200000e+001  9.076120e+000  2.117316e+000
      vertex -1.600000e+001  9.000000e+000  2.500000e+000
      vertex -1.200000e+001  9.000000e+000  2.500000e+000
    endloop
  endfacet
  facet normal  0.000000e+000  1.950902e-001  9.807853e-001
    outer loop
      vertex -1.600000e+001  9.617316e+000  1.576120e+000
      vertex -1.200000e+001  1.000000e+001  1.500000e+000
      vertex -1.600000e+001  1.000000e+001  1.500000e+000
    endloop
  endfacet
  facet normal  0.000000e+000 -1.950902e-001  9.807853e-001
    outer loop
      vertex -1.600000e+001  1.000000e+001  1.500000e+000
      vertex -1.200000e+001  1.000000e+001  1.500000e+000
      vertex -1.200000e+001  1.038268e+001  1.576120e+000
    endloop
  endfacet
  facet normal  0.000000e+000 -1.950902e-001  9.807853e-001
    outer loop
      vertex -1.600000e+001  1.000000e+001  1.500000e+000
      vertex -1.200000e+001  1.038268e+001  1.576120e+000
      vertex -1.600000e+001  1.038268e+001  1.576120e+000
    endloop
  endfacet
  facet normal  0.000000e+000 -5.555707e-001  8.314694e-001
    outer loop
      vertex -1.600000e+001  1.038268e+001  1.576120e+000
      vertex -1.200000e+001  1.038268e+001  1.576120e+000
      vertex -1.200000e+001  1.070711e+001  1.792893e+000
    endloop
  endfacet
  facet normal  0.000000e+000 -5.555707e-001  8.314694e-001
    outer loop
      vertex -1.600000e+001  1.038268e+001  1.576120e+000
      vertex -1.200000e+001  1.070711e+001  1.792893e+000
      vertex -1.600000e+001  1.070711e+001  1.792893e+000
    endloop
  endfacet
  facet normal  0.000000e+000 -8.314692e-001  5.555708e-001
    outer loop
      vertex -1.600000e+001  1.070711e+001  1.792893e+000
      vertex -1.200000e+001  1.070711e+001  1.792893e+000
      vertex -1.200000e+001  1.092388e+001  2.117316e+000
    endloop
  endfacet
  facet normal  0.000000e+000 -8.314692e-001  5.555708e-001
    outer loop
      vertex -1.600000e+001  1.070711e+001  1.792893e+000
      vertex -1.200000e+001  1.092388e+001  2.117316e+000
      vertex -1.600000e+001  1.092388e+001  2.117316e+000
    endloop
  endfacet
  facet normal  0.000000e+000 -9.807854e-001  1.950901e-001
    outer loop
      vertex -1.600000e+001  1.092388e+001  2.117316e+000
      vertex -1.200000e+001  1.092388e+001  2.117316e+000
      vertex -1.200000e+001  1.100000e+001  2.500000e+000
    endloop
  endfacet
  facet normal  0.000000e+000 -9.807854e-001  1.950901e-001
    outer loop
      vertex -1.600000e+001  1.092388e+001  2.117316e+000
      vertex -1.200000e+001  1.100000e+001  2.500000e+000
      vertex -1.600000e+001  1.100000e+001  2.500000e+000
    endloop
  endfacet
  facet normal  0.000000e+000 -1.950899e-001 -9.807853e-001
    outer loop
      vertex -1.200000e+001  1.000000e+001  3.500000e+000
      vertex -1.600000e+001  1.038268e+001  3.423880e+000
      vertex -1.200000e+001  1.038268e+001  3.423880e+000
    endloop
  endfacet
  facet normal  -0.000000e+000 -5.555710e-001 -8.314692e-001
    outer loop
      vertex -1.200000e+001  1.038268e+001  3.423880e+000
      vertex -1.600000e+001  1.038268e+001  3.423880e+000
      vertex -1.600000e+001  1.070711e+001  3.207107e+000
    endloop
  endfacet
  facet normal  0.000000e+000 -5.555710e-001 -8.314692e-001
    outer loop
      vertex -1.200000e+001  1.038268e+001  3.423880e+000
      vertex -1.600000e+001  1.070711e+001  3.207107e+000
      vertex -1.200000e+001  1.070711e+001  3.207107e+000
    endloop
  endfacet
  facet normal  -0.000000e+000 -8.314692e-001 -5.555708e-001
    outer loop
      vertex -1.200000e+001  1.070711e+001  3.207107e+000
      vertex -1.600000e+001  1.070711e+001  3.207107e+000
      vertex -1.600000e+001  1.092388e+001  2.882684e+000
    endloop
  endfacet
  facet normal  0.000000e+000 -8.314692e-001 -5.555708e-001
    outer loop
      vertex -1.200000e+001  1.070711e+001  3.207107e+000
      vertex -1.600000e+001  1.092388e+001  2.882684e+000
      vertex -1.200000e+001  1.092388e+001  2.882684e+000
    endloop
  endfacet
  facet normal  -0.000000e+000 -9.807854e-001 -1.950901e-001
    outer loop
      vertex -1.200000e+001  1.092388e+001  2.882684e+000
      vertex -1.600000e+001  1.092388e+001  2.882684e+000
      vertex -1.600000e+001  1.100000e+001  2.500000e+000
    endloop
  endfacet
  facet normal  0.000000e+000 -9.807854e-001 -1.950901e-001
    outer loop
      vertex -1.200000e+001  1.092388e+001  2.882684e+000
      vertex -1.600000e+001  1.100000e+001  2.500000e+000
      vertex -1.200000e+001  1.100000e+001  2.500000e+000
    endloop
  endfacet
  facet normal  -0.000000e+000 -1.950899e-001 -9.807853e-001
    outer loop
      vertex -1.600000e+001  1.038268e+001  3.423880e+000
      vertex -1.200000e+001  1.000000e+001  3.500000e+000
      vertex -1.600000e+001  1.000000e+001  3.500000e+000
    endloop
  endfacet
  facet normal  0.000000e+000  1.950899e-001 -9.807853e-001
    outer loop
      vertex -1.600000e+001  1.000000e+001  3.500000e+000
      vertex -1.200000e+001  1.000000e+001  3.500000e+000
      vertex -1.200000e+001  9.617316e+000  3.423880e+000
    endloop
  endfacet
  facet normal  0.000000e+000  1.950899e-001 -9.807853e-001
    outer loop
      vertex -1.600000e+001  1.000000e+001  3.500000e+000
      vertex -1.200000e+001  9.617316e+000  3.423880e+000
      vertex -1.600000e+001  9.617316e+000  3.423880e+000
    endloop
  endfacet
  facet normal  0.000000e+000  5.555710e-001 -8.314692e-001
    outer loop
      vertex -1.600000e+001  9.617316e+000  3.423880e+000
      vertex -1.200000e+001  9.617316e+000  3.423880e+000
      vertex -1.200000e+001  9.292893e+000  3.207107e+000
    endloop
  endfacet
  facet normal  0.000000e+000  5.555710e-001 -8.314692e-001
    outer loop
      vertex -1.600000e+001  9.617316e+000  3.423880e+000
      vertex -1.200000e+001  9.292893e+000  3.207107e+000
      vertex -1.600000e+001  9.292893e+000  3.207107e+000
    endloop
  endfacet
  facet normal  0.000000e+000  8.314692e-001 -5.555708e-001
    outer loop
      vertex -1.600000e+001  9.292893e+000  3.207107e+000
      vertex -1.200000e+001  9.292893e+000  3.207107e+000
      vertex -1.200000e+001  9.076120e+000  2.882684e+000
    endloop
  endfacet
  facet normal  0.000000e+000  8.314692e-001 -5.555708e-001
    outer loop
      vertex -1.600000e+001  9.292893e+000  3.207107e+000
      vertex -1.200000e+001  9.076120e+000  2.882684e+000
      vertex -1.600000e+001  9.076120e+000  2.882684e+000
    endloop
  endfacet
  facet normal  0.000000e+000  9.807854e-001 -1.950901e-001
    outer loop
      vertex -1.600000e+001  9.076120e+000  2.882684e+000
      vertex -1.200000e+001  9.076120e+000  2.882684e+000
      vertex -1.200000e+001  9.000000e+000  2.500000e+000
    endloop
  endfacet
  facet normal  0.000000e+000  9.807854e-001 -1.950901e-001
    outer loop
      vertex -1.600000e+001  9.076120e+000  2.882684e+000
      vertex -1.200000e+001  9.000000e+000  2.500000e+000
      vertex -1.600000e+001  9.000000e+000  2.500000e+000
    endloop
  endfacet
  facet normal  -0.000000e+000  1.950902e-001  9.807853e-001
    outer loop
      vertex -1.200000e+001 -1.500000e+001  1.500000e+000
      vertex -1.600000e+001 -1.538268e+001  1.576120e+000
      vertex -1.200000e+001 -1.538268e+001  1.576120e+000
    endloop
  endfacet
  facet normal  0.000000e+000  5.555707e-001  8.314694e-001
    outer loop
      vertex -1.200000e+001 -1.538268e+001  1.576120e+000
      vertex -1.600000e+001 -1.538268e+001  1.576120e+000
      vertex -1.600000e+001 -1.570711e+001  1.792893e+000
    endloop
  endfacet
  facet normal  -0.000000e+000  5.555707e-001  8.314694e-001
    outer loop
      vertex -1.200000e+001 -1.538268e+001  1.576120e+000
      vertex -1.600000e+001 -1.570711e+001  1.792893e+000
      vertex -1.200000e+001 -1.570711e+001  1.792893e+000
    endloop
  endfacet
  facet normal  0.000000e+000  8.314692e-001  5.555708e-001
    outer loop
      vertex -1.200000e+001 -1.570711e+001  1.792893e+000
      vertex -1.600000e+001 -1.570711e+001  1.792893e+000
      vertex -1.600000e+001 -1.592388e+001  2.117316e+000
    endloop
  endfacet
  facet normal  -0.000000e+000  8.314692e-001  5.555708e-001
    outer loop
      vertex -1.200000e+001 -1.570711e+001  1.792893e+000
      vertex -1.600000e+001 -1.592388e+001  2.117316e+000
      vertex -1.200000e+001 -1.592388e+001  2.117316e+000
    endloop
  endfacet
  facet normal  0.000000e+000  9.807854e-001  1.950901e-001
    outer loop
      vertex -1.200000e+001 -1.592388e+001  2.117316e+000
      vertex -1.600000e+001 -1.592388e+001  2.117316e+000
      vertex -1.600000e+001 -1.600000e+001  2.500000e+000
    endloop
  endfacet
  facet normal  -0.000000e+000  9.807854e-001  1.950901e-001
    outer loop
      vertex -1.200000e+001 -1.592388e+001  2.117316e+000
      vertex -1.600000e+001 -1.600000e+001  2.500000e+000
      vertex -1.200000e+001 -1.600000e+001  2.500000e+000
    endloop
  endfacet
  facet normal  0.000000e+000  1.950902e-001  9.807853e-001
    outer loop
      vertex -1.600000e+001 -1.538268e+001  1.576120e+000
      vertex -1.200000e+001 -1.500000e+001  1.500000e+000
      vertex -1.600000e+001 -1.500000e+001  1.500000e+000
    endloop
  endfacet
  facet normal  0.000000e+000 -1.950902e-001  9.807853e-001
    outer loop
      vertex -1.600000e+001 -1.500000e+001  1.500000e+000
      vertex -1.200000e+001 -1.500000e+001  1.500000e+000
      vertex -1.200000e+001 -1.461732e+001  1.576120e+000
    endloop
  endfacet
  facet normal  0.000000e+000 -1.950902e-001  9.807853e-001
    outer loop
      vertex -1.600000e+001 -1.500000e+001  1.500000e+000
      vertex -1.200000e+001 -1.461732e+001  1.576120e+000
      vertex -1.600000e+001 -1.461732e+001  1.576120e+000
    endloop
  endfacet
  facet normal  0.000000e+000 -5.555707e-001  8.314694e-001
    outer loop
      vertex -1.600000e+001 -1.461732e+001  1.576120e+000
      vertex -1.200000e+001 -1.461732e+001  1.576120e+000
      vertex -1.200000e+001 -1.429289e+001  1.792893e+000
    endloop
  endfacet
  facet normal  0.000000e+000 -5.555707e-001  8.314694e-001
    outer loop
      vertex -1.600000e+001 -1.461732e+001  1.576120e+000
      vertex -1.200000e+001 -1.429289e+001  1.792893e+000
      vertex -1.600000e+001 -1.429289e+001  1.792893e+000
    endloop
  endfacet
  facet normal  0.000000e+000 -8.314692e-001  5.555708e-001
    outer loop
      vertex -1.600000e+001 -1.429289e+001  1.792893e+000
      vertex -1.200000e+001 -1.429289e+001  1.792893e+000
      vertex -1.200000e+001 -1.407612e+001  2.117316e+000
    endloop
  endfacet
  facet normal  0.000000e+000 -8.314692e-001  5.555708e-001
    outer loop
      vertex -1.600000e+001 -1.429289e+001  1.792893e+000
      vertex -1.200000e+001 -1.407612e+001  2.117316e+000
      vertex -1.600000e+001 -1.407612e+001  2.117316e+000
    endloop
  endfacet
  facet normal  0.000000e+000 -9.807854e-001  1.950901e-001
    outer loop
      vertex -1.600000e+001 -1.407612e+001  2.117316e+000
      vertex -1.200000e+001 -1.407612e+001  2.117316e+000
      vertex -1.200000e+001 -1.400000e+001  2.500000e+000
    endloop
  endfacet
  facet normal  0.000000e+000 -9.807854e-001  1.950901e-001
    outer loop
      vertex -1.600000e+001 -1.407612e+001  2.117316e+000
      vertex -1.200000e+001 -1.400000e+001  2.500000e+000
      vertex -1.600000e+001 -1.400000e+001  2.500000e+000
    endloop
  endfacet
  facet normal  0.000000e+000 -1.950899e-001 -9.807853e-001
    outer loop
      vertex -1.200000e+001 -1.500000e+001  3.500000e+000
      vertex -1.600000e+001 -1.461732e+001  3.423880e+000
      vertex -1.200000e+001 -1.461732e+001  3.423880e+000
    endloop
  endfacet
  facet normal  -0.000000e+000 -5.555710e-001 -8.314692e-001
    outer loop
      vertex -1.200000e+001 -1.461732e+001  3.423880e+000
      vertex -1.600000e+001 -1.461732e+001  3.423880e+000
      vertex -1.600000e+001 -1.429289e+001  3.207107e+000
    endloop
  endfacet
  facet normal  0.000000e+000 -5.555710e-001 -8.314692e-001
    outer loop
      vertex -1.200000e+001 -1.461732e+001  3.423880e+000
      vertex -1.600000e+001 -1.429289e+001  3.207107e+000
      vertex -1.200000e+001 -1.429289e+001  3.207107e+000
    endloop
  endfacet
  facet normal  -0.000000e+000 -8.314692e-001 -5.555708e-001
    outer loop
      vertex -1.200000e+001 -1.429289e+001  3.207107e+000
      vertex -1.600000e+001 -1.429289e+001  3.207107e+000
      vertex -1.600000e+001 -1.407612e+001  2.882684e+000
    endloop
  endfacet
  facet normal  0.000000e+000 -8.314692e-001 -5.555708e-001
    outer loop
      vertex -1.200000e+001 -1.429289e+001  3.207107e+000
      vertex -1.600000e+001 -1.407612e+001  2.882684e+000
      vertex -1.200000e+001 -1.407612e+001  2.882684e+000
    endloop
  endfacet
  facet normal  -0.000000e+000 -9.807854e-001 -1.950901e-001
    outer loop
      vertex -1.200000e+001 -1.407612e+001  2.882684e+000
      vertex -1.600000e+001 -1.407612e+001  2.882684e+000
      vertex -1.600000e+001 -1.400000e+001  2.500000e+000
    endloop
  endfacet
  facet normal  0.000000e+000 -9.807854e-001 -1.950901e-001
    outer loop
      vertex -1.200000e+001 -1.407612e+001  2.882684e+000
      vertex -1.600000e+001 -1.400000e+001  2.500000e+000
      vertex -1.200000e+001 -1.400000e+001  2.500000e+000
    endloop
  endfacet
  facet normal  -0.000000e+000 -1.950899e-001 -9.807853e-001
    outer loop
      vertex -1.600000e+001 -1.461732e+001  3.423880e+000
      vertex -1.200000e+001 -1.500000e+001  3.500000e+000
      vertex -1.600000e+001 -1.500000e+001  3.500000e+000
    endloop
  endfacet
  facet normal  0.000000e+000  1.950899e-001 -9.807853e-001
    outer loop
      vertex -1.600000e+001 -1.500000e+001  3.500000e+000
      vertex -1.200000e+001 -1.500000e+001  3.500000e+000
      vertex -1.200000e+001 -1.538268e+001  3.423880e+000
    endloop
  endfacet
  facet normal  0.000000e+000  1.950899e-001 -9.807853e-001
    outer loop
      vertex -1.600000e+001 -1.500000e+001  3.500000e+000
      vertex -1.200000e+001 -1.538268e+001  3.423880e+000
      vertex -1.600000e+001 -1.538268e+001  3.423880e+000
    endloop
  endfacet
  facet normal  0.000000e+000  5.555710e-001 -8.314692e-001
    outer loop
      vertex -1.600000e+001 -1.538268e+001  3.423880e+000
      vertex -1.200000e+001 -1.538268e+001  3.423880e+000
      vertex -1.200000e+001 -1.570711e+001  3.207107e+000
    endloop
  endfacet
  facet normal  0.000000e+000  5.555710e-001 -8.314692e-001
    outer loop
      vertex -1.600000e+001 -1.538268e+001  3.423880e+000
      vertex -1.200000e+001 -1.570711e+001  3.207107e+000
      vertex -1.600000e+001 -1.570711e+001  3.207107e+000
    endloop
  endfacet
  facet normal  0.000000e+000  8.314692e-001 -5.555708e-001
    outer loop
      vertex -1.600000e+001 -1.570711e+001  3.207107e+000
      vertex -1.200000e+001 -1.570711e+001  3.207107e+000
      vertex -1.200000e+001 -1.592388e+001  2.882684e+000
    endloop
  endfacet
  facet normal  0.000000e+000  8.314692e-001 -5.555708e-001
    outer loop
      vertex -1.600000e+001 -1.570711e+001  3.207107e+000
      vertex -1.200000e+001 -1.592388e+001  2.882684e+000
      vertex -1.600000e+001 -1.592388e+001  2.882684e+000
    endloop
  endfacet
  facet normal  0.000000e+000  9.807854e-001 -1.950901e-001
    outer loop
      vertex -1.600000e+001 -1.592388e+001  2.882684e+000
      vertex -1.200000e+001 -1.592388e+001  2.882684e+000
      vertex -1.200000e+001 -1.600000e+001  2.500000e+000
    endloop
  endfacet
  facet normal  0.000000e+000  9.807854e-001 -1.950901e-001
    outer loop
      vertex -1.600000e+001 -1.592388e+001  2.882684e+000
      vertex -1.200000e+001 -1.600000e+001  2.500000e+000
      vertex -1.600000e+001 -1.600000e+001  2.500000e+000
    endloop
  endfacet
  facet normal  -0.000000e+000  1.950907e-001  9.807853e-001
    outer loop
      vertex -1.200000e+001 -3.500000e+001  1.500000e+000
      vertex -1.600000e+001 -3.538268e+001  1.576120e+000
      vertex -1.200000e+001 -3.538268e+001  1.576120e+000
    endloop
  endfacet
  facet normal  0.000000e+000  5.555684e-001  8.314707e-001
    outer loop
      vertex -1.200000e+001 -3.538268e+001  1.576120e+000
      vertex -1.600000e+001 -3.538268e+001  1.576120e+000
      vertex -1.600000e+001 -3.570711e+001  1.792893e+000
    endloop
  endfacet
  facet normal  -0.000000e+000  5.555684e-001  8.314707e-001
    outer loop
      vertex -1.200000e+001 -3.538268e+001  1.576120e+000
      vertex -1.600000e+001 -3.570711e+001  1.792893e+000
      vertex -1.200000e+001 -3.570711e+001  1.792893e+000
    endloop
  endfacet
  facet normal  0.000000e+000  8.314726e-001  5.555657e-001
    outer loop
      vertex -1.200000e+001 -3.570711e+001  1.792893e+000
      vertex -1.600000e+001 -3.570711e+001  1.792893e+000
      vertex -1.600000e+001 -3.592388e+001  2.117316e+000
    endloop
  endfacet
  facet normal  -0.000000e+000  8.314726e-001  5.555657e-001
    outer loop
      vertex -1.200000e+001 -3.570711e+001  1.792893e+000
      vertex -1.600000e+001 -3.592388e+001  2.117316e+000
      vertex -1.200000e+001 -3.592388e+001  2.117316e+000
    endloop
  endfacet
  facet normal  0.000000e+000  9.807844e-001  1.950948e-001
    outer loop
      vertex -1.200000e+001 -3.592388e+001  2.117316e+000
      vertex -1.600000e+001 -3.592388e+001  2.117316e+000
      vertex -1.600000e+001 -3.600000e+001  2.500000e+000
    endloop
  endfacet
  facet normal  -0.000000e+000  9.807844e-001  1.950948e-001
    outer loop
      vertex -1.200000e+001 -3.592388e+001  2.117316e+000
      vertex -1.600000e+001 -3.600000e+001  2.500000e+000
      vertex -1.200000e+001 -3.600000e+001  2.500000e+000
    endloop
  endfacet
  facet normal  0.000000e+000  1.950907e-001  9.807853e-001
    outer loop
      vertex -1.600000e+001 -3.538268e+001  1.576120e+000
      vertex -1.200000e+001 -3.500000e+001  1.500000e+000
      vertex -1.600000e+001 -3.500000e+001  1.500000e+000
    endloop
  endfacet
  facet normal  0.000000e+000 -1.950907e-001  9.807853e-001
    outer loop
      vertex -1.600000e+001 -3.500000e+001  1.500000e+000
      vertex -1.200000e+001 -3.500000e+001  1.500000e+000
      vertex -1.200000e+001 -3.461732e+001  1.576120e+000
    endloop
  endfacet
  facet normal  0.000000e+000 -1.950907e-001  9.807853e-001
    outer loop
      vertex -1.600000e+001 -3.500000e+001  1.500000e+000
      vertex -1.200000e+001 -3.461732e+001  1.576120e+000
      vertex -1.600000e+001 -3.461732e+001  1.576120e+000
    endloop
  endfacet
  facet normal  0.000000e+000 -5.555684e-001  8.314707e-001
    outer loop
      vertex -1.600000e+001 -3.461732e+001  1.576120e+000
      vertex -1.200000e+001 -3.461732e+001  1.576120e+000
      vertex -1.200000e+001 -3.429289e+001  1.792893e+000
    endloop
  endfacet
  facet normal  0.000000e+000 -5.555684e-001  8.314707e-001
    outer loop
      vertex -1.600000e+001 -3.461732e+001  1.576120e+000
      vertex -1.200000e+001 -3.429289e+001  1.792893e+000
      vertex -1.600000e+001 -3.429289e+001  1.792893e+000
    endloop
  endfacet
  facet normal  0.000000e+000 -8.314726e-001  5.555657e-001
    outer loop
      vertex -1.600000e+001 -3.429289e+001  1.792893e+000
      vertex -1.200000e+001 -3.429289e+001  1.792893e+000
      vertex -1.200000e+001 -3.407612e+001  2.117316e+000
    endloop
  endfacet
  facet normal  0.000000e+000 -8.314726e-001  5.555657e-001
    outer loop
      vertex -1.600000e+001 -3.429289e+001  1.792893e+000
      vertex -1.200000e+001 -3.407612e+001  2.117316e+000
      vertex -1.600000e+001 -3.407612e+001  2.117316e+000
    endloop
  endfacet
  facet normal  0.000000e+000 -9.807844e-001  1.950948e-001
    outer loop
      vertex -1.600000e+001 -3.407612e+001  2.117316e+000
      vertex -1.200000e+001 -3.407612e+001  2.117316e+000
      vertex -1.200000e+001 -3.400000e+001  2.500000e+000
    endloop
  endfacet
  facet normal  0.000000e+000 -9.807844e-001  1.950948e-001
    outer loop
      vertex -1.600000e+001 -3.407612e+001  2.117316e+000
      vertex -1.200000e+001 -3.400000e+001  2.500000e+000
      vertex -1.600000e+001 -3.400000e+001  2.500000e+000
    endloop
  endfacet
  facet normal  0.000000e+000 -1.950904e-001 -9.807853e-001
    outer loop
      vertex -1.200000e+001 -3.500000e+001  3.500000e+000
      vertex -1.600000e+001 -3.461732e+001  3.423880e+000
      vertex -1.200000e+001 -3.461732e+001  3.423880e+000
    endloop
  endfacet
  facet normal  -0.000000e+000 -5.555686e-001 -8.314707e-001
    outer loop
      vertex -1.200000e+001 -3.461732e+001  3.423880e+000
      vertex -1.600000e+001 -3.461732e+001  3.423880e+000
      vertex -1.600000e+001 -3.429289e+001  3.207107e+000
    endloop
  endfacet
  facet normal  0.000000e+000 -5.555686e-001 -8.314707e-001
    outer loop
      vertex -1.200000e+001 -3.461732e+001  3.423880e+000
      vertex -1.600000e+001 -3.429289e+001  3.207107e+000
      vertex -1.200000e+001 -3.429289e+001  3.207107e+000
    endloop
  endfacet
  facet normal  -0.000000e+000 -8.314726e-001 -5.555657e-001
    outer loop
      vertex -1.200000e+001 -3.429289e+001  3.207107e+000
      vertex -1.600000e+001 -3.429289e+001  3.207107e+000
      vertex -1.600000e+001 -3.407612e+001  2.882684e+000
    endloop
  endfacet
  facet normal  0.000000e+000 -8.314726e-001 -5.555657e-001
    outer loop
      vertex -1.200000e+001 -3.429289e+001  3.207107e+000
      vertex -1.600000e+001 -3.407612e+001  2.882684e+000
      vertex -1.200000e+001 -3.407612e+001  2.882684e+000
    endloop
  endfacet
  facet normal  -0.000000e+000 -9.807844e-001 -1.950948e-001
    outer loop
      vertex -1.200000e+001 -3.407612e+001  2.882684e+000
      vertex -1.600000e+001 -3.407612e+001  2.882684e+000
      vertex -1.600000e+001 -3.400000e+001  2.500000e+000
    endloop
  endfacet
  facet normal  0.000000e+000 -9.807844e-001 -1.950948e-001
    outer loop
      vertex -1.200000e+001 -3.407612e+001  2.882684e+000
      vertex -1.600000e+001 -3.400000e+001  2.500000e+000
      vertex -1.200000e+001 -3.400000e+001  2.500000e+000
    endloop
  endfacet
  facet normal  -0.000000e+000 -1.950904e-001 -9.807853e-001
    outer loop
      vertex -1.600000e+001 -3.461732e+001  3.423880e+000
      vertex -1.200000e+001 -3.500000e+001  3.500000e+000
      vertex -1.600000e+001 -3.500000e+001  3.500000e+000
    endloop
  endfacet
  facet normal  0.000000e+000  1.950904e-001 -9.807853e-001
    outer loop
      vertex -1.600000e+001 -3.500000e+001  3.500000e+000
      vertex -1.200000e+001 -3.500000e+001  3.500000e+000
      vertex -1.200000e+001 -3.538268e+001  3.423880e+000
    endloop
  endfacet
  facet normal  0.000000e+000  1.950904e-001 -9.807853e-001
    outer loop
      vertex -1.600000e+001 -3.500000e+001  3.500000e+000
      vertex -1.200000e+001 -3.538268e+001  3.423880e+000
      vertex -1.600000e+001 -3.538268e+001  3.423880e+000
    endloop
  endfacet
  facet normal  0.000000e+000  5.555686e-001 -8.314707e-001
    outer loop
      vertex -1.600000e+001 -3.538268e+001  3.423880e+000
      vertex -1.200000e+001 -3.538268e+001  3.423880e+000
      vertex -1.200000e+001 -3.570711e+001  3.207107e+000
    endloop
  endfacet
  facet normal  0.000000e+000  5.555686e-001 -8.314707e-001
    outer loop
      vertex -1.600000e+001 -3.538268e+001  3.423880e+000
      vertex -1.200000e+001 -3.570711e+001  3.207107e+000
      vertex -1.600000e+001 -3.570711e+001  3.207107e+000
    endloop
  endfacet
  facet normal  0.000000e+000  8.314726e-001 -5.555657e-001
    outer loop
      vertex -1.600000e+001 -3.570711e+001  3.207107e+000
      vertex -1.200000e+001 -3.570711e+001  3.207107e+000
      vertex -1.200000e+001 -3.592388e+001  2.882684e+000
    endloop
  endfacet
  facet normal  0.000000e+000  8.314726e-001 -5.555657e-001
    outer loop
      vertex -1.600000e+001 -3.570711e+001  3.207107e+000
      vertex -1.200000e+001 -3.592388e+001  2.882684e+000
      vertex -1.600000e+001 -3.592388e+001  2.882684e+000
    endloop
  endfacet
  facet normal  0.000000e+000  9.807844e-001 -1.950948e-001
    outer loop
      vertex -1.600000e+001 -3.592388e+001  2.882684e+000
      vertex -1.200000e+001 -3.592388e+001  2.882684e+000
      vertex -1.200000e+001 -3.600000e+001  2.500000e+000
    endloop
  endfacet
  facet normal  0.000000e+000  9.807844e-001 -1.950948e-001
    outer loop
      vertex -1.600000e+001 -3.592388e+001  2.882684e+000
      vertex -1.200000e+001 -3.600000e+001  2.500000e+000
      vertex -1.600000e+001 -3.600000e+001  2.500000e+000
    endloop
  endfacet
  facet normal -9.999999e-001  0.000000e+000  0.000000e+000
    outer loop
      vertex -1.200000e+001  1.038268e+001  3.423880e+000
      vertex -1.200000e+001  9.617316e+000  3.423880e+000
      vertex -1.200000e+001  1.000000e+001  3.500000e+000
    endloop
  endfacet
  facet normal -1.000000e+000  -0.000000e+000  0.000000e+000
    outer loop
      vertex -1.200000e+001  9.617316e+000  3.423880e+000
      vertex -1.200000e+001  1.038268e+001  3.423880e+000
      vertex -1.200000e+001  9.292893e+000  3.207107e+000
    endloop
  endfacet
  facet normal -1.000000e+000  0.000000e+000  0.000000e+000
    outer loop
      vertex -1.200000e+001  9.292893e+000  3.207107e+000
      vertex -1.200000e+001  1.038268e+001  3.423880e+000
      vertex -1.200000e+001  1.070711e+001  3.207107e+000
    endloop
  endfacet
  facet normal -1.000000e+000  -0.000000e+000  0.000000e+000
    outer loop
      vertex -1.200000e+001  9.292893e+000  3.207107e+000
      vertex -1.200000e+001  1.070711e+001  3.207107e+000
      vertex -1.200000e+001  9.076120e+000  2.882684e+000
    endloop
  endfacet
  facet normal -9.999999e-001  0.000000e+000  0.000000e+000
    outer loop
      vertex -1.200000e+001  9.076120e+000  2.882684e+000
      vertex -1.200000e+001  1.070711e+001  3.207107e+000
      vertex -1.200000e+001  1.092388e+001  2.882684e+000
    endloop
  endfacet
  facet normal -9.999999e-001  -0.000000e+000  0.000000e+000
    outer loop
      vertex -1.200000e+001  9.076120e+000  2.882684e+000
      vertex -1.200000e+001  1.092388e+001  2.882684e+000
      vertex -1.200000e+001  9.000000e+000  2.500000e+000
    endloop
  endfacet
  facet normal -1.000000e+000  0.000000e+000  0.000000e+000
    outer loop
      vertex -1.200000e+001  9.000000e+000  2.500000e+000
      vertex -1.200000e+001  1.092388e+001  2.882684e+000
      vertex -1.200000e+001  1.100000e+001  2.500000e+000
    endloop
  endfacet
  facet normal -1.000000e+000  -0.000000e+000  0.000000e+000
    outer loop
      vertex -1.200000e+001  9.000000e+000  2.500000e+000
      vertex -1.200000e+001  1.100000e+001  2.500000e+000
      vertex -1.200000e+001  9.076120e+000  2.117316e+000
    endloop
  endfacet
  facet normal -9.999999e-001  0.000000e+000  0.000000e+000
    outer loop
      vertex -1.200000e+001  9.076120e+000  2.117316e+000
      vertex -1.200000e+001  1.100000e+001  2.500000e+000
      vertex -1.200000e+001  1.092388e+001  2.117316e+000
    endloop
  endfacet
  facet normal -9.999999e-001  -0.000000e+000  0.000000e+000
    outer loop
      vertex -1.200000e+001  9.076120e+000  2.117316e+000
      vertex -1.200000e+001  1.092388e+001  2.117316e+000
      vertex -1.200000e+001  9.292893e+000  1.792893e+000
    endloop
  endfacet
  facet normal -1.000000e+000  0.000000e+000  0.000000e+000
    outer loop
      vertex -1.200000e+001  9.292893e+000  1.792893e+000
      vertex -1.200000e+001  1.092388e+001  2.117316e+000
      vertex -1.200000e+001  1.070711e+001  1.792893e+000
    endloop
  endfacet
  facet normal -1.000000e+000  -0.000000e+000  0.000000e+000
    outer loop
      vertex -1.200000e+001  9.292893e+000  1.792893e+000
      vertex -1.200000e+001  1.070711e+001  1.792893e+000
      vertex -1.200000e+001  9.617316e+000  1.576120e+000
    endloop
  endfacet
  facet normal -1.000000e+000  0.000000e+000  0.000000e+000
    outer loop
      vertex -1.200000e+001  9.617316e+000  1.576120e+000
      vertex -1.200000e+001  1.070711e+001  1.792893e+000
      vertex -1.200000e+001  1.038268e+001  1.576120e+000
    endloop
  endfacet
  facet normal -1.000000e+000  -0.000000e+000  0.000000e+000
    outer loop
      vertex -1.200000e+001  9.617316e+000  1.576120e+000
      vertex -1.200000e+001  1.038268e+001  1.576120e+000
      vertex -1.200000e+001  1.000000e+001  1.500000e+000
    endloop
  endfacet
  facet normal -9.999999e-001  0.000000e+000  0.000000e+000
    outer loop
      vertex -1.200000e+001 -1.461732e+001  3.423880e+000
      vertex -1.200000e+001 -1.538268e+001  3.423880e+000
      vertex -1.200000e+001 -1.500000e+001  3.500000e+000
    endloop
  endfacet
  facet normal -1.000000e+000  -0.000000e+000  0.000000e+000
    outer loop
      vertex -1.200000e+001 -1.538268e+001  3.423880e+000
      vertex -1.200000e+001 -1.461732e+001  3.423880e+000
      vertex -1.200000e+001 -1.570711e+001  3.207107e+000
    endloop
  endfacet
  facet normal -1.000000e+000  0.000000e+000  0.000000e+000
    outer loop
      vertex -1.200000e+001 -1.570711e+001  3.207107e+000
      vertex -1.200000e+001 -1.461732e+001  3.423880e+000
      vertex -1.200000e+001 -1.429289e+001  3.207107e+000
    endloop
  endfacet
  facet normal -1.000000e+000  -0.000000e+000  0.000000e+000
    outer loop
      vertex -1.200000e+001 -1.570711e+001  3.207107e+000
      vertex -1.200000e+001 -1.429289e+001  3.207107e+000
      vertex -1.200000e+001 -1.592388e+001  2.882684e+000
    endloop
  endfacet
  facet normal -9.999999e-001  0.000000e+000  0.000000e+000
    outer loop
      vertex -1.200000e+001 -1.592388e+001  2.882684e+000
      vertex -1.200000e+001 -1.429289e+001  3.207107e+000
      vertex -1.200000e+001 -1.407612e+001  2.882684e+000
    endloop
  endfacet
  facet normal -9.999999e-001  -0.000000e+000  0.000000e+000
    outer loop
      vertex -1.200000e+001 -1.592388e+001  2.882684e+000
      vertex -1.200000e+001 -1.407612e+001  2.882684e+000
      vertex -1.200000e+001 -1.600000e+001  2.500000e+000
    endloop
  endfacet
  facet normal -1.000000e+000  0.000000e+000  0.000000e+000
    outer loop
      vertex -1.200000e+001 -1.600000e+001  2.500000e+000
      vertex -1.200000e+001 -1.407612e+001  2.882684e+000
      vertex -1.200000e+001 -1.400000e+001  2.500000e+000
    endloop
  endfacet
  facet normal -1.000000e+000  -0.000000e+000  0.000000e+000
    outer loop
      vertex -1.200000e+001 -1.600000e+001  2.500000e+000
      vertex -1.200000e+001 -1.400000e+001  2.500000e+000
      vertex -1.200000e+001 -1.592388e+001  2.117316e+000
    endloop
  endfacet
  facet normal -9.999999e-001  0.000000e+000  0.000000e+000
    outer loop
      vertex -1.200000e+001 -1.592388e+001  2.117316e+000
      vertex -1.200000e+001 -1.400000e+001  2.500000e+000
      vertex -1.200000e+001 -1.407612e+001  2.117316e+000
    endloop
  endfacet
  facet normal -9.999999e-001  -0.000000e+000  0.000000e+000
    outer loop
      vertex -1.200000e+001 -1.592388e+001  2.117316e+000
      vertex -1.200000e+001 -1.407612e+001  2.117316e+000
      vertex -1.200000e+001 -1.570711e+001  1.792893e+000
    endloop
  endfacet
  facet normal -1.000000e+000  0.000000e+000  0.000000e+000
    outer loop
      vertex -1.200000e+001 -1.570711e+001  1.792893e+000
      vertex -1.200000e+001 -1.407612e+001  2.117316e+000
      vertex -1.200000e+001 -1.429289e+001  1.792893e+000
    endloop
  endfacet
  facet normal -1.000000e+000  -0.000000e+000  0.000000e+000
    outer loop
      vertex -1.200000e+001 -1.570711e+001  1.792893e+000
      vertex -1.200000e+001 -1.429289e+001  1.792893e+000
      vertex -1.200000e+001 -1.538268e+001  1.576120e+000
    endloop
  endfacet
  facet normal -1.000000e+000  0.000000e+000  0.000000e+000
    outer loop
      vertex -1.200000e+001 -1.538268e+001  1.576120e+000
      vertex -1.200000e+001 -1.429289e+001  1.792893e+000
      vertex -1.200000e+001 -1.461732e+001  1.576120e+000
    endloop
  endfacet
  facet normal -1.000000e+000  -0.000000e+000  0.000000e+000
    outer loop
      vertex -1.200000e+001 -1.538268e+001  1.576120e+000
      vertex -1.200000e+001 -1.461732e+001  1.576120e+000
      vertex -1.200000e+001 -1.500000e+001  1.500000e+000
    endloop
  endfacet
  facet normal -1.000000e+000  0.000000e+000  0.000000e+000
    outer loop
      vertex -1.200000e+001 -3.461732e+001  3.423880e+000
      vertex -1.200000e+001 -3.538268e+001  3.423880e+000
      vertex -1.200000e+001 -3.500000e+001  3.500000e+000
    endloop
  endfacet
  facet normal -1.000000e+000  -0.000000e+000  0.000000e+000
    outer loop
      vertex -1.200000e+001 -3.538268e+001  3.423880e+000
      vertex -1.200000e+001 -3.461732e+001  3.423880e+000
      vertex -1.200000e+001 -3.570711e+001  3.207107e+000
    endloop
  endfacet
  facet normal -1.000000e+000  0.000000e+000  0.000000e+000
    outer loop
      vertex -1.200000e+001 -3.570711e+001  3.207107e+000
      vertex -1.200000e+001 -3.461732e+001  3.423880e+000
      vertex -1.200000e+001 -3.429289e+001  3.207107e+000
    endloop
  endfacet
  facet normal -1.000000e+000  -0.000000e+000  0.000000e+000
    outer loop
      vertex -1.200000e+001 -3.570711e+001  3.207107e+000
      vertex -1.200000e+001 -3.429289e+001  3.207107e+000
      vertex -1.200000e+001 -3.592388e+001  2.882684e+000
    endloop
  endfacet
  facet normal -1.000000e+000  0.000000e+000  0.000000e+000
    outer loop
      vertex -1.200000e+001 -3.592388e+001  2.882684e+000
      vertex -1.200000e+001 -3.429289e+001  3.207107e+000
      vertex -1.200000e+001 -3.407612e+001  2.882684e+000
    endloop
  endfacet
  facet normal -9.999999e-001  -0.000000e+000  0.000000e+000
    outer loop
      vertex -1.200000e+001 -3.592388e+001  2.882684e+000
      vertex -1.200000e+001 -3.407612e+001  2.882684e+000
      vertex -1.200000e+001 -3.600000e+001  2.500000e+000
    endloop
  endfacet
  facet normal -1.000000e+000  0.000000e+000  0.000000e+000
    outer loop
      vertex -1.200000e+001 -3.600000e+001  2.500000e+000
      vertex -1.200000e+001 -3.407612e+001  2.882684e+000
      vertex -1.200000e+001 -3.400000e+001  2.500000e+000
    endloop
  endfacet
  facet normal -1.000000e+000  -0.000000e+000  0.000000e+000
    outer loop
      vertex -1.200000e+001 -3.600000e+001  2.500000e+000
      vertex -1.200000e+001 -3.400000e+001  2.500000e+000
      vertex -1.200000e+001 -3.592388e+001  2.117316e+000
    endloop
  endfacet
  facet normal -9.999999e-001  0.000000e+000  0.000000e+000
    outer loop
      vertex -1.200000e+001 -3.592388e+001  2.117316e+000
      vertex -1.200000e+001 -3.400000e+001  2.500000e+000
      vertex -1.200000e+001 -3.407612e+001  2.117316e+000
    endloop
  endfacet
  facet normal -1.000000e+000  -0.000000e+000  0.000000e+000
    outer loop
      vertex -1.200000e+001 -3.592388e+001  2.117316e+000
      vertex -1.200000e+001 -3.407612e+001  2.117316e+000
      vertex -1.200000e+001 -3.570711e+001  1.792893e+000
    endloop
  endfacet
  facet normal -1.000000e+000  0.000000e+000  0.000000e+000
    outer loop
      vertex -1.200000e+001 -3.570711e+001  1.792893e+000
      vertex -1.200000e+001 -3.407612e+001  2.117316e+000
      vertex -1.200000e+001 -3.429289e+001  1.792893e+000
    endloop
  endfacet
  facet normal -9.999999e-001  -0.000000e+000  0.000000e+000
    outer loop
      vertex -1.200000e+001 -3.570711e+001  1.792893e+000
      vertex -1.200000e+001 -3.429289e+001  1.792893e+000
      vertex -1.200000e+001 -3.538268e+001  1.576120e+000
    endloop
  endfacet
  facet normal -9.999999e-001  0.000000e+000  0.000000e+000
    outer loop
      vertex -1.200000e+001 -3.538268e+001  1.576120e+000
      vertex -1.200000e+001 -3.429289e+001  1.792893e+000
      vertex -1.200000e+001 -3.461732e+001  1.576120e+000
    endloop
  endfacet
  facet normal -1.000000e+000  -0.000000e+000  0.000000e+000
    outer loop
      vertex -1.200000e+001 -3.538268e+001  1.576120e+000
      vertex -1.200000e+001 -3.461732e+001  1.576120e+000
      vertex -1.200000e+001 -3.500000e+001  1.500000e+000
    endloop
  endfacet
  facet normal  9.999999e-001  0.000000e+000  0.000000e+000
    outer loop
      vertex  1.600000e+001 -3.400000e+001  2.500000e+000
      vertex  1.600000e+001 -1.600000e+001  2.500000e+000
      vertex  1.600000e+001 -3.407612e+001  2.882684e+000
    endloop
  endfacet
  facet normal  9.999999e-001  0.000000e+000  0.000000e+000
    outer loop
      vertex  1.600000e+001 -3.400000e+001  2.500000e+000
      vertex  1.600000e+001 -3.407612e+001  2.117316e+000
      vertex  1.600000e+001 -1.600000e+001  2.500000e+000
    endloop
  endfacet
  facet normal  1.000000e+000  0.000000e+000  0.000000e+000
    outer loop
      vertex  1.600000e+001 -1.400000e+001  2.500000e+000
      vertex  1.600000e+001  9.000000e+000  2.500000e+000
      vertex  1.600000e+001 -1.407612e+001  2.882684e+000
    endloop
  endfacet
  facet normal  1.000000e+000  0.000000e+000  0.000000e+000
    outer loop
      vertex  1.600000e+001 -1.400000e+001  2.500000e+000
      vertex  1.600000e+001 -1.407612e+001  2.117316e+000
      vertex  1.600000e+001  9.000000e+000  2.500000e+000
    endloop
  endfacet
  facet normal  1.000000e+000  -0.000000e+000  0.000000e+000
    outer loop
      vertex  1.600000e+001 -1.600000e+001  2.500000e+000
      vertex  1.600000e+001 -3.429289e+001  1.792893e+000
      vertex  1.600000e+001 -3.461732e+001  1.576120e+000
    endloop
  endfacet
  facet normal  1.000000e+000  -0.000000e+000  0.000000e+000
    outer loop
      vertex  1.600000e+001 -1.600000e+001  2.500000e+000
      vertex  1.600000e+001 -3.407612e+001  2.117316e+000
      vertex  1.600000e+001 -3.429289e+001  1.792893e+000
    endloop
  endfacet
  facet normal  1.000000e+000  -0.000000e+000  0.000000e+000
    outer loop
      vertex  1.600000e+001  9.000000e+000  2.500000e+000
      vertex  1.600000e+001 -1.407612e+001  2.117316e+000
      vertex  1.600000e+001 -1.429289e+001  1.792893e+000
    endloop
  endfacet
  facet normal  1.000000e+000  -0.000000e+000  0.000000e+000
    outer loop
      vertex  1.600000e+001  9.000000e+000  2.500000e+000
      vertex  1.600000e+001 -1.429289e+001  1.792893e+000
      vertex  1.600000e+001 -1.461732e+001  1.576120e+000
    endloop
  endfacet
  facet normal  1.000000e+000  -0.000000e+000  0.000000e+000
    outer loop
      vertex  1.600000e+001  9.000000e+000  2.500000e+000
      vertex  1.600000e+001 -1.461732e+001  1.576120e+000
      vertex  1.600000e+001 -1.500000e+001  1.500000e+000
    endloop
  endfacet
  facet normal  1.000000e+000  0.000000e+000  0.000000e+000
    outer loop
      vertex  1.600000e+001  9.000000e+000  2.500000e+000
      vertex  1.600000e+001 -1.500000e+001  3.500000e+000
      vertex  1.600000e+001 -1.461732e+001  3.423880e+000
    endloop
  endfacet
  facet normal  1.000000e+000  0.000000e+000  0.000000e+000
    outer loop
      vertex  1.600000e+001  9.000000e+000  2.500000e+000
      vertex  1.600000e+001 -1.461732e+001  3.423880e+000
      vertex  1.600000e+001 -1.429289e+001  3.207107e+000
    endloop
  endfacet
  facet normal  1.000000e+000  0.000000e+000  0.000000e+000
    outer loop
      vertex  1.600000e+001  9.000000e+000  2.500000e+000
      vertex  1.600000e+001 -1.429289e+001  3.207107e+000
      vertex  1.600000e+001 -1.407612e+001  2.882684e+000
    endloop
  endfacet
  facet normal  1.000000e+000  0.000000e+000  0.000000e+000
    outer loop
      vertex  1.600000e+001 -1.600000e+001  2.500000e+000
      vertex  1.600000e+001 -3.500000e+001  3.500000e+000
      vertex  1.600000e+001 -3.461732e+001  3.423880e+000
    endloop
  endfacet
  facet normal  9.999999e-001  0.000000e+000  0.000000e+000
    outer loop
      vertex  1.600000e+001 -1.600000e+001  2.500000e+000
      vertex  1.600000e+001 -3.461732e+001  3.423880e+000
      vertex  1.600000e+001 -3.429289e+001  3.207107e+000
    endloop
  endfacet
  facet normal  1.000000e+000  0.000000e+000  0.000000e+000
    outer loop
      vertex  1.600000e+001 -1.600000e+001  2.500000e+000
      vertex  1.600000e+001 -3.429289e+001  3.207107e+000
      vertex  1.600000e+001 -3.407612e+001  2.882684e+000
    endloop
  endfacet
  facet normal  9.999999e-001  -0.000000e+000  0.000000e+000
    outer loop
      vertex  1.600000e+001  2.000000e+001  5.000000e+000
      vertex  1.600000e+001 -4.300000e+001  5.000000e+000
      vertex  1.600000e+001  1.000000e+001  3.500000e+000
    endloop
  endfacet
  facet normal  1.000000e+000  -0.000000e+000  0.000000e+000
    outer loop
      vertex  1.600000e+001  2.000000e+001  5.000000e+000
      vertex  1.600000e+001  1.000000e+001  3.500000e+000
      vertex  1.600000e+001  1.038268e+001  3.423880e+000
    endloop
  endfacet
  facet normal  1.000000e+000  -0.000000e+000  0.000000e+000
    outer loop
      vertex  1.600000e+001  2.000000e+001  5.000000e+000
      vertex  1.600000e+001  1.038268e+001  3.423880e+000
      vertex  1.600000e+001  2.000000e+001 -2.000000e+000
    endloop
  endfacet
  facet normal  1.000000e+000  0.000000e+000  0.000000e+000
    outer loop
      vertex  1.600000e+001  2.000000e+001 -2.000000e+000
      vertex  1.600000e+001  1.038268e+001  3.423880e+000
      vertex  1.600000e+001  1.070711e+001  3.207107e+000
    endloop
  endfacet
  facet normal  1.000000e+000  0.000000e+000  0.000000e+000
    outer loop
      vertex  1.600000e+001  2.000000e+001 -2.000000e+000
      vertex  1.600000e+001  1.070711e+001  3.207107e+000
      vertex  1.600000e+001  1.092388e+001  2.882684e+000
    endloop
  endfacet
  facet normal  1.000000e+000  0.000000e+000  0.000000e+000
    outer loop
      vertex  1.600000e+001  2.000000e+001 -2.000000e+000
      vertex  1.600000e+001  1.092388e+001  2.882684e+000
      vertex  1.600000e+001  1.100000e+001  2.500000e+000
    endloop
  endfacet
  facet normal  1.000000e+000  0.000000e+000  0.000000e+000
    outer loop
      vertex  1.600000e+001  2.000000e+001 -2.000000e+000
      vertex  1.600000e+001  1.100000e+001  2.500000e+000
      vertex  1.600000e+001  1.092388e+001  2.117316e+000
    endloop
  endfacet
  facet normal  9.999999e-001  0.000000e+000  0.000000e+000
    outer loop
      vertex  1.600000e+001  2.000000e+001 -2.000000e+000
      vertex  1.600000e+001  1.092388e+001  2.117316e+000
      vertex  1.600000e+001  1.070711e+001  1.792893e+000
    endloop
  endfacet
  facet normal  9.999999e-001  0.000000e+000  0.000000e+000
    outer loop
      vertex  1.600000e+001  2.000000e+001 -2.000000e+000
      vertex  1.600000e+001  1.070711e+001  1.792893e+000
      vertex  1.600000e+001  1.038268e+001  1.576120e+000
    endloop
  endfacet
  facet normal  1.000000e+000  0.000000e+000  0.000000e+000
    outer loop
      vertex  1.600000e+001  2.000000e+001 -2.000000e+000
      vertex  1.600000e+001  1.038268e+001  1.576120e+000
      vertex  1.600000e+001  1.000000e+001  1.500000e+000
    endloop
  endfacet
  facet normal  1.000000e+000  0.000000e+000  0.000000e+000
    outer loop
      vertex  1.600000e+001  2.000000e+001 -2.000000e+000
      vertex  1.600000e+001  1.000000e+001  1.500000e+000
      vertex  1.600000e+001 -4.300000e+001 -2.000000e+000
    endloop
  endfacet
  facet normal  1.000000e+000  0.000000e+000  0.000000e+000
    outer loop
      vertex  1.600000e+001 -4.300000e+001 -2.000000e+000
      vertex  1.600000e+001  1.000000e+001  1.500000e+000
      vertex  1.600000e+001  9.617316e+000  1.576120e+000
    endloop
  endfacet
  facet normal  1.000000e+000  0.000000e+000  0.000000e+000
    outer loop
      vertex  1.600000e+001 -4.300000e+001 -2.000000e+000
      vertex  1.600000e+001  9.617316e+000  1.576120e+000
      vertex  1.600000e+001  9.292893e+000  1.792893e+000
    endloop
  endfacet
  facet normal  1.000000e+000  0.000000e+000  0.000000e+000
    outer loop
      vertex  1.600000e+001 -4.300000e+001 -2.000000e+000
      vertex  1.600000e+001  9.292893e+000  1.792893e+000
      vertex  1.600000e+001  9.076120e+000  2.117316e+000
    endloop
  endfacet
  facet normal  1.000000e+000  0.000000e+000  0.000000e+000
    outer loop
      vertex  1.600000e+001 -4.300000e+001 -2.000000e+000
      vertex  1.600000e+001  9.076120e+000  2.117316e+000
      vertex  1.600000e+001  9.000000e+000  2.500000e+000
    endloop
  endfacet
  facet normal  1.000000e+000  0.000000e+000  0.000000e+000
    outer loop
      vertex  1.600000e+001 -4.300000e+001 -2.000000e+000
      vertex  1.600000e+001  9.000000e+000  2.500000e+000
      vertex  1.600000e+001 -1.500000e+001  1.500000e+000
    endloop
  endfacet
  facet normal  1.000000e+000  0.000000e+000  0.000000e+000
    outer loop
      vertex  1.600000e+001 -4.300000e+001 -2.000000e+000
      vertex  1.600000e+001 -1.500000e+001  1.500000e+000
      vertex  1.600000e+001 -1.538268e+001  1.576120e+000
    endloop
  endfacet
  facet normal  1.000000e+000  0.000000e+000  0.000000e+000
    outer loop
      vertex  1.600000e+001 -4.300000e+001 -2.000000e+000
      vertex  1.600000e+001 -1.538268e+001  1.576120e+000
      vertex  1.600000e+001 -1.570711e+001  1.792893e+000
    endloop
  endfacet
  facet normal  1.000000e+000  0.000000e+000  0.000000e+000
    outer loop
      vertex  1.600000e+001 -4.300000e+001 -2.000000e+000
      vertex  1.600000e+001 -1.570711e+001  1.792893e+000
      vertex  1.600000e+001 -1.592388e+001  2.117316e+000
    endloop
  endfacet
  facet normal  1.000000e+000  0.000000e+000  0.000000e+000
    outer loop
      vertex  1.600000e+001 -4.300000e+001 -2.000000e+000
      vertex  1.600000e+001 -1.592388e+001  2.117316e+000
      vertex  1.600000e+001 -1.600000e+001  2.500000e+000
    endloop
  endfacet
  facet normal  1.000000e+000  0.000000e+000  0.000000e+000
    outer loop
      vertex  1.600000e+001 -4.300000e+001 -2.000000e+000
      vertex  1.600000e+001 -1.600000e+001  2.500000e+000
      vertex  1.600000e+001 -3.461732e+001  1.576120e+000
    endloop
  endfacet
  facet normal  9.999999e-001  0.000000e+000  0.000000e+000
    outer loop
      vertex  1.600000e+001 -4.300000e+001 -2.000000e+000
      vertex  1.600000e+001 -3.461732e+001  1.576120e+000
      vertex  1.600000e+001 -3.500000e+001  1.500000e+000
    endloop
  endfacet
  facet normal  1.000000e+000  0.000000e+000  0.000000e+000
    outer loop
      vertex  1.600000e+001 -4.300000e+001 -2.000000e+000
      vertex  1.600000e+001 -3.500000e+001  1.500000e+000
      vertex  1.600000e+001 -3.538268e+001  1.576120e+000
    endloop
  endfacet
  facet normal  1.000000e+000  0.000000e+000  0.000000e+000
    outer loop
      vertex  1.600000e+001 -4.300000e+001 -2.000000e+000
      vertex  1.600000e+001 -3.538268e+001  1.576120e+000
      vertex  1.600000e+001 -3.570711e+001  1.792893e+000
    endloop
  endfacet
  facet normal  1.000000e+000  0.000000e+000  0.000000e+000
    outer loop
      vertex  1.600000e+001 -4.300000e+001 -2.000000e+000
      vertex  1.600000e+001 -3.570711e+001  1.792893e+000
      vertex  1.600000e+001 -3.592388e+001  2.117316e+000
    endloop
  endfacet
  facet normal  1.000000e+000  0.000000e+000  0.000000e+000
    outer loop
      vertex  1.600000e+001 -4.300000e+001 -2.000000e+000
      vertex  1.600000e+001 -3.592388e+001  2.117316e+000
      vertex  1.600000e+001 -3.600000e+001  2.500000e+000
    endloop
  endfacet
  facet normal  1.000000e+000  0.000000e+000  0.000000e+000
    outer loop
      vertex  1.600000e+001 -4.300000e+001 -2.000000e+000
      vertex  1.600000e+001 -3.600000e+001  2.500000e+000
      vertex  1.600000e+001 -4.300000e+001  5.000000e+000
    endloop
  endfacet
  facet normal  1.000000e+000  0.000000e+000  -0.000000e+000
    outer loop
      vertex  1.600000e+001 -4.300000e+001  5.000000e+000
      vertex  1.600000e+001 -3.600000e+001  2.500000e+000
      vertex  1.600000e+001 -3.592388e+001  2.882684e+000
    endloop
  endfacet
  facet normal  1.000000e+000  0.000000e+000  -0.000000e+000
    outer loop
      vertex  1.600000e+001 -4.300000e+001  5.000000e+000
      vertex  1.600000e+001 -3.592388e+001  2.882684e+000
      vertex  1.600000e+001 -3.570711e+001  3.207107e+000
    endloop
  endfacet
  facet normal  1.000000e+000  0.000000e+000  -0.000000e+000
    outer loop
      vertex  1.600000e+001 -4.300000e+001  5.000000e+000
      vertex  1.600000e+001 -3.570711e+001  3.207107e+000
      vertex  1.600000e+001 -3.538268e+001  3.423880e+000
    endloop
  endfacet
  facet normal  1.000000e+000  0.000000e+000  -0.000000e+000
    outer loop
      vertex  1.600000e+001 -4.300000e+001  5.000000e+000
      vertex  1.600000e+001 -3.538268e+001  3.423880e+000
      vertex  1.600000e+001 -3.500000e+001  3.500000e+000
    endloop
  endfacet
  facet normal  9.999999e-001  -0.000000e+000  -0.000000e+000
    outer loop
      vertex  1.600000e+001 -4.300000e+001  5.000000e+000
      vertex  1.600000e+001 -3.500000e+001  3.500000e+000
      vertex  1.600000e+001 -1.600000e+001  2.500000e+000
    endloop
  endfacet
  facet normal  1.000000e+000  0.000000e+000  -0.000000e+000
    outer loop
      vertex  1.600000e+001 -4.300000e+001  5.000000e+000
      vertex  1.600000e+001 -1.600000e+001  2.500000e+000
      vertex  1.600000e+001 -1.592388e+001  2.882684e+000
    endloop
  endfacet
  facet normal  1.000000e+000  0.000000e+000  -0.000000e+000
    outer loop
      vertex  1.600000e+001 -4.300000e+001  5.000000e+000
      vertex  1.600000e+001 -1.592388e+001  2.882684e+000
      vertex  1.600000e+001 -1.570711e+001  3.207107e+000
    endloop
  endfacet
  facet normal  1.000000e+000  0.000000e+000  -0.000000e+000
    outer loop
      vertex  1.600000e+001 -4.300000e+001  5.000000e+000
      vertex  1.600000e+001 -1.570711e+001  3.207107e+000
      vertex  1.600000e+001 -1.538268e+001  3.423880e+000
    endloop
  endfacet
  facet normal  9.999999e-001  0.000000e+000  -0.000000e+000
    outer loop
      vertex  1.600000e+001 -4.300000e+001  5.000000e+000
      vertex  1.600000e+001 -1.538268e+001  3.423880e+000
      vertex  1.600000e+001 -1.500000e+001  3.500000e+000
    endloop
  endfacet
  facet normal  1.000000e+000  -0.000000e+000  -0.000000e+000
    outer loop
      vertex  1.600000e+001 -4.300000e+001  5.000000e+000
      vertex  1.600000e+001 -1.500000e+001  3.500000e+000
      vertex  1.600000e+001  9.000000e+000  2.500000e+000
    endloop
  endfacet
  facet normal  1.000000e+000  0.000000e+000  -0.000000e+000
    outer loop
      vertex  1.600000e+001 -4.300000e+001  5.000000e+000
      vertex  1.600000e+001  9.000000e+000  2.500000e+000
      vertex  1.600000e+001  9.076120e+000  2.882684e+000
    endloop
  endfacet
  facet normal  1.000000e+000  0.000000e+000  -0.000000e+000
    outer loop
      vertex  1.600000e+001 -4.300000e+001  5.000000e+000
      vertex  1.600000e+001  9.076120e+000  2.882684e+000
      vertex  1.600000e+001  9.292893e+000  3.207107e+000
    endloop
  endfacet
  facet normal  1.000000e+000  0.000000e+000  -0.000000e+000
    outer loop
      vertex  1.600000e+001 -4.300000e+001  5.000000e+000
      vertex  1.600000e+001  9.292893e+000  3.207107e+000
      vertex  1.600000e+001  9.617316e+000  3.423880e+000
    endloop
  endfacet
  facet normal  1.000000e+000  0.000000e+000  -0.000000e+000
    outer loop
      vertex  1.600000e+001 -4.300000e+001  5.000000e+000
      vertex  1.600000e+001  9.617316e+000  3.423880e+000
      vertex  1.600000e+001  1.000000e+001  3.500000e+000
    endloop
  endfacet
  facet normal  0.000000e+000 -1.950902e-001  9.807853e-001
    outer loop
      vertex  1.200000e+001  1.000000e+001  1.500000e+000
      vertex  1.600000e+001  1.038268e+001  1.576120e+000
      vertex  1.200000e+001  1.038268e+001  1.576120e+000
    endloop
  endfacet
  facet normal  0.000000e+000 -5.555707e-001  8.314694e-001
    outer loop
      vertex  1.200000e+001  1.038268e+001  1.576120e+000
      vertex  1.600000e+001  1.038268e+001  1.576120e+000
      vertex  1.600000e+001  1.070711e+001  1.792893e+000
    endloop
  endfacet
  facet normal  0.000000e+000 -5.555707e-001  8.314694e-001
    outer loop
      vertex  1.200000e+001  1.038268e+001  1.576120e+000
      vertex  1.600000e+001  1.070711e+001  1.792893e+000
      vertex  1.200000e+001  1.070711e+001  1.792893e+000
    endloop
  endfacet
  facet normal  0.000000e+000 -8.314692e-001  5.555708e-001
    outer loop
      vertex  1.200000e+001  1.070711e+001  1.792893e+000
      vertex  1.600000e+001  1.070711e+001  1.792893e+000
      vertex  1.600000e+001  1.092388e+001  2.117316e+000
    endloop
  endfacet
  facet normal  0.000000e+000 -8.314692e-001  5.555708e-001
    outer loop
      vertex  1.200000e+001  1.070711e+001  1.792893e+000
      vertex  1.600000e+001  1.092388e+001  2.117316e+000
      vertex  1.200000e+001  1.092388e+001  2.117316e+000
    endloop
  endfacet
  facet normal  0.000000e+000 -9.807854e-001  1.950901e-001
    outer loop
      vertex  1.200000e+001  1.092388e+001  2.117316e+000
      vertex  1.600000e+001  1.092388e+001  2.117316e+000
      vertex  1.600000e+001  1.100000e+001  2.500000e+000
    endloop
  endfacet
  facet normal  0.000000e+000 -9.807854e-001  1.950901e-001
    outer loop
      vertex  1.200000e+001  1.092388e+001  2.117316e+000
      vertex  1.600000e+001  1.100000e+001  2.500000e+000
      vertex  1.200000e+001  1.100000e+001  2.500000e+000
    endloop
  endfacet
  facet normal  0.000000e+000 -1.950902e-001  9.807853e-001
    outer loop
      vertex  1.600000e+001  1.038268e+001  1.576120e+000
      vertex  1.200000e+001  1.000000e+001  1.500000e+000
      vertex  1.600000e+001  1.000000e+001  1.500000e+000
    endloop
  endfacet
  facet normal  0.000000e+000  1.950902e-001  9.807853e-001
    outer loop
      vertex  1.600000e+001  1.000000e+001  1.500000e+000
      vertex  1.200000e+001  1.000000e+001  1.500000e+000
      vertex  1.200000e+001  9.617316e+000  1.576120e+000
    endloop
  endfacet
  facet normal  -0.000000e+000  1.950902e-001  9.807853e-001
    outer loop
      vertex  1.600000e+001  1.000000e+001  1.500000e+000
      vertex  1.200000e+001  9.617316e+000  1.576120e+000
      vertex  1.600000e+001  9.617316e+000  1.576120e+000
    endloop
  endfacet
  facet normal  0.000000e+000  5.555707e-001  8.314694e-001
    outer loop
      vertex  1.600000e+001  9.617316e+000  1.576120e+000
      vertex  1.200000e+001  9.617316e+000  1.576120e+000
      vertex  1.200000e+001  9.292893e+000  1.792893e+000
    endloop
  endfacet
  facet normal  -0.000000e+000  5.555707e-001  8.314694e-001
    outer loop
      vertex  1.600000e+001  9.617316e+000  1.576120e+000
      vertex  1.200000e+001  9.292893e+000  1.792893e+000
      vertex  1.600000e+001  9.292893e+000  1.792893e+000
    endloop
  endfacet
  facet normal  0.000000e+000  8.314692e-001  5.555708e-001
    outer loop
      vertex  1.600000e+001  9.292893e+000  1.792893e+000
      vertex  1.200000e+001  9.292893e+000  1.792893e+000
      vertex  1.200000e+001  9.076120e+000  2.117316e+000
    endloop
  endfacet
  facet normal  -0.000000e+000  8.314692e-001  5.555708e-001
    outer loop
      vertex  1.600000e+001  9.292893e+000  1.792893e+000
      vertex  1.200000e+001  9.076120e+000  2.117316e+000
      vertex  1.600000e+001  9.076120e+000  2.117316e+000
    endloop
  endfacet
  facet normal  0.000000e+000  9.807854e-001  1.950901e-001
    outer loop
      vertex  1.600000e+001  9.076120e+000  2.117316e+000
      vertex  1.200000e+001  9.076120e+000  2.117316e+000
      vertex  1.200000e+001  9.000000e+000  2.500000e+000
    endloop
  endfacet
  facet normal  -0.000000e+000  9.807854e-001  1.950901e-001
    outer loop
      vertex  1.600000e+001  9.076120e+000  2.117316e+000
      vertex  1.200000e+001  9.000000e+000  2.500000e+000
      vertex  1.600000e+001  9.000000e+000  2.500000e+000
    endloop
  endfacet
  facet normal  0.000000e+000  1.950899e-001 -9.807853e-001
    outer loop
      vertex  1.200000e+001  1.000000e+001  3.500000e+000
      vertex  1.600000e+001  9.617316e+000  3.423880e+000
      vertex  1.200000e+001  9.617316e+000  3.423880e+000
    endloop
  endfacet
  facet normal  0.000000e+000  5.555710e-001 -8.314692e-001
    outer loop
      vertex  1.200000e+001  9.617316e+000  3.423880e+000
      vertex  1.600000e+001  9.617316e+000  3.423880e+000
      vertex  1.600000e+001  9.292893e+000  3.207107e+000
    endloop
  endfacet
  facet normal  0.000000e+000  5.555710e-001 -8.314692e-001
    outer loop
      vertex  1.200000e+001  9.617316e+000  3.423880e+000
      vertex  1.600000e+001  9.292893e+000  3.207107e+000
      vertex  1.200000e+001  9.292893e+000  3.207107e+000
    endloop
  endfacet
  facet normal  0.000000e+000  8.314692e-001 -5.555708e-001
    outer loop
      vertex  1.200000e+001  9.292893e+000  3.207107e+000
      vertex  1.600000e+001  9.292893e+000  3.207107e+000
      vertex  1.600000e+001  9.076120e+000  2.882684e+000
    endloop
  endfacet
  facet normal  0.000000e+000  8.314692e-001 -5.555708e-001
    outer loop
      vertex  1.200000e+001  9.292893e+000  3.207107e+000
      vertex  1.600000e+001  9.076120e+000  2.882684e+000
      vertex  1.200000e+001  9.076120e+000  2.882684e+000
    endloop
  endfacet
  facet normal  0.000000e+000  9.807854e-001 -1.950901e-001
    outer loop
      vertex  1.200000e+001  9.076120e+000  2.882684e+000
      vertex  1.600000e+001  9.076120e+000  2.882684e+000
      vertex  1.600000e+001  9.000000e+000  2.500000e+000
    endloop
  endfacet
  facet normal  0.000000e+000  9.807854e-001 -1.950901e-001
    outer loop
      vertex  1.200000e+001  9.076120e+000  2.882684e+000
      vertex  1.600000e+001  9.000000e+000  2.500000e+000
      vertex  1.200000e+001  9.000000e+000  2.500000e+000
    endloop
  endfacet
  facet normal  0.000000e+000  1.950899e-001 -9.807853e-001
    outer loop
      vertex  1.600000e+001  9.617316e+000  3.423880e+000
      vertex  1.200000e+001  1.000000e+001  3.500000e+000
      vertex  1.600000e+001  1.000000e+001  3.500000e+000
    endloop
  endfacet
  facet normal  -0.000000e+000 -1.950899e-001 -9.807853e-001
    outer loop
      vertex  1.600000e+001  1.000000e+001  3.500000e+000
      vertex  1.200000e+001  1.000000e+001  3.500000e+000
      vertex  1.200000e+001  1.038268e+001  3.423880e+000
    endloop
  endfacet
  facet normal  0.000000e+000 -1.950899e-001 -9.807853e-001
    outer loop
      vertex  1.600000e+001  1.000000e+001  3.500000e+000
      vertex  1.200000e+001  1.038268e+001  3.423880e+000
      vertex  1.600000e+001  1.038268e+001  3.423880e+000
    endloop
  endfacet
  facet normal  -0.000000e+000 -5.555710e-001 -8.314692e-001
    outer loop
      vertex  1.600000e+001  1.038268e+001  3.423880e+000
      vertex  1.200000e+001  1.038268e+001  3.423880e+000
      vertex  1.200000e+001  1.070711e+001  3.207107e+000
    endloop
  endfacet
  facet normal  0.000000e+000 -5.555710e-001 -8.314692e-001
    outer loop
      vertex  1.600000e+001  1.038268e+001  3.423880e+000
      vertex  1.200000e+001  1.070711e+001  3.207107e+000
      vertex  1.600000e+001  1.070711e+001  3.207107e+000
    endloop
  endfacet
  facet normal  -0.000000e+000 -8.314692e-001 -5.555708e-001
    outer loop
      vertex  1.600000e+001  1.070711e+001  3.207107e+000
      vertex  1.200000e+001  1.070711e+001  3.207107e+000
      vertex  1.200000e+001  1.092388e+001  2.882684e+000
    endloop
  endfacet
  facet normal  0.000000e+000 -8.314692e-001 -5.555708e-001
    outer loop
      vertex  1.600000e+001  1.070711e+001  3.207107e+000
      vertex  1.200000e+001  1.092388e+001  2.882684e+000
      vertex  1.600000e+001  1.092388e+001  2.882684e+000
    endloop
  endfacet
  facet normal  -0.000000e+000 -9.807854e-001 -1.950901e-001
    outer loop
      vertex  1.600000e+001  1.092388e+001  2.882684e+000
      vertex  1.200000e+001  1.092388e+001  2.882684e+000
      vertex  1.200000e+001  1.100000e+001  2.500000e+000
    endloop
  endfacet
  facet normal  0.000000e+000 -9.807854e-001 -1.950901e-001
    outer loop
      vertex  1.600000e+001  1.092388e+001  2.882684e+000
      vertex  1.200000e+001  1.100000e+001  2.500000e+000
      vertex  1.600000e+001  1.100000e+001  2.500000e+000
    endloop
  endfacet
  facet normal  0.000000e+000 -1.950902e-001  9.807853e-001
    outer loop
      vertex  1.200000e+001 -1.500000e+001  1.500000e+000
      vertex  1.600000e+001 -1.461732e+001  1.576120e+000
      vertex  1.200000e+001 -1.461732e+001  1.576120e+000
    endloop
  endfacet
  facet normal  0.000000e+000 -5.555707e-001  8.314694e-001
    outer loop
      vertex  1.200000e+001 -1.461732e+001  1.576120e+000
      vertex  1.600000e+001 -1.461732e+001  1.576120e+000
      vertex  1.600000e+001 -1.429289e+001  1.792893e+000
    endloop
  endfacet
  facet normal  0.000000e+000 -5.555707e-001  8.314694e-001
    outer loop
      vertex  1.200000e+001 -1.461732e+001  1.576120e+000
      vertex  1.600000e+001 -1.429289e+001  1.792893e+000
      vertex  1.200000e+001 -1.429289e+001  1.792893e+000
    endloop
  endfacet
  facet normal  0.000000e+000 -8.314692e-001  5.555708e-001
    outer loop
      vertex  1.200000e+001 -1.429289e+001  1.792893e+000
      vertex  1.600000e+001 -1.429289e+001  1.792893e+000
      vertex  1.600000e+001 -1.407612e+001  2.117316e+000
    endloop
  endfacet
  facet normal  0.000000e+000 -8.314692e-001  5.555708e-001
    outer loop
      vertex  1.200000e+001 -1.429289e+001  1.792893e+000
      vertex  1.600000e+001 -1.407612e+001  2.117316e+000
      vertex  1.200000e+001 -1.407612e+001  2.117316e+000
    endloop
  endfacet
  facet normal  0.000000e+000 -9.807854e-001  1.950901e-001
    outer loop
      vertex  1.200000e+001 -1.407612e+001  2.117316e+000
      vertex  1.600000e+001 -1.407612e+001  2.117316e+000
      vertex  1.600000e+001 -1.400000e+001  2.500000e+000
    endloop
  endfacet
  facet normal  0.000000e+000 -9.807854e-001  1.950901e-001
    outer loop
      vertex  1.200000e+001 -1.407612e+001  2.117316e+000
      vertex  1.600000e+001 -1.400000e+001  2.500000e+000
      vertex  1.200000e+001 -1.400000e+001  2.500000e+000
    endloop
  endfacet
  facet normal  0.000000e+000 -1.950902e-001  9.807853e-001
    outer loop
      vertex  1.600000e+001 -1.461732e+001  1.576120e+000
      vertex  1.200000e+001 -1.500000e+001  1.500000e+000
      vertex  1.600000e+001 -1.500000e+001  1.500000e+000
    endloop
  endfacet
  facet normal  0.000000e+000  1.950902e-001  9.807853e-001
    outer loop
      vertex  1.600000e+001 -1.500000e+001  1.500000e+000
      vertex  1.200000e+001 -1.500000e+001  1.500000e+000
      vertex  1.200000e+001 -1.538268e+001  1.576120e+000
    endloop
  endfacet
  facet normal  -0.000000e+000  1.950902e-001  9.807853e-001
    outer loop
      vertex  1.600000e+001 -1.500000e+001  1.500000e+000
      vertex  1.200000e+001 -1.538268e+001  1.576120e+000
      vertex  1.600000e+001 -1.538268e+001  1.576120e+000
    endloop
  endfacet
  facet normal  0.000000e+000  5.555707e-001  8.314694e-001
    outer loop
      vertex  1.600000e+001 -1.538268e+001  1.576120e+000
      vertex  1.200000e+001 -1.538268e+001  1.576120e+000
      vertex  1.200000e+001 -1.570711e+001  1.792893e+000
    endloop
  endfacet
  facet normal  -0.000000e+000  5.555707e-001  8.314694e-001
    outer loop
      vertex  1.600000e+001 -1.538268e+001  1.576120e+000
      vertex  1.200000e+001 -1.570711e+001  1.792893e+000
      vertex  1.600000e+001 -1.570711e+001  1.792893e+000
    endloop
  endfacet
  facet normal  0.000000e+000  8.314692e-001  5.555708e-001
    outer loop
      vertex  1.600000e+001 -1.570711e+001  1.792893e+000
      vertex  1.200000e+001 -1.570711e+001  1.792893e+000
      vertex  1.200000e+001 -1.592388e+001  2.117316e+000
    endloop
  endfacet
  facet normal  -0.000000e+000  8.314692e-001  5.555708e-001
    outer loop
      vertex  1.600000e+001 -1.570711e+001  1.792893e+000
      vertex  1.200000e+001 -1.592388e+001  2.117316e+000
      vertex  1.600000e+001 -1.592388e+001  2.117316e+000
    endloop
  endfacet
  facet normal  0.000000e+000  9.807854e-001  1.950901e-001
    outer loop
      vertex  1.600000e+001 -1.592388e+001  2.117316e+000
      vertex  1.200000e+001 -1.592388e+001  2.117316e+000
      vertex  1.200000e+001 -1.600000e+001  2.500000e+000
    endloop
  endfacet
  facet normal  -0.000000e+000  9.807854e-001  1.950901e-001
    outer loop
      vertex  1.600000e+001 -1.592388e+001  2.117316e+000
      vertex  1.200000e+001 -1.600000e+001  2.500000e+000
      vertex  1.600000e+001 -1.600000e+001  2.500000e+000
    endloop
  endfacet
  facet normal  0.000000e+000  1.950899e-001 -9.807853e-001
    outer loop
      vertex  1.200000e+001 -1.500000e+001  3.500000e+000
      vertex  1.600000e+001 -1.538268e+001  3.423880e+000
      vertex  1.200000e+001 -1.538268e+001  3.423880e+000
    endloop
  endfacet
  facet normal  0.000000e+000  5.555710e-001 -8.314692e-001
    outer loop
      vertex  1.200000e+001 -1.538268e+001  3.423880e+000
      vertex  1.600000e+001 -1.538268e+001  3.423880e+000
      vertex  1.600000e+001 -1.570711e+001  3.207107e+000
    endloop
  endfacet
  facet normal  0.000000e+000  5.555710e-001 -8.314692e-001
    outer loop
      vertex  1.200000e+001 -1.538268e+001  3.423880e+000
      vertex  1.600000e+001 -1.570711e+001  3.207107e+000
      vertex  1.200000e+001 -1.570711e+001  3.207107e+000
    endloop
  endfacet
  facet normal  0.000000e+000  8.314692e-001 -5.555708e-001
    outer loop
      vertex  1.200000e+001 -1.570711e+001  3.207107e+000
      vertex  1.600000e+001 -1.570711e+001  3.207107e+000
      vertex  1.600000e+001 -1.592388e+001  2.882684e+000
    endloop
  endfacet
  facet normal  0.000000e+000  8.314692e-001 -5.555708e-001
    outer loop
      vertex  1.200000e+001 -1.570711e+001  3.207107e+000
      vertex  1.600000e+001 -1.592388e+001  2.882684e+000
      vertex  1.200000e+001 -1.592388e+001  2.882684e+000
    endloop
  endfacet
  facet normal  0.000000e+000  9.807854e-001 -1.950901e-001
    outer loop
      vertex  1.200000e+001 -1.592388e+001  2.882684e+000
      vertex  1.600000e+001 -1.592388e+001  2.882684e+000
      vertex  1.600000e+001 -1.600000e+001  2.500000e+000
    endloop
  endfacet
  facet normal  0.000000e+000  9.807854e-001 -1.950901e-001
    outer loop
      vertex  1.200000e+001 -1.592388e+001  2.882684e+000
      vertex  1.600000e+001 -1.600000e+001  2.500000e+000
      vertex  1.200000e+001 -1.600000e+001  2.500000e+000
    endloop
  endfacet
  facet normal  0.000000e+000  1.950899e-001 -9.807853e-001
    outer loop
      vertex  1.600000e+001 -1.538268e+001  3.423880e+000
      vertex  1.200000e+001 -1.500000e+001  3.500000e+000
      vertex  1.600000e+001 -1.500000e+001  3.500000e+000
    endloop
  endfacet
  facet normal  -0.000000e+000 -1.950899e-001 -9.807853e-001
    outer loop
      vertex  1.600000e+001 -1.500000e+001  3.500000e+000
      vertex  1.200000e+001 -1.500000e+001  3.500000e+000
      vertex  1.200000e+001 -1.461732e+001  3.423880e+000
    endloop
  endfacet
  facet normal  0.000000e+000 -1.950899e-001 -9.807853e-001
    outer loop
      vertex  1.600000e+001 -1.500000e+001  3.500000e+000
      vertex  1.200000e+001 -1.461732e+001  3.423880e+000
      vertex  1.600000e+001 -1.461732e+001  3.423880e+000
    endloop
  endfacet
  facet normal  -0.000000e+000 -5.555710e-001 -8.314692e-001
    outer loop
      vertex  1.600000e+001 -1.461732e+001  3.423880e+000
      vertex  1.200000e+001 -1.461732e+001  3.423880e+000
      vertex  1.200000e+001 -1.429289e+001  3.207107e+000
    endloop
  endfacet
  facet normal  0.000000e+000 -5.555710e-001 -8.314692e-001
    outer loop
      vertex  1.600000e+001 -1.461732e+001  3.423880e+000
      vertex  1.200000e+001 -1.429289e+001  3.207107e+000
      vertex  1.600000e+001 -1.429289e+001  3.207107e+000
    endloop
  endfacet
  facet normal  -0.000000e+000 -8.314692e-001 -5.555708e-001
    outer loop
      vertex  1.600000e+001 -1.429289e+001  3.207107e+000
      vertex  1.200000e+001 -1.429289e+001  3.207107e+000
      vertex  1.200000e+001 -1.407612e+001  2.882684e+000
    endloop
  endfacet
  facet normal  0.000000e+000 -8.314692e-001 -5.555708e-001
    outer loop
      vertex  1.600000e+001 -1.429289e+001  3.207107e+000
      vertex  1.200000e+001 -1.407612e+001  2.882684e+000
      vertex  1.600000e+001 -1.407612e+001  2.882684e+000
    endloop
  endfacet
  facet normal  -0.000000e+000 -9.807854e-001 -1.950901e-001
    outer loop
      vertex  1.600000e+001 -1.407612e+001  2.882684e+000
      vertex  1.200000e+001 -1.407612e+001  2.882684e+000
      vertex  1.200000e+001 -1.400000e+001  2.500000e+000
    endloop
  endfacet
  facet normal  0.000000e+000 -9.807854e-001 -1.950901e-001
    outer loop
      vertex  1.600000e+001 -1.407612e+001  2.882684e+000
      vertex  1.200000e+001 -1.400000e+001  2.500000e+000
      vertex  1.600000e+001 -1.400000e+001  2.500000e+000
    endloop
  endfacet
  facet normal  0.000000e+000 -1.950907e-001  9.807853e-001
    outer loop
      vertex  1.200000e+001 -3.500000e+001  1.500000e+000
      vertex  1.600000e+001 -3.461732e+001  1.576120e+000
      vertex  1.200000e+001 -3.461732e+001  1.576120e+000
    endloop
  endfacet
  facet normal  0.000000e+000 -5.555684e-001  8.314707e-001
    outer loop
      vertex  1.200000e+001 -3.461732e+001  1.576120e+000
      vertex  1.600000e+001 -3.461732e+001  1.576120e+000
      vertex  1.600000e+001 -3.429289e+001  1.792893e+000
    endloop
  endfacet
  facet normal  0.000000e+000 -5.555684e-001  8.314707e-001
    outer loop
      vertex  1.200000e+001 -3.461732e+001  1.576120e+000
      vertex  1.600000e+001 -3.429289e+001  1.792893e+000
      vertex  1.200000e+001 -3.429289e+001  1.792893e+000
    endloop
  endfacet
  facet normal  0.000000e+000 -8.314726e-001  5.555657e-001
    outer loop
      vertex  1.200000e+001 -3.429289e+001  1.792893e+000
      vertex  1.600000e+001 -3.429289e+001  1.792893e+000
      vertex  1.600000e+001 -3.407612e+001  2.117316e+000
    endloop
  endfacet
  facet normal  0.000000e+000 -8.314726e-001  5.555657e-001
    outer loop
      vertex  1.200000e+001 -3.429289e+001  1.792893e+000
      vertex  1.600000e+001 -3.407612e+001  2.117316e+000
      vertex  1.200000e+001 -3.407612e+001  2.117316e+000
    endloop
  endfacet
  facet normal  0.000000e+000 -9.807844e-001  1.950948e-001
    outer loop
      vertex  1.200000e+001 -3.407612e+001  2.117316e+000
      vertex  1.600000e+001 -3.407612e+001  2.117316e+000
      vertex  1.600000e+001 -3.400000e+001  2.500000e+000
    endloop
  endfacet
  facet normal  0.000000e+000 -9.807844e-001  1.950948e-001
    outer loop
      vertex  1.200000e+001 -3.407612e+001  2.117316e+000
      vertex  1.600000e+001 -3.400000e+001  2.500000e+000
      vertex  1.200000e+001 -3.400000e+001  2.500000e+000
    endloop
  endfacet
  facet normal  0.000000e+000 -1.950907e-001  9.807853e-001
    outer loop
      vertex  1.600000e+001 -3.461732e+001  1.576120e+000
      vertex  1.200000e+001 -3.500000e+001  1.500000e+000
      vertex  1.600000e+001 -3.500000e+001  1.500000e+000
    endloop
  endfacet
  facet normal  0.000000e+000  1.950907e-001  9.807853e-001
    outer loop
      vertex  1.600000e+001 -3.500000e+001  1.500000e+000
      vertex  1.200000e+001 -3.500000e+001  1.500000e+000
      vertex  1.200000e+001 -3.538268e+001  1.576120e+000
    endloop
  endfacet
  facet normal  -0.000000e+000  1.950907e-001  9.807853e-001
    outer loop
      vertex  1.600000e+001 -3.500000e+001  1.500000e+000
      vertex  1.200000e+001 -3.538268e+001  1.576120e+000
      vertex  1.600000e+001 -3.538268e+001  1.576120e+000
    endloop
  endfacet
  facet normal  0.000000e+000  5.555684e-001  8.314707e-001
    outer loop
      vertex  1.600000e+001 -3.538268e+001  1.576120e+000
      vertex  1.200000e+001 -3.538268e+001  1.576120e+000
      vertex  1.200000e+001 -3.570711e+001  1.792893e+000
    endloop
  endfacet
  facet normal  -0.000000e+000  5.555684e-001  8.314707e-001
    outer loop
      vertex  1.600000e+001 -3.538268e+001  1.576120e+000
      vertex  1.200000e+001 -3.570711e+001  1.792893e+000
      vertex  1.600000e+001 -3.570711e+001  1.792893e+000
    endloop
  endfacet
  facet normal  0.000000e+000  8.314726e-001  5.555657e-001
    outer loop
      vertex  1.600000e+001 -3.570711e+001  1.792893e+000
      vertex  1.200000e+001 -3.570711e+001  1.792893e+000
      vertex  1.200000e+001 -3.592388e+001  2.117316e+000
    endloop
  endfacet
  facet normal  -0.000000e+000  8.314726e-001  5.555657e-001
    outer loop
      vertex  1.600000e+001 -3.570711e+001  1.792893e+000
      vertex  1.200000e+001 -3.592388e+001  2.117316e+000
      vertex  1.600000e+001 -3.592388e+001  2.117316e+000
    endloop
  endfacet
  facet normal  0.000000e+000  9.807844e-001  1.950948e-001
    outer loop
      vertex  1.600000e+001 -3.592388e+001  2.117316e+000
      vertex  1.200000e+001 -3.592388e+001  2.117316e+000
      vertex  1.200000e+001 -3.600000e+001  2.500000e+000
    endloop
  endfacet
  facet normal  -0.000000e+000  9.807844e-001  1.950948e-001
    outer loop
      vertex  1.600000e+001 -3.592388e+001  2.117316e+000
      vertex  1.200000e+001 -3.600000e+001  2.500000e+000
      vertex  1.600000e+001 -3.600000e+001  2.500000e+000
    endloop
  endfacet
  facet normal  0.000000e+000  1.950904e-001 -9.807853e-001
    outer loop
      vertex  1.200000e+001 -3.500000e+001  3.500000e+000
      vertex  1.600000e+001 -3.538268e+001  3.423880e+000
      vertex  1.200000e+001 -3.538268e+001  3.423880e+000
    endloop
  endfacet
  facet normal  0.000000e+000  5.555686e-001 -8.314707e-001
    outer loop
      vertex  1.200000e+001 -3.538268e+001  3.423880e+000
      vertex  1.600000e+001 -3.538268e+001  3.423880e+000
      vertex  1.600000e+001 -3.570711e+001  3.207107e+000
    endloop
  endfacet
  facet normal  0.000000e+000  5.555686e-001 -8.314707e-001
    outer loop
      vertex  1.200000e+001 -3.538268e+001  3.423880e+000
      vertex  1.600000e+001 -3.570711e+001  3.207107e+000
      vertex  1.200000e+001 -3.570711e+001  3.207107e+000
    endloop
  endfacet
  facet normal  0.000000e+000  8.314726e-001 -5.555657e-001
    outer loop
      vertex  1.200000e+001 -3.570711e+001  3.207107e+000
      vertex  1.600000e+001 -3.570711e+001  3.207107e+000
      vertex  1.600000e+001 -3.592388e+001  2.882684e+000
    endloop
  endfacet
  facet normal  0.000000e+000  8.314726e-001 -5.555657e-001
    outer loop
      vertex  1.200000e+001 -3.570711e+001  3.207107e+000
      vertex  1.600000e+001 -3.592388e+001  2.882684e+000
      vertex  1.200000e+001 -3.592388e+001  2.882684e+000
    endloop
  endfacet
  facet normal  0.000000e+000  9.807844e-001 -1.950948e-001
    outer loop
      vertex  1.200000e+001 -3.592388e+001  2.882684e+000
      vertex  1.600000e+001 -3.592388e+001  2.882684e+000
      vertex  1.600000e+001 -3.600000e+001  2.500000e+000
    endloop
  endfacet
  facet normal  0.000000e+000  9.807844e-001 -1.950948e-001
    outer loop
      vertex  1.200000e+001 -3.592388e+001  2.882684e+000
      vertex  1.600000e+001 -3.600000e+001  2.500000e+000
      vertex  1.200000e+001 -3.600000e+001  2.500000e+000
    endloop
  endfacet
  facet normal  0.000000e+000  1.950904e-001 -9.807853e-001
    outer loop
      vertex  1.600000e+001 -3.538268e+001  3.423880e+000
      vertex  1.200000e+001 -3.500000e+001  3.500000e+000
      vertex  1.600000e+001 -3.500000e+001  3.500000e+000
    endloop
  endfacet
  facet normal  -0.000000e+000 -1.950904e-001 -9.807853e-001
    outer loop
      vertex  1.600000e+001 -3.500000e+001  3.500000e+000
      vertex  1.200000e+001 -3.500000e+001  3.500000e+000
      vertex  1.200000e+001 -3.461732e+001  3.423880e+000
    endloop
  endfacet
  facet normal  0.000000e+000 -1.950904e-001 -9.807853e-001
    outer loop
      vertex  1.600000e+001 -3.500000e+001  3.500000e+000
      vertex  1.200000e+001 -3.461732e+001  3.423880e+000
      vertex  1.600000e+001 -3.461732e+001  3.423880e+000
    endloop
  endfacet
  facet normal  -0.000000e+000 -5.555686e-001 -8.314707e-001
    outer loop
      vertex  1.600000e+001 -3.461732e+001  3.423880e+000
      vertex  1.200000e+001 -3.461732e+001  3.423880e+000
      vertex  1.200000e+001 -3.429289e+001  3.207107e+000
    endloop
  endfacet
  facet normal  0.000000e+000 -5.555686e-001 -8.314707e-001
    outer loop
      vertex  1.600000e+001 -3.461732e+001  3.423880e+000
      vertex  1.200000e+001 -3.429289e+001  3.207107e+000
      vertex  1.600000e+001 -3.429289e+001  3.207107e+000
    endloop
  endfacet
  facet normal  -0.000000e+000 -8.314726e-001 -5.555657e-001
    outer loop
      vertex  1.600000e+001 -3.429289e+001  3.207107e+000
      vertex  1.200000e+001 -3.429289e+001  3.207107e+000
      vertex  1.200000e+001 -3.407612e+001  2.882684e+000
    endloop
  endfacet
  facet normal  0.000000e+000 -8.314726e-001 -5.555657e-001
    outer loop
      vertex  1.600000e+001 -3.429289e+001  3.207107e+000
      vertex  1.200000e+001 -3.407612e+001  2.882684e+000
      vertex  1.600000e+001 -3.407612e+001  2.882684e+000
    endloop
  endfacet
  facet normal  -0.000000e+000 -9.807844e-001 -1.950948e-001
    outer loop
      vertex  1.600000e+001 -3.407612e+001  2.882684e+000
      vertex  1.200000e+001 -3.407612e+001  2.882684e+000
      vertex  1.200000e+001 -3.400000e+001  2.500000e+000
    endloop
  endfacet
  facet normal  0.000000e+000 -9.807844e-001 -1.950948e-001
    outer loop
      vertex  1.600000e+001 -3.407612e+001  2.882684e+000
      vertex  1.200000e+001 -3.400000e+001  2.500000e+000
      vertex  1.600000e+001 -3.400000e+001  2.500000e+000
    endloop
  endfacet
  facet normal  9.999999e-001  0.000000e+000  0.000000e+000
    outer loop
      vertex  1.200000e+001  9.617316e+000  3.423880e+000
      vertex  1.200000e+001  1.038268e+001  3.423880e+000
      vertex  1.200000e+001  1.000000e+001  3.500000e+000
    endloop
  endfacet
  facet normal  1.000000e+000  -0.000000e+000  0.000000e+000
    outer loop
      vertex  1.200000e+001  1.038268e+001  3.423880e+000
      vertex  1.200000e+001  9.617316e+000  3.423880e+000
      vertex  1.200000e+001  1.070711e+001  3.207107e+000
    endloop
  endfacet
  facet normal  1.000000e+000  0.000000e+000  0.000000e+000
    outer loop
      vertex  1.200000e+001  1.070711e+001  3.207107e+000
      vertex  1.200000e+001  9.617316e+000  3.423880e+000
      vertex  1.200000e+001  9.292893e+000  3.207107e+000
    endloop
  endfacet
  facet normal  1.000000e+000  -0.000000e+000  0.000000e+000
    outer loop
      vertex  1.200000e+001  1.070711e+001  3.207107e+000
      vertex  1.200000e+001  9.292893e+000  3.207107e+000
      vertex  1.200000e+001  1.092388e+001  2.882684e+000
    endloop
  endfacet
  facet normal  9.999999e-001  0.000000e+000  0.000000e+000
    outer loop
      vertex  1.200000e+001  1.092388e+001  2.882684e+000
      vertex  1.200000e+001  9.292893e+000  3.207107e+000
      vertex  1.200000e+001  9.076120e+000  2.882684e+000
    endloop
  endfacet
  facet normal  9.999999e-001  -0.000000e+000  0.000000e+000
    outer loop
      vertex  1.200000e+001  1.092388e+001  2.882684e+000
      vertex  1.200000e+001  9.076120e+000  2.882684e+000
      vertex  1.200000e+001  1.100000e+001  2.500000e+000
    endloop
  endfacet
  facet normal  1.000000e+000  0.000000e+000  0.000000e+000
    outer loop
      vertex  1.200000e+001  1.100000e+001  2.500000e+000
      vertex  1.200000e+001  9.076120e+000  2.882684e+000
      vertex  1.200000e+001  9.000000e+000  2.500000e+000
    endloop
  endfacet
  facet normal  1.000000e+000  -0.000000e+000  0.000000e+000
    outer loop
      vertex  1.200000e+001  1.100000e+001  2.500000e+000
      vertex  1.200000e+001  9.000000e+000  2.500000e+000
      vertex  1.200000e+001  1.092388e+001  2.117316e+000
    endloop
  endfacet
  facet normal  9.999999e-001  0.000000e+000  0.000000e+000
    outer loop
      vertex  1.200000e+001  1.092388e+001  2.117316e+000
      vertex  1.200000e+001  9.000000e+000  2.500000e+000
      vertex  1.200000e+001  9.076120e+000  2.117316e+000
    endloop
  endfacet
  facet normal  9.999999e-001  -0.000000e+000  0.000000e+000
    outer loop
      vertex  1.200000e+001  1.092388e+001  2.117316e+000
      vertex  1.200000e+001  9.076120e+000  2.117316e+000
      vertex  1.200000e+001  1.070711e+001  1.792893e+000
    endloop
  endfacet
  facet normal  1.000000e+000  0.000000e+000  0.000000e+000
    outer loop
      vertex  1.200000e+001  1.070711e+001  1.792893e+000
      vertex  1.200000e+001  9.076120e+000  2.117316e+000
      vertex  1.200000e+001  9.292893e+000  1.792893e+000
    endloop
  endfacet
  facet normal  1.000000e+000  -0.000000e+000  0.000000e+000
    outer loop
      vertex  1.200000e+001  1.070711e+001  1.792893e+000
      vertex  1.200000e+001  9.292893e+000  1.792893e+000
      vertex  1.200000e+001  1.038268e+001  1.576120e+000
    endloop
  endfacet
  facet normal  1.000000e+000  0.000000e+000  0.000000e+000
    outer loop
      vertex  1.200000e+001  1.038268e+001  1.576120e+000
      vertex  1.200000e+001  9.292893e+000  1.792893e+000
      vertex  1.200000e+001  9.617316e+000  1.576120e+000
    endloop
  endfacet
  facet normal  1.000000e+000  -0.000000e+000  0.000000e+000
    outer loop
      vertex  1.200000e+001  1.038268e+001  1.576120e+000
      vertex  1.200000e+001  9.617316e+000  1.576120e+000
      vertex  1.200000e+001  1.000000e+001  1.500000e+000
    endloop
  endfacet
  facet normal  9.999999e-001  0.000000e+000  0.000000e+000
    outer loop
      vertex  1.200000e+001 -1.538268e+001  3.423880e+000
      vertex  1.200000e+001 -1.461732e+001  3.423880e+000
      vertex  1.200000e+001 -1.500000e+001  3.500000e+000
    endloop
  endfacet
  facet normal  1.000000e+000  -0.000000e+000  0.000000e+000
    outer loop
      vertex  1.200000e+001 -1.461732e+001  3.423880e+000
      vertex  1.200000e+001 -1.538268e+001  3.423880e+000
      vertex  1.200000e+001 -1.429289e+001  3.207107e+000
    endloop
  endfacet
  facet normal  1.000000e+000  0.000000e+000  0.000000e+000
    outer loop
      vertex  1.200000e+001 -1.429289e+001  3.207107e+000
      vertex  1.200000e+001 -1.538268e+001  3.423880e+000
      vertex  1.200000e+001 -1.570711e+001  3.207107e+000
    endloop
  endfacet
  facet normal  1.000000e+000  -0.000000e+000  0.000000e+000
    outer loop
      vertex  1.200000e+001 -1.429289e+001  3.207107e+000
      vertex  1.200000e+001 -1.570711e+001  3.207107e+000
      vertex  1.200000e+001 -1.407612e+001  2.882684e+000
    endloop
  endfacet
  facet normal  9.999999e-001  0.000000e+000  0.000000e+000
    outer loop
      vertex  1.200000e+001 -1.407612e+001  2.882684e+000
      vertex  1.200000e+001 -1.570711e+001  3.207107e+000
      vertex  1.200000e+001 -1.592388e+001  2.882684e+000
    endloop
  endfacet
  facet normal  9.999999e-001  -0.000000e+000  0.000000e+000
    outer loop
      vertex  1.200000e+001 -1.407612e+001  2.882684e+000
      vertex  1.200000e+001 -1.592388e+001  2.882684e+000
      vertex  1.200000e+001 -1.400000e+001  2.500000e+000
    endloop
  endfacet
  facet normal  1.000000e+000  0.000000e+000  0.000000e+000
    outer loop
      vertex  1.200000e+001 -1.400000e+001  2.500000e+000
      vertex  1.200000e+001 -1.592388e+001  2.882684e+000
      vertex  1.200000e+001 -1.600000e+001  2.500000e+000
    endloop
  endfacet
  facet normal  1.000000e+000  -0.000000e+000  0.000000e+000
    outer loop
      vertex  1.200000e+001 -1.400000e+001  2.500000e+000
      vertex  1.200000e+001 -1.600000e+001  2.500000e+000
      vertex  1.200000e+001 -1.407612e+001  2.117316e+000
    endloop
  endfacet
  facet normal  9.999999e-001  0.000000e+000  0.000000e+000
    outer loop
      vertex  1.200000e+001 -1.407612e+001  2.117316e+000
      vertex  1.200000e+001 -1.600000e+001  2.500000e+000
      vertex  1.200000e+001 -1.592388e+001  2.117316e+000
    endloop
  endfacet
  facet normal  9.999999e-001  -0.000000e+000  0.000000e+000
    outer loop
      vertex  1.200000e+001 -1.407612e+001  2.117316e+000
      vertex  1.200000e+001 -1.592388e+001  2.117316e+000
      vertex  1.200000e+001 -1.429289e+001  1.792893e+000
    endloop
  endfacet
  facet normal  1.000000e+000  0.000000e+000  0.000000e+000
    outer loop
      vertex  1.200000e+001 -1.429289e+001  1.792893e+000
      vertex  1.200000e+001 -1.592388e+001  2.117316e+000
      vertex  1.200000e+001 -1.570711e+001  1.792893e+000
    endloop
  endfacet
  facet normal  1.000000e+000  -0.000000e+000  0.000000e+000
    outer loop
      vertex  1.200000e+001 -1.429289e+001  1.792893e+000
      vertex  1.200000e+001 -1.570711e+001  1.792893e+000
      vertex  1.200000e+001 -1.461732e+001  1.576120e+000
    endloop
  endfacet
  facet normal  1.000000e+000  0.000000e+000  0.000000e+000
    outer loop
      vertex  1.200000e+001 -1.461732e+001  1.576120e+000
      vertex  1.200000e+001 -1.570711e+001  1.792893e+000
      vertex  1.200000e+001 -1.538268e+001  1.576120e+000
    endloop
  endfacet
  facet normal  1.000000e+000  -0.000000e+000  0.000000e+000
    outer loop
      vertex  1.200000e+001 -1.461732e+001  1.576120e+000
      vertex  1.200000e+001 -1.538268e+001  1.576120e+000
      vertex  1.200000e+001 -1.500000e+001  1.500000e+000
    endloop
  endfacet
  facet normal  1.000000e+000  0.000000e+000  0.000000e+000
    outer loop
      vertex  1.200000e+001 -3.538268e+001  3.423880e+000
      vertex  1.200000e+001 -3.461732e+001  3.423880e+000
      vertex  1.200000e+001 -3.500000e+001  3.500000e+000
    endloop
  endfacet
  facet normal  1.000000e+000  -0.000000e+000  0.000000e+000
    outer loop
      vertex  1.200000e+001 -3.461732e+001  3.423880e+000
      vertex  1.200000e+001 -3.538268e+001  3.423880e+000
      vertex  1.200000e+001 -3.429289e+001  3.207107e+000
    endloop
  endfacet
  facet normal  1.000000e+000  0.000000e+000  0.000000e+000
    outer loop
      vertex  1.200000e+001 -3.429289e+001  3.207107e+000
      vertex  1.200000e+001 -3.538268e+001  3.423880e+000
      vertex  1.200000e+001 -3.570711e+001  3.207107e+000
    endloop
  endfacet
  facet normal  1.000000e+000  -0.000000e+000  0.000000e+000
    outer loop
      vertex  1.200000e+001 -3.429289e+001  3.207107e+000
      vertex  1.200000e+001 -3.570711e+001  3.207107e+000
      vertex  1.200000e+001 -3.407612e+001  2.882684e+000
    endloop
  endfacet
  facet normal  1.000000e+000  0.000000e+000  0.000000e+000
    outer loop
      vertex  1.200000e+001 -3.407612e+001  2.882684e+000
      vertex  1.200000e+001 -3.570711e+001  3.207107e+000
      vertex  1.200000e+001 -3.592388e+001  2.882684e+000
    endloop
  endfacet
  facet normal  9.999999e-001  -0.000000e+000  0.000000e+000
    outer loop
      vertex  1.200000e+001 -3.407612e+001  2.882684e+000
      vertex  1.200000e+001 -3.592388e+001  2.882684e+000
      vertex  1.200000e+001 -3.400000e+001  2.500000e+000
    endloop
  endfacet
  facet normal  1.000000e+000  0.000000e+000  0.000000e+000
    outer loop
      vertex  1.200000e+001 -3.400000e+001  2.500000e+000
      vertex  1.200000e+001 -3.592388e+001  2.882684e+000
      vertex  1.200000e+001 -3.600000e+001  2.500000e+000
    endloop
  endfacet
  facet normal  1.000000e+000  -0.000000e+000  0.000000e+000
    outer loop
      vertex  1.200000e+001 -3.400000e+001  2.500000e+000
      vertex  1.200000e+001 -3.600000e+001  2.500000e+000
      vertex  1.200000e+001 -3.407612e+001  2.117316e+000
    endloop
  endfacet
  facet normal  9.999999e-001  0.000000e+000  0.000000e+000
    outer loop
      vertex  1.200000e+001 -3.407612e+001  2.117316e+000
      vertex  1.200000e+001 -3.600000e+001  2.500000e+000
      vertex  1.200000e+001 -3.592388e+001  2.117316e+000
    endloop
  endfacet
  facet normal  1.000000e+000  -0.000000e+000  0.000000e+000
    outer loop
      vertex  1.200000e+001 -3.407612e+001  2.117316e+000
      vertex  1.200000e+001 -3.592388e+001  2.117316e+000
      vertex  1.200000e+001 -3.429289e+001  1.792893e+000
    endloop
  endfacet
  facet normal  1.000000e+000  0.000000e+000  0.000000e+000
    outer loop
      vertex  1.200000e+001 -3.429289e+001  1.792893e+000
      vertex  1.200000e+001 -3.592388e+001  2.117316e+000
      vertex  1.200000e+001 -3.570711e+001  1.792893e+000
    endloop
  endfacet
  facet normal  9.999999e-001  -0.000000e+000  0.000000e+000
    outer loop
      vertex  1.200000e+001 -3.429289e+001  1.792893e+000
      vertex  1.200000e+001 -3.570711e+001  1.792893e+000
      vertex  1.200000e+001 -3.461732e+001  1.576120e+000
    endloop
  endfacet
  facet normal  9.999999e-001  0.000000e+000  0.000000e+000
    outer loop
      vertex  1.200000e+001 -3.461732e+001  1.576120e+000
      vertex  1.200000e+001 -3.570711e+001  1.792893e+000
      vertex  1.200000e+001 -3.538268e+001  1.576120e+000
    endloop
  endfacet
  facet normal  1.000000e+000  -0.000000e+000  0.000000e+000
    outer loop
      vertex  1.200000e+001 -3.461732e+001  1.576120e+000
      vertex  1.200000e+001 -3.538268e+001  1.576120e+000
      vertex  1.200000e+001 -3.500000e+001  1.500000e+000
    endloop
  endfacet
  facet normal  -0.000000e+000  0.000000e+000  1.000000e+000
    outer loop
      vertex  1.050000e+001 -3.200000e+001  5.000000e+000
      vertex -1.257612e+001 -3.938268e+001  5.000000e+000
      vertex -1.279289e+001 -3.970711e+001  5.000000e+000
    endloop
  endfacet
  facet normal  0.000000e+000  -0.000000e+000  1.000000e+000
    outer loop
      vertex -1.442388e+001  4.382683e+000  5.000000e+000
      vertex -1.420711e+001  4.707107e+000  5.000000e+000
      vertex -1.350000e+001  1.500000e+001  5.000000e+000
    endloop
  endfacet
  facet normal  0.000000e+000  -0.000000e+000  1.000000e+000
    outer loop
      vertex -1.420711e+001  4.707107e+000  5.000000e+000
      vertex -1.388268e+001  4.923880e+000  5.000000e+000
      vertex -1.350000e+001  1.500000e+001  5.000000e+000
    endloop
  endfacet
  facet normal  0.000000e+000  -0.000000e+000  9.999999e-001
    outer loop
      vertex -1.388268e+001  4.923880e+000  5.000000e+000
      vertex -1.350000e+001  5.000000e+000  5.000000e+000
      vertex -1.350000e+001  1.500000e+001  5.000000e+000
    endloop
  endfacet
  facet normal  0.000000e+000  -0.000000e+000  1.000000e+000
    outer loop
      vertex -1.442388e+001 -3.861732e+001  5.000000e+000
      vertex -1.420711e+001 -3.829289e+001  5.000000e+000
      vertex -1.350000e+001  3.000000e+000  5.000000e+000
    endloop
  endfacet
  facet normal  0.000000e+000  -0.000000e+000  1.000000e+000
    outer loop
      vertex -1.420711e+001 -3.829289e+001  5.000000e+000
      vertex -1.388268e+001 -3.807612e+001  5.000000e+000
      vertex -1.350000e+001  3.000000e+000  5.000000e+000
    endloop
  endfacet
  facet normal  0.000000e+000  -0.000000e+000  1.000000e+000
    outer loop
      vertex -1.388268e+001 -3.807612e+001  5.000000e+000
      vertex -1.350000e+001 -3.800000e+001  5.000000e+000
      vertex -1.350000e+001  3.000000e+000  5.000000e+000
    endloop
  endfacet
  facet normal  0.000000e+000  0.000000e+000  1.000000e+000
    outer loop
      vertex -1.257612e+001  4.382683e+000  5.000000e+000
      vertex -1.350000e+001  1.500000e+001  5.000000e+000
      vertex -1.279289e+001  4.707107e+000  5.000000e+000
    endloop
  endfacet
  facet normal  0.000000e+000  0.000000e+000  1.000000e+000
    outer loop
      vertex -1.279289e+001  4.707107e+000  5.000000e+000
      vertex -1.350000e+001  1.500000e+001  5.000000e+000
      vertex -1.311732e+001  4.923880e+000  5.000000e+000
    endloop
  endfacet
  facet normal  0.000000e+000  0.000000e+000  9.999999e-001
    outer loop
      vertex -1.311732e+001  4.923880e+000  5.000000e+000
      vertex -1.350000e+001  1.500000e+001  5.000000e+000
      vertex -1.350000e+001  5.000000e+000  5.000000e+000
    endloop
  endfacet
  facet normal  0.000000e+000  -0.000000e+000  1.000000e+000
    outer loop
      vertex  1.257612e+001  4.382683e+000  5.000000e+000
      vertex  1.279289e+001  4.707107e+000  5.000000e+000
      vertex  1.350000e+001  1.500000e+001  5.000000e+000
    endloop
  endfacet
  facet normal  0.000000e+000  -0.000000e+000  1.000000e+000
    outer loop
      vertex  1.279289e+001  4.707107e+000  5.000000e+000
      vertex  1.311732e+001  4.923880e+000  5.000000e+000
      vertex  1.350000e+001  1.500000e+001  5.000000e+000
    endloop
  endfacet
  facet normal  0.000000e+000  -0.000000e+000  9.999999e-001
    outer loop
      vertex  1.311732e+001  4.923880e+000  5.000000e+000
      vertex  1.350000e+001  5.000000e+000  5.000000e+000
      vertex  1.350000e+001  1.500000e+001  5.000000e+000
    endloop
  endfacet
  facet normal  0.000000e+000  0.000000e+000  1.000000e+000
    outer loop
      vertex  1.442388e+001  4.382683e+000  5.000000e+000
      vertex  1.350000e+001  1.500000e+001  5.000000e+000
      vertex  1.420711e+001  4.707107e+000  5.000000e+000
    endloop
  endfacet
  facet normal  0.000000e+000  0.000000e+000  1.000000e+000
    outer loop
      vertex  1.420711e+001  4.707107e+000  5.000000e+000
      vertex  1.350000e+001  1.500000e+001  5.000000e+000
      vertex  1.388268e+001  4.923880e+000  5.000000e+000
    endloop
  endfacet
  facet normal  0.000000e+000  0.000000e+000  9.999999e-001
    outer loop
      vertex  1.388268e+001  4.923880e+000  5.000000e+000
      vertex  1.350000e+001  1.500000e+001  5.000000e+000
      vertex  1.350000e+001  5.000000e+000  5.000000e+000
    endloop
  endfacet
  facet normal  0.000000e+000  0.000000e+000  1.000000e+000
    outer loop
      vertex  1.442388e+001 -3.861732e+001  5.000000e+000
      vertex  1.350000e+001  3.000000e+000  5.000000e+000
      vertex  1.420711e+001 -3.829289e+001  5.000000e+000
    endloop
  endfacet
  facet normal  0.000000e+000  0.000000e+000  1.000000e+000
    outer loop
      vertex  1.420711e+001 -3.829289e+001  5.000000e+000
      vertex  1.350000e+001  3.000000e+000  5.000000e+000
      vertex  1.388268e+001 -3.807612e+001  5.000000e+000
    endloop
  endfacet
  facet normal  0.000000e+000  0.000000e+000  1.000000e+000
    outer loop
      vertex  1.388268e+001 -3.807612e+001  5.000000e+000
      vertex  1.350000e+001  3.000000e+000  5.000000e+000
      vertex  1.350000e+001 -3.800000e+001  5.000000e+000
    endloop
  endfacet
  facet normal  0.000000e+000  -0.000000e+000  1.000000e+000
    outer loop
      vertex  1.050000e+001 -3.200000e+001  5.000000e+000
      vertex  1.250000e+001 -3.900000e+001  5.000000e+000
      vertex  1.257612e+001 -3.861732e+001  5.000000e+000
    endloop
  endfacet
  facet normal  0.000000e+000  -0.000000e+000  1.000000e+000
    outer loop
      vertex  1.050000e+001 -3.200000e+001  5.000000e+000
      vertex  1.257612e+001 -3.861732e+001  5.000000e+000
      vertex  1.279289e+001 -3.829289e+001  5.000000e+000
    endloop
  endfacet
  facet normal  0.000000e+000  -0.000000e+000  1.000000e+000
    outer loop
      vertex  1.050000e+001 -3.200000e+001  5.000000e+000
      vertex  1.279289e+001 -3.829289e+001  5.000000e+000
      vertex  1.311732e+001 -3.807612e+001  5.000000e+000
    endloop
  endfacet
  facet normal  0.000000e+000  -0.000000e+000  1.000000e+000
    outer loop
      vertex  1.050000e+001 -3.200000e+001  5.000000e+000
      vertex  1.311732e+001 -3.807612e+001  5.000000e+000
      vertex  1.350000e+001 -3.800000e+001  5.000000e+000
    endloop
  endfacet
  facet normal  0.000000e+000  -0.000000e+000  9.999999e-001
    outer loop
      vertex  1.050000e+001 -3.200000e+001  5.000000e+000
      vertex  1.350000e+001 -3.800000e+001  5.000000e+000
      vertex  1.350000e+001  3.000000e+000  5.000000e+000
    endloop
  endfacet
  facet normal  0.000000e+000  0.000000e+000  9.999999e-001
    outer loop
      vertex  1.050000e+001 -3.200000e+001  5.000000e+000
      vertex  1.350000e+001  3.000000e+000  5.000000e+000
      vertex  1.311732e+001  3.076120e+000  5.000000e+000
    endloop
  endfacet
  facet normal  0.000000e+000  0.000000e+000  9.999999e-001
    outer loop
      vertex  1.050000e+001 -3.200000e+001  5.000000e+000
      vertex  1.311732e+001  3.076120e+000  5.000000e+000
      vertex  1.279289e+001  3.292893e+000  5.000000e+000
    endloop
  endfacet
  facet normal  0.000000e+000  0.000000e+000  1.000000e+000
    outer loop
      vertex  1.050000e+001 -3.200000e+001  5.000000e+000
      vertex  1.279289e+001  3.292893e+000  5.000000e+000
      vertex  1.257612e+001  3.617316e+000  5.000000e+000
    endloop
  endfacet
  facet normal  0.000000e+000  0.000000e+000  1.000000e+000
    outer loop
      vertex  1.050000e+001 -3.200000e+001  5.000000e+000
      vertex  1.257612e+001  3.617316e+000  5.000000e+000
      vertex  1.250000e+001  4.000000e+000  5.000000e+000
    endloop
  endfacet
  facet normal  0.000000e+000  -0.000000e+000  1.000000e+000
    outer loop
      vertex  1.050000e+001 -3.200000e+001  5.000000e+000
      vertex  1.250000e+001  4.000000e+000  5.000000e+000
      vertex  1.279289e+001  1.529289e+001  5.000000e+000
    endloop
  endfacet
  facet normal  0.000000e+000  0.000000e+000  1.000000e+000
    outer loop
      vertex  1.050000e+001 -3.200000e+001  5.000000e+000
      vertex  1.279289e+001  1.529289e+001  5.000000e+000
      vertex  1.257612e+001  1.561732e+001  5.000000e+000
    endloop
  endfacet
  facet normal  0.000000e+000  0.000000e+000  1.000000e+000
    outer loop
      vertex  1.050000e+001 -3.200000e+001  5.000000e+000
      vertex  1.257612e+001  1.561732e+001  5.000000e+000
      vertex  1.250000e+001  1.600000e+001  5.000000e+000
    endloop
  endfacet
  facet normal  0.000000e+000  0.000000e+000  9.999999e-001
    outer loop
      vertex -1.600000e+001  2.000000e+001  5.000000e+000
      vertex -1.600000e+001 -4.300000e+001  5.000000e+000
      vertex -1.450000e+001  1.600000e+001  5.000000e+000
    endloop
  endfacet
  facet normal  0.000000e+000  -0.000000e+000  9.999999e-001
    outer loop
      vertex -1.600000e+001  2.000000e+001  5.000000e+000
      vertex -1.450000e+001  1.600000e+001  5.000000e+000
      vertex -1.442388e+001  1.638268e+001  5.000000e+000
    endloop
  endfacet
  facet normal  0.000000e+000  -0.000000e+000  1.000000e+000
    outer loop
      vertex -1.600000e+001  2.000000e+001  5.000000e+000
      vertex -1.442388e+001  1.638268e+001  5.000000e+000
      vertex -1.420711e+001  1.670711e+001  5.000000e+000
    endloop
  endfacet
  facet normal  0.000000e+000  -0.000000e+000  1.000000e+000
    outer loop
      vertex -1.600000e+001  2.000000e+001  5.000000e+000
      vertex -1.420711e+001  1.670711e+001  5.000000e+000
      vertex -1.388268e+001  1.692388e+001  5.000000e+000
    endloop
  endfacet
  facet normal  0.000000e+000  -0.000000e+000  1.000000e+000
    outer loop
      vertex -1.600000e+001  2.000000e+001  5.000000e+000
      vertex -1.388268e+001  1.692388e+001  5.000000e+000
      vertex -1.350000e+001  1.700000e+001  5.000000e+000
    endloop
  endfacet
  facet normal  0.000000e+000  -0.000000e+000  1.000000e+000
    outer loop
      vertex -1.600000e+001  2.000000e+001  5.000000e+000
      vertex -1.350000e+001  1.700000e+001  5.000000e+000
      vertex -1.050000e+001  1.700000e+001  5.000000e+000
    endloop
  endfacet
  facet normal  0.000000e+000  -0.000000e+000  1.000000e+000
    outer loop
      vertex -1.600000e+001  2.000000e+001  5.000000e+000
      vertex -1.050000e+001  1.700000e+001  5.000000e+000
      vertex  1.050000e+001  1.700000e+001  5.000000e+000
    endloop
  endfacet
  facet normal  0.000000e+000  -0.000000e+000  1.000000e+000
    outer loop
      vertex -1.600000e+001  2.000000e+001  5.000000e+000
      vertex  1.050000e+001  1.700000e+001  5.000000e+000
      vertex  1.350000e+001  1.700000e+001  5.000000e+000
    endloop
  endfacet
  facet normal  0.000000e+000  -0.000000e+000  1.000000e+000
    outer loop
      vertex -1.600000e+001  2.000000e+001  5.000000e+000
      vertex  1.350000e+001  1.700000e+001  5.000000e+000
      vertex  1.600000e+001  2.000000e+001  5.000000e+000
    endloop
  endfacet
  facet normal  0.000000e+000  0.000000e+000  1.000000e+000
    outer loop
      vertex -1.600000e+001 -4.300000e+001  5.000000e+000
      vertex  1.600000e+001 -4.300000e+001  5.000000e+000
      vertex  1.350000e+001 -4.000000e+001  5.000000e+000
    endloop
  endfacet
  facet normal  0.000000e+000  0.000000e+000  1.000000e+000
    outer loop
      vertex -1.600000e+001 -4.300000e+001  5.000000e+000
      vertex  1.350000e+001 -4.000000e+001  5.000000e+000
      vertex  1.311732e+001 -3.992388e+001  5.000000e+000
    endloop
  endfacet
  facet normal  0.000000e+000  0.000000e+000  1.000000e+000
    outer loop
      vertex -1.600000e+001 -4.300000e+001  5.000000e+000
      vertex  1.311732e+001 -3.992388e+001  5.000000e+000
      vertex  1.279289e+001 -3.970711e+001  5.000000e+000
    endloop
  endfacet
  facet normal  0.000000e+000  0.000000e+000  1.000000e+000
    outer loop
      vertex -1.600000e+001 -4.300000e+001  5.000000e+000
      vertex  1.279289e+001 -3.970711e+001  5.000000e+000
      vertex  1.257612e+001 -3.938268e+001  5.000000e+000
    endloop
  endfacet
  facet normal  0.000000e+000  0.000000e+000  1.000000e+000
    outer loop
      vertex -1.600000e+001 -4.300000e+001  5.000000e+000
      vertex  1.257612e+001 -3.938268e+001  5.000000e+000
      vertex  1.250000e+001 -3.900000e+001  5.000000e+000
    endloop
  endfacet
  facet normal  0.000000e+000  0.000000e+000  1.000000e+000
    outer loop
      vertex -1.600000e+001 -4.300000e+001  5.000000e+000
      vertex  1.250000e+001 -3.900000e+001  5.000000e+000
      vertex  1.050000e+001 -3.200000e+001  5.000000e+000
    endloop
  endfacet
  facet normal  0.000000e+000  0.000000e+000  1.000000e+000
    outer loop
      vertex -1.600000e+001 -4.300000e+001  5.000000e+000
      vertex  1.050000e+001 -3.200000e+001  5.000000e+000
      vertex -1.279289e+001 -3.970711e+001  5.000000e+000
    endloop
  endfacet
  facet normal  0.000000e+000  0.000000e+000  9.999999e-001
    outer loop
      vertex -1.600000e+001 -4.300000e+001  5.000000e+000
      vertex -1.279289e+001 -3.970711e+001  5.000000e+000
      vertex -1.311732e+001 -3.992388e+001  5.000000e+000
    endloop
  endfacet
  facet normal  0.000000e+000  0.000000e+000  1.000000e+000
    outer loop
      vertex -1.600000e+001 -4.300000e+001  5.000000e+000
      vertex -1.311732e+001 -3.992388e+001  5.000000e+000
      vertex -1.350000e+001 -4.000000e+001  5.000000e+000
    endloop
  endfacet
  facet normal  0.000000e+000  0.000000e+000  1.000000e+000
    outer loop
      vertex -1.600000e+001 -4.300000e+001  5.000000e+000
      vertex -1.350000e+001 -4.000000e+001  5.000000e+000
      vertex -1.388268e+001 -3.992388e+001  5.000000e+000
    endloop
  endfacet
  facet normal  0.000000e+000  0.000000e+000  1.000000e+000
    outer loop
      vertex -1.600000e+001 -4.300000e+001  5.000000e+000
      vertex -1.388268e+001 -3.992388e+001  5.000000e+000
      vertex -1.420711e+001 -3.970711e+001  5.000000e+000
    endloop
  endfacet
  facet normal  0.000000e+000  0.000000e+000  1.000000e+000
    outer loop
      vertex -1.600000e+001 -4.300000e+001  5.000000e+000
      vertex -1.420711e+001 -3.970711e+001  5.000000e+000
      vertex -1.442388e+001 -3.938268e+001  5.000000e+000
    endloop
  endfacet
  facet normal  0.000000e+000  0.000000e+000  9.999999e-001
    outer loop
      vertex -1.600000e+001 -4.300000e+001  5.000000e+000
      vertex -1.442388e+001 -3.938268e+001  5.000000e+000
      vertex -1.450000e+001 -3.900000e+001  5.000000e+000
    endloop
  endfacet
  facet normal  0.000000e+000  -0.000000e+000  1.000000e+000
    outer loop
      vertex -1.600000e+001 -4.300000e+001  5.000000e+000
      vertex -1.450000e+001 -3.900000e+001  5.000000e+000
      vertex -1.442388e+001 -3.861732e+001  5.000000e+000
    endloop
  endfacet
  facet normal  0.000000e+000  -0.000000e+000  1.000000e+000
    outer loop
      vertex -1.600000e+001 -4.300000e+001  5.000000e+000
      vertex -1.442388e+001 -3.861732e+001  5.000000e+000
      vertex -1.350000e+001  3.000000e+000  5.000000e+000
    endloop
  endfacet
  facet normal  0.000000e+000  0.000000e+000  1.000000e+000
    outer loop
      vertex -1.600000e+001 -4.300000e+001  5.000000e+000
      vertex -1.350000e+001  3.000000e+000  5.000000e+000
      vertex -1.388268e+001  3.076120e+000  5.000000e+000
    endloop
  endfacet
  facet normal  0.000000e+000  0.000000e+000  9.999999e-001
    outer loop
      vertex -1.600000e+001 -4.300000e+001  5.000000e+000
      vertex -1.388268e+001  3.076120e+000  5.000000e+000
      vertex -1.420711e+001  3.292893e+000  5.000000e+000
    endloop
  endfacet
  facet normal  0.000000e+000  0.000000e+000  1.000000e+000
    outer loop
      vertex -1.600000e+001 -4.300000e+001  5.000000e+000
      vertex -1.420711e+001  3.292893e+000  5.000000e+000
      vertex -1.442388e+001  3.617316e+000  5.000000e+000
    endloop
  endfacet
  facet normal  0.000000e+000  0.000000e+000  1.000000e+000
    outer loop
      vertex -1.600000e+001 -4.300000e+001  5.000000e+000
      vertex -1.442388e+001  3.617316e+000  5.000000e+000
      vertex -1.450000e+001  4.000000e+000  5.000000e+000
    endloop
  endfacet
  facet normal  0.000000e+000  -0.000000e+000  1.000000e+000
    outer loop
      vertex -1.600000e+001 -4.300000e+001  5.000000e+000
      vertex -1.450000e+001  4.000000e+000  5.000000e+000
      vertex -1.420711e+001  1.529289e+001  5.000000e+000
    endloop
  endfacet
  facet normal  0.000000e+000  0.000000e+000  1.000000e+000
    outer loop
      vertex -1.600000e+001 -4.300000e+001  5.000000e+000
      vertex -1.420711e+001  1.529289e+001  5.000000e+000
      vertex -1.442388e+001  1.561732e+001  5.000000e+000
    endloop
  endfacet
  facet normal  0.000000e+000  0.000000e+000  9.999999e-001
    outer loop
      vertex -1.600000e+001 -4.300000e+001  5.000000e+000
      vertex -1.442388e+001  1.561732e+001  5.000000e+000
      vertex -1.450000e+001  1.600000e+001  5.000000e+000
    endloop
  endfacet
  facet normal  0.000000e+000  0.000000e+000  1.000000e+000
    outer loop
      vertex -1.050000e+001 -3.200000e+001  5.000000e+000
      vertex -1.250000e+001  1.600000e+001  5.000000e+000
      vertex -1.257612e+001  1.561732e+001  5.000000e+000
    endloop
  endfacet
  facet normal  0.000000e+000  0.000000e+000  1.000000e+000
    outer loop
      vertex -1.050000e+001 -3.200000e+001  5.000000e+000
      vertex -1.257612e+001  1.561732e+001  5.000000e+000
      vertex -1.279289e+001  1.529289e+001  5.000000e+000
    endloop
  endfacet
  facet normal  0.000000e+000  0.000000e+000  1.000000e+000
    outer loop
      vertex -1.050000e+001 -3.200000e+001  5.000000e+000
      vertex -1.279289e+001  1.529289e+001  5.000000e+000
      vertex -1.250000e+001  4.000000e+000  5.000000e+000
    endloop
  endfacet
  facet normal  0.000000e+000  0.000000e+000  1.000000e+000
    outer loop
      vertex -1.050000e+001 -3.200000e+001  5.000000e+000
      vertex -1.250000e+001  4.000000e+000  5.000000e+000
      vertex -1.257612e+001  3.617316e+000  5.000000e+000
    endloop
  endfacet
  facet normal  0.000000e+000  0.000000e+000  1.000000e+000
    outer loop
      vertex -1.050000e+001 -3.200000e+001  5.000000e+000
      vertex -1.257612e+001  3.617316e+000  5.000000e+000
      vertex -1.279289e+001  3.292893e+000  5.000000e+000
    endloop
  endfacet
  facet normal  0.000000e+000  0.000000e+000  9.999999e-001
    outer loop
      vertex -1.050000e+001 -3.200000e+001  5.000000e+000
      vertex -1.279289e+001  3.292893e+000  5.000000e+000
      vertex -1.311732e+001  3.076120e+000  5.000000e+000
    endloop
  endfacet
  facet normal  0.000000e+000  0.000000e+000  1.000000e+000
    outer loop
      vertex -1.050000e+001 -3.200000e+001  5.000000e+000
      vertex -1.311732e+001  3.076120e+000  5.000000e+000
      vertex -1.350000e+001  3.000000e+000  5.000000e+000
    endloop
  endfacet
  facet normal  0.000000e+000  0.000000e+000  9.999999e-001
    outer loop
      vertex -1.050000e+001 -3.200000e+001  5.000000e+000
      vertex -1.350000e+001  3.000000e+000  5.000000e+000
      vertex -1.350000e+001 -3.800000e+001  5.000000e+000
    endloop
  endfacet
  facet normal  -0.000000e+000  0.000000e+000  1.000000e+000
    outer loop
      vertex -1.050000e+001 -3.200000e+001  5.000000e+000
      vertex -1.350000e+001 -3.800000e+001  5.000000e+000
      vertex -1.311732e+001 -3.807612e+001  5.000000e+000
    endloop
  endfacet
  facet normal  -0.000000e+000  0.000000e+000  1.000000e+000
    outer loop
      vertex -1.050000e+001 -3.200000e+001  5.000000e+000
      vertex -1.311732e+001 -3.807612e+001  5.000000e+000
      vertex -1.279289e+001 -3.829289e+001  5.000000e+000
    endloop
  endfacet
  facet normal  -0.000000e+000  0.000000e+000  1.000000e+000
    outer loop
      vertex -1.050000e+001 -3.200000e+001  5.000000e+000
      vertex -1.279289e+001 -3.829289e+001  5.000000e+000
      vertex -1.257612e+001 -3.861732e+001  5.000000e+000
    endloop
  endfacet
  facet normal  -0.000000e+000  0.000000e+000  1.000000e+000
    outer loop
      vertex -1.050000e+001 -3.200000e+001  5.000000e+000
      vertex -1.257612e+001 -3.861732e+001  5.000000e+000
      vertex -1.250000e+001 -3.900000e+001  5.000000e+000
    endloop
  endfacet
  facet normal  -0.000000e+000  0.000000e+000  1.000000e+000
    outer loop
      vertex -1.050000e+001 -3.200000e+001  5.000000e+000
      vertex -1.250000e+001 -3.900000e+001  5.000000e+000
      vertex -1.257612e+001 -3.938268e+001  5.000000e+000
    endloop
  endfacet
  facet normal  0.000000e+000  0.000000e+000  1.000000e+000
    outer loop
      vertex -1.050000e+001 -3.200000e+001  5.000000e+000
      vertex -1.257612e+001 -3.938268e+001  5.000000e+000
      vertex  1.050000e+001 -3.200000e+001  5.000000e+000
    endloop
  endfacet
  facet normal  0.000000e+000  -0.000000e+000  9.999999e-001
    outer loop
      vertex -1.450000e+001  4.000000e+000  5.000000e+000
      vertex -1.442388e+001  4.382683e+000  5.000000e+000
      vertex -1.350000e+001  1.500000e+001  5.000000e+000
    endloop
  endfacet
  facet normal  0.000000e+000  0.000000e+000  1.000000e+000
    outer loop
      vertex -1.450000e+001  4.000000e+000  5.000000e+000
      vertex -1.350000e+001  1.500000e+001  5.000000e+000
      vertex -1.388268e+001  1.507612e+001  5.000000e+000
    endloop
  endfacet
  facet normal  0.000000e+000  0.000000e+000  1.000000e+000
    outer loop
      vertex -1.450000e+001  4.000000e+000  5.000000e+000
      vertex -1.388268e+001  1.507612e+001  5.000000e+000
      vertex -1.420711e+001  1.529289e+001  5.000000e+000
    endloop
  endfacet
  facet normal  0.000000e+000  0.000000e+000  1.000000e+000
    outer loop
      vertex -1.250000e+001  4.000000e+000  5.000000e+000
      vertex -1.279289e+001  1.529289e+001  5.000000e+000
      vertex -1.311732e+001  1.507612e+001  5.000000e+000
    endloop
  endfacet
  facet normal  0.000000e+000  0.000000e+000  1.000000e+000
    outer loop
      vertex -1.250000e+001  4.000000e+000  5.000000e+000
      vertex -1.311732e+001  1.507612e+001  5.000000e+000
      vertex -1.350000e+001  1.500000e+001  5.000000e+000
    endloop
  endfacet
  facet normal  0.000000e+000  0.000000e+000  1.000000e+000
    outer loop
      vertex -1.250000e+001  4.000000e+000  5.000000e+000
      vertex -1.350000e+001  1.500000e+001  5.000000e+000
      vertex -1.257612e+001  4.382683e+000  5.000000e+000
    endloop
  endfacet
  facet normal  -0.000000e+000  0.000000e+000  9.999999e-001
    outer loop
      vertex -1.050000e+001  1.700000e+001  5.000000e+000
      vertex -1.350000e+001  1.700000e+001  5.000000e+000
      vertex -1.311732e+001  1.692388e+001  5.000000e+000
    endloop
  endfacet
  facet normal  -0.000000e+000  0.000000e+000  1.000000e+000
    outer loop
      vertex -1.050000e+001  1.700000e+001  5.000000e+000
      vertex -1.311732e+001  1.692388e+001  5.000000e+000
      vertex -1.279289e+001  1.670711e+001  5.000000e+000
    endloop
  endfacet
  facet normal  -0.000000e+000  0.000000e+000  1.000000e+000
    outer loop
      vertex -1.050000e+001  1.700000e+001  5.000000e+000
      vertex -1.279289e+001  1.670711e+001  5.000000e+000
      vertex -1.257612e+001  1.638268e+001  5.000000e+000
    endloop
  endfacet
  facet normal  -0.000000e+000  0.000000e+000  1.000000e+000
    outer loop
      vertex -1.050000e+001  1.700000e+001  5.000000e+000
      vertex -1.257612e+001  1.638268e+001  5.000000e+000
      vertex -1.250000e+001  1.600000e+001  5.000000e+000
    endloop
  endfacet
  facet normal  -0.000000e+000  0.000000e+000  1.000000e+000
    outer loop
      vertex -1.050000e+001  1.700000e+001  5.000000e+000
      vertex -1.250000e+001  1.600000e+001  5.000000e+000
      vertex -1.050000e+001 -3.200000e+001  5.000000e+000
    endloop
  endfacet
  facet normal  0.000000e+000  -0.000000e+000  9.999999e-001
    outer loop
      vertex  1.250000e+001  4.000000e+000  5.000000e+000
      vertex  1.257612e+001  4.382683e+000  5.000000e+000
      vertex  1.350000e+001  1.500000e+001  5.000000e+000
    endloop
  endfacet
  facet normal  0.000000e+000  0.000000e+000  1.000000e+000
    outer loop
      vertex  1.250000e+001  4.000000e+000  5.000000e+000
      vertex  1.350000e+001  1.500000e+001  5.000000e+000
      vertex  1.311732e+001  1.507612e+001  5.000000e+000
    endloop
  endfacet
  facet normal  0.000000e+000  0.000000e+000  1.000000e+000
    outer loop
      vertex  1.250000e+001  4.000000e+000  5.000000e+000
      vertex  1.311732e+001  1.507612e+001  5.000000e+000
      vertex  1.279289e+001  1.529289e+001  5.000000e+000
    endloop
  endfacet
  facet normal  0.000000e+000  0.000000e+000  1.000000e+000
    outer loop
      vertex  1.050000e+001  1.700000e+001  5.000000e+000
      vertex  1.050000e+001 -3.200000e+001  5.000000e+000
      vertex  1.250000e+001  1.600000e+001  5.000000e+000
    endloop
  endfacet
  facet normal  0.000000e+000  -0.000000e+000  1.000000e+000
    outer loop
      vertex  1.050000e+001  1.700000e+001  5.000000e+000
      vertex  1.250000e+001  1.600000e+001  5.000000e+000
      vertex  1.257612e+001  1.638268e+001  5.000000e+000
    endloop
  endfacet
  facet normal  0.000000e+000  -0.000000e+000  1.000000e+000
    outer loop
      vertex  1.050000e+001  1.700000e+001  5.000000e+000
      vertex  1.257612e+001  1.638268e+001  5.000000e+000
      vertex  1.279289e+001  1.670711e+001  5.000000e+000
    endloop
  endfacet
  facet normal  0.000000e+000  -0.000000e+000  1.000000e+000
    outer loop
      vertex  1.050000e+001  1.700000e+001  5.000000e+000
      vertex  1.279289e+001  1.670711e+001  5.000000e+000
      vertex  1.311732e+001  1.692388e+001  5.000000e+000
    endloop
  endfacet
  facet normal  0.000000e+000  -0.000000e+000  9.999999e-001
    outer loop
      vertex  1.050000e+001  1.700000e+001  5.000000e+000
      vertex  1.311732e+001  1.692388e+001  5.000000e+000
      vertex  1.350000e+001  1.700000e+001  5.000000e+000
    endloop
  endfacet
  facet normal  0.000000e+000  0.000000e+000  9.999999e-001
    outer loop
      vertex  1.600000e+001 -4.300000e+001  5.000000e+000
      vertex  1.450000e+001  1.600000e+001  5.000000e+000
      vertex  1.442388e+001  1.561732e+001  5.000000e+000
    endloop
  endfacet
  facet normal  0.000000e+000  0.000000e+000  1.000000e+000
    outer loop
      vertex  1.600000e+001 -4.300000e+001  5.000000e+000
      vertex  1.442388e+001  1.561732e+001  5.000000e+000
      vertex  1.420711e+001  1.529289e+001  5.000000e+000
    endloop
  endfacet
  facet normal  0.000000e+000  0.000000e+000  1.000000e+000
    outer loop
      vertex  1.600000e+001 -4.300000e+001  5.000000e+000
      vertex  1.420711e+001  1.529289e+001  5.000000e+000
      vertex  1.450000e+001  4.000000e+000  5.000000e+000
    endloop
  endfacet
  facet normal  0.000000e+000  0.000000e+000  1.000000e+000
    outer loop
      vertex  1.600000e+001 -4.300000e+001  5.000000e+000
      vertex  1.450000e+001  4.000000e+000  5.000000e+000
      vertex  1.442388e+001  3.617316e+000  5.000000e+000
    endloop
  endfacet
  facet normal  0.000000e+000  0.000000e+000  1.000000e+000
    outer loop
      vertex  1.600000e+001 -4.300000e+001  5.000000e+000
      vertex  1.442388e+001  3.617316e+000  5.000000e+000
      vertex  1.420711e+001  3.292893e+000  5.000000e+000
    endloop
  endfacet
  facet normal  0.000000e+000  0.000000e+000  1.000000e+000
    outer loop
      vertex  1.600000e+001 -4.300000e+001  5.000000e+000
      vertex  1.420711e+001  3.292893e+000  5.000000e+000
      vertex  1.388268e+001  3.076120e+000  5.000000e+000
    endloop
  endfacet
  facet normal  0.000000e+000  0.000000e+000  1.000000e+000
    outer loop
      vertex  1.600000e+001 -4.300000e+001  5.000000e+000
      vertex  1.388268e+001  3.076120e+000  5.000000e+000
      vertex  1.350000e+001  3.000000e+000  5.000000e+000
    endloop
  endfacet
  facet normal  0.000000e+000  0.000000e+000  1.000000e+000
    outer loop
      vertex  1.600000e+001 -4.300000e+001  5.000000e+000
      vertex  1.350000e+001  3.000000e+000  5.000000e+000
      vertex  1.442388e+001 -3.861732e+001  5.000000e+000
    endloop
  endfacet
  facet normal  0.000000e+000  0.000000e+000  1.000000e+000
    outer loop
      vertex  1.600000e+001 -4.300000e+001  5.000000e+000
      vertex  1.442388e+001 -3.861732e+001  5.000000e+000
      vertex  1.450000e+001 -3.900000e+001  5.000000e+000
    endloop
  endfacet
  facet normal  0.000000e+000  0.000000e+000  9.999999e-001
    outer loop
      vertex  1.600000e+001 -4.300000e+001  5.000000e+000
      vertex  1.450000e+001 -3.900000e+001  5.000000e+000
      vertex  1.442388e+001 -3.938268e+001  5.000000e+000
    endloop
  endfacet
  facet normal  0.000000e+000  0.000000e+000  1.000000e+000
    outer loop
      vertex  1.600000e+001 -4.300000e+001  5.000000e+000
      vertex  1.442388e+001 -3.938268e+001  5.000000e+000
      vertex  1.420711e+001 -3.970711e+001  5.000000e+000
    endloop
  endfacet
  facet normal  0.000000e+000  0.000000e+000  1.000000e+000
    outer loop
      vertex  1.600000e+001 -4.300000e+001  5.000000e+000
      vertex  1.420711e+001 -3.970711e+001  5.000000e+000
      vertex  1.388268e+001 -3.992388e+001  5.000000e+000
    endloop
  endfacet
  facet normal  0.000000e+000  0.000000e+000  1.000000e+000
    outer loop
      vertex  1.600000e+001 -4.300000e+001  5.000000e+000
      vertex  1.388268e+001 -3.992388e+001  5.000000e+000
      vertex  1.350000e+001 -4.000000e+001  5.000000e+000
    endloop
  endfacet
  facet normal  0.000000e+000  0.000000e+000  1.000000e+000
    outer loop
      vertex  1.450000e+001  4.000000e+000  5.000000e+000
      vertex  1.420711e+001  1.529289e+001  5.000000e+000
      vertex  1.388268e+001  1.507612e+001  5.000000e+000
    endloop
  endfacet
  facet normal  0.000000e+000  0.000000e+000  1.000000e+000
    outer loop
      vertex  1.450000e+001  4.000000e+000  5.000000e+000
      vertex  1.388268e+001  1.507612e+001  5.000000e+000
      vertex  1.350000e+001  1.500000e+001  5.000000e+000
    endloop
  endfacet
  facet normal  0.000000e+000  0.000000e+000  1.000000e+000
    outer loop
      vertex  1.450000e+001  4.000000e+000  5.000000e+000
      vertex  1.350000e+001  1.500000e+001  5.000000e+000
      vertex  1.442388e+001  4.382683e+000  5.000000e+000
    endloop
  endfacet
  facet normal  -0.000000e+000  0.000000e+000  1.000000e+000
    outer loop
      vertex  1.600000e+001  2.000000e+001  5.000000e+000
      vertex  1.350000e+001  1.700000e+001  5.000000e+000
      vertex  1.388268e+001  1.692388e+001  5.000000e+000
    endloop
  endfacet
  facet normal  -0.000000e+000  0.000000e+000  1.000000e+000
    outer loop
      vertex  1.600000e+001  2.000000e+001  5.000000e+000
      vertex  1.388268e+001  1.692388e+001  5.000000e+000
      vertex  1.420711e+001  1.670711e+001  5.000000e+000
    endloop
  endfacet
  facet normal  -0.000000e+000  0.000000e+000  1.000000e+000
    outer loop
      vertex  1.600000e+001  2.000000e+001  5.000000e+000
      vertex  1.420711e+001  1.670711e+001  5.000000e+000
      vertex  1.442388e+001  1.638268e+001  5.000000e+000
    endloop
  endfacet
  facet normal  -0.000000e+000  0.000000e+000  9.999999e-001
    outer loop
      vertex  1.600000e+001  2.000000e+001  5.000000e+000
      vertex  1.442388e+001  1.638268e+001  5.000000e+000
      vertex  1.450000e+001  1.600000e+001  5.000000e+000
    endloop
  endfacet
  facet normal  -0.000000e+000  0.000000e+000  9.999999e-001
    outer loop
      vertex  1.600000e+001  2.000000e+001  5.000000e+000
      vertex  1.450000e+001  1.600000e+001  5.000000e+000
      vertex  1.600000e+001 -4.300000e+001  5.000000e+000
    endloop
  endfacet
  facet normal  -0.000000e+000  -0.000000e+000 -1.000000e+000
    outer loop
      vertex -1.450000e+001  4.000000e+000 -2.000000e+000
      vertex -1.442388e+001  3.617316e+000 -2.000000e+000
      vertex -1.350000e+001 -3.800000e+001 -2.000000e+000
    endloop
  endfacet
  facet normal  -0.000000e+000  -0.000000e+000 -1.000000e+000
    outer loop
      vertex -1.442388e+001  3.617316e+000 -2.000000e+000
      vertex -1.420711e+001  3.292893e+000 -2.000000e+000
      vertex -1.350000e+001 -3.800000e+001 -2.000000e+000
    endloop
  endfacet
  facet normal  -0.000000e+000  -0.000000e+000 -1.000000e+000
    outer loop
      vertex -1.420711e+001  3.292893e+000 -2.000000e+000
      vertex -1.388268e+001  3.076120e+000 -2.000000e+000
      vertex -1.350000e+001 -3.800000e+001 -2.000000e+000
    endloop
  endfacet
  facet normal  -0.000000e+000  -0.000000e+000 -1.000000e+000
    outer loop
      vertex -1.388268e+001  3.076120e+000 -2.000000e+000
      vertex -1.350000e+001  3.000000e+000 -2.000000e+000
      vertex -1.350000e+001 -3.800000e+001 -2.000000e+000
    endloop
  endfacet
  facet normal  -0.000000e+000  -0.000000e+000 -1.000000e+000
    outer loop
      vertex -1.442388e+001  1.561732e+001 -2.000000e+000
      vertex -1.420711e+001  1.529289e+001 -2.000000e+000
      vertex -1.350000e+001  5.000000e+000 -2.000000e+000
    endloop
  endfacet
  facet normal  -0.000000e+000  -0.000000e+000 -1.000000e+000
    outer loop
      vertex -1.420711e+001  1.529289e+001 -2.000000e+000
      vertex -1.388268e+001  1.507612e+001 -2.000000e+000
      vertex -1.350000e+001  5.000000e+000 -2.000000e+000
    endloop
  endfacet
  facet normal  -0.000000e+000  -0.000000e+000 -9.999999e-001
    outer loop
      vertex -1.388268e+001  1.507612e+001 -2.000000e+000
      vertex -1.350000e+001  1.500000e+001 -2.000000e+000
      vertex -1.350000e+001  5.000000e+000 -2.000000e+000
    endloop
  endfacet
  facet normal  -0.000000e+000  -0.000000e+000 -1.000000e+000
    outer loop
      vertex  1.250000e+001  4.000000e+000 -2.000000e+000
      vertex  1.257612e+001  3.617316e+000 -2.000000e+000
      vertex  1.350000e+001 -3.800000e+001 -2.000000e+000
    endloop
  endfacet
  facet normal  -0.000000e+000  -0.000000e+000 -1.000000e+000
    outer loop
      vertex  1.257612e+001  3.617316e+000 -2.000000e+000
      vertex  1.279289e+001  3.292893e+000 -2.000000e+000
      vertex  1.350000e+001 -3.800000e+001 -2.000000e+000
    endloop
  endfacet
  facet normal  -0.000000e+000  -0.000000e+000 -1.000000e+000
    outer loop
      vertex  1.279289e+001  3.292893e+000 -2.000000e+000
      vertex  1.311732e+001  3.076120e+000 -2.000000e+000
      vertex  1.350000e+001 -3.800000e+001 -2.000000e+000
    endloop
  endfacet
  facet normal  -0.000000e+000  -0.000000e+000 -1.000000e+000
    outer loop
      vertex  1.311732e+001  3.076120e+000 -2.000000e+000
      vertex  1.350000e+001  3.000000e+000 -2.000000e+000
      vertex  1.350000e+001 -3.800000e+001 -2.000000e+000
    endloop
  endfacet
  facet normal  -0.000000e+000  -0.000000e+000 -1.000000e+000
    outer loop
      vertex  1.279289e+001  1.529289e+001 -2.000000e+000
      vertex  1.311732e+001  1.507612e+001 -2.000000e+000
      vertex  1.350000e+001  5.000000e+000 -2.000000e+000
    endloop
  endfacet
  facet normal  -0.000000e+000  -0.000000e+000 -9.999999e-001
    outer loop
      vertex  1.311732e+001  1.507612e+001 -2.000000e+000
      vertex  1.350000e+001  1.500000e+001 -2.000000e+000
      vertex  1.350000e+001  5.000000e+000 -2.000000e+000
    endloop
  endfacet
  facet normal  0.000000e+000  0.000000e+000 -1.000000e+000
    outer loop
      vertex -1.250000e+001  4.000000e+000 -2.000000e+000
      vertex -1.350000e+001 -3.800000e+001 -2.000000e+000
      vertex -1.257612e+001  3.617316e+000 -2.000000e+000
    endloop
  endfacet
  facet normal  0.000000e+000  0.000000e+000 -1.000000e+000
    outer loop
      vertex -1.257612e+001  3.617316e+000 -2.000000e+000
      vertex -1.350000e+001 -3.800000e+001 -2.000000e+000
      vertex -1.279289e+001  3.292893e+000 -2.000000e+000
    endloop
  endfacet
  facet normal  0.000000e+000  0.000000e+000 -1.000000e+000
    outer loop
      vertex -1.279289e+001  3.292893e+000 -2.000000e+000
      vertex -1.350000e+001 -3.800000e+001 -2.000000e+000
      vertex -1.311732e+001  3.076120e+000 -2.000000e+000
    endloop
  endfacet
  facet normal  0.000000e+000  0.000000e+000 -1.000000e+000
    outer loop
      vertex -1.311732e+001  3.076120e+000 -2.000000e+000
      vertex -1.350000e+001 -3.800000e+001 -2.000000e+000
      vertex -1.350000e+001  3.000000e+000 -2.000000e+000
    endloop
  endfacet
  facet normal  0.000000e+000  0.000000e+000 -1.000000e+000
    outer loop
      vertex -1.279289e+001  1.529289e+001 -2.000000e+000
      vertex -1.350000e+001  5.000000e+000 -2.000000e+000
      vertex -1.311732e+001  1.507612e+001 -2.000000e+000
    endloop
  endfacet
  facet normal  0.000000e+000  0.000000e+000 -9.999999e-001
    outer loop
      vertex -1.311732e+001  1.507612e+001 -2.000000e+000
      vertex -1.350000e+001  5.000000e+000 -2.000000e+000
      vertex -1.350000e+001  1.500000e+001 -2.000000e+000
    endloop
  endfacet
  facet normal  0.000000e+000  0.000000e+000 -1.000000e+000
    outer loop
      vertex  1.450000e+001  4.000000e+000 -2.000000e+000
      vertex  1.350000e+001 -3.800000e+001 -2.000000e+000
      vertex  1.442388e+001  3.617316e+000 -2.000000e+000
    endloop
  endfacet
  facet normal  0.000000e+000  0.000000e+000 -1.000000e+000
    outer loop
      vertex  1.442388e+001  3.617316e+000 -2.000000e+000
      vertex  1.350000e+001 -3.800000e+001 -2.000000e+000
      vertex  1.420711e+001  3.292893e+000 -2.000000e+000
    endloop
  endfacet
  facet normal  0.000000e+000  0.000000e+000 -1.000000e+000
    outer loop
      vertex  1.420711e+001  3.292893e+000 -2.000000e+000
      vertex  1.350000e+001 -3.800000e+001 -2.000000e+000
      vertex  1.388268e+001  3.076120e+000 -2.000000e+000
    endloop
  endfacet
  facet normal  0.000000e+000  0.000000e+000 -1.000000e+000
    outer loop
      vertex  1.388268e+001  3.076120e+000 -2.000000e+000
      vertex  1.350000e+001 -3.800000e+001 -2.000000e+000
      vertex  1.350000e+001  3.000000e+000 -2.000000e+000
    endloop
  endfacet
  facet normal  0.000000e+000  0.000000e+000 -1.000000e+000
    outer loop
      vertex  1.442388e+001  1.561732e+001 -2.000000e+000
      vertex  1.350000e+001  5.000000e+000 -2.000000e+000
      vertex  1.420711e+001  1.529289e+001 -2.000000e+000
    endloop
  endfacet
  facet normal  0.000000e+000  0.000000e+000 -1.000000e+000
    outer loop
      vertex  1.420711e+001  1.529289e+001 -2.000000e+000
      vertex  1.350000e+001  5.000000e+000 -2.000000e+000
      vertex  1.388268e+001  1.507612e+001 -2.000000e+000
    endloop
  endfacet
  facet normal  0.000000e+000  0.000000e+000 -9.999999e-001
    outer loop
      vertex  1.388268e+001  1.507612e+001 -2.000000e+000
      vertex  1.350000e+001  5.000000e+000 -2.000000e+000
      vertex  1.350000e+001  1.500000e+001 -2.000000e+000
    endloop
  endfacet
  facet normal  0.000000e+000  0.000000e+000 -9.999999e-001
    outer loop
      vertex -1.600000e+001 -4.300000e+001 -2.000000e+000
      vertex -1.600000e+001  2.000000e+001 -2.000000e+000
      vertex -1.450000e+001 -3.900000e+001 -2.000000e+000
    endloop
  endfacet
  facet normal  0.000000e+000  -0.000000e+000 -9.999999e-001
    outer loop
      vertex -1.600000e+001 -4.300000e+001 -2.000000e+000
      vertex -1.450000e+001 -3.900000e+001 -2.000000e+000
      vertex -1.442388e+001 -3.938268e+001 -2.000000e+000
    endloop
  endfacet
  facet normal  0.000000e+000  -0.000000e+000 -1.000000e+000
    outer loop
      vertex -1.600000e+001 -4.300000e+001 -2.000000e+000
      vertex -1.442388e+001 -3.938268e+001 -2.000000e+000
      vertex -1.420711e+001 -3.970711e+001 -2.000000e+000
    endloop
  endfacet
  facet normal  0.000000e+000  -0.000000e+000 -1.000000e+000
    outer loop
      vertex -1.600000e+001 -4.300000e+001 -2.000000e+000
      vertex -1.420711e+001 -3.970711e+001 -2.000000e+000
      vertex -1.388268e+001 -3.992388e+001 -2.000000e+000
    endloop
  endfacet
  facet normal  0.000000e+000  -0.000000e+000 -1.000000e+000
    outer loop
      vertex -1.600000e+001 -4.300000e+001 -2.000000e+000
      vertex -1.388268e+001 -3.992388e+001 -2.000000e+000
      vertex -1.350000e+001 -4.000000e+001 -2.000000e+000
    endloop
  endfacet
  facet normal  0.000000e+000  -0.000000e+000 -1.000000e+000
    outer loop
      vertex -1.600000e+001 -4.300000e+001 -2.000000e+000
      vertex -1.350000e+001 -4.000000e+001 -2.000000e+000
      vertex -1.000000e+001 -4.300000e+001 -2.000000e+000
    endloop
  endfacet
  facet normal  0.000000e+000  0.000000e+000 -1.000000e+000
    outer loop
      vertex  1.000000e+001 -4.300000e+001 -2.000000e+000
      vertex  1.000000e+001  1.800000e+001 -2.000000e+000
      vertex  1.250000e+001 -3.900000e+001 -2.000000e+000
    endloop
  endfacet
  facet normal  0.000000e+000  -0.000000e+000 -1.000000e+000
    outer loop
      vertex  1.000000e+001 -4.300000e+001 -2.000000e+000
      vertex  1.250000e+001 -3.900000e+001 -2.000000e+000
      vertex  1.257612e+001 -3.938268e+001 -2.000000e+000
    endloop
  endfacet
  facet normal  0.000000e+000  -0.000000e+000 -1.000000e+000
    outer loop
      vertex  1.000000e+001 -4.300000e+001 -2.000000e+000
      vertex  1.257612e+001 -3.938268e+001 -2.000000e+000
      vertex  1.279289e+001 -3.970711e+001 -2.000000e+000
    endloop
  endfacet
  facet normal  0.000000e+000  -0.000000e+000 -1.000000e+000
    outer loop
      vertex  1.000000e+001 -4.300000e+001 -2.000000e+000
      vertex  1.279289e+001 -3.970711e+001 -2.000000e+000
      vertex  1.311732e+001 -3.992388e+001 -2.000000e+000
    endloop
  endfacet
  facet normal  0.000000e+000  -0.000000e+000 -1.000000e+000
    outer loop
      vertex  1.000000e+001 -4.300000e+001 -2.000000e+000
      vertex  1.311732e+001 -3.992388e+001 -2.000000e+000
      vertex  1.350000e+001 -4.000000e+001 -2.000000e+000
    endloop
  endfacet
  facet normal  0.000000e+000  -0.000000e+000 -1.000000e+000
    outer loop
      vertex  1.000000e+001 -4.300000e+001 -2.000000e+000
      vertex  1.350000e+001 -4.000000e+001 -2.000000e+000
      vertex  1.600000e+001 -4.300000e+001 -2.000000e+000
    endloop
  endfacet
  facet normal  -0.000000e+000  0.000000e+000 -1.000000e+000
    outer loop
      vertex -1.600000e+001  2.000000e+001 -2.000000e+000
      vertex  1.600000e+001  2.000000e+001 -2.000000e+000
      vertex  1.000000e+001  1.800000e+001 -2.000000e+000
    endloop
  endfacet
  facet normal  0.000000e+000  0.000000e+000 -1.000000e+000
    outer loop
      vertex -1.600000e+001  2.000000e+001 -2.000000e+000
      vertex  1.000000e+001  1.800000e+001 -2.000000e+000
      vertex -1.000000e+001  1.800000e+001 -2.000000e+000
    endloop
  endfacet
  facet normal  -0.000000e+000  0.000000e+000 -1.000000e+000
    outer loop
      vertex -1.600000e+001  2.000000e+001 -2.000000e+000
      vertex -1.000000e+001  1.800000e+001 -2.000000e+000
      vertex -1.350000e+001  1.700000e+001 -2.000000e+000
    endloop
  endfacet
  facet normal  -0.000000e+000  0.000000e+000 -1.000000e+000
    outer loop
      vertex -1.600000e+001  2.000000e+001 -2.000000e+000
      vertex -1.350000e+001  1.700000e+001 -2.000000e+000
      vertex -1.388268e+001  1.692388e+001 -2.000000e+000
    endloop
  endfacet
  facet normal  -0.000000e+000  0.000000e+000 -1.000000e+000
    outer loop
      vertex -1.600000e+001  2.000000e+001 -2.000000e+000
      vertex -1.388268e+001  1.692388e+001 -2.000000e+000
      vertex -1.420711e+001  1.670711e+001 -2.000000e+000
    endloop
  endfacet
  facet normal  -0.000000e+000  0.000000e+000 -1.000000e+000
    outer loop
      vertex -1.600000e+001  2.000000e+001 -2.000000e+000
      vertex -1.420711e+001  1.670711e+001 -2.000000e+000
      vertex -1.442388e+001  1.638268e+001 -2.000000e+000
    endloop
  endfacet
  facet normal  -0.000000e+000  0.000000e+000 -9.999999e-001
    outer loop
      vertex -1.600000e+001  2.000000e+001 -2.000000e+000
      vertex -1.442388e+001  1.638268e+001 -2.000000e+000
      vertex -1.450000e+001  1.600000e+001 -2.000000e+000
    endloop
  endfacet
  facet normal  -0.000000e+000  -0.000000e+000 -1.000000e+000
    outer loop
      vertex -1.600000e+001  2.000000e+001 -2.000000e+000
      vertex -1.450000e+001  1.600000e+001 -2.000000e+000
      vertex -1.442388e+001  1.561732e+001 -2.000000e+000
    endloop
  endfacet
  facet normal  -0.000000e+000  -0.000000e+000 -9.999999e-001
    outer loop
      vertex -1.600000e+001  2.000000e+001 -2.000000e+000
      vertex -1.442388e+001  1.561732e+001 -2.000000e+000
      vertex -1.350000e+001  5.000000e+000 -2.000000e+000
    endloop
  endfacet
  facet normal  -0.000000e+000  0.000000e+000 -1.000000e+000
    outer loop
      vertex -1.600000e+001  2.000000e+001 -2.000000e+000
      vertex -1.350000e+001  5.000000e+000 -2.000000e+000
      vertex -1.388268e+001  4.923880e+000 -2.000000e+000
    endloop
  endfacet
  facet normal  -0.000000e+000  0.000000e+000 -1.000000e+000
    outer loop
      vertex -1.600000e+001  2.000000e+001 -2.000000e+000
      vertex -1.388268e+001  4.923880e+000 -2.000000e+000
      vertex -1.420711e+001  4.707107e+000 -2.000000e+000
    endloop
  endfacet
  facet normal  -0.000000e+000  0.000000e+000 -1.000000e+000
    outer loop
      vertex -1.600000e+001  2.000000e+001 -2.000000e+000
      vertex -1.420711e+001  4.707107e+000 -2.000000e+000
      vertex -1.442388e+001  4.382683e+000 -2.000000e+000
    endloop
  endfacet
  facet normal  -0.000000e+000  0.000000e+000 -1.000000e+000
    outer loop
      vertex -1.600000e+001  2.000000e+001 -2.000000e+000
      vertex -1.442388e+001  4.382683e+000 -2.000000e+000
      vertex -1.450000e+001  4.000000e+000 -2.000000e+000
    endloop
  endfacet
  facet normal  -0.000000e+000  -0.000000e+000 -9.999999e-001
    outer loop
      vertex -1.600000e+001  2.000000e+001 -2.000000e+000
      vertex -1.450000e+001  4.000000e+000 -2.000000e+000
      vertex -1.350000e+001 -3.800000e+001 -2.000000e+000
    endloop
  endfacet
  facet normal  -0.000000e+000  0.000000e+000 -1.000000e+000
    outer loop
      vertex -1.600000e+001  2.000000e+001 -2.000000e+000
      vertex -1.350000e+001 -3.800000e+001 -2.000000e+000
      vertex -1.388268e+001 -3.807612e+001 -2.000000e+000
    endloop
  endfacet
  facet normal  -0.000000e+000  0.000000e+000 -1.000000e+000
    outer loop
      vertex -1.600000e+001  2.000000e+001 -2.000000e+000
      vertex -1.388268e+001 -3.807612e+001 -2.000000e+000
      vertex -1.420711e+001 -3.829289e+001 -2.000000e+000
    endloop
  endfacet
  facet normal  -0.000000e+000  0.000000e+000 -1.000000e+000
    outer loop
      vertex -1.600000e+001  2.000000e+001 -2.000000e+000
      vertex -1.420711e+001 -3.829289e+001 -2.000000e+000
      vertex -1.442388e+001 -3.861732e+001 -2.000000e+000
    endloop
  endfacet
  facet normal  -0.000000e+000  0.000000e+000 -1.000000e+000
    outer loop
      vertex -1.600000e+001  2.000000e+001 -2.000000e+000
      vertex -1.442388e+001 -3.861732e+001 -2.000000e+000
      vertex -1.450000e+001 -3.900000e+001 -2.000000e+000
    endloop
  endfacet
  facet normal  0.000000e+000  0.000000e+000 -1.000000e+000
    outer loop
      vertex  1.000000e+001  1.800000e+001 -2.000000e+000
      vertex  1.600000e+001  2.000000e+001 -2.000000e+000
      vertex  1.350000e+001  1.700000e+001 -2.000000e+000
    endloop
  endfacet
  facet normal  -0.000000e+000  0.000000e+000 -1.000000e+000
    outer loop
      vertex  1.000000e+001  1.800000e+001 -2.000000e+000
      vertex  1.350000e+001  1.700000e+001 -2.000000e+000
      vertex  1.311732e+001  1.692388e+001 -2.000000e+000
    endloop
  endfacet
  facet normal  -0.000000e+000  0.000000e+000 -1.000000e+000
    outer loop
      vertex  1.000000e+001  1.800000e+001 -2.000000e+000
      vertex  1.311732e+001  1.692388e+001 -2.000000e+000
      vertex  1.279289e+001  1.670711e+001 -2.000000e+000
    endloop
  endfacet
  facet normal  -0.000000e+000  0.000000e+000 -9.999999e-001
    outer loop
      vertex  1.000000e+001  1.800000e+001 -2.000000e+000
      vertex  1.279289e+001  1.670711e+001 -2.000000e+000
      vertex  1.257612e+001  1.638268e+001 -2.000000e+000
    endloop
  endfacet
  facet normal  -0.000000e+000  0.000000e+000 -1.000000e+000
    outer loop
      vertex  1.000000e+001  1.800000e+001 -2.000000e+000
      vertex  1.257612e+001  1.638268e+001 -2.000000e+000
      vertex  1.250000e+001  1.600000e+001 -2.000000e+000
    endloop
  endfacet
  facet normal  -0.000000e+000  -0.000000e+000 -1.000000e+000
    outer loop
      vertex  1.000000e+001  1.800000e+001 -2.000000e+000
      vertex  1.250000e+001  1.600000e+001 -2.000000e+000
      vertex  1.257612e+001  1.561732e+001 -2.000000e+000
    endloop
  endfacet
  facet normal  -0.000000e+000  -0.000000e+000 -1.000000e+000
    outer loop
      vertex  1.000000e+001  1.800000e+001 -2.000000e+000
      vertex  1.257612e+001  1.561732e+001 -2.000000e+000
      vertex  1.279289e+001  1.529289e+001 -2.000000e+000
    endloop
  endfacet
  facet normal  -0.000000e+000  -0.000000e+000 -1.000000e+000
    outer loop
      vertex  1.000000e+001  1.800000e+001 -2.000000e+000
      vertex  1.279289e+001  1.529289e+001 -2.000000e+000
      vertex  1.350000e+001  5.000000e+000 -2.000000e+000
    endloop
  endfacet
  facet normal  -0.000000e+000  0.000000e+000 -1.000000e+000
    outer loop
      vertex  1.000000e+001  1.800000e+001 -2.000000e+000
      vertex  1.350000e+001  5.000000e+000 -2.000000e+000
      vertex  1.311732e+001  4.923880e+000 -2.000000e+000
    endloop
  endfacet
  facet normal  -0.000000e+000  0.000000e+000 -9.999999e-001
    outer loop
      vertex  1.000000e+001  1.800000e+001 -2.000000e+000
      vertex  1.311732e+001  4.923880e+000 -2.000000e+000
      vertex  1.279289e+001  4.707107e+000 -2.000000e+000
    endloop
  endfacet
  facet normal  -0.000000e+000  0.000000e+000 -1.000000e+000
    outer loop
      vertex  1.000000e+001  1.800000e+001 -2.000000e+000
      vertex  1.279289e+001  4.707107e+000 -2.000000e+000
      vertex  1.257612e+001  4.382683e+000 -2.000000e+000
    endloop
  endfacet
  facet normal  -0.000000e+000  0.000000e+000 -1.000000e+000
    outer loop
      vertex  1.000000e+001  1.800000e+001 -2.000000e+000
      vertex  1.257612e+001  4.382683e+000 -2.000000e+000
      vertex  1.250000e+001  4.000000e+000 -2.000000e+000
    endloop
  endfacet
  facet normal  -0.000000e+000  -0.000000e+000 -1.000000e+000
    outer loop
      vertex  1.000000e+001  1.800000e+001 -2.000000e+000
      vertex  1.250000e+001  4.000000e+000 -2.000000e+000
      vertex  1.350000e+001 -3.800000e+001 -2.000000e+000
    endloop
  endfacet
  facet normal  -0.000000e+000  0.000000e+000 -1.000000e+000
    outer loop
      vertex  1.000000e+001  1.800000e+001 -2.000000e+000
      vertex  1.350000e+001 -3.800000e+001 -2.000000e+000
      vertex  1.311732e+001 -3.807612e+001 -2.000000e+000
    endloop
  endfacet
  facet normal  -0.000000e+000  0.000000e+000 -1.000000e+000
    outer loop
      vertex  1.000000e+001  1.800000e+001 -2.000000e+000
      vertex  1.311732e+001 -3.807612e+001 -2.000000e+000
      vertex  1.279289e+001 -3.829289e+001 -2.000000e+000
    endloop
  endfacet
  facet normal  -0.000000e+000  0.000000e+000 -1.000000e+000
    outer loop
      vertex  1.000000e+001  1.800000e+001 -2.000000e+000
      vertex  1.279289e+001 -3.829289e+001 -2.000000e+000
      vertex  1.257612e+001 -3.861732e+001 -2.000000e+000
    endloop
  endfacet
  facet normal  -0.000000e+000  0.000000e+000 -1.000000e+000
    outer loop
      vertex  1.000000e+001  1.800000e+001 -2.000000e+000
      vertex  1.257612e+001 -3.861732e+001 -2.000000e+000
      vertex  1.250000e+001 -3.900000e+001 -2.000000e+000
    endloop
  endfacet
  facet normal  0.000000e+000  0.000000e+000 -1.000000e+000
    outer loop
      vertex -1.000000e+001  1.800000e+001 -2.000000e+000
      vertex -1.250000e+001 -3.900000e+001 -2.000000e+000
      vertex -1.257612e+001 -3.861732e+001 -2.000000e+000
    endloop
  endfacet
  facet normal  0.000000e+000  0.000000e+000 -1.000000e+000
    outer loop
      vertex -1.000000e+001  1.800000e+001 -2.000000e+000
      vertex -1.257612e+001 -3.861732e+001 -2.000000e+000
      vertex -1.279289e+001 -3.829289e+001 -2.000000e+000
    endloop
  endfacet
  facet normal  0.000000e+000  0.000000e+000 -1.000000e+000
    outer loop
      vertex -1.000000e+001  1.800000e+001 -2.000000e+000
      vertex -1.279289e+001 -3.829289e+001 -2.000000e+000
      vertex -1.311732e+001 -3.807612e+001 -2.000000e+000
    endloop
  endfacet
  facet normal  0.000000e+000  0.000000e+000 -1.000000e+000
    outer loop
      vertex -1.000000e+001  1.800000e+001 -2.000000e+000
      vertex -1.311732e+001 -3.807612e+001 -2.000000e+000
      vertex -1.350000e+001 -3.800000e+001 -2.000000e+000
    endloop
  endfacet
  facet normal  0.000000e+000  0.000000e+000 -1.000000e+000
    outer loop
      vertex -1.000000e+001  1.800000e+001 -2.000000e+000
      vertex -1.350000e+001 -3.800000e+001 -2.000000e+000
      vertex -1.250000e+001  4.000000e+000 -2.000000e+000
    endloop
  endfacet
  facet normal  0.000000e+000  0.000000e+000 -1.000000e+000
    outer loop
      vertex -1.000000e+001  1.800000e+001 -2.000000e+000
      vertex -1.250000e+001  4.000000e+000 -2.000000e+000
      vertex -1.257612e+001  4.382683e+000 -2.000000e+000
    endloop
  endfacet
  facet normal  0.000000e+000  0.000000e+000 -1.000000e+000
    outer loop
      vertex -1.000000e+001  1.800000e+001 -2.000000e+000
      vertex -1.257612e+001  4.382683e+000 -2.000000e+000
      vertex -1.279289e+001  4.707107e+000 -2.000000e+000
    endloop
  endfacet
  facet normal  0.000000e+000  0.000000e+000 -1.000000e+000
    outer loop
      vertex -1.000000e+001  1.800000e+001 -2.000000e+000
      vertex -1.279289e+001  4.707107e+000 -2.000000e+000
      vertex -1.311732e+001  4.923880e+000 -2.000000e+000
    endloop
  endfacet
  facet normal  0.000000e+000  0.000000e+000 -1.000000e+000
    outer loop
      vertex -1.000000e+001  1.800000e+001 -2.000000e+000
      vertex -1.311732e+001  4.923880e+000 -2.000000e+000
      vertex -1.350000e+001  5.000000e+000 -2.000000e+000
    endloop
  endfacet
  facet normal  0.000000e+000  0.000000e+000 -1.000000e+000
    outer loop
      vertex -1.000000e+001  1.800000e+001 -2.000000e+000
      vertex -1.350000e+001  5.000000e+000 -2.000000e+000
      vertex -1.279289e+001  1.529289e+001 -2.000000e+000
    endloop
  endfacet
  facet normal  0.000000e+000  0.000000e+000 -1.000000e+000
    outer loop
      vertex -1.000000e+001  1.800000e+001 -2.000000e+000
      vertex -1.279289e+001  1.529289e+001 -2.000000e+000
      vertex -1.257612e+001  1.561732e+001 -2.000000e+000
    endloop
  endfacet
  facet normal  0.000000e+000  0.000000e+000 -1.000000e+000
    outer loop
      vertex -1.000000e+001  1.800000e+001 -2.000000e+000
      vertex -1.257612e+001  1.561732e+001 -2.000000e+000
      vertex -1.250000e+001  1.600000e+001 -2.000000e+000
    endloop
  endfacet
  facet normal  0.000000e+000  0.000000e+000 -1.000000e+000
    outer loop
      vertex -1.000000e+001  1.800000e+001 -2.000000e+000
      vertex -1.250000e+001  1.600000e+001 -2.000000e+000
      vertex -1.257612e+001  1.638268e+001 -2.000000e+000
    endloop
  endfacet
  facet normal  0.000000e+000  0.000000e+000 -9.999999e-001
    outer loop
      vertex -1.000000e+001  1.800000e+001 -2.000000e+000
      vertex -1.257612e+001  1.638268e+001 -2.000000e+000
      vertex -1.279289e+001  1.670711e+001 -2.000000e+000
    endloop
  endfacet
  facet normal  0.000000e+000  0.000000e+000 -1.000000e+000
    outer loop
      vertex -1.000000e+001  1.800000e+001 -2.000000e+000
      vertex -1.279289e+001  1.670711e+001 -2.000000e+000
      vertex -1.311732e+001  1.692388e+001 -2.000000e+000
    endloop
  endfacet
  facet normal  0.000000e+000  0.000000e+000 -1.000000e+000
    outer loop
      vertex -1.000000e+001  1.800000e+001 -2.000000e+000
      vertex -1.311732e+001  1.692388e+001 -2.000000e+000
      vertex -1.350000e+001  1.700000e+001 -2.000000e+000
    endloop
  endfacet
  facet normal  0.000000e+000  0.000000e+000 -1.000000e+000
    outer loop
      vertex -1.000000e+001 -4.300000e+001 -2.000000e+000
      vertex -1.350000e+001 -4.000000e+001 -2.000000e+000
      vertex -1.311732e+001 -3.992388e+001 -2.000000e+000
    endloop
  endfacet
  facet normal  0.000000e+000  0.000000e+000 -1.000000e+000
    outer loop
      vertex -1.000000e+001 -4.300000e+001 -2.000000e+000
      vertex -1.311732e+001 -3.992388e+001 -2.000000e+000
      vertex -1.279289e+001 -3.970711e+001 -2.000000e+000
    endloop
  endfacet
  facet normal  0.000000e+000  0.000000e+000 -1.000000e+000
    outer loop
      vertex -1.000000e+001 -4.300000e+001 -2.000000e+000
      vertex -1.279289e+001 -3.970711e+001 -2.000000e+000
      vertex -1.257612e+001 -3.938268e+001 -2.000000e+000
    endloop
  endfacet
  facet normal  0.000000e+000  0.000000e+000 -1.000000e+000
    outer loop
      vertex -1.000000e+001 -4.300000e+001 -2.000000e+000
      vertex -1.257612e+001 -3.938268e+001 -2.000000e+000
      vertex -1.250000e+001 -3.900000e+001 -2.000000e+000
    endloop
  endfacet
  facet normal  0.000000e+000  0.000000e+000 -1.000000e+000
    outer loop
      vertex -1.000000e+001 -4.300000e+001 -2.000000e+000
      vertex -1.250000e+001 -3.900000e+001 -2.000000e+000
      vertex -1.000000e+001  1.800000e+001 -2.000000e+000
    endloop
  endfacet
  facet normal  0.000000e+000  0.000000e+000 -1.000000e+000
    outer loop
      vertex  1.600000e+001  2.000000e+001 -2.000000e+000
      vertex  1.450000e+001 -3.900000e+001 -2.000000e+000
      vertex  1.442388e+001 -3.861732e+001 -2.000000e+000
    endloop
  endfacet
  facet normal  0.000000e+000  0.000000e+000 -1.000000e+000
    outer loop
      vertex  1.600000e+001  2.000000e+001 -2.000000e+000
      vertex  1.442388e+001 -3.861732e+001 -2.000000e+000
      vertex  1.420711e+001 -3.829289e+001 -2.000000e+000
    endloop
  endfacet
  facet normal  0.000000e+000  0.000000e+000 -1.000000e+000
    outer loop
      vertex  1.600000e+001  2.000000e+001 -2.000000e+000
      vertex  1.420711e+001 -3.829289e+001 -2.000000e+000
      vertex  1.388268e+001 -3.807612e+001 -2.000000e+000
    endloop
  endfacet
  facet normal  0.000000e+000  0.000000e+000 -1.000000e+000
    outer loop
      vertex  1.600000e+001  2.000000e+001 -2.000000e+000
      vertex  1.388268e+001 -3.807612e+001 -2.000000e+000
      vertex  1.350000e+001 -3.800000e+001 -2.000000e+000
    endloop
  endfacet
  facet normal  0.000000e+000  0.000000e+000 -9.999999e-001
    outer loop
      vertex  1.600000e+001  2.000000e+001 -2.000000e+000
      vertex  1.350000e+001 -3.800000e+001 -2.000000e+000
      vertex  1.450000e+001  4.000000e+000 -2.000000e+000
    endloop
  endfacet
  facet normal  0.000000e+000  0.000000e+000 -1.000000e+000
    outer loop
      vertex  1.600000e+001  2.000000e+001 -2.000000e+000
      vertex  1.450000e+001  4.000000e+000 -2.000000e+000
      vertex  1.442388e+001  4.382683e+000 -2.000000e+000
    endloop
  endfacet
  facet normal  0.000000e+000  0.000000e+000 -1.000000e+000
    outer loop
      vertex  1.600000e+001  2.000000e+001 -2.000000e+000
      vertex  1.442388e+001  4.382683e+000 -2.000000e+000
      vertex  1.420711e+001  4.707107e+000 -2.000000e+000
    endloop
  endfacet
  facet normal  0.000000e+000  0.000000e+000 -9.999999e-001
    outer loop
      vertex  1.600000e+001  2.000000e+001 -2.000000e+000
      vertex  1.420711e+001  4.707107e+000 -2.000000e+000
      vertex  1.388268e+001  4.923880e+000 -2.000000e+000
    endloop
  endfacet
  facet normal  0.000000e+000  0.000000e+000 -1.000000e+000
    outer loop
      vertex  1.600000e+001  2.000000e+001 -2.000000e+000
      vertex  1.388268e+001  4.923880e+000 -2.000000e+000
      vertex  1.350000e+001  5.000000e+000 -2.000000e+000
    endloop
  endfacet
  facet normal  0.000000e+000  0.000000e+000 -9.999999e-001
    outer loop
      vertex  1.600000e+001  2.000000e+001 -2.000000e+000
      vertex  1.350000e+001  5.000000e+000 -2.000000e+000
      vertex  1.442388e+001  1.561732e+001 -2.000000e+000
    endloop
  endfacet
  facet normal  0.000000e+000  0.000000e+000 -1.000000e+000
    outer loop
      vertex  1.600000e+001  2.000000e+001 -2.000000e+000
      vertex  1.442388e+001  1.561732e+001 -2.000000e+000
      vertex  1.450000e+001  1.600000e+001 -2.000000e+000
    endloop
  endfacet
  facet normal  0.000000e+000  0.000000e+000 -9.999999e-001
    outer loop
      vertex  1.600000e+001  2.000000e+001 -2.000000e+000
      vertex  1.450000e+001  1.600000e+001 -2.000000e+000
      vertex  1.442388e+001  1.638268e+001 -2.000000e+000
    endloop
  endfacet
  facet normal  0.000000e+000  0.000000e+000 -1.000000e+000
    outer loop
      vertex  1.600000e+001  2.000000e+001 -2.000000e+000
      vertex  1.442388e+001  1.638268e+001 -2.000000e+000
      vertex  1.420711e+001  1.670711e+001 -2.000000e+000
    endloop
  endfacet
  facet normal  0.000000e+000  0.000000e+000 -1.000000e+000
    outer loop
      vertex  1.600000e+001  2.000000e+001 -2.000000e+000
      vertex  1.420711e+001  1.670711e+001 -2.000000e+000
      vertex  1.388268e+001  1.692388e+001 -2.000000e+000
    endloop
  endfacet
  facet normal  0.000000e+000  0.000000e+000 -1.000000e+000
    outer loop
      vertex  1.600000e+001  2.000000e+001 -2.000000e+000
      vertex  1.388268e+001  1.692388e+001 -2.000000e+000
      vertex  1.350000e+001  1.700000e+001 -2.000000e+000
    endloop
  endfacet
  facet normal  0.000000e+000  0.000000e+000 -1.000000e+000
    outer loop
      vertex  1.600000e+001 -4.300000e+001 -2.000000e+000
      vertex  1.350000e+001 -4.000000e+001 -2.000000e+000
      vertex  1.388268e+001 -3.992388e+001 -2.000000e+000
    endloop
  endfacet
  facet normal  0.000000e+000  0.000000e+000 -1.000000e+000
    outer loop
      vertex  1.600000e+001 -4.300000e+001 -2.000000e+000
      vertex  1.388268e+001 -3.992388e+001 -2.000000e+000
      vertex  1.420711e+001 -3.970711e+001 -2.000000e+000
    endloop
  endfacet
  facet normal  0.000000e+000  0.000000e+000 -1.000000e+000
    outer loop
      vertex  1.600000e+001 -4.300000e+001 -2.000000e+000
      vertex  1.420711e+001 -3.970711e+001 -2.000000e+000
      vertex  1.442388e+001 -3.938268e+001 -2.000000e+000
    endloop
  endfacet
  facet normal  0.000000e+000  0.000000e+000 -9.999999e-001
    outer loop
      vertex  1.600000e+001 -4.300000e+001 -2.000000e+000
      vertex  1.442388e+001 -3.938268e+001 -2.000000e+000
      vertex  1.450000e+001 -3.900000e+001 -2.000000e+000
    endloop
  endfacet
  facet normal  0.000000e+000  0.000000e+000 -9.999999e-001
    outer loop
      vertex  1.600000e+001 -4.300000e+001 -2.000000e+000
      vertex  1.450000e+001 -3.900000e+001 -2.000000e+000
      vertex  1.600000e+001  2.000000e+001 -2.000000e+000
    endloop
  endfacet
  facet normal  0.000000e+000  1.000000e+000  0.000000e+000
    outer loop
      vertex -1.600000e+001  2.000000e+001  5.000000e+000
      vertex  1.600000e+001  2.000000e+001  5.000000e+000
      vertex -1.600000e+001  2.000000e+001 -2.000000e+000
    endloop
  endfacet
  facet normal  0.000000e+000  1.000000e+000  0.000000e+000
    outer loop
      vertex -1.600000e+001  2.000000e+001 -2.000000e+000
      vertex  1.600000e+001  2.000000e+001  5.000000e+000
      vertex  1.600000e+001  2.000000e+001 -2.000000e+000
    endloop
  endfacet
  facet normal  0.000000e+000 -1.000000e+000  0.000000e+000
    outer loop
      vertex  1.600000e+001 -4.300000e+001  5.000000e+000
      vertex  1.000000e+001 -4.300000e+001 -2.000000e+000
      vertex  1.600000e+001 -4.300000e+001 -2.000000e+000
    endloop
  endfacet
  facet normal  0.000000e+000 -1.000000e+000  0.000000e+000
    outer loop
      vertex  1.000000e+001 -4.300000e+001 -2.000000e+000
      vertex  1.600000e+001 -4.300000e+001  5.000000e+000
      vertex  1.000000e+001 -4.300000e+001  0.000000e+000
    endloop
  endfacet
  facet normal  0.000000e+000 -1.000000e+000  0.000000e+000
    outer loop
      vertex  1.000000e+001 -4.300000e+001  0.000000e+000
      vertex  1.600000e+001 -4.300000e+001  5.000000e+000
      vertex -1.600000e+001 -4.300000e+001  5.000000e+000
    endloop
  endfacet
  facet normal  0.000000e+000 -1.000000e+000  0.000000e+000
    outer loop
      vertex  1.000000e+001 -4.300000e+001  0.000000e+000
      vertex -1.600000e+001 -4.300000e+001  5.000000e+000
      vertex -1.000000e+001 -4.300000e+001  0.000000e+000
    endloop
  endfacet
  facet normal  -0.000000e+000 -1.000000e+000  0.000000e+000
    outer loop
      vertex -1.000000e+001 -4.300000e+001  0.000000e+000
      vertex -1.600000e+001 -4.300000e+001  5.000000e+000
      vertex -1.600000e+001 -4.300000e+001 -2.000000e+000
    endloop
  endfacet
  facet normal  0.000000e+000 -1.000000e+000  0.000000e+000
    outer loop
      vertex -1.000000e+001 -4.300000e+001  0.000000e+000
      vertex -1.600000e+001 -4.300000e+001 -2.000000e+000
      vertex -1.000000e+001 -4.300000e+001 -2.000000e+000
    endloop
  endfacet
  facet normal -1.950899e-001 -9.807854e-001  0.000000e+000
    outer loop
      vertex  1.350000e+001  1.700000e+001  5.000000e+000
      vertex  1.388268e+001  1.692388e+001 -2.000000e+000
      vertex  1.388268e+001  1.692388e+001  5.000000e+000
    endloop
  endfacet
  facet normal -5.555696e-001 -8.314700e-001  -0.000000e+000
    outer loop
      vertex  1.388268e+001  1.692388e+001  5.000000e+000
      vertex  1.388268e+001  1.692388e+001 -2.000000e+000
      vertex  1.420711e+001  1.670711e+001 -2.000000e+000
    endloop
  endfacet
  facet normal -5.555696e-001 -8.314700e-001  0.000000e+000
    outer loop
      vertex  1.388268e+001  1.692388e+001  5.000000e+000
      vertex  1.420711e+001  1.670711e+001 -2.000000e+000
      vertex  1.420711e+001  1.670711e+001  5.000000e+000
    endloop
  endfacet
  facet normal -8.314704e-001 -5.555691e-001  -0.000000e+000
    outer loop
      vertex  1.420711e+001  1.670711e+001  5.000000e+000
      vertex  1.420711e+001  1.670711e+001 -2.000000e+000
      vertex  1.442388e+001  1.638268e+001 -2.000000e+000
    endloop
  endfacet
  facet normal -8.314704e-001 -5.555691e-001  0.000000e+000
    outer loop
      vertex  1.420711e+001  1.670711e+001  5.000000e+000
      vertex  1.442388e+001  1.638268e+001 -2.000000e+000
      vertex  1.442388e+001  1.638268e+001  5.000000e+000
    endloop
  endfacet
  facet normal -9.807853e-001 -1.950904e-001  -0.000000e+000
    outer loop
      vertex  1.442388e+001  1.638268e+001  5.000000e+000
      vertex  1.442388e+001  1.638268e+001 -2.000000e+000
      vertex  1.450000e+001  1.600000e+001 -2.000000e+000
    endloop
  endfacet
  facet normal -9.807853e-001 -1.950904e-001  0.000000e+000
    outer loop
      vertex  1.442388e+001  1.638268e+001  5.000000e+000
      vertex  1.450000e+001  1.600000e+001 -2.000000e+000
      vertex  1.450000e+001  1.600000e+001  5.000000e+000
    endloop
  endfacet
  facet normal -1.950899e-001 -9.807854e-001  -0.000000e+000
    outer loop
      vertex  1.388268e+001  1.692388e+001 -2.000000e+000
      vertex  1.350000e+001  1.700000e+001  5.000000e+000
      vertex  1.350000e+001  1.700000e+001 -2.000000e+000
    endloop
  endfacet
  facet normal  1.950899e-001 -9.807854e-001  0.000000e+000
    outer loop
      vertex  1.350000e+001  1.700000e+001 -2.000000e+000
      vertex  1.350000e+001  1.700000e+001  5.000000e+000
      vertex  1.311732e+001  1.692388e+001  5.000000e+000
    endloop
  endfacet
  facet normal  1.950899e-001 -9.807854e-001  0.000000e+000
    outer loop
      vertex  1.350000e+001  1.700000e+001 -2.000000e+000
      vertex  1.311732e+001  1.692388e+001  5.000000e+000
      vertex  1.311732e+001  1.692388e+001 -2.000000e+000
    endloop
  endfacet
  facet normal  5.555696e-001 -8.314700e-001  0.000000e+000
    outer loop
      vertex  1.311732e+001  1.692388e+001 -2.000000e+000
      vertex  1.311732e+001  1.692388e+001  5.000000e+000
      vertex  1.279289e+001  1.670711e+001  5.000000e+000
    endloop
  endfacet
  facet normal  5.555696e-001 -8.314700e-001  0.000000e+000
    outer loop
      vertex  1.311732e+001  1.692388e+001 -2.000000e+000
      vertex  1.279289e+001  1.670711e+001  5.000000e+000
      vertex  1.279289e+001  1.670711e+001 -2.000000e+000
    endloop
  endfacet
  facet normal  8.314704e-001 -5.555691e-001  0.000000e+000
    outer loop
      vertex  1.279289e+001  1.670711e+001 -2.000000e+000
      vertex  1.279289e+001  1.670711e+001  5.000000e+000
      vertex  1.257612e+001  1.638268e+001  5.000000e+000
    endloop
  endfacet
  facet normal  8.314704e-001 -5.555691e-001  0.000000e+000
    outer loop
      vertex  1.279289e+001  1.670711e+001 -2.000000e+000
      vertex  1.257612e+001  1.638268e+001  5.000000e+000
      vertex  1.257612e+001  1.638268e+001 -2.000000e+000
    endloop
  endfacet
  facet normal  9.807853e-001 -1.950904e-001  0.000000e+000
    outer loop
      vertex  1.257612e+001  1.638268e+001 -2.000000e+000
      vertex  1.257612e+001  1.638268e+001  5.000000e+000
      vertex  1.250000e+001  1.600000e+001  5.000000e+000
    endloop
  endfacet
  facet normal  9.807853e-001 -1.950904e-001  0.000000e+000
    outer loop
      vertex  1.257612e+001  1.638268e+001 -2.000000e+000
      vertex  1.250000e+001  1.600000e+001  5.000000e+000
      vertex  1.250000e+001  1.600000e+001 -2.000000e+000
    endloop
  endfacet
  facet normal  1.950899e-001  9.807854e-001  -0.000000e+000
    outer loop
      vertex  1.350000e+001  1.500000e+001  5.000000e+000
      vertex  1.311732e+001  1.507612e+001 -2.000000e+000
      vertex  1.311732e+001  1.507612e+001  5.000000e+000
    endloop
  endfacet
  facet normal  5.555714e-001  8.314689e-001  0.000000e+000
    outer loop
      vertex  1.311732e+001  1.507612e+001  5.000000e+000
      vertex  1.311732e+001  1.507612e+001 -2.000000e+000
      vertex  1.279289e+001  1.529289e+001 -2.000000e+000
    endloop
  endfacet
  facet normal  5.555714e-001  8.314689e-001  -0.000000e+000
    outer loop
      vertex  1.311732e+001  1.507612e+001  5.000000e+000
      vertex  1.279289e+001  1.529289e+001 -2.000000e+000
      vertex  1.279289e+001  1.529289e+001  5.000000e+000
    endloop
  endfacet
  facet normal  8.314689e-001  5.555714e-001  0.000000e+000
    outer loop
      vertex  1.279289e+001  1.529289e+001  5.000000e+000
      vertex  1.279289e+001  1.529289e+001 -2.000000e+000
      vertex  1.257612e+001  1.561732e+001 -2.000000e+000
    endloop
  endfacet
  facet normal  8.314689e-001  5.555714e-001  -0.000000e+000
    outer loop
      vertex  1.279289e+001  1.529289e+001  5.000000e+000
      vertex  1.257612e+001  1.561732e+001 -2.000000e+000
      vertex  1.257612e+001  1.561732e+001  5.000000e+000
    endloop
  endfacet
  facet normal  9.807854e-001  1.950899e-001  0.000000e+000
    outer loop
      vertex  1.257612e+001  1.561732e+001  5.000000e+000
      vertex  1.257612e+001  1.561732e+001 -2.000000e+000
      vertex  1.250000e+001  1.600000e+001 -2.000000e+000
    endloop
  endfacet
  facet normal  9.807854e-001  1.950899e-001  -0.000000e+000
    outer loop
      vertex  1.257612e+001  1.561732e+001  5.000000e+000
      vertex  1.250000e+001  1.600000e+001 -2.000000e+000
      vertex  1.250000e+001  1.600000e+001  5.000000e+000
    endloop
  endfacet
  facet normal  1.950899e-001  9.807854e-001  0.000000e+000
    outer loop
      vertex  1.311732e+001  1.507612e+001 -2.000000e+000
      vertex  1.350000e+001  1.500000e+001  5.000000e+000
      vertex  1.350000e+001  1.500000e+001 -2.000000e+000
    endloop
  endfacet
  facet normal -1.950899e-001  9.807854e-001  0.000000e+000
    outer loop
      vertex  1.350000e+001  1.500000e+001 -2.000000e+000
      vertex  1.350000e+001  1.500000e+001  5.000000e+000
      vertex  1.388268e+001  1.507612e+001  5.000000e+000
    endloop
  endfacet
  facet normal -1.950899e-001  9.807854e-001  0.000000e+000
    outer loop
      vertex  1.350000e+001  1.500000e+001 -2.000000e+000
      vertex  1.388268e+001  1.507612e+001  5.000000e+000
      vertex  1.388268e+001  1.507612e+001 -2.000000e+000
    endloop
  endfacet
  facet normal -5.555714e-001  8.314689e-001  0.000000e+000
    outer loop
      vertex  1.388268e+001  1.507612e+001 -2.000000e+000
      vertex  1.388268e+001  1.507612e+001  5.000000e+000
      vertex  1.420711e+001  1.529289e+001  5.000000e+000
    endloop
  endfacet
  facet normal -5.555714e-001  8.314689e-001  0.000000e+000
    outer loop
      vertex  1.388268e+001  1.507612e+001 -2.000000e+000
      vertex  1.420711e+001  1.529289e+001  5.000000e+000
      vertex  1.420711e+001  1.529289e+001 -2.000000e+000
    endloop
  endfacet
  facet normal -8.314689e-001  5.555714e-001  0.000000e+000
    outer loop
      vertex  1.420711e+001  1.529289e+001 -2.000000e+000
      vertex  1.420711e+001  1.529289e+001  5.000000e+000
      vertex  1.442388e+001  1.561732e+001  5.000000e+000
    endloop
  endfacet
  facet normal -8.314689e-001  5.555714e-001  0.000000e+000
    outer loop
      vertex  1.420711e+001  1.529289e+001 -2.000000e+000
      vertex  1.442388e+001  1.561732e+001  5.000000e+000
      vertex  1.442388e+001  1.561732e+001 -2.000000e+000
    endloop
  endfacet
  facet normal -9.807854e-001  1.950899e-001  0.000000e+000
    outer loop
      vertex  1.442388e+001  1.561732e+001 -2.000000e+000
      vertex  1.442388e+001  1.561732e+001  5.000000e+000
      vertex  1.450000e+001  1.600000e+001  5.000000e+000
    endloop
  endfacet
  facet normal -9.807854e-001  1.950899e-001  0.000000e+000
    outer loop
      vertex  1.442388e+001  1.561732e+001 -2.000000e+000
      vertex  1.450000e+001  1.600000e+001  5.000000e+000
      vertex  1.450000e+001  1.600000e+001 -2.000000e+000
    endloop
  endfacet
  facet normal -1.950899e-001 -9.807854e-001  0.000000e+000
    outer loop
      vertex  1.350000e+001  5.000000e+000  5.000000e+000
      vertex  1.388268e+001  4.923880e+000 -2.000000e+000
      vertex  1.388268e+001  4.923880e+000  5.000000e+000
    endloop
  endfacet
  facet normal -5.555714e-001 -8.314689e-001  -0.000000e+000
    outer loop
      vertex  1.388268e+001  4.923880e+000  5.000000e+000
      vertex  1.388268e+001  4.923880e+000 -2.000000e+000
      vertex  1.420711e+001  4.707107e+000 -2.000000e+000
    endloop
  endfacet
  facet normal -5.555714e-001 -8.314689e-001  0.000000e+000
    outer loop
      vertex  1.388268e+001  4.923880e+000  5.000000e+000
      vertex  1.420711e+001  4.707107e+000 -2.000000e+000
      vertex  1.420711e+001  4.707107e+000  5.000000e+000
    endloop
  endfacet
  facet normal -8.314693e-001 -5.555708e-001  -0.000000e+000
    outer loop
      vertex  1.420711e+001  4.707107e+000  5.000000e+000
      vertex  1.420711e+001  4.707107e+000 -2.000000e+000
      vertex  1.442388e+001  4.382683e+000 -2.000000e+000
    endloop
  endfacet
  facet normal -8.314693e-001 -5.555708e-001  0.000000e+000
    outer loop
      vertex  1.420711e+001  4.707107e+000  5.000000e+000
      vertex  1.442388e+001  4.382683e+000 -2.000000e+000
      vertex  1.442388e+001  4.382683e+000  5.000000e+000
    endloop
  endfacet
  facet normal -9.807853e-001 -1.950902e-001  -0.000000e+000
    outer loop
      vertex  1.442388e+001  4.382683e+000  5.000000e+000
      vertex  1.442388e+001  4.382683e+000 -2.000000e+000
      vertex  1.450000e+001  4.000000e+000 -2.000000e+000
    endloop
  endfacet
  facet normal -9.807853e-001 -1.950902e-001  0.000000e+000
    outer loop
      vertex  1.442388e+001  4.382683e+000  5.000000e+000
      vertex  1.450000e+001  4.000000e+000 -2.000000e+000
      vertex  1.450000e+001  4.000000e+000  5.000000e+000
    endloop
  endfacet
  facet normal -1.950899e-001 -9.807854e-001  -0.000000e+000
    outer loop
      vertex  1.388268e+001  4.923880e+000 -2.000000e+000
      vertex  1.350000e+001  5.000000e+000  5.000000e+000
      vertex  1.350000e+001  5.000000e+000 -2.000000e+000
    endloop
  endfacet
  facet normal  1.950899e-001 -9.807854e-001  0.000000e+000
    outer loop
      vertex  1.350000e+001  5.000000e+000 -2.000000e+000
      vertex  1.350000e+001  5.000000e+000  5.000000e+000
      vertex  1.311732e+001  4.923880e+000  5.000000e+000
    endloop
  endfacet
  facet normal  1.950899e-001 -9.807854e-001  0.000000e+000
    outer loop
      vertex  1.350000e+001  5.000000e+000 -2.000000e+000
      vertex  1.311732e+001  4.923880e+000  5.000000e+000
      vertex  1.311732e+001  4.923880e+000 -2.000000e+000
    endloop
  endfacet
  facet normal  5.555714e-001 -8.314689e-001  0.000000e+000
    outer loop
      vertex  1.311732e+001  4.923880e+000 -2.000000e+000
      vertex  1.311732e+001  4.923880e+000  5.000000e+000
      vertex  1.279289e+001  4.707107e+000  5.000000e+000
    endloop
  endfacet
  facet normal  5.555714e-001 -8.314689e-001  0.000000e+000
    outer loop
      vertex  1.311732e+001  4.923880e+000 -2.000000e+000
      vertex  1.279289e+001  4.707107e+000  5.000000e+000
      vertex  1.279289e+001  4.707107e+000 -2.000000e+000
    endloop
  endfacet
  facet normal  8.314693e-001 -5.555708e-001  0.000000e+000
    outer loop
      vertex  1.279289e+001  4.707107e+000 -2.000000e+000
      vertex  1.279289e+001  4.707107e+000  5.000000e+000
      vertex  1.257612e+001  4.382683e+000  5.000000e+000
    endloop
  endfacet
  facet normal  8.314693e-001 -5.555708e-001  0.000000e+000
    outer loop
      vertex  1.279289e+001  4.707107e+000 -2.000000e+000
      vertex  1.257612e+001  4.382683e+000  5.000000e+000
      vertex  1.257612e+001  4.382683e+000 -2.000000e+000
    endloop
  endfacet
  facet normal  9.807853e-001 -1.950902e-001  0.000000e+000
    outer loop
      vertex  1.257612e+001  4.382683e+000 -2.000000e+000
      vertex  1.257612e+001  4.382683e+000  5.000000e+000
      vertex  1.250000e+001  4.000000e+000  5.000000e+000
    endloop
  endfacet
  facet normal  9.807853e-001 -1.950902e-001  0.000000e+000
    outer loop
      vertex  1.257612e+001  4.382683e+000 -2.000000e+000
      vertex  1.250000e+001  4.000000e+000  5.000000e+000
      vertex  1.250000e+001  4.000000e+000 -2.000000e+000
    endloop
  endfacet
  facet normal  1.950899e-001  9.807854e-001  -0.000000e+000
    outer loop
      vertex  1.350000e+001  3.000000e+000  5.000000e+000
      vertex  1.311732e+001  3.076120e+000 -2.000000e+000
      vertex  1.311732e+001  3.076120e+000  5.000000e+000
    endloop
  endfacet
  facet normal  5.555709e-001  8.314692e-001  0.000000e+000
    outer loop
      vertex  1.311732e+001  3.076120e+000  5.000000e+000
      vertex  1.311732e+001  3.076120e+000 -2.000000e+000
      vertex  1.279289e+001  3.292893e+000 -2.000000e+000
    endloop
  endfacet
  facet normal  5.555709e-001  8.314692e-001  -0.000000e+000
    outer loop
      vertex  1.311732e+001  3.076120e+000  5.000000e+000
      vertex  1.279289e+001  3.292893e+000 -2.000000e+000
      vertex  1.279289e+001  3.292893e+000  5.000000e+000
    endloop
  endfacet
  facet normal  8.314693e-001  5.555708e-001  0.000000e+000
    outer loop
      vertex  1.279289e+001  3.292893e+000  5.000000e+000
      vertex  1.279289e+001  3.292893e+000 -2.000000e+000
      vertex  1.257612e+001  3.617316e+000 -2.000000e+000
    endloop
  endfacet
  facet normal  8.314693e-001  5.555708e-001  -0.000000e+000
    outer loop
      vertex  1.279289e+001  3.292893e+000  5.000000e+000
      vertex  1.257612e+001  3.617316e+000 -2.000000e+000
      vertex  1.257612e+001  3.617316e+000  5.000000e+000
    endloop
  endfacet
  facet normal  9.807853e-001  1.950901e-001  0.000000e+000
    outer loop
      vertex  1.257612e+001  3.617316e+000  5.000000e+000
      vertex  1.257612e+001  3.617316e+000 -2.000000e+000
      vertex  1.250000e+001  4.000000e+000 -2.000000e+000
    endloop
  endfacet
  facet normal  9.807853e-001  1.950901e-001  -0.000000e+000
    outer loop
      vertex  1.257612e+001  3.617316e+000  5.000000e+000
      vertex  1.250000e+001  4.000000e+000 -2.000000e+000
      vertex  1.250000e+001  4.000000e+000  5.000000e+000
    endloop
  endfacet
  facet normal  1.950899e-001  9.807854e-001  0.000000e+000
    outer loop
      vertex  1.311732e+001  3.076120e+000 -2.000000e+000
      vertex  1.350000e+001  3.000000e+000  5.000000e+000
      vertex  1.350000e+001  3.000000e+000 -2.000000e+000
    endloop
  endfacet
  facet normal -1.950899e-001  9.807854e-001  0.000000e+000
    outer loop
      vertex  1.350000e+001  3.000000e+000 -2.000000e+000
      vertex  1.350000e+001  3.000000e+000  5.000000e+000
      vertex  1.388268e+001  3.076120e+000  5.000000e+000
    endloop
  endfacet
  facet normal -1.950899e-001  9.807854e-001  0.000000e+000
    outer loop
      vertex  1.350000e+001  3.000000e+000 -2.000000e+000
      vertex  1.388268e+001  3.076120e+000  5.000000e+000
      vertex  1.388268e+001  3.076120e+000 -2.000000e+000
    endloop
  endfacet
  facet normal -5.555709e-001  8.314692e-001  0.000000e+000
    outer loop
      vertex  1.388268e+001  3.076120e+000 -2.000000e+000
      vertex  1.388268e+001  3.076120e+000  5.000000e+000
      vertex  1.420711e+001  3.292893e+000  5.000000e+000
    endloop
  endfacet
  facet normal -5.555709e-001  8.314692e-001  0.000000e+000
    outer loop
      vertex  1.388268e+001  3.076120e+000 -2.000000e+000
      vertex  1.420711e+001  3.292893e+000  5.000000e+000
      vertex  1.420711e+001  3.292893e+000 -2.000000e+000
    endloop
  endfacet
  facet normal -8.314693e-001  5.555708e-001  0.000000e+000
    outer loop
      vertex  1.420711e+001  3.292893e+000 -2.000000e+000
      vertex  1.420711e+001  3.292893e+000  5.000000e+000
      vertex  1.442388e+001  3.617316e+000  5.000000e+000
    endloop
  endfacet
  facet normal -8.314693e-001  5.555708e-001  0.000000e+000
    outer loop
      vertex  1.420711e+001  3.292893e+000 -2.000000e+000
      vertex  1.442388e+001  3.617316e+000  5.000000e+000
      vertex  1.442388e+001  3.617316e+000 -2.000000e+000
    endloop
  endfacet
  facet normal -9.807853e-001  1.950901e-001  0.000000e+000
    outer loop
      vertex  1.442388e+001  3.617316e+000 -2.000000e+000
      vertex  1.442388e+001  3.617316e+000  5.000000e+000
      vertex  1.450000e+001  4.000000e+000  5.000000e+000
    endloop
  endfacet
  facet normal -9.807853e-001  1.950901e-001  0.000000e+000
    outer loop
      vertex  1.442388e+001  3.617316e+000 -2.000000e+000
      vertex  1.450000e+001  4.000000e+000  5.000000e+000
      vertex  1.450000e+001  4.000000e+000 -2.000000e+000
    endloop
  endfacet
  facet normal -1.950899e-001 -9.807854e-001  0.000000e+000
    outer loop
      vertex -1.350000e+001  5.000000e+000  5.000000e+000
      vertex -1.311732e+001  4.923880e+000 -2.000000e+000
      vertex -1.311732e+001  4.923880e+000  5.000000e+000
    endloop
  endfacet
  facet normal -5.555714e-001 -8.314689e-001  -0.000000e+000
    outer loop
      vertex -1.311732e+001  4.923880e+000  5.000000e+000
      vertex -1.311732e+001  4.923880e+000 -2.000000e+000
      vertex -1.279289e+001  4.707107e+000 -2.000000e+000
    endloop
  endfacet
  facet normal -5.555714e-001 -8.314689e-001  0.000000e+000
    outer loop
      vertex -1.311732e+001  4.923880e+000  5.000000e+000
      vertex -1.279289e+001  4.707107e+000 -2.000000e+000
      vertex -1.279289e+001  4.707107e+000  5.000000e+000
    endloop
  endfacet
  facet normal -8.314693e-001 -5.555708e-001  -0.000000e+000
    outer loop
      vertex -1.279289e+001  4.707107e+000  5.000000e+000
      vertex -1.279289e+001  4.707107e+000 -2.000000e+000
      vertex -1.257612e+001  4.382683e+000 -2.000000e+000
    endloop
  endfacet
  facet normal -8.314693e-001 -5.555708e-001  0.000000e+000
    outer loop
      vertex -1.279289e+001  4.707107e+000  5.000000e+000
      vertex -1.257612e+001  4.382683e+000 -2.000000e+000
      vertex -1.257612e+001  4.382683e+000  5.000000e+000
    endloop
  endfacet
  facet normal -9.807853e-001 -1.950902e-001  -0.000000e+000
    outer loop
      vertex -1.257612e+001  4.382683e+000  5.000000e+000
      vertex -1.257612e+001  4.382683e+000 -2.000000e+000
      vertex -1.250000e+001  4.000000e+000 -2.000000e+000
    endloop
  endfacet
  facet normal -9.807853e-001 -1.950902e-001  0.000000e+000
    outer loop
      vertex -1.257612e+001  4.382683e+000  5.000000e+000
      vertex -1.250000e+001  4.000000e+000 -2.000000e+000
      vertex -1.250000e+001  4.000000e+000  5.000000e+000
    endloop
  endfacet
  facet normal -1.950899e-001 -9.807854e-001  -0.000000e+000
    outer loop
      vertex -1.311732e+001  4.923880e+000 -2.000000e+000
      vertex -1.350000e+001  5.000000e+000  5.000000e+000
      vertex -1.350000e+001  5.000000e+000 -2.000000e+000
    endloop
  endfacet
  facet normal  1.950899e-001 -9.807854e-001  0.000000e+000
    outer loop
      vertex -1.350000e+001  5.000000e+000 -2.000000e+000
      vertex -1.350000e+001  5.000000e+000  5.000000e+000
      vertex -1.388268e+001  4.923880e+000  5.000000e+000
    endloop
  endfacet
  facet normal  1.950899e-001 -9.807854e-001  0.000000e+000
    outer loop
      vertex -1.350000e+001  5.000000e+000 -2.000000e+000
      vertex -1.388268e+001  4.923880e+000  5.000000e+000
      vertex -1.388268e+001  4.923880e+000 -2.000000e+000
    endloop
  endfacet
  facet normal  5.555714e-001 -8.314689e-001  0.000000e+000
    outer loop
      vertex -1.388268e+001  4.923880e+000 -2.000000e+000
      vertex -1.388268e+001  4.923880e+000  5.000000e+000
      vertex -1.420711e+001  4.707107e+000  5.000000e+000
    endloop
  endfacet
  facet normal  5.555714e-001 -8.314689e-001  0.000000e+000
    outer loop
      vertex -1.388268e+001  4.923880e+000 -2.000000e+000
      vertex -1.420711e+001  4.707107e+000  5.000000e+000
      vertex -1.420711e+001  4.707107e+000 -2.000000e+000
    endloop
  endfacet
  facet normal  8.314693e-001 -5.555708e-001  0.000000e+000
    outer loop
      vertex -1.420711e+001  4.707107e+000 -2.000000e+000
      vertex -1.420711e+001  4.707107e+000  5.000000e+000
      vertex -1.442388e+001  4.382683e+000  5.000000e+000
    endloop
  endfacet
  facet normal  8.314693e-001 -5.555708e-001  0.000000e+000
    outer loop
      vertex -1.420711e+001  4.707107e+000 -2.000000e+000
      vertex -1.442388e+001  4.382683e+000  5.000000e+000
      vertex -1.442388e+001  4.382683e+000 -2.000000e+000
    endloop
  endfacet
  facet normal  9.807853e-001 -1.950902e-001  0.000000e+000
    outer loop
      vertex -1.442388e+001  4.382683e+000 -2.000000e+000
      vertex -1.442388e+001  4.382683e+000  5.000000e+000
      vertex -1.450000e+001  4.000000e+000  5.000000e+000
    endloop
  endfacet
  facet normal  9.807853e-001 -1.950902e-001  0.000000e+000
    outer loop
      vertex -1.442388e+001  4.382683e+000 -2.000000e+000
      vertex -1.450000e+001  4.000000e+000  5.000000e+000
      vertex -1.450000e+001  4.000000e+000 -2.000000e+000
    endloop
  endfacet
  facet normal  1.950899e-001  9.807854e-001  -0.000000e+000
    outer loop
      vertex -1.350000e+001  3.000000e+000  5.000000e+000
      vertex -1.388268e+001  3.076120e+000 -2.000000e+000
      vertex -1.388268e+001  3.076120e+000  5.000000e+000
    endloop
  endfacet
  facet normal  5.555709e-001  8.314692e-001  0.000000e+000
    outer loop
      vertex -1.388268e+001  3.076120e+000  5.000000e+000
      vertex -1.388268e+001  3.076120e+000 -2.000000e+000
      vertex -1.420711e+001  3.292893e+000 -2.000000e+000
    endloop
  endfacet
  facet normal  5.555709e-001  8.314692e-001  -0.000000e+000
    outer loop
      vertex -1.388268e+001  3.076120e+000  5.000000e+000
      vertex -1.420711e+001  3.292893e+000 -2.000000e+000
      vertex -1.420711e+001  3.292893e+000  5.000000e+000
    endloop
  endfacet
  facet normal  8.314693e-001  5.555708e-001  0.000000e+000
    outer loop
      vertex -1.420711e+001  3.292893e+000  5.000000e+000
      vertex -1.420711e+001  3.292893e+000 -2.000000e+000
      vertex -1.442388e+001  3.617316e+000 -2.000000e+000
    endloop
  endfacet
  facet normal  8.314693e-001  5.555708e-001  -0.000000e+000
    outer loop
      vertex -1.420711e+001  3.292893e+000  5.000000e+000
      vertex -1.442388e+001  3.617316e+000 -2.000000e+000
      vertex -1.442388e+001  3.617316e+000  5.000000e+000
    endloop
  endfacet
  facet normal  9.807853e-001  1.950901e-001  0.000000e+000
    outer loop
      vertex -1.442388e+001  3.617316e+000  5.000000e+000
      vertex -1.442388e+001  3.617316e+000 -2.000000e+000
      vertex -1.450000e+001  4.000000e+000 -2.000000e+000
    endloop
  endfacet
  facet normal  9.807853e-001  1.950901e-001  -0.000000e+000
    outer loop
      vertex -1.442388e+001  3.617316e+000  5.000000e+000
      vertex -1.450000e+001  4.000000e+000 -2.000000e+000
      vertex -1.450000e+001  4.000000e+000  5.000000e+000
    endloop
  endfacet
  facet normal  1.950899e-001  9.807854e-001  0.000000e+000
    outer loop
      vertex -1.388268e+001  3.076120e+000 -2.000000e+000
      vertex -1.350000e+001  3.000000e+000  5.000000e+000
      vertex -1.350000e+001  3.000000e+000 -2.000000e+000
    endloop
  endfacet
  facet normal -1.950899e-001  9.807854e-001  0.000000e+000
    outer loop
      vertex -1.350000e+001  3.000000e+000 -2.000000e+000
      vertex -1.350000e+001  3.000000e+000  5.000000e+000
      vertex -1.311732e+001  3.076120e+000  5.000000e+000
    endloop
  endfacet
  facet normal -1.950899e-001  9.807854e-001  0.000000e+000
    outer loop
      vertex -1.350000e+001  3.000000e+000 -2.000000e+000
      vertex -1.311732e+001  3.076120e+000  5.000000e+000
      vertex -1.311732e+001  3.076120e+000 -2.000000e+000
    endloop
  endfacet
  facet normal -5.555709e-001  8.314692e-001  0.000000e+000
    outer loop
      vertex -1.311732e+001  3.076120e+000 -2.000000e+000
      vertex -1.311732e+001  3.076120e+000  5.000000e+000
      vertex -1.279289e+001  3.292893e+000  5.000000e+000
    endloop
  endfacet
  facet normal -5.555709e-001  8.314692e-001  0.000000e+000
    outer loop
      vertex -1.311732e+001  3.076120e+000 -2.000000e+000
      vertex -1.279289e+001  3.292893e+000  5.000000e+000
      vertex -1.279289e+001  3.292893e+000 -2.000000e+000
    endloop
  endfacet
  facet normal -8.314693e-001  5.555708e-001  0.000000e+000
    outer loop
      vertex -1.279289e+001  3.292893e+000 -2.000000e+000
      vertex -1.279289e+001  3.292893e+000  5.000000e+000
      vertex -1.257612e+001  3.617316e+000  5.000000e+000
    endloop
  endfacet
  facet normal -8.314693e-001  5.555708e-001  0.000000e+000
    outer loop
      vertex -1.279289e+001  3.292893e+000 -2.000000e+000
      vertex -1.257612e+001  3.617316e+000  5.000000e+000
      vertex -1.257612e+001  3.617316e+000 -2.000000e+000
    endloop
  endfacet
  facet normal -9.807853e-001  1.950901e-001  0.000000e+000
    outer loop
      vertex -1.257612e+001  3.617316e+000 -2.000000e+000
      vertex -1.257612e+001  3.617316e+000  5.000000e+000
      vertex -1.250000e+001  4.000000e+000  5.000000e+000
    endloop
  endfacet
  facet normal -9.807853e-001  1.950901e-001  0.000000e+000
    outer loop
      vertex -1.257612e+001  3.617316e+000 -2.000000e+000
      vertex -1.250000e+001  4.000000e+000  5.000000e+000
      vertex -1.250000e+001  4.000000e+000 -2.000000e+000
    endloop
  endfacet
  facet normal -1.950899e-001 -9.807854e-001  0.000000e+000
    outer loop
      vertex -1.350000e+001  1.700000e+001  5.000000e+000
      vertex -1.311732e+001  1.692388e+001 -2.000000e+000
      vertex -1.311732e+001  1.692388e+001  5.000000e+000
    endloop
  endfacet
  facet normal -5.555696e-001 -8.314700e-001  -0.000000e+000
    outer loop
      vertex -1.311732e+001  1.692388e+001  5.000000e+000
      vertex -1.311732e+001  1.692388e+001 -2.000000e+000
      vertex -1.279289e+001  1.670711e+001 -2.000000e+000
    endloop
  endfacet
  facet normal -5.555696e-001 -8.314700e-001  0.000000e+000
    outer loop
      vertex -1.311732e+001  1.692388e+001  5.000000e+000
      vertex -1.279289e+001  1.670711e+001 -2.000000e+000
      vertex -1.279289e+001  1.670711e+001  5.000000e+000
    endloop
  endfacet
  facet normal -8.314704e-001 -5.555691e-001  -0.000000e+000
    outer loop
      vertex -1.279289e+001  1.670711e+001  5.000000e+000
      vertex -1.279289e+001  1.670711e+001 -2.000000e+000
      vertex -1.257612e+001  1.638268e+001 -2.000000e+000
    endloop
  endfacet
  facet normal -8.314704e-001 -5.555691e-001  0.000000e+000
    outer loop
      vertex -1.279289e+001  1.670711e+001  5.000000e+000
      vertex -1.257612e+001  1.638268e+001 -2.000000e+000
      vertex -1.257612e+001  1.638268e+001  5.000000e+000
    endloop
  endfacet
  facet normal -9.807853e-001 -1.950904e-001  -0.000000e+000
    outer loop
      vertex -1.257612e+001  1.638268e+001  5.000000e+000
      vertex -1.257612e+001  1.638268e+001 -2.000000e+000
      vertex -1.250000e+001  1.600000e+001 -2.000000e+000
    endloop
  endfacet
  facet normal -9.807853e-001 -1.950904e-001  0.000000e+000
    outer loop
      vertex -1.257612e+001  1.638268e+001  5.000000e+000
      vertex -1.250000e+001  1.600000e+001 -2.000000e+000
      vertex -1.250000e+001  1.600000e+001  5.000000e+000
    endloop
  endfacet
  facet normal -1.950899e-001 -9.807854e-001  -0.000000e+000
    outer loop
      vertex -1.311732e+001  1.692388e+001 -2.000000e+000
      vertex -1.350000e+001  1.700000e+001  5.000000e+000
      vertex -1.350000e+001  1.700000e+001 -2.000000e+000
    endloop
  endfacet
  facet normal  1.950899e-001 -9.807854e-001  0.000000e+000
    outer loop
      vertex -1.350000e+001  1.700000e+001 -2.000000e+000
      vertex -1.350000e+001  1.700000e+001  5.000000e+000
      vertex -1.388268e+001  1.692388e+001  5.000000e+000
    endloop
  endfacet
  facet normal  1.950899e-001 -9.807854e-001  0.000000e+000
    outer loop
      vertex -1.350000e+001  1.700000e+001 -2.000000e+000
      vertex -1.388268e+001  1.692388e+001  5.000000e+000
      vertex -1.388268e+001  1.692388e+001 -2.000000e+000
    endloop
  endfacet
  facet normal  5.555696e-001 -8.314700e-001  0.000000e+000
    outer loop
      vertex -1.388268e+001  1.692388e+001 -2.000000e+000
      vertex -1.388268e+001  1.692388e+001  5.000000e+000
      vertex -1.420711e+001  1.670711e+001  5.000000e+000
    endloop
  endfacet
  facet normal  5.555696e-001 -8.314700e-001  0.000000e+000
    outer loop
      vertex -1.388268e+001  1.692388e+001 -2.000000e+000
      vertex -1.420711e+001  1.670711e+001  5.000000e+000
      vertex -1.420711e+001  1.670711e+001 -2.000000e+000
    endloop
  endfacet
  facet normal  8.314704e-001 -5.555691e-001  0.000000e+000
    outer loop
      vertex -1.420711e+001  1.670711e+001 -2.000000e+000
      vertex -1.420711e+001  1.670711e+001  5.000000e+000
      vertex -1.442388e+001  1.638268e+001  5.000000e+000
    endloop
  endfacet
  facet normal  8.314704e-001 -5.555691e-001  0.000000e+000
    outer loop
      vertex -1.420711e+001  1.670711e+001 -2.000000e+000
      vertex -1.442388e+001  1.638268e+001  5.000000e+000
      vertex -1.442388e+001  1.638268e+001 -2.000000e+000
    endloop
  endfacet
  facet normal  9.807853e-001 -1.950904e-001  0.000000e+000
    outer loop
      vertex -1.442388e+001  1.638268e+001 -2.000000e+000
      vertex -1.442388e+001  1.638268e+001  5.000000e+000
      vertex -1.450000e+001  1.600000e+001  5.000000e+000
    endloop
  endfacet
  facet normal  9.807853e-001 -1.950904e-001  0.000000e+000
    outer loop
      vertex -1.442388e+001  1.638268e+001 -2.000000e+000
      vertex -1.450000e+001  1.600000e+001  5.000000e+000
      vertex -1.450000e+001  1.600000e+001 -2.000000e+000
    endloop
  endfacet
  facet normal  1.950899e-001  9.807854e-001  -0.000000e+000
    outer loop
      vertex -1.350000e+001  1.500000e+001  5.000000e+000
      vertex -1.388268e+001  1.507612e+001 -2.000000e+000
      vertex -1.388268e+001  1.507612e+001  5.000000e+000
    endloop
  endfacet
  facet normal  5.555714e-001  8.314689e-001  0.000000e+000
    outer loop
      vertex -1.388268e+001  1.507612e+001  5.000000e+000
      vertex -1.388268e+001  1.507612e+001 -2.000000e+000
      vertex -1.420711e+001  1.529289e+001 -2.000000e+000
    endloop
  endfacet
  facet normal  5.555714e-001  8.314689e-001  -0.000000e+000
    outer loop
      vertex -1.388268e+001  1.507612e+001  5.000000e+000
      vertex -1.420711e+001  1.529289e+001 -2.000000e+000
      vertex -1.420711e+001  1.529289e+001  5.000000e+000
    endloop
  endfacet
  facet normal  8.314689e-001  5.555714e-001  0.000000e+000
    outer loop
      vertex -1.420711e+001  1.529289e+001  5.000000e+000
      vertex -1.420711e+001  1.529289e+001 -2.000000e+000
      vertex -1.442388e+001  1.561732e+001 -2.000000e+000
    endloop
  endfacet
  facet normal  8.314689e-001  5.555714e-001  -0.000000e+000
    outer loop
      vertex -1.420711e+001  1.529289e+001  5.000000e+000
      vertex -1.442388e+001  1.561732e+001 -2.000000e+000
      vertex -1.442388e+001  1.561732e+001  5.000000e+000
    endloop
  endfacet
  facet normal  9.807854e-001  1.950899e-001  0.000000e+000
    outer loop
      vertex -1.442388e+001  1.561732e+001  5.000000e+000
      vertex -1.442388e+001  1.561732e+001 -2.000000e+000
      vertex -1.450000e+001  1.600000e+001 -2.000000e+000
    endloop
  endfacet
  facet normal  9.807854e-001  1.950899e-001  -0.000000e+000
    outer loop
      vertex -1.442388e+001  1.561732e+001  5.000000e+000
      vertex -1.450000e+001  1.600000e+001 -2.000000e+000
      vertex -1.450000e+001  1.600000e+001  5.000000e+000
    endloop
  endfacet
  facet normal  1.950899e-001  9.807854e-001  0.000000e+000
    outer loop
      vertex -1.388268e+001  1.507612e+001 -2.000000e+000
      vertex -1.350000e+001  1.500000e+001  5.000000e+000
      vertex -1.350000e+001  1.500000e+001 -2.000000e+000
    endloop
  endfacet
  facet normal -1.950899e-001  9.807854e-001  0.000000e+000
    outer loop
      vertex -1.350000e+001  1.500000e+001 -2.000000e+000
      vertex -1.350000e+001  1.500000e+001  5.000000e+000
      vertex -1.311732e+001  1.507612e+001  5.000000e+000
    endloop
  endfacet
  facet normal -1.950899e-001  9.807854e-001  0.000000e+000
    outer loop
      vertex -1.350000e+001  1.500000e+001 -2.000000e+000
      vertex -1.311732e+001  1.507612e+001  5.000000e+000
      vertex -1.311732e+001  1.507612e+001 -2.000000e+000
    endloop
  endfacet
  facet normal -5.555714e-001  8.314689e-001  0.000000e+000
    outer loop
      vertex -1.311732e+001  1.507612e+001 -2.000000e+000
      vertex -1.311732e+001  1.507612e+001  5.000000e+000
      vertex -1.279289e+001  1.529289e+001  5.000000e+000
    endloop
  endfacet
  facet normal -5.555714e-001  8.314689e-001  0.000000e+000
    outer loop
      vertex -1.311732e+001  1.507612e+001 -2.000000e+000
      vertex -1.279289e+001  1.529289e+001  5.000000e+000
      vertex -1.279289e+001  1.529289e+001 -2.000000e+000
    endloop
  endfacet
  facet normal -8.314689e-001  5.555714e-001  0.000000e+000
    outer loop
      vertex -1.279289e+001  1.529289e+001 -2.000000e+000
      vertex -1.279289e+001  1.529289e+001  5.000000e+000
      vertex -1.257612e+001  1.561732e+001  5.000000e+000
    endloop
  endfacet
  facet normal -8.314689e-001  5.555714e-001  0.000000e+000
    outer loop
      vertex -1.279289e+001  1.529289e+001 -2.000000e+000
      vertex -1.257612e+001  1.561732e+001  5.000000e+000
      vertex -1.257612e+001  1.561732e+001 -2.000000e+000
    endloop
  endfacet
  facet normal -9.807854e-001  1.950899e-001  0.000000e+000
    outer loop
      vertex -1.257612e+001  1.561732e+001 -2.000000e+000
      vertex -1.257612e+001  1.561732e+001  5.000000e+000
      vertex -1.250000e+001  1.600000e+001  5.000000e+000
    endloop
  endfacet
  facet normal -9.807854e-001  1.950899e-001  0.000000e+000
    outer loop
      vertex -1.257612e+001  1.561732e+001 -2.000000e+000
      vertex -1.250000e+001  1.600000e+001  5.000000e+000
      vertex -1.250000e+001  1.600000e+001 -2.000000e+000
    endloop
  endfacet
  facet normal -1.950947e-001 -9.807845e-001  0.000000e+000
    outer loop
      vertex  1.350000e+001 -3.800000e+001  5.000000e+000
      vertex  1.388268e+001 -3.807612e+001 -2.000000e+000
      vertex  1.388268e+001 -3.807612e+001  5.000000e+000
    endloop
  endfacet
  facet normal -5.555663e-001 -8.314723e-001  -0.000000e+000
    outer loop
      vertex  1.388268e+001 -3.807612e+001  5.000000e+000
      vertex  1.388268e+001 -3.807612e+001 -2.000000e+000
      vertex  1.420711e+001 -3.829289e+001 -2.000000e+000
    endloop
  endfacet
  facet normal -5.555663e-001 -8.314723e-001  0.000000e+000
    outer loop
      vertex  1.388268e+001 -3.807612e+001  5.000000e+000
      vertex  1.420711e+001 -3.829289e+001 -2.000000e+000
      vertex  1.420711e+001 -3.829289e+001  5.000000e+000
    endloop
  endfacet
  facet normal -8.314704e-001 -5.555691e-001  -0.000000e+000
    outer loop
      vertex  1.420711e+001 -3.829289e+001  5.000000e+000
      vertex  1.420711e+001 -3.829289e+001 -2.000000e+000
      vertex  1.442388e+001 -3.861732e+001 -2.000000e+000
    endloop
  endfacet
  facet normal -8.314704e-001 -5.555691e-001  0.000000e+000
    outer loop
      vertex  1.420711e+001 -3.829289e+001  5.000000e+000
      vertex  1.442388e+001 -3.861732e+001 -2.000000e+000
      vertex  1.442388e+001 -3.861732e+001  5.000000e+000
    endloop
  endfacet
  facet normal -9.807853e-001 -1.950904e-001  -0.000000e+000
    outer loop
      vertex  1.442388e+001 -3.861732e+001  5.000000e+000
      vertex  1.442388e+001 -3.861732e+001 -2.000000e+000
      vertex  1.450000e+001 -3.900000e+001 -2.000000e+000
    endloop
  endfacet
  facet normal -9.807853e-001 -1.950904e-001  0.000000e+000
    outer loop
      vertex  1.442388e+001 -3.861732e+001  5.000000e+000
      vertex  1.450000e+001 -3.900000e+001 -2.000000e+000
      vertex  1.450000e+001 -3.900000e+001  5.000000e+000
    endloop
  endfacet
  facet normal -1.950947e-001 -9.807845e-001  -0.000000e+000
    outer loop
      vertex  1.388268e+001 -3.807612e+001 -2.000000e+000
      vertex  1.350000e+001 -3.800000e+001  5.000000e+000
      vertex  1.350000e+001 -3.800000e+001 -2.000000e+000
    endloop
  endfacet
  facet normal  1.950947e-001 -9.807845e-001  0.000000e+000
    outer loop
      vertex  1.350000e+001 -3.800000e+001 -2.000000e+000
      vertex  1.350000e+001 -3.800000e+001  5.000000e+000
      vertex  1.311732e+001 -3.807612e+001  5.000000e+000
    endloop
  endfacet
  facet normal  1.950947e-001 -9.807845e-001  0.000000e+000
    outer loop
      vertex  1.350000e+001 -3.800000e+001 -2.000000e+000
      vertex  1.311732e+001 -3.807612e+001  5.000000e+000
      vertex  1.311732e+001 -3.807612e+001 -2.000000e+000
    endloop
  endfacet
  facet normal  5.555663e-001 -8.314723e-001  0.000000e+000
    outer loop
      vertex  1.311732e+001 -3.807612e+001 -2.000000e+000
      vertex  1.311732e+001 -3.807612e+001  5.000000e+000
      vertex  1.279289e+001 -3.829289e+001  5.000000e+000
    endloop
  endfacet
  facet normal  5.555663e-001 -8.314723e-001  0.000000e+000
    outer loop
      vertex  1.311732e+001 -3.807612e+001 -2.000000e+000
      vertex  1.279289e+001 -3.829289e+001  5.000000e+000
      vertex  1.279289e+001 -3.829289e+001 -2.000000e+000
    endloop
  endfacet
  facet normal  8.314704e-001 -5.555691e-001  0.000000e+000
    outer loop
      vertex  1.279289e+001 -3.829289e+001 -2.000000e+000
      vertex  1.279289e+001 -3.829289e+001  5.000000e+000
      vertex  1.257612e+001 -3.861732e+001  5.000000e+000
    endloop
  endfacet
  facet normal  8.314704e-001 -5.555691e-001  0.000000e+000
    outer loop
      vertex  1.279289e+001 -3.829289e+001 -2.000000e+000
      vertex  1.257612e+001 -3.861732e+001  5.000000e+000
      vertex  1.257612e+001 -3.861732e+001 -2.000000e+000
    endloop
  endfacet
  facet normal  9.807853e-001 -1.950904e-001  0.000000e+000
    outer loop
      vertex  1.257612e+001 -3.861732e+001 -2.000000e+000
      vertex  1.257612e+001 -3.861732e+001  5.000000e+000
      vertex  1.250000e+001 -3.900000e+001  5.000000e+000
    endloop
  endfacet
  facet normal  9.807853e-001 -1.950904e-001  0.000000e+000
    outer loop
      vertex  1.257612e+001 -3.861732e+001 -2.000000e+000
      vertex  1.250000e+001 -3.900000e+001  5.000000e+000
      vertex  1.250000e+001 -3.900000e+001 -2.000000e+000
    endloop
  endfacet
  facet normal  1.950947e-001  9.807845e-001  -0.000000e+000
    outer loop
      vertex  1.350000e+001 -4.000000e+001  5.000000e+000
      vertex  1.311732e+001 -3.992388e+001 -2.000000e+000
      vertex  1.311732e+001 -3.992388e+001  5.000000e+000
    endloop
  endfacet
  facet normal  5.555663e-001  8.314723e-001  0.000000e+000
    outer loop
      vertex  1.311732e+001 -3.992388e+001  5.000000e+000
      vertex  1.311732e+001 -3.992388e+001 -2.000000e+000
      vertex  1.279289e+001 -3.970711e+001 -2.000000e+000
    endloop
  endfacet
  facet normal  5.555663e-001  8.314723e-001  -0.000000e+000
    outer loop
      vertex  1.311732e+001 -3.992388e+001  5.000000e+000
      vertex  1.279289e+001 -3.970711e+001 -2.000000e+000
      vertex  1.279289e+001 -3.970711e+001  5.000000e+000
    endloop
  endfacet
  facet normal  8.314704e-001  5.555691e-001  0.000000e+000
    outer loop
      vertex  1.279289e+001 -3.970711e+001  5.000000e+000
      vertex  1.279289e+001 -3.970711e+001 -2.000000e+000
      vertex  1.257612e+001 -3.938268e+001 -2.000000e+000
    endloop
  endfacet
  facet normal  8.314704e-001  5.555691e-001  -0.000000e+000
    outer loop
      vertex  1.279289e+001 -3.970711e+001  5.000000e+000
      vertex  1.257612e+001 -3.938268e+001 -2.000000e+000
      vertex  1.257612e+001 -3.938268e+001  5.000000e+000
    endloop
  endfacet
  facet normal  9.807853e-001  1.950904e-001  0.000000e+000
    outer loop
      vertex  1.257612e+001 -3.938268e+001  5.000000e+000
      vertex  1.257612e+001 -3.938268e+001 -2.000000e+000
      vertex  1.250000e+001 -3.900000e+001 -2.000000e+000
    endloop
  endfacet
  facet normal  9.807853e-001  1.950904e-001  -0.000000e+000
    outer loop
      vertex  1.257612e+001 -3.938268e+001  5.000000e+000
      vertex  1.250000e+001 -3.900000e+001 -2.000000e+000
      vertex  1.250000e+001 -3.900000e+001  5.000000e+000
    endloop
  endfacet
  facet normal  1.950947e-001  9.807845e-001  0.000000e+000
    outer loop
      vertex  1.311732e+001 -3.992388e+001 -2.000000e+000
      vertex  1.350000e+001 -4.000000e+001  5.000000e+000
      vertex  1.350000e+001 -4.000000e+001 -2.000000e+000
    endloop
  endfacet
  facet normal -1.950947e-001  9.807845e-001  0.000000e+000
    outer loop
      vertex  1.350000e+001 -4.000000e+001 -2.000000e+000
      vertex  1.350000e+001 -4.000000e+001  5.000000e+000
      vertex  1.388268e+001 -3.992388e+001  5.000000e+000
    endloop
  endfacet
  facet normal -1.950947e-001  9.807845e-001  0.000000e+000
    outer loop
      vertex  1.350000e+001 -4.000000e+001 -2.000000e+000
      vertex  1.388268e+001 -3.992388e+001  5.000000e+000
      vertex  1.388268e+001 -3.992388e+001 -2.000000e+000
    endloop
  endfacet
  facet normal -5.555663e-001  8.314723e-001  0.000000e+000
    outer loop
      vertex  1.388268e+001 -3.992388e+001 -2.000000e+000
      vertex  1.388268e+001 -3.992388e+001  5.000000e+000
      vertex  1.420711e+001 -3.970711e+001  5.000000e+000
    endloop
  endfacet
  facet normal -5.555663e-001  8.314723e-001  0.000000e+000
    outer loop
      vertex  1.388268e+001 -3.992388e+001 -2.000000e+000
      vertex  1.420711e+001 -3.970711e+001  5.000000e+000
      vertex  1.420711e+001 -3.970711e+001 -2.000000e+000
    endloop
  endfacet
  facet normal -8.314704e-001  5.555691e-001  0.000000e+000
    outer loop
      vertex  1.420711e+001 -3.970711e+001 -2.000000e+000
      vertex  1.420711e+001 -3.970711e+001  5.000000e+000
      vertex  1.442388e+001 -3.938268e+001  5.000000e+000
    endloop
  endfacet
  facet normal -8.314704e-001  5.555691e-001  0.000000e+000
    outer loop
      vertex  1.420711e+001 -3.970711e+001 -2.000000e+000
      vertex  1.442388e+001 -3.938268e+001  5.000000e+000
      vertex  1.442388e+001 -3.938268e+001 -2.000000e+000
    endloop
  endfacet
  facet normal -9.807853e-001  1.950904e-001  0.000000e+000
    outer loop
      vertex  1.442388e+001 -3.938268e+001 -2.000000e+000
      vertex  1.442388e+001 -3.938268e+001  5.000000e+000
      vertex  1.450000e+001 -3.900000e+001  5.000000e+000
    endloop
  endfacet
  facet normal -9.807853e-001  1.950904e-001  0.000000e+000
    outer loop
      vertex  1.442388e+001 -3.938268e+001 -2.000000e+000
      vertex  1.450000e+001 -3.900000e+001  5.000000e+000
      vertex  1.450000e+001 -3.900000e+001 -2.000000e+000
    endloop
  endfacet
  facet normal  1.950947e-001  9.807845e-001  -0.000000e+000
    outer loop
      vertex -1.350000e+001 -4.000000e+001  5.000000e+000
      vertex -1.388268e+001 -3.992388e+001 -2.000000e+000
      vertex -1.388268e+001 -3.992388e+001  5.000000e+000
    endloop
  endfacet
  facet normal  5.555663e-001  8.314723e-001  0.000000e+000
    outer loop
      vertex -1.388268e+001 -3.992388e+001  5.000000e+000
      vertex -1.388268e+001 -3.992388e+001 -2.000000e+000
      vertex -1.420711e+001 -3.970711e+001 -2.000000e+000
    endloop
  endfacet
  facet normal  5.555663e-001  8.314723e-001  -0.000000e+000
    outer loop
      vertex -1.388268e+001 -3.992388e+001  5.000000e+000
      vertex -1.420711e+001 -3.970711e+001 -2.000000e+000
      vertex -1.420711e+001 -3.970711e+001  5.000000e+000
    endloop
  endfacet
  facet normal  8.314704e-001  5.555691e-001  0.000000e+000
    outer loop
      vertex -1.420711e+001 -3.970711e+001  5.000000e+000
      vertex -1.420711e+001 -3.970711e+001 -2.000000e+000
      vertex -1.442388e+001 -3.938268e+001 -2.000000e+000
    endloop
  endfacet
  facet normal  8.314704e-001  5.555691e-001  -0.000000e+000
    outer loop
      vertex -1.420711e+001 -3.970711e+001  5.000000e+000
      vertex -1.442388e+001 -3.938268e+001 -2.000000e+000
      vertex -1.442388e+001 -3.938268e+001  5.000000e+000
    endloop
  endfacet
  facet normal  9.807853e-001  1.950904e-001  0.000000e+000
    outer loop
      vertex -1.442388e+001 -3.938268e+001  5.000000e+000
      vertex -1.442388e+001 -3.938268e+001 -2.000000e+000
      vertex -1.450000e+001 -3.900000e+001 -2.000000e+000
    endloop
  endfacet
  facet normal  9.807853e-001  1.950904e-001  -0.000000e+000
    outer loop
      vertex -1.442388e+001 -3.938268e+001  5.000000e+000
      vertex -1.450000e+001 -3.900000e+001 -2.000000e+000
      vertex -1.450000e+001 -3.900000e+001  5.000000e+000
    endloop
  endfacet
  facet normal  1.950947e-001  9.807845e-001  0.000000e+000
    outer loop
      vertex -1.388268e+001 -3.992388e+001 -2.000000e+000
      vertex -1.350000e+001 -4.000000e+001  5.000000e+000
      vertex -1.350000e+001 -4.000000e+001 -2.000000e+000
    endloop
  endfacet
  facet normal -1.950947e-001  9.807845e-001  0.000000e+000
    outer loop
      vertex -1.350000e+001 -4.000000e+001 -2.000000e+000
      vertex -1.350000e+001 -4.000000e+001  5.000000e+000
      vertex -1.311732e+001 -3.992388e+001  5.000000e+000
    endloop
  endfacet
  facet normal -1.950947e-001  9.807845e-001  0.000000e+000
    outer loop
      vertex -1.350000e+001 -4.000000e+001 -2.000000e+000
      vertex -1.311732e+001 -3.992388e+001  5.000000e+000
      vertex -1.311732e+001 -3.992388e+001 -2.000000e+000
    endloop
  endfacet
  facet normal -5.555663e-001  8.314723e-001  0.000000e+000
    outer loop
      vertex -1.311732e+001 -3.992388e+001 -2.000000e+000
      vertex -1.311732e+001 -3.992388e+001  5.000000e+000
      vertex -1.279289e+001 -3.970711e+001  5.000000e+000
    endloop
  endfacet
  facet normal -5.555663e-001  8.314723e-001  0.000000e+000
    outer loop
      vertex -1.311732e+001 -3.992388e+001 -2.000000e+000
      vertex -1.279289e+001 -3.970711e+001  5.000000e+000
      vertex -1.279289e+001 -3.970711e+001 -2.000000e+000
    endloop
  endfacet
  facet normal -8.314704e-001  5.555691e-001  0.000000e+000
    outer loop
      vertex -1.279289e+001 -3.970711e+001 -2.000000e+000
      vertex -1.279289e+001 -3.970711e+001  5.000000e+000
      vertex -1.257612e+001 -3.938268e+001  5.000000e+000
    endloop
  endfacet
  facet normal -8.314704e-001  5.555691e-001  0.000000e+000
    outer loop
      vertex -1.279289e+001 -3.970711e+001 -2.000000e+000
      vertex -1.257612e+001 -3.938268e+001  5.000000e+000
      vertex -1.257612e+001 -3.938268e+001 -2.000000e+000
    endloop
  endfacet
  facet normal -9.807853e-001  1.950904e-001  0.000000e+000
    outer loop
      vertex -1.257612e+001 -3.938268e+001 -2.000000e+000
      vertex -1.257612e+001 -3.938268e+001  5.000000e+000
      vertex -1.250000e+001 -3.900000e+001  5.000000e+000
    endloop
  endfacet
  facet normal -9.807853e-001  1.950904e-001  0.000000e+000
    outer loop
      vertex -1.257612e+001 -3.938268e+001 -2.000000e+000
      vertex -1.250000e+001 -3.900000e+001  5.000000e+000
      vertex -1.250000e+001 -3.900000e+001 -2.000000e+000
    endloop
  endfacet
  facet normal -1.950947e-001 -9.807845e-001  0.000000e+000
    outer loop
      vertex -1.350000e+001 -3.800000e+001  5.000000e+000
      vertex -1.311732e+001 -3.807612e+001 -2.000000e+000
      vertex -1.311732e+001 -3.807612e+001  5.000000e+000
    endloop
  endfacet
  facet normal -5.555663e-001 -8.314723e-001  -0.000000e+000
    outer loop
      vertex -1.311732e+001 -3.807612e+001  5.000000e+000
      vertex -1.311732e+001 -3.807612e+001 -2.000000e+000
      vertex -1.279289e+001 -3.829289e+001 -2.000000e+000
    endloop
  endfacet
  facet normal -5.555663e-001 -8.314723e-001  0.000000e+000
    outer loop
      vertex -1.311732e+001 -3.807612e+001  5.000000e+000
      vertex -1.279289e+001 -3.829289e+001 -2.000000e+000
      vertex -1.279289e+001 -3.829289e+001  5.000000e+000
    endloop
  endfacet
  facet normal -8.314704e-001 -5.555691e-001  -0.000000e+000
    outer loop
      vertex -1.279289e+001 -3.829289e+001  5.000000e+000
      vertex -1.279289e+001 -3.829289e+001 -2.000000e+000
      vertex -1.257612e+001 -3.861732e+001 -2.000000e+000
    endloop
  endfacet
  facet normal -8.314704e-001 -5.555691e-001  0.000000e+000
    outer loop
      vertex -1.279289e+001 -3.829289e+001  5.000000e+000
      vertex -1.257612e+001 -3.861732e+001 -2.000000e+000
      vertex -1.257612e+001 -3.861732e+001  5.000000e+000
    endloop
  endfacet
  facet normal -9.807853e-001 -1.950904e-001  -0.000000e+000
    outer loop
      vertex -1.257612e+001 -3.861732e+001  5.000000e+000
      vertex -1.257612e+001 -3.861732e+001 -2.000000e+000
      vertex -1.250000e+001 -3.900000e+001 -2.000000e+000
    endloop
  endfacet
  facet normal -9.807853e-001 -1.950904e-001  0.000000e+000
    outer loop
      vertex -1.257612e+001 -3.861732e+001  5.000000e+000
      vertex -1.250000e+001 -3.900000e+001 -2.000000e+000
      vertex -1.250000e+001 -3.900000e+001  5.000000e+000
    endloop
  endfacet
  facet normal -1.950947e-001 -9.807845e-001  -0.000000e+000
    outer loop
      vertex -1.311732e+001 -3.807612e+001 -2.000000e+000
      vertex -1.350000e+001 -3.800000e+001  5.000000e+000
      vertex -1.350000e+001 -3.800000e+001 -2.000000e+000
    endloop
  endfacet
  facet normal  1.950947e-001 -9.807845e-001  0.000000e+000
    outer loop
      vertex -1.350000e+001 -3.800000e+001 -2.000000e+000
      vertex -1.350000e+001 -3.800000e+001  5.000000e+000
      vertex -1.388268e+001 -3.807612e+001  5.000000e+000
    endloop
  endfacet
  facet normal  1.950947e-001 -9.807845e-001  0.000000e+000
    outer loop
      vertex -1.350000e+001 -3.800000e+001 -2.000000e+000
      vertex -1.388268e+001 -3.807612e+001  5.000000e+000
      vertex -1.388268e+001 -3.807612e+001 -2.000000e+000
    endloop
  endfacet
  facet normal  5.555663e-001 -8.314723e-001  0.000000e+000
    outer loop
      vertex -1.388268e+001 -3.807612e+001 -2.000000e+000
      vertex -1.388268e+001 -3.807612e+001  5.000000e+000
      vertex -1.420711e+001 -3.829289e+001  5.000000e+000
    endloop
  endfacet
  facet normal  5.555663e-001 -8.314723e-001  0.000000e+000
    outer loop
      vertex -1.388268e+001 -3.807612e+001 -2.000000e+000
      vertex -1.420711e+001 -3.829289e+001  5.000000e+000
      vertex -1.420711e+001 -3.829289e+001 -2.000000e+000
    endloop
  endfacet
  facet normal  8.314704e-001 -5.555691e-001  0.000000e+000
    outer loop
      vertex -1.420711e+001 -3.829289e+001 -2.000000e+000
      vertex -1.420711e+001 -3.829289e+001  5.000000e+000
      vertex -1.442388e+001 -3.861732e+001  5.000000e+000
    endloop
  endfacet
  facet normal  8.314704e-001 -5.555691e-001  0.000000e+000
    outer loop
      vertex -1.420711e+001 -3.829289e+001 -2.000000e+000
      vertex -1.442388e+001 -3.861732e+001  5.000000e+000
      vertex -1.442388e+001 -3.861732e+001 -2.000000e+000
    endloop
  endfacet
  facet normal  9.807853e-001 -1.950904e-001  0.000000e+000
    outer loop
      vertex -1.442388e+001 -3.861732e+001 -2.000000e+000
      vertex -1.442388e+001 -3.861732e+001  5.000000e+000
      vertex -1.450000e+001 -3.900000e+001  5.000000e+000
    endloop
  endfacet
  facet normal  9.807853e-001 -1.950904e-001  0.000000e+000
    outer loop
      vertex -1.442388e+001 -3.861732e+001 -2.000000e+000
      vertex -1.450000e+001 -3.900000e+001  5.000000e+000
      vertex -1.450000e+001 -3.900000e+001 -2.000000e+000
    endloop
  endfacet
  facet normal  9.999999e-001  0.000000e+000  0.000000e+000
    outer loop
      vertex -1.000000e+001 -4.300000e+001 -2.000000e+000
      vertex -1.000000e+001  1.800000e+001 -2.000000e+000
      vertex -1.000000e+001 -4.300000e+001  0.000000e+000
    endloop
  endfacet
  facet normal  9.999999e-001  -0.000000e+000  0.000000e+000
    outer loop
      vertex -1.000000e+001 -4.300000e+001  0.000000e+000
      vertex -1.000000e+001  1.800000e+001 -2.000000e+000
      vertex -1.000000e+001  1.800000e+001  0.000000e+000
    endloop
  endfacet
  facet normal -9.999999e-001  0.000000e+000  0.000000e+000
    outer loop
      vertex  1.000000e+001  1.800000e+001 -2.000000e+000
      vertex  1.000000e+001 -4.300000e+001 -2.000000e+000
      vertex  1.000000e+001  1.800000e+001  0.000000e+000
    endloop
  endfacet
  facet normal -9.999999e-001  -0.000000e+000  0.000000e+000
    outer loop
      vertex  1.000000e+001  1.800000e+001  0.000000e+000
      vertex  1.000000e+001 -4.300000e+001 -2.000000e+000
      vertex  1.000000e+001 -4.300000e+001  0.000000e+000
    endloop
  endfacet
  facet normal  0.000000e+000  0.000000e+000 -1.000000e+000
    outer loop
      vertex -1.000000e+001 -4.300000e+001  0.000000e+000
      vertex -1.000000e+001  1.800000e+001  0.000000e+000
      vertex  1.000000e+001 -4.300000e+001  0.000000e+000
    endloop
  endfacet
  facet normal  0.000000e+000  0.000000e+000 -1.000000e+000
    outer loop
      vertex  1.000000e+001 -4.300000e+001  0.000000e+000
      vertex -1.000000e+001  1.800000e+001  0.000000e+000
      vertex  1.000000e+001  1.800000e+001  0.000000e+000
    endloop
  endfacet
  facet normal  0.000000e+000 -1.000000e+000  0.000000e+000
    outer loop
      vertex -1.000000e+001  1.800000e+001 -2.000000e+000
      vertex  1.000000e+001  1.800000e+001 -2.000000e+000
      vertex -1.000000e+001  1.800000e+001  0.000000e+000
    endloop
  endfacet
  facet normal  0.000000e+000 -1.000000e+000  0.000000e+000
    outer loop
      vertex -1.000000e+001  1.800000e+001  0.000000e+000
      vertex  1.000000e+001  1.800000e+001 -2.000000e+000
      vertex  1.000000e+001  1.800000e+001  0.000000e+000
    endloop
  endfacet
  facet normal  0.000000e+000 -1.000000e+000  0.000000e+000
    outer loop
      vertex -1.050000e+001  1.700000e+001  5.000000e+000
      vertex -1.050000e+001  1.700000e+001  1.000000e+000
      vertex  1.050000e+001  1.700000e+001  5.000000e+000
    endloop
  endfacet
  facet normal  0.000000e+000 -1.000000e+000  -0.000000e+000
    outer loop
      vertex  1.050000e+001  1.700000e+001  5.000000e+000
      vertex -1.050000e+001  1.700000e+001  1.000000e+000
      vertex  1.050000e+001  1.700000e+001  1.000000e+000
    endloop
  endfacet
  facet normal -1.000000e+000  -0.000000e+000  0.000000e+000
    outer loop
      vertex  1.050000e+001 -3.200000e+001  5.000000e+000
      vertex  1.050000e+001  1.700000e+001  5.000000e+000
      vertex  1.050000e+001 -3.200000e+001  1.000000e+000
    endloop
  endfacet
  facet normal -1.000000e+000  0.000000e+000  0.000000e+000
    outer loop
      vertex  1.050000e+001 -3.200000e+001  1.000000e+000
      vertex  1.050000e+001  1.700000e+001  5.000000e+000
      vertex  1.050000e+001  1.700000e+001  1.000000e+000
    endloop
  endfacet
  facet normal  0.000000e+000  1.000000e+000  -0.000000e+000
    outer loop
      vertex  1.050000e+001 -3.200000e+001  5.000000e+000
      vertex  1.050000e+001 -3.200000e+001  1.000000e+000
      vertex -1.050000e+001 -3.200000e+001  5.000000e+000
    endloop
  endfacet
  facet normal  0.000000e+000  1.000000e+000  0.000000e+000
    outer loop
      vertex -1.050000e+001 -3.200000e+001  5.000000e+000
      vertex  1.050000e+001 -3.200000e+001  1.000000e+000
      vertex -1.050000e+001 -3.200000e+001  1.000000e+000
    endloop
  endfacet
  facet normal  1.000000e+000  -0.000000e+000  0.000000e+000
    outer loop
      vertex -1.050000e+001  1.700000e+001  5.000000e+000
      vertex -1.050000e+001 -3.200000e+001  5.000000e+000
      vertex -1.050000e+001  1.700000e+001  1.000000e+000
    endloop
  endfacet
  facet normal  1.000000e+000  0.000000e+000  0.000000e+000
    outer loop
      vertex -1.050000e+001  1.700000e+001  1.000000e+000
      vertex -1.050000e+001 -3.200000e+001  5.000000e+000
      vertex -1.050000e+001 -3.200000e+001  1.000000e+000
    endloop
  endfacet
  facet normal  0.000000e+000  0.000000e+000  1.000000e+000
    outer loop
      vertex -1.050000e+001  1.700000e+001  1.000000e+000
      vertex -1.050000e+001 -3.200000e+001  1.000000e+000
      vertex  1.050000e+001  1.700000e+001  1.000000e+000
    endloop
  endfacet
  facet normal  0.000000e+000  0.000000e+000  1.000000e+000
    outer loop
      vertex  1.050000e+001  1.700000e+001  1.000000e+000
      vertex -1.050000e+001 -3.200000e+001  1.000000e+000
      vertex  1.050000e+001 -3.200000e+001  1.000000e+000
    endloop
  endfacet
endsolid CATIA STL
