solid CATIA STL
  facet normal  1.000000e+000  -0.000000e+000  0.000000e+000
    outer loop
      vertex -1.600000e+001  6.699508e+000  1.000000e+000
      vertex -1.600000e+001 -8.004925e-001  1.000000e+000
      vertex -1.600000e+001  6.699508e+000  0.000000e+000
    endloop
  endfacet
  facet normal  1.000000e+000  0.000000e+000  0.000000e+000
    outer loop
      vertex -1.600000e+001  6.699508e+000  0.000000e+000
      vertex -1.600000e+001 -8.004925e-001  1.000000e+000
      vertex -1.600000e+001 -8.004925e-001  0.000000e+000
    endloop
  endfacet
  facet normal -1.000000e+000  -0.000000e+000  0.000000e+000
    outer loop
      vertex  1.600000e+001 -8.004925e-001  1.000000e+000
      vertex  1.600000e+001  6.699508e+000  1.000000e+000
      vertex  1.600000e+001 -8.004925e-001  0.000000e+000
    endloop
  endfacet
  facet normal -1.000000e+000  0.000000e+000  0.000000e+000
    outer loop
      vertex  1.600000e+001 -8.004925e-001  0.000000e+000
      vertex  1.600000e+001  6.699508e+000  1.000000e+000
      vertex  1.600000e+001  6.699508e+000  0.000000e+000
    endloop
  endfacet
  facet normal  0.000000e+000 -1.000000e+000  0.000000e+000
    outer loop
      vertex -1.100000e+001  6.699508e+000  1.000000e+000
      vertex -1.600000e+001  6.699508e+000  1.000000e+000
      vertex -1.600000e+001  6.699508e+000  0.000000e+000
    endloop
  endfacet
  facet normal  0.000000e+000 -1.000000e+000  -0.000000e+000
    outer loop
      vertex  1.600000e+001  6.699508e+000  0.000000e+000
      vertex  1.600000e+001  6.699508e+000  1.000000e+000
      vertex -1.600000e+001  6.699508e+000  0.000000e+000
    endloop
  endfacet
  facet normal  0.000000e+000 -1.000000e+000  0.000000e+000
    outer loop
      vertex -1.600000e+001  6.699508e+000  0.000000e+000
      vertex  1.600000e+001  6.699508e+000  1.000000e+000
      vertex  1.100000e+001  6.699508e+000  1.000000e+000
    endloop
  endfacet
  facet normal  -0.000000e+000 -1.000000e+000  0.000000e+000
    outer loop
      vertex -1.600000e+001  6.699508e+000  0.000000e+000
      vertex  1.100000e+001  6.699508e+000  1.000000e+000
      vertex -1.100000e+001  6.699508e+000  1.000000e+000
    endloop
  endfacet
  facet normal  0.000000e+000 -1.000000e+000  0.000000e+000
    outer loop
      vertex -1.100000e+001  6.699508e+000  1.000000e+000
      vertex  1.100000e+001  6.699508e+000  1.000000e+000
      vertex -4.500000e+000  6.699508e+000  2.000000e+000
    endloop
  endfacet
  facet normal  -0.000000e+000 -1.000000e+000  0.000000e+000
    outer loop
      vertex -1.100000e+001  6.699508e+000  1.000000e+000
      vertex -4.500000e+000  6.699508e+000  2.000000e+000
      vertex -1.100000e+001  6.699508e+000  7.000000e+000
    endloop
  endfacet
  facet normal  0.000000e+000 -1.000000e+000  0.000000e+000
    outer loop
      vertex -1.100000e+001  6.699508e+000  7.000000e+000
      vertex -4.500000e+000  6.699508e+000  2.000000e+000
      vertex -4.500000e+000  6.699508e+000  6.000000e+000
    endloop
  endfacet
  facet normal  0.000000e+000 -1.000000e+000  0.000000e+000
    outer loop
      vertex -1.100000e+001  6.699508e+000  7.000000e+000
      vertex -4.500000e+000  6.699508e+000  6.000000e+000
      vertex  1.100000e+001  6.699508e+000  7.000000e+000
    endloop
  endfacet
  facet normal  0.000000e+000 -1.000000e+000  0.000000e+000
    outer loop
      vertex  1.100000e+001  6.699508e+000  7.000000e+000
      vertex -4.500000e+000  6.699508e+000  6.000000e+000
      vertex  4.500000e+000  6.699508e+000  6.000000e+000
    endloop
  endfacet
  facet normal  0.000000e+000 -1.000000e+000  0.000000e+000
    outer loop
      vertex  1.100000e+001  6.699508e+000  7.000000e+000
      vertex  4.500000e+000  6.699508e+000  6.000000e+000
      vertex  1.100000e+001  6.699508e+000  1.000000e+000
    endloop
  endfacet
  facet normal  0.000000e+000 -1.000000e+000  0.000000e+000
    outer loop
      vertex  1.100000e+001  6.699508e+000  1.000000e+000
      vertex  4.500000e+000  6.699508e+000  6.000000e+000
      vertex  4.500000e+000  6.699508e+000  2.000000e+000
    endloop
  endfacet
  facet normal  -0.000000e+000 -1.000000e+000  -0.000000e+000
    outer loop
      vertex  1.100000e+001  6.699508e+000  1.000000e+000
      vertex  4.500000e+000  6.699508e+000  2.000000e+000
      vertex -4.500000e+000  6.699508e+000  2.000000e+000
    endloop
  endfacet
  facet normal  0.000000e+000  0.000000e+000  1.000000e+000
    outer loop
      vertex  1.600000e+001  6.699508e+000  1.000000e+000
      vertex  1.462500e+001  1.669951e+001  1.000000e+000
      vertex  1.454888e+001  1.631682e+001  1.000000e+000
    endloop
  endfacet
  facet normal  0.000000e+000  0.000000e+000  1.000000e+000
    outer loop
      vertex  1.800000e+001 -3.730049e+001  1.000000e+000
      vertex  1.600000e+001  6.699508e+000  1.000000e+000
      vertex  1.600000e+001 -8.004925e-001  1.000000e+000
    endloop
  endfacet
  facet normal  0.000000e+000  0.000000e+000  1.000000e+000
    outer loop
      vertex -1.600000e+001  2.769951e+001  1.000000e+000
      vertex -1.454888e+001  1.708219e+001  1.000000e+000
      vertex -1.600000e+001  5.469951e+001  1.000000e+000
    endloop
  endfacet
  facet normal  0.000000e+000  0.000000e+000  1.000000e+000
    outer loop
      vertex -1.350000e+001 -2.730049e+001  1.000000e+000
      vertex -1.357612e+001 -2.768318e+001  1.000000e+000
      vertex -1.100000e+001 -2.230049e+001  1.000000e+000
    endloop
  endfacet
  facet normal  0.000000e+000  0.000000e+000  1.000000e+000
    outer loop
      vertex  5.000000e+000  2.369951e+001  1.000000e+000
      vertex  1.262500e+001  1.669951e+001  1.000000e+000
      vertex  5.000000e+000  3.369951e+001  1.000000e+000
    endloop
  endfacet
  facet normal  0.000000e+000  -0.000000e+000  1.000000e+000
    outer loop
      vertex -1.262500e+001  1.669951e+001  1.000000e+000
      vertex -5.000000e+000  2.369951e+001  1.000000e+000
      vertex -5.000000e+000  3.369951e+001  1.000000e+000
    endloop
  endfacet
  facet normal  0.000000e+000  -0.000000e+000  1.000000e+000
    outer loop
      vertex -1.262500e+001  1.669951e+001  1.000000e+000
      vertex -5.000000e+000  3.369951e+001  1.000000e+000
      vertex -5.000000e+000  4.569951e+001  1.000000e+000
    endloop
  endfacet
  facet normal  0.000000e+000  0.000000e+000  1.000000e+000
    outer loop
      vertex -1.262500e+001  1.669951e+001  1.000000e+000
      vertex -5.000000e+000  4.569951e+001  1.000000e+000
      vertex -1.262500e+001  4.969951e+001  1.000000e+000
    endloop
  endfacet
  facet normal  -0.000000e+000  0.000000e+000  1.000000e+000
    outer loop
      vertex  5.000000e+000  4.569951e+001  1.000000e+000
      vertex -5.000000e+000  4.569951e+001  1.000000e+000
      vertex -5.000000e+000  3.369951e+001  1.000000e+000
    endloop
  endfacet
  facet normal  0.000000e+000  0.000000e+000  1.000000e+000
    outer loop
      vertex  5.000000e+000  4.569951e+001  1.000000e+000
      vertex -5.000000e+000  3.369951e+001  1.000000e+000
      vertex  5.000000e+000  3.369951e+001  1.000000e+000
    endloop
  endfacet
  facet normal  -0.000000e+000  0.000000e+000  1.000000e+000
    outer loop
      vertex  5.000000e+000  4.569951e+001  1.000000e+000
      vertex  5.000000e+000  3.369951e+001  1.000000e+000
      vertex  1.262500e+001  1.669951e+001  1.000000e+000
    endloop
  endfacet
  facet normal  0.000000e+000  -0.000000e+000  1.000000e+000
    outer loop
      vertex  5.000000e+000  4.569951e+001  1.000000e+000
      vertex  1.262500e+001  1.669951e+001  1.000000e+000
      vertex  1.262500e+001  4.969951e+001  1.000000e+000
    endloop
  endfacet
  facet normal  0.000000e+000  0.000000e+000  1.000000e+000
    outer loop
      vertex  5.000000e+000  4.569951e+001  1.000000e+000
      vertex  1.262500e+001  4.969951e+001  1.000000e+000
      vertex  1.224232e+001  4.977563e+001  1.000000e+000
    endloop
  endfacet
  facet normal  0.000000e+000  0.000000e+000  9.999999e-001
    outer loop
      vertex  5.000000e+000  4.569951e+001  1.000000e+000
      vertex  1.224232e+001  4.977563e+001  1.000000e+000
      vertex  1.191789e+001  4.999240e+001  1.000000e+000
    endloop
  endfacet
  facet normal  0.000000e+000  0.000000e+000  1.000000e+000
    outer loop
      vertex  5.000000e+000  4.569951e+001  1.000000e+000
      vertex  1.191789e+001  4.999240e+001  1.000000e+000
      vertex  1.170112e+001  5.031683e+001  1.000000e+000
    endloop
  endfacet
  facet normal  0.000000e+000  0.000000e+000  9.999999e-001
    outer loop
      vertex  5.000000e+000  4.569951e+001  1.000000e+000
      vertex  1.170112e+001  5.031683e+001  1.000000e+000
      vertex  1.162500e+001  5.069951e+001  1.000000e+000
    endloop
  endfacet
  facet normal  0.000000e+000  -0.000000e+000  1.000000e+000
    outer loop
      vertex  5.000000e+000  4.569951e+001  1.000000e+000
      vertex  1.162500e+001  5.069951e+001  1.000000e+000
      vertex  1.170112e+001  5.108219e+001  1.000000e+000
    endloop
  endfacet
  facet normal  0.000000e+000  -0.000000e+000  1.000000e+000
    outer loop
      vertex  5.000000e+000  4.569951e+001  1.000000e+000
      vertex  1.170112e+001  5.108219e+001  1.000000e+000
      vertex  1.191789e+001  5.140662e+001  1.000000e+000
    endloop
  endfacet
  facet normal  0.000000e+000  0.000000e+000  1.000000e+000
    outer loop
      vertex  1.600000e+001  5.469951e+001  1.000000e+000
      vertex  1.200000e+001  5.869951e+001  1.000000e+000
      vertex  1.354888e+001  5.108219e+001  1.000000e+000
    endloop
  endfacet
  facet normal  -0.000000e+000  0.000000e+000  1.000000e+000
    outer loop
      vertex  1.600000e+001  5.469951e+001  1.000000e+000
      vertex  1.354888e+001  5.108219e+001  1.000000e+000
      vertex  1.362500e+001  5.069951e+001  1.000000e+000
    endloop
  endfacet
  facet normal  -0.000000e+000  0.000000e+000  1.000000e+000
    outer loop
      vertex  1.600000e+001  5.469951e+001  1.000000e+000
      vertex  1.362500e+001  5.069951e+001  1.000000e+000
      vertex  1.454888e+001  1.708219e+001  1.000000e+000
    endloop
  endfacet
  facet normal  0.000000e+000  0.000000e+000  1.000000e+000
    outer loop
      vertex  1.600000e+001  5.469951e+001  1.000000e+000
      vertex  1.454888e+001  1.708219e+001  1.000000e+000
      vertex  1.600000e+001  2.769951e+001  1.000000e+000
    endloop
  endfacet
  facet normal  0.000000e+000  0.000000e+000  1.000000e+000
    outer loop
      vertex -1.800000e+001 -3.730049e+001  1.000000e+000
      vertex  1.800000e+001 -3.730049e+001  1.000000e+000
      vertex  1.100000e+001 -2.430049e+001  1.000000e+000
    endloop
  endfacet
  facet normal  0.000000e+000  0.000000e+000  1.000000e+000
    outer loop
      vertex -1.800000e+001 -3.730049e+001  1.000000e+000
      vertex  1.100000e+001 -2.430049e+001  1.000000e+000
      vertex -1.100000e+001 -2.430049e+001  1.000000e+000
    endloop
  endfacet
  facet normal  0.000000e+000  -0.000000e+000  1.000000e+000
    outer loop
      vertex -1.800000e+001 -3.730049e+001  1.000000e+000
      vertex -1.100000e+001 -2.430049e+001  1.000000e+000
      vertex -1.100000e+001 -2.230049e+001  1.000000e+000
    endloop
  endfacet
  facet normal  0.000000e+000  0.000000e+000  1.000000e+000
    outer loop
      vertex -1.800000e+001 -3.730049e+001  1.000000e+000
      vertex -1.100000e+001 -2.230049e+001  1.000000e+000
      vertex -1.357612e+001 -2.768318e+001  1.000000e+000
    endloop
  endfacet
  facet normal  0.000000e+000  0.000000e+000  1.000000e+000
    outer loop
      vertex -1.800000e+001 -3.730049e+001  1.000000e+000
      vertex -1.357612e+001 -2.768318e+001  1.000000e+000
      vertex -1.379289e+001 -2.800760e+001  1.000000e+000
    endloop
  endfacet
  facet normal  0.000000e+000  0.000000e+000  1.000000e+000
    outer loop
      vertex -1.800000e+001 -3.730049e+001  1.000000e+000
      vertex -1.379289e+001 -2.800760e+001  1.000000e+000
      vertex -1.411732e+001 -2.822437e+001  1.000000e+000
    endloop
  endfacet
  facet normal  0.000000e+000  0.000000e+000  1.000000e+000
    outer loop
      vertex -1.800000e+001 -3.730049e+001  1.000000e+000
      vertex -1.411732e+001 -2.822437e+001  1.000000e+000
      vertex -1.450000e+001 -2.830049e+001  1.000000e+000
    endloop
  endfacet
  facet normal  0.000000e+000  0.000000e+000  1.000000e+000
    outer loop
      vertex -1.800000e+001 -3.730049e+001  1.000000e+000
      vertex -1.450000e+001 -2.830049e+001  1.000000e+000
      vertex -1.488268e+001 -2.822437e+001  1.000000e+000
    endloop
  endfacet
  facet normal  0.000000e+000  0.000000e+000  1.000000e+000
    outer loop
      vertex -1.800000e+001 -3.730049e+001  1.000000e+000
      vertex -1.488268e+001 -2.822437e+001  1.000000e+000
      vertex -1.520711e+001 -2.800760e+001  1.000000e+000
    endloop
  endfacet
  facet normal  0.000000e+000  0.000000e+000  1.000000e+000
    outer loop
      vertex -1.800000e+001 -3.730049e+001  1.000000e+000
      vertex -1.520711e+001 -2.800760e+001  1.000000e+000
      vertex -1.542388e+001 -2.768318e+001  1.000000e+000
    endloop
  endfacet
  facet normal  0.000000e+000  0.000000e+000  1.000000e+000
    outer loop
      vertex -1.800000e+001 -3.730049e+001  1.000000e+000
      vertex -1.542388e+001 -2.768318e+001  1.000000e+000
      vertex -1.550000e+001 -2.730049e+001  1.000000e+000
    endloop
  endfacet
  facet normal  0.000000e+000  -0.000000e+000  1.000000e+000
    outer loop
      vertex -1.800000e+001 -3.730049e+001  1.000000e+000
      vertex -1.550000e+001 -2.730049e+001  1.000000e+000
      vertex -1.542388e+001 -2.691781e+001  1.000000e+000
    endloop
  endfacet
  facet normal  0.000000e+000  0.000000e+000  1.000000e+000
    outer loop
      vertex -1.800000e+001 -3.730049e+001  1.000000e+000
      vertex -1.542388e+001 -2.691781e+001  1.000000e+000
      vertex -1.600000e+001 -8.004925e-001  1.000000e+000
    endloop
  endfacet
  facet normal  0.000000e+000  -0.000000e+000  1.000000e+000
    outer loop
      vertex -1.800000e+001 -3.730049e+001  1.000000e+000
      vertex -1.600000e+001 -8.004925e-001  1.000000e+000
      vertex -1.600000e+001  6.699508e+000  1.000000e+000
    endloop
  endfacet
  facet normal  0.000000e+000  0.000000e+000  1.000000e+000
    outer loop
      vertex  1.100000e+001 -8.004925e-001  1.000000e+000
      vertex  1.100000e+001 -2.230049e+001  1.000000e+000
      vertex  1.357612e+001 -1.691781e+001  1.000000e+000
    endloop
  endfacet
  facet normal  0.000000e+000  -0.000000e+000  1.000000e+000
    outer loop
      vertex  1.100000e+001 -8.004925e-001  1.000000e+000
      vertex  1.357612e+001 -1.691781e+001  1.000000e+000
      vertex  1.379289e+001 -1.659339e+001  1.000000e+000
    endloop
  endfacet
  facet normal  0.000000e+000  -0.000000e+000  1.000000e+000
    outer loop
      vertex  1.100000e+001 -8.004925e-001  1.000000e+000
      vertex  1.379289e+001 -1.659339e+001  1.000000e+000
      vertex  1.411732e+001 -1.637661e+001  1.000000e+000
    endloop
  endfacet
  facet normal  0.000000e+000  -0.000000e+000  1.000000e+000
    outer loop
      vertex  1.100000e+001 -8.004925e-001  1.000000e+000
      vertex  1.411732e+001 -1.637661e+001  1.000000e+000
      vertex  1.450000e+001 -1.630049e+001  1.000000e+000
    endloop
  endfacet
  facet normal  -0.000000e+000  -0.000000e+000  1.000000e+000
    outer loop
      vertex  1.100000e+001 -8.004925e-001  1.000000e+000
      vertex  1.450000e+001 -1.630049e+001  1.000000e+000
      vertex  1.488268e+001 -1.637661e+001  1.000000e+000
    endloop
  endfacet
  facet normal  -0.000000e+000  -0.000000e+000  1.000000e+000
    outer loop
      vertex  1.100000e+001 -8.004925e-001  1.000000e+000
      vertex  1.488268e+001 -1.637661e+001  1.000000e+000
      vertex  1.520711e+001 -1.659339e+001  1.000000e+000
    endloop
  endfacet
  facet normal  -0.000000e+000  -0.000000e+000  1.000000e+000
    outer loop
      vertex  1.100000e+001 -8.004925e-001  1.000000e+000
      vertex  1.520711e+001 -1.659339e+001  1.000000e+000
      vertex  1.542388e+001 -1.691781e+001  1.000000e+000
    endloop
  endfacet
  facet normal  -0.000000e+000  0.000000e+000  1.000000e+000
    outer loop
      vertex  1.600000e+001 -8.004925e-001  1.000000e+000
      vertex  1.100000e+001 -8.004925e-001  1.000000e+000
      vertex  1.542388e+001 -1.691781e+001  1.000000e+000
    endloop
  endfacet
  facet normal  -0.000000e+000  0.000000e+000  1.000000e+000
    outer loop
      vertex  1.600000e+001 -8.004925e-001  1.000000e+000
      vertex  1.542388e+001 -1.691781e+001  1.000000e+000
      vertex  1.550000e+001 -1.730049e+001  1.000000e+000
    endloop
  endfacet
  facet normal  -0.000000e+000  0.000000e+000  1.000000e+000
    outer loop
      vertex  1.600000e+001 -8.004925e-001  1.000000e+000
      vertex  1.550000e+001 -1.730049e+001  1.000000e+000
      vertex  1.800000e+001 -3.730049e+001  1.000000e+000
    endloop
  endfacet
  facet normal  0.000000e+000  0.000000e+000  1.000000e+000
    outer loop
      vertex  1.433211e+001  1.740661e+001  1.000000e+000
      vertex  1.454888e+001  1.708219e+001  1.000000e+000
      vertex  1.362500e+001  5.069951e+001  1.000000e+000
    endloop
  endfacet
  facet normal  0.000000e+000  0.000000e+000  1.000000e+000
    outer loop
      vertex  1.433211e+001  1.740661e+001  1.000000e+000
      vertex  1.362500e+001  5.069951e+001  1.000000e+000
      vertex  1.354888e+001  5.031683e+001  1.000000e+000
    endloop
  endfacet
  facet normal  0.000000e+000  0.000000e+000  1.000000e+000
    outer loop
      vertex  1.433211e+001  1.740661e+001  1.000000e+000
      vertex  1.354888e+001  5.031683e+001  1.000000e+000
      vertex  1.333211e+001  4.999240e+001  1.000000e+000
    endloop
  endfacet
  facet normal  0.000000e+000  0.000000e+000  1.000000e+000
    outer loop
      vertex  1.433211e+001  1.740661e+001  1.000000e+000
      vertex  1.333211e+001  4.999240e+001  1.000000e+000
      vertex  1.300768e+001  4.977563e+001  1.000000e+000
    endloop
  endfacet
  facet normal  0.000000e+000  0.000000e+000  1.000000e+000
    outer loop
      vertex  1.433211e+001  1.740661e+001  1.000000e+000
      vertex  1.300768e+001  4.977563e+001  1.000000e+000
      vertex  1.262500e+001  4.969951e+001  1.000000e+000
    endloop
  endfacet
  facet normal  0.000000e+000  0.000000e+000  1.000000e+000
    outer loop
      vertex  1.433211e+001  1.740661e+001  1.000000e+000
      vertex  1.262500e+001  4.969951e+001  1.000000e+000
      vertex  1.400768e+001  1.762339e+001  1.000000e+000
    endloop
  endfacet
  facet normal  0.000000e+000  0.000000e+000  1.000000e+000
    outer loop
      vertex  1.100000e+001  6.699508e+000  1.000000e+000
      vertex  1.600000e+001  6.699508e+000  1.000000e+000
      vertex  1.454888e+001  1.631682e+001  1.000000e+000
    endloop
  endfacet
  facet normal  0.000000e+000  0.000000e+000  1.000000e+000
    outer loop
      vertex  1.100000e+001  6.699508e+000  1.000000e+000
      vertex  1.454888e+001  1.631682e+001  1.000000e+000
      vertex  1.433211e+001  1.599240e+001  1.000000e+000
    endloop
  endfacet
  facet normal  0.000000e+000  0.000000e+000  9.999999e-001
    outer loop
      vertex  1.100000e+001  6.699508e+000  1.000000e+000
      vertex  1.433211e+001  1.599240e+001  1.000000e+000
      vertex  1.400768e+001  1.577563e+001  1.000000e+000
    endloop
  endfacet
  facet normal  0.000000e+000  0.000000e+000  9.999999e-001
    outer loop
      vertex  1.100000e+001  6.699508e+000  1.000000e+000
      vertex  1.400768e+001  1.577563e+001  1.000000e+000
      vertex  1.362500e+001  1.569951e+001  1.000000e+000
    endloop
  endfacet
  facet normal  0.000000e+000  0.000000e+000  1.000000e+000
    outer loop
      vertex  1.100000e+001  6.699508e+000  1.000000e+000
      vertex  1.362500e+001  1.569951e+001  1.000000e+000
      vertex  1.324232e+001  1.577563e+001  1.000000e+000
    endloop
  endfacet
  facet normal  0.000000e+000  0.000000e+000  1.000000e+000
    outer loop
      vertex  1.100000e+001  6.699508e+000  1.000000e+000
      vertex  1.324232e+001  1.577563e+001  1.000000e+000
      vertex  1.291789e+001  1.599240e+001  1.000000e+000
    endloop
  endfacet
  facet normal  0.000000e+000  0.000000e+000  1.000000e+000
    outer loop
      vertex  1.100000e+001  6.699508e+000  1.000000e+000
      vertex  1.291789e+001  1.599240e+001  1.000000e+000
      vertex  1.270112e+001  1.631682e+001  1.000000e+000
    endloop
  endfacet
  facet normal  0.000000e+000  0.000000e+000  1.000000e+000
    outer loop
      vertex  1.100000e+001  6.699508e+000  1.000000e+000
      vertex  1.270112e+001  1.631682e+001  1.000000e+000
      vertex  1.262500e+001  1.669951e+001  1.000000e+000
    endloop
  endfacet
  facet normal  0.000000e+000  0.000000e+000  1.000000e+000
    outer loop
      vertex  1.100000e+001  6.699508e+000  1.000000e+000
      vertex  1.262500e+001  1.669951e+001  1.000000e+000
      vertex  1.100000e+001  8.699508e+000  1.000000e+000
    endloop
  endfacet
  facet normal  -0.000000e+000  0.000000e+000  1.000000e+000
    outer loop
      vertex  1.200000e+001  5.869951e+001  1.000000e+000
      vertex  8.000000e+000  5.869951e+001  1.000000e+000
      vertex  5.000000e+000  5.569951e+001  1.000000e+000
    endloop
  endfacet
  facet normal  -0.000000e+000  0.000000e+000  1.000000e+000
    outer loop
      vertex  1.200000e+001  5.869951e+001  1.000000e+000
      vertex  5.000000e+000  5.569951e+001  1.000000e+000
      vertex  1.262500e+001  5.169951e+001  1.000000e+000
    endloop
  endfacet
  facet normal  -0.000000e+000  -0.000000e+000  1.000000e+000
    outer loop
      vertex  1.200000e+001  5.869951e+001  1.000000e+000
      vertex  1.262500e+001  5.169951e+001  1.000000e+000
      vertex  1.300768e+001  5.162339e+001  1.000000e+000
    endloop
  endfacet
  facet normal  -0.000000e+000  -0.000000e+000  1.000000e+000
    outer loop
      vertex  1.200000e+001  5.869951e+001  1.000000e+000
      vertex  1.300768e+001  5.162339e+001  1.000000e+000
      vertex  1.333211e+001  5.140662e+001  1.000000e+000
    endloop
  endfacet
  facet normal  -0.000000e+000  -0.000000e+000  9.999999e-001
    outer loop
      vertex  1.200000e+001  5.869951e+001  1.000000e+000
      vertex  1.333211e+001  5.140662e+001  1.000000e+000
      vertex  1.354888e+001  5.108219e+001  1.000000e+000
    endloop
  endfacet
  facet normal  0.000000e+000  -0.000000e+000  1.000000e+000
    outer loop
      vertex -1.600000e+001 -8.004925e-001  1.000000e+000
      vertex -1.542388e+001 -2.691781e+001  1.000000e+000
      vertex -1.520711e+001 -2.659339e+001  1.000000e+000
    endloop
  endfacet
  facet normal  0.000000e+000  -0.000000e+000  1.000000e+000
    outer loop
      vertex -1.600000e+001 -8.004925e-001  1.000000e+000
      vertex -1.520711e+001 -2.659339e+001  1.000000e+000
      vertex -1.488268e+001 -2.637661e+001  1.000000e+000
    endloop
  endfacet
  facet normal  0.000000e+000  -0.000000e+000  1.000000e+000
    outer loop
      vertex -1.600000e+001 -8.004925e-001  1.000000e+000
      vertex -1.488268e+001 -2.637661e+001  1.000000e+000
      vertex -1.450000e+001 -2.630049e+001  1.000000e+000
    endloop
  endfacet
  facet normal  -0.000000e+000  -0.000000e+000  1.000000e+000
    outer loop
      vertex -1.600000e+001 -8.004925e-001  1.000000e+000
      vertex -1.450000e+001 -2.630049e+001  1.000000e+000
      vertex -1.411732e+001 -2.637661e+001  1.000000e+000
    endloop
  endfacet
  facet normal  -0.000000e+000  -0.000000e+000  1.000000e+000
    outer loop
      vertex -1.600000e+001 -8.004925e-001  1.000000e+000
      vertex -1.411732e+001 -2.637661e+001  1.000000e+000
      vertex -1.379289e+001 -2.659339e+001  1.000000e+000
    endloop
  endfacet
  facet normal  -0.000000e+000  -0.000000e+000  1.000000e+000
    outer loop
      vertex -1.600000e+001 -8.004925e-001  1.000000e+000
      vertex -1.379289e+001 -2.659339e+001  1.000000e+000
      vertex -1.357612e+001 -2.691781e+001  1.000000e+000
    endloop
  endfacet
  facet normal  -0.000000e+000  -0.000000e+000  1.000000e+000
    outer loop
      vertex -1.600000e+001 -8.004925e-001  1.000000e+000
      vertex -1.357612e+001 -2.691781e+001  1.000000e+000
      vertex -1.350000e+001 -2.730049e+001  1.000000e+000
    endloop
  endfacet
  facet normal  0.000000e+000  -0.000000e+000  1.000000e+000
    outer loop
      vertex -1.600000e+001 -8.004925e-001  1.000000e+000
      vertex -1.350000e+001 -2.730049e+001  1.000000e+000
      vertex -1.100000e+001 -2.230049e+001  1.000000e+000
    endloop
  endfacet
  facet normal  0.000000e+000  -0.000000e+000  1.000000e+000
    outer loop
      vertex -1.600000e+001 -8.004925e-001  1.000000e+000
      vertex -1.100000e+001 -2.230049e+001  1.000000e+000
      vertex -1.100000e+001 -8.004925e-001  1.000000e+000
    endloop
  endfacet
  facet normal  0.000000e+000  0.000000e+000  1.000000e+000
    outer loop
      vertex -1.600000e+001  6.699508e+000  1.000000e+000
      vertex -1.100000e+001  6.699508e+000  1.000000e+000
      vertex -1.270112e+001  1.631682e+001  1.000000e+000
    endloop
  endfacet
  facet normal  0.000000e+000  0.000000e+000  1.000000e+000
    outer loop
      vertex -1.600000e+001  6.699508e+000  1.000000e+000
      vertex -1.270112e+001  1.631682e+001  1.000000e+000
      vertex -1.291789e+001  1.599240e+001  1.000000e+000
    endloop
  endfacet
  facet normal  0.000000e+000  0.000000e+000  1.000000e+000
    outer loop
      vertex -1.600000e+001  6.699508e+000  1.000000e+000
      vertex -1.291789e+001  1.599240e+001  1.000000e+000
      vertex -1.324232e+001  1.577563e+001  1.000000e+000
    endloop
  endfacet
  facet normal  0.000000e+000  0.000000e+000  1.000000e+000
    outer loop
      vertex -1.600000e+001  6.699508e+000  1.000000e+000
      vertex -1.324232e+001  1.577563e+001  1.000000e+000
      vertex -1.362500e+001  1.569951e+001  1.000000e+000
    endloop
  endfacet
  facet normal  0.000000e+000  0.000000e+000  1.000000e+000
    outer loop
      vertex -1.600000e+001  6.699508e+000  1.000000e+000
      vertex -1.362500e+001  1.569951e+001  1.000000e+000
      vertex -1.400768e+001  1.577563e+001  1.000000e+000
    endloop
  endfacet
  facet normal  0.000000e+000  0.000000e+000  1.000000e+000
    outer loop
      vertex -1.600000e+001  6.699508e+000  1.000000e+000
      vertex -1.400768e+001  1.577563e+001  1.000000e+000
      vertex -1.433211e+001  1.599240e+001  1.000000e+000
    endloop
  endfacet
  facet normal  0.000000e+000  0.000000e+000  1.000000e+000
    outer loop
      vertex -1.600000e+001  6.699508e+000  1.000000e+000
      vertex -1.433211e+001  1.599240e+001  1.000000e+000
      vertex -1.454888e+001  1.631682e+001  1.000000e+000
    endloop
  endfacet
  facet normal  0.000000e+000  0.000000e+000  1.000000e+000
    outer loop
      vertex -1.600000e+001  6.699508e+000  1.000000e+000
      vertex -1.454888e+001  1.631682e+001  1.000000e+000
      vertex -1.462500e+001  1.669951e+001  1.000000e+000
    endloop
  endfacet
  facet normal  0.000000e+000  -0.000000e+000  1.000000e+000
    outer loop
      vertex -1.433211e+001  1.740661e+001  1.000000e+000
      vertex -1.400768e+001  1.762339e+001  1.000000e+000
      vertex -1.262500e+001  4.969951e+001  1.000000e+000
    endloop
  endfacet
  facet normal  0.000000e+000  0.000000e+000  1.000000e+000
    outer loop
      vertex -1.433211e+001  1.740661e+001  1.000000e+000
      vertex -1.262500e+001  4.969951e+001  1.000000e+000
      vertex -1.300768e+001  4.977563e+001  1.000000e+000
    endloop
  endfacet
  facet normal  0.000000e+000  0.000000e+000  1.000000e+000
    outer loop
      vertex -1.433211e+001  1.740661e+001  1.000000e+000
      vertex -1.300768e+001  4.977563e+001  1.000000e+000
      vertex -1.333211e+001  4.999240e+001  1.000000e+000
    endloop
  endfacet
  facet normal  0.000000e+000  0.000000e+000  9.999999e-001
    outer loop
      vertex -1.433211e+001  1.740661e+001  1.000000e+000
      vertex -1.333211e+001  4.999240e+001  1.000000e+000
      vertex -1.354888e+001  5.031683e+001  1.000000e+000
    endloop
  endfacet
  facet normal  0.000000e+000  0.000000e+000  1.000000e+000
    outer loop
      vertex -1.433211e+001  1.740661e+001  1.000000e+000
      vertex -1.354888e+001  5.031683e+001  1.000000e+000
      vertex -1.362500e+001  5.069951e+001  1.000000e+000
    endloop
  endfacet
  facet normal  0.000000e+000  0.000000e+000  1.000000e+000
    outer loop
      vertex -1.433211e+001  1.740661e+001  1.000000e+000
      vertex -1.362500e+001  5.069951e+001  1.000000e+000
      vertex -1.600000e+001  5.469951e+001  1.000000e+000
    endloop
  endfacet
  facet normal  0.000000e+000  0.000000e+000  1.000000e+000
    outer loop
      vertex -1.433211e+001  1.740661e+001  1.000000e+000
      vertex -1.600000e+001  5.469951e+001  1.000000e+000
      vertex -1.454888e+001  1.708219e+001  1.000000e+000
    endloop
  endfacet
  facet normal  0.000000e+000  -0.000000e+000  1.000000e+000
    outer loop
      vertex -1.600000e+001  5.469951e+001  1.000000e+000
      vertex -1.362500e+001  5.069951e+001  1.000000e+000
      vertex -1.354888e+001  5.108219e+001  1.000000e+000
    endloop
  endfacet
  facet normal  0.000000e+000  -0.000000e+000  1.000000e+000
    outer loop
      vertex -1.600000e+001  5.469951e+001  1.000000e+000
      vertex -1.354888e+001  5.108219e+001  1.000000e+000
      vertex -1.333211e+001  5.140662e+001  1.000000e+000
    endloop
  endfacet
  facet normal  0.000000e+000  -0.000000e+000  1.000000e+000
    outer loop
      vertex -1.600000e+001  5.469951e+001  1.000000e+000
      vertex -1.333211e+001  5.140662e+001  1.000000e+000
      vertex -1.300768e+001  5.162339e+001  1.000000e+000
    endloop
  endfacet
  facet normal  0.000000e+000  -0.000000e+000  1.000000e+000
    outer loop
      vertex -1.600000e+001  5.469951e+001  1.000000e+000
      vertex -1.300768e+001  5.162339e+001  1.000000e+000
      vertex -1.262500e+001  5.169951e+001  1.000000e+000
    endloop
  endfacet
  facet normal  0.000000e+000  -0.000000e+000  1.000000e+000
    outer loop
      vertex -1.600000e+001  5.469951e+001  1.000000e+000
      vertex -1.262500e+001  5.169951e+001  1.000000e+000
      vertex -1.200000e+001  5.869951e+001  1.000000e+000
    endloop
  endfacet
  facet normal  0.000000e+000  0.000000e+000  1.000000e+000
    outer loop
      vertex -1.800000e+001  2.569951e+001  1.000000e+000
      vertex -1.800000e+001 -3.730049e+001  1.000000e+000
      vertex -1.600000e+001  6.699508e+000  1.000000e+000
    endloop
  endfacet
  facet normal  0.000000e+000  -0.000000e+000  1.000000e+000
    outer loop
      vertex -1.800000e+001  2.569951e+001  1.000000e+000
      vertex -1.600000e+001  6.699508e+000  1.000000e+000
      vertex -1.462500e+001  1.669951e+001  1.000000e+000
    endloop
  endfacet
  facet normal  0.000000e+000  -0.000000e+000  9.999999e-001
    outer loop
      vertex -1.800000e+001  2.569951e+001  1.000000e+000
      vertex -1.462500e+001  1.669951e+001  1.000000e+000
      vertex -1.454888e+001  1.708219e+001  1.000000e+000
    endloop
  endfacet
  facet normal  0.000000e+000  0.000000e+000  1.000000e+000
    outer loop
      vertex -1.800000e+001  2.569951e+001  1.000000e+000
      vertex -1.454888e+001  1.708219e+001  1.000000e+000
      vertex -1.600000e+001  2.769951e+001  1.000000e+000
    endloop
  endfacet
  facet normal  0.000000e+000  0.000000e+000  9.999999e-001
    outer loop
      vertex -1.262500e+001  4.969951e+001  1.000000e+000
      vertex -1.400768e+001  1.762339e+001  1.000000e+000
      vertex -1.362500e+001  1.769951e+001  1.000000e+000
    endloop
  endfacet
  facet normal  -0.000000e+000  0.000000e+000  9.999999e-001
    outer loop
      vertex -1.262500e+001  4.969951e+001  1.000000e+000
      vertex -1.362500e+001  1.769951e+001  1.000000e+000
      vertex -1.324232e+001  1.762339e+001  1.000000e+000
    endloop
  endfacet
  facet normal  -0.000000e+000  0.000000e+000  1.000000e+000
    outer loop
      vertex -1.262500e+001  4.969951e+001  1.000000e+000
      vertex -1.324232e+001  1.762339e+001  1.000000e+000
      vertex -1.291789e+001  1.740661e+001  1.000000e+000
    endloop
  endfacet
  facet normal  -0.000000e+000  0.000000e+000  1.000000e+000
    outer loop
      vertex -1.262500e+001  4.969951e+001  1.000000e+000
      vertex -1.291789e+001  1.740661e+001  1.000000e+000
      vertex -1.270112e+001  1.708219e+001  1.000000e+000
    endloop
  endfacet
  facet normal  -0.000000e+000  0.000000e+000  9.999999e-001
    outer loop
      vertex -1.262500e+001  4.969951e+001  1.000000e+000
      vertex -1.270112e+001  1.708219e+001  1.000000e+000
      vertex -1.262500e+001  1.669951e+001  1.000000e+000
    endloop
  endfacet
  facet normal  0.000000e+000  0.000000e+000  1.000000e+000
    outer loop
      vertex -5.000000e+000  4.569951e+001  1.000000e+000
      vertex -1.191789e+001  5.140662e+001  1.000000e+000
      vertex -1.170112e+001  5.108219e+001  1.000000e+000
    endloop
  endfacet
  facet normal  0.000000e+000  0.000000e+000  1.000000e+000
    outer loop
      vertex -5.000000e+000  4.569951e+001  1.000000e+000
      vertex -1.170112e+001  5.108219e+001  1.000000e+000
      vertex -1.162500e+001  5.069951e+001  1.000000e+000
    endloop
  endfacet
  facet normal  0.000000e+000  0.000000e+000  9.999999e-001
    outer loop
      vertex -5.000000e+000  4.569951e+001  1.000000e+000
      vertex -1.162500e+001  5.069951e+001  1.000000e+000
      vertex -1.170112e+001  5.031683e+001  1.000000e+000
    endloop
  endfacet
  facet normal  0.000000e+000  0.000000e+000  1.000000e+000
    outer loop
      vertex -5.000000e+000  4.569951e+001  1.000000e+000
      vertex -1.170112e+001  5.031683e+001  1.000000e+000
      vertex -1.191789e+001  4.999240e+001  1.000000e+000
    endloop
  endfacet
  facet normal  0.000000e+000  0.000000e+000  9.999999e-001
    outer loop
      vertex -5.000000e+000  4.569951e+001  1.000000e+000
      vertex -1.191789e+001  4.999240e+001  1.000000e+000
      vertex -1.224232e+001  4.977563e+001  1.000000e+000
    endloop
  endfacet
  facet normal  0.000000e+000  0.000000e+000  1.000000e+000
    outer loop
      vertex -5.000000e+000  4.569951e+001  1.000000e+000
      vertex -1.224232e+001  4.977563e+001  1.000000e+000
      vertex -1.262500e+001  4.969951e+001  1.000000e+000
    endloop
  endfacet
  facet normal  0.000000e+000  0.000000e+000  1.000000e+000
    outer loop
      vertex -5.000000e+000  5.569951e+001  1.000000e+000
      vertex -8.000000e+000  5.869951e+001  1.000000e+000
      vertex -1.200000e+001  5.869951e+001  1.000000e+000
    endloop
  endfacet
  facet normal  0.000000e+000  0.000000e+000  1.000000e+000
    outer loop
      vertex -5.000000e+000  5.569951e+001  1.000000e+000
      vertex -1.200000e+001  5.869951e+001  1.000000e+000
      vertex -1.262500e+001  5.169951e+001  1.000000e+000
    endloop
  endfacet
  facet normal  -0.000000e+000  0.000000e+000  1.000000e+000
    outer loop
      vertex -5.000000e+000  5.569951e+001  1.000000e+000
      vertex -1.262500e+001  5.169951e+001  1.000000e+000
      vertex -1.224232e+001  5.162339e+001  1.000000e+000
    endloop
  endfacet
  facet normal  -0.000000e+000  0.000000e+000  1.000000e+000
    outer loop
      vertex -5.000000e+000  5.569951e+001  1.000000e+000
      vertex -1.224232e+001  5.162339e+001  1.000000e+000
      vertex -1.191789e+001  5.140662e+001  1.000000e+000
    endloop
  endfacet
  facet normal  -0.000000e+000  0.000000e+000  1.000000e+000
    outer loop
      vertex -5.000000e+000  5.569951e+001  1.000000e+000
      vertex -1.191789e+001  5.140662e+001  1.000000e+000
      vertex -5.000000e+000  4.569951e+001  1.000000e+000
    endloop
  endfacet
  facet normal  0.000000e+000  0.000000e+000  1.000000e+000
    outer loop
      vertex  5.000000e+000  5.569951e+001  1.000000e+000
      vertex  5.000000e+000  4.569951e+001  1.000000e+000
      vertex  1.191789e+001  5.140662e+001  1.000000e+000
    endloop
  endfacet
  facet normal  0.000000e+000  -0.000000e+000  1.000000e+000
    outer loop
      vertex  5.000000e+000  5.569951e+001  1.000000e+000
      vertex  1.191789e+001  5.140662e+001  1.000000e+000
      vertex  1.224232e+001  5.162339e+001  1.000000e+000
    endloop
  endfacet
  facet normal  0.000000e+000  -0.000000e+000  1.000000e+000
    outer loop
      vertex  5.000000e+000  5.569951e+001  1.000000e+000
      vertex  1.224232e+001  5.162339e+001  1.000000e+000
      vertex  1.262500e+001  5.169951e+001  1.000000e+000
    endloop
  endfacet
  facet normal  0.000000e+000  0.000000e+000  1.000000e+000
    outer loop
      vertex  1.262500e+001  4.969951e+001  1.000000e+000
      vertex  1.262500e+001  1.669951e+001  1.000000e+000
      vertex  1.270112e+001  1.708219e+001  1.000000e+000
    endloop
  endfacet
  facet normal  0.000000e+000  -0.000000e+000  1.000000e+000
    outer loop
      vertex  1.262500e+001  4.969951e+001  1.000000e+000
      vertex  1.270112e+001  1.708219e+001  1.000000e+000
      vertex  1.291789e+001  1.740661e+001  1.000000e+000
    endloop
  endfacet
  facet normal  0.000000e+000  -0.000000e+000  1.000000e+000
    outer loop
      vertex  1.262500e+001  4.969951e+001  1.000000e+000
      vertex  1.291789e+001  1.740661e+001  1.000000e+000
      vertex  1.324232e+001  1.762339e+001  1.000000e+000
    endloop
  endfacet
  facet normal  0.000000e+000  -0.000000e+000  1.000000e+000
    outer loop
      vertex  1.262500e+001  4.969951e+001  1.000000e+000
      vertex  1.324232e+001  1.762339e+001  1.000000e+000
      vertex  1.362500e+001  1.769951e+001  1.000000e+000
    endloop
  endfacet
  facet normal  -0.000000e+000  -0.000000e+000  1.000000e+000
    outer loop
      vertex  1.262500e+001  4.969951e+001  1.000000e+000
      vertex  1.362500e+001  1.769951e+001  1.000000e+000
      vertex  1.400768e+001  1.762339e+001  1.000000e+000
    endloop
  endfacet
  facet normal  -0.000000e+000  0.000000e+000  1.000000e+000
    outer loop
      vertex  1.100000e+001 -2.230049e+001  1.000000e+000
      vertex  1.100000e+001 -2.430049e+001  1.000000e+000
      vertex  1.800000e+001 -3.730049e+001  1.000000e+000
    endloop
  endfacet
  facet normal  0.000000e+000  0.000000e+000  1.000000e+000
    outer loop
      vertex  1.100000e+001 -2.230049e+001  1.000000e+000
      vertex  1.800000e+001 -3.730049e+001  1.000000e+000
      vertex  1.450000e+001 -1.830049e+001  1.000000e+000
    endloop
  endfacet
  facet normal  0.000000e+000  0.000000e+000  1.000000e+000
    outer loop
      vertex  1.100000e+001 -2.230049e+001  1.000000e+000
      vertex  1.450000e+001 -1.830049e+001  1.000000e+000
      vertex  1.411732e+001 -1.822437e+001  1.000000e+000
    endloop
  endfacet
  facet normal  0.000000e+000  0.000000e+000  9.999999e-001
    outer loop
      vertex  1.100000e+001 -2.230049e+001  1.000000e+000
      vertex  1.411732e+001 -1.822437e+001  1.000000e+000
      vertex  1.379289e+001 -1.800760e+001  1.000000e+000
    endloop
  endfacet
  facet normal  0.000000e+000  0.000000e+000  9.999999e-001
    outer loop
      vertex  1.100000e+001 -2.230049e+001  1.000000e+000
      vertex  1.379289e+001 -1.800760e+001  1.000000e+000
      vertex  1.357612e+001 -1.768318e+001  1.000000e+000
    endloop
  endfacet
  facet normal  0.000000e+000  0.000000e+000  1.000000e+000
    outer loop
      vertex  1.100000e+001 -2.230049e+001  1.000000e+000
      vertex  1.357612e+001 -1.768318e+001  1.000000e+000
      vertex  1.350000e+001 -1.730049e+001  1.000000e+000
    endloop
  endfacet
  facet normal  0.000000e+000  -0.000000e+000  1.000000e+000
    outer loop
      vertex  1.100000e+001 -2.230049e+001  1.000000e+000
      vertex  1.350000e+001 -1.730049e+001  1.000000e+000
      vertex  1.357612e+001 -1.691781e+001  1.000000e+000
    endloop
  endfacet
  facet normal  0.000000e+000  0.000000e+000  9.999999e-001
    outer loop
      vertex  1.800000e+001 -3.730049e+001  1.000000e+000
      vertex  1.550000e+001 -1.730049e+001  1.000000e+000
      vertex  1.542388e+001 -1.768318e+001  1.000000e+000
    endloop
  endfacet
  facet normal  0.000000e+000  0.000000e+000  1.000000e+000
    outer loop
      vertex  1.800000e+001 -3.730049e+001  1.000000e+000
      vertex  1.542388e+001 -1.768318e+001  1.000000e+000
      vertex  1.520711e+001 -1.800760e+001  1.000000e+000
    endloop
  endfacet
  facet normal  0.000000e+000  0.000000e+000  1.000000e+000
    outer loop
      vertex  1.800000e+001 -3.730049e+001  1.000000e+000
      vertex  1.520711e+001 -1.800760e+001  1.000000e+000
      vertex  1.488268e+001 -1.822437e+001  1.000000e+000
    endloop
  endfacet
  facet normal  0.000000e+000  0.000000e+000  1.000000e+000
    outer loop
      vertex  1.800000e+001 -3.730049e+001  1.000000e+000
      vertex  1.488268e+001 -1.822437e+001  1.000000e+000
      vertex  1.450000e+001 -1.830049e+001  1.000000e+000
    endloop
  endfacet
  facet normal  0.000000e+000  0.000000e+000  1.000000e+000
    outer loop
      vertex  1.800000e+001  2.569951e+001  1.000000e+000
      vertex  1.600000e+001  2.769951e+001  1.000000e+000
      vertex  1.454888e+001  1.708219e+001  1.000000e+000
    endloop
  endfacet
  facet normal  -0.000000e+000  0.000000e+000  9.999999e-001
    outer loop
      vertex  1.800000e+001  2.569951e+001  1.000000e+000
      vertex  1.454888e+001  1.708219e+001  1.000000e+000
      vertex  1.462500e+001  1.669951e+001  1.000000e+000
    endloop
  endfacet
  facet normal  -0.000000e+000  0.000000e+000  1.000000e+000
    outer loop
      vertex  1.800000e+001  2.569951e+001  1.000000e+000
      vertex  1.462500e+001  1.669951e+001  1.000000e+000
      vertex  1.600000e+001  6.699508e+000  1.000000e+000
    endloop
  endfacet
  facet normal  -0.000000e+000  0.000000e+000  1.000000e+000
    outer loop
      vertex  1.800000e+001  2.569951e+001  1.000000e+000
      vertex  1.600000e+001  6.699508e+000  1.000000e+000
      vertex  1.800000e+001 -3.730049e+001  1.000000e+000
    endloop
  endfacet
  facet normal  0.000000e+000  0.000000e+000  1.000000e+000
    outer loop
      vertex  1.100000e+001  8.699508e+000  1.000000e+000
      vertex  1.262500e+001  1.669951e+001  1.000000e+000
      vertex -1.100000e+001  8.699508e+000  1.000000e+000
    endloop
  endfacet
  facet normal  0.000000e+000  0.000000e+000  1.000000e+000
    outer loop
      vertex -1.100000e+001  8.699508e+000  1.000000e+000
      vertex  1.262500e+001  1.669951e+001  1.000000e+000
      vertex  5.000000e+000  2.369951e+001  1.000000e+000
    endloop
  endfacet
  facet normal  0.000000e+000  0.000000e+000  1.000000e+000
    outer loop
      vertex -1.100000e+001  8.699508e+000  1.000000e+000
      vertex  5.000000e+000  2.369951e+001  1.000000e+000
      vertex -1.262500e+001  1.669951e+001  1.000000e+000
    endloop
  endfacet
  facet normal  0.000000e+000  0.000000e+000  1.000000e+000
    outer loop
      vertex -1.262500e+001  1.669951e+001  1.000000e+000
      vertex  5.000000e+000  2.369951e+001  1.000000e+000
      vertex -5.000000e+000  2.369951e+001  1.000000e+000
    endloop
  endfacet
  facet normal  -0.000000e+000  0.000000e+000  1.000000e+000
    outer loop
      vertex -1.262500e+001  1.669951e+001  1.000000e+000
      vertex -1.270112e+001  1.631682e+001  1.000000e+000
      vertex -1.100000e+001  8.699508e+000  1.000000e+000
    endloop
  endfacet
  facet normal  0.000000e+000  0.000000e+000  1.000000e+000
    outer loop
      vertex -1.100000e+001  8.699508e+000  1.000000e+000
      vertex -1.270112e+001  1.631682e+001  1.000000e+000
      vertex -1.100000e+001  6.699508e+000  1.000000e+000
    endloop
  endfacet
  facet normal  1.000000e+000  -0.000000e+000  0.000000e+000
    outer loop
      vertex -1.100000e+001 -8.004925e-001  1.000000e+000
      vertex -1.100000e+001 -2.230049e+001  1.000000e+000
      vertex -1.100000e+001 -8.004925e-001  0.000000e+000
    endloop
  endfacet
  facet normal  1.000000e+000  0.000000e+000  0.000000e+000
    outer loop
      vertex -1.100000e+001 -8.004925e-001  0.000000e+000
      vertex -1.100000e+001 -2.230049e+001  1.000000e+000
      vertex -1.100000e+001 -2.230049e+001  0.000000e+000
    endloop
  endfacet
  facet normal -1.000000e+000  -0.000000e+000  0.000000e+000
    outer loop
      vertex  1.100000e+001 -2.230049e+001  1.000000e+000
      vertex  1.100000e+001 -8.004925e-001  1.000000e+000
      vertex  1.100000e+001 -2.230049e+001  0.000000e+000
    endloop
  endfacet
  facet normal -1.000000e+000  0.000000e+000  0.000000e+000
    outer loop
      vertex  1.100000e+001 -2.230049e+001  0.000000e+000
      vertex  1.100000e+001 -8.004925e-001  1.000000e+000
      vertex  1.100000e+001 -8.004925e-001  0.000000e+000
    endloop
  endfacet
  facet normal  0.000000e+000  0.000000e+000 -1.000000e+000
    outer loop
      vertex  1.600000e+001 -8.004925e-001  0.000000e+000
      vertex  1.600000e+001  6.699508e+000  0.000000e+000
      vertex  1.800000e+001 -3.730049e+001  0.000000e+000
    endloop
  endfacet
  facet normal  0.000000e+000  0.000000e+000 -1.000000e+000
    outer loop
      vertex -1.600000e+001  5.469951e+001  0.000000e+000
      vertex -1.454888e+001  1.708219e+001  0.000000e+000
      vertex -1.600000e+001  2.769951e+001  0.000000e+000
    endloop
  endfacet
  facet normal  0.000000e+000  -0.000000e+000 -1.000000e+000
    outer loop
      vertex -1.357612e+001 -2.768318e+001  0.000000e+000
      vertex -1.350000e+001 -2.730049e+001  0.000000e+000
      vertex -1.100000e+001 -2.230049e+001  0.000000e+000
    endloop
  endfacet
  facet normal  0.000000e+000  0.000000e+000 -1.000000e+000
    outer loop
      vertex  5.000000e+000  3.369951e+001  0.000000e+000
      vertex  1.262500e+001  1.669951e+001  0.000000e+000
      vertex  5.000000e+000  2.369951e+001  0.000000e+000
    endloop
  endfacet
  facet normal  0.000000e+000  0.000000e+000 -1.000000e+000
    outer loop
      vertex  1.600000e+001  6.699508e+000  0.000000e+000
      vertex -1.600000e+001  6.699508e+000  0.000000e+000
      vertex  1.400768e+001  1.577563e+001  0.000000e+000
    endloop
  endfacet
  facet normal  0.000000e+000  0.000000e+000 -1.000000e+000
    outer loop
      vertex  1.600000e+001  6.699508e+000  0.000000e+000
      vertex  1.400768e+001  1.577563e+001  0.000000e+000
      vertex  1.433211e+001  1.599240e+001  0.000000e+000
    endloop
  endfacet
  facet normal  0.000000e+000  0.000000e+000 -1.000000e+000
    outer loop
      vertex  1.600000e+001  6.699508e+000  0.000000e+000
      vertex  1.433211e+001  1.599240e+001  0.000000e+000
      vertex  1.454888e+001  1.631682e+001  0.000000e+000
    endloop
  endfacet
  facet normal  0.000000e+000  0.000000e+000 -1.000000e+000
    outer loop
      vertex  1.600000e+001  6.699508e+000  0.000000e+000
      vertex  1.454888e+001  1.631682e+001  0.000000e+000
      vertex  1.462500e+001  1.669951e+001  0.000000e+000
    endloop
  endfacet
  facet normal  0.000000e+000  0.000000e+000 -1.000000e+000
    outer loop
      vertex -1.262500e+001  1.669951e+001  0.000000e+000
      vertex -1.262500e+001  4.969951e+001  0.000000e+000
      vertex -5.000000e+000  4.569951e+001  0.000000e+000
    endloop
  endfacet
  facet normal  0.000000e+000  -0.000000e+000 -1.000000e+000
    outer loop
      vertex -1.262500e+001  1.669951e+001  0.000000e+000
      vertex -5.000000e+000  4.569951e+001  0.000000e+000
      vertex -5.000000e+000  3.369951e+001  0.000000e+000
    endloop
  endfacet
  facet normal  0.000000e+000  -0.000000e+000 -1.000000e+000
    outer loop
      vertex -1.262500e+001  1.669951e+001  0.000000e+000
      vertex -5.000000e+000  3.369951e+001  0.000000e+000
      vertex -5.000000e+000  2.369951e+001  0.000000e+000
    endloop
  endfacet
  facet normal  0.000000e+000  0.000000e+000 -1.000000e+000
    outer loop
      vertex -1.262500e+001  1.669951e+001  0.000000e+000
      vertex -5.000000e+000  2.369951e+001  0.000000e+000
      vertex -1.270112e+001  1.631682e+001  0.000000e+000
    endloop
  endfacet
  facet normal  0.000000e+000  0.000000e+000 -1.000000e+000
    outer loop
      vertex  5.000000e+000  4.569951e+001  0.000000e+000
      vertex  1.191789e+001  5.140662e+001  0.000000e+000
      vertex  1.170112e+001  5.108219e+001  0.000000e+000
    endloop
  endfacet
  facet normal  0.000000e+000  0.000000e+000 -1.000000e+000
    outer loop
      vertex  5.000000e+000  4.569951e+001  0.000000e+000
      vertex  1.170112e+001  5.108219e+001  0.000000e+000
      vertex  1.162500e+001  5.069951e+001  0.000000e+000
    endloop
  endfacet
  facet normal  0.000000e+000  -0.000000e+000 -9.999999e-001
    outer loop
      vertex  5.000000e+000  4.569951e+001  0.000000e+000
      vertex  1.162500e+001  5.069951e+001  0.000000e+000
      vertex  1.170112e+001  5.031683e+001  0.000000e+000
    endloop
  endfacet
  facet normal  0.000000e+000  -0.000000e+000 -1.000000e+000
    outer loop
      vertex  5.000000e+000  4.569951e+001  0.000000e+000
      vertex  1.170112e+001  5.031683e+001  0.000000e+000
      vertex  1.191789e+001  4.999240e+001  0.000000e+000
    endloop
  endfacet
  facet normal  0.000000e+000  -0.000000e+000 -9.999999e-001
    outer loop
      vertex  5.000000e+000  4.569951e+001  0.000000e+000
      vertex  1.191789e+001  4.999240e+001  0.000000e+000
      vertex  1.224232e+001  4.977563e+001  0.000000e+000
    endloop
  endfacet
  facet normal  0.000000e+000  -0.000000e+000 -1.000000e+000
    outer loop
      vertex  5.000000e+000  4.569951e+001  0.000000e+000
      vertex  1.224232e+001  4.977563e+001  0.000000e+000
      vertex  1.262500e+001  4.969951e+001  0.000000e+000
    endloop
  endfacet
  facet normal  0.000000e+000  -0.000000e+000 -1.000000e+000
    outer loop
      vertex  5.000000e+000  4.569951e+001  0.000000e+000
      vertex  1.262500e+001  4.969951e+001  0.000000e+000
      vertex  1.262500e+001  1.669951e+001  0.000000e+000
    endloop
  endfacet
  facet normal  0.000000e+000  0.000000e+000 -1.000000e+000
    outer loop
      vertex  5.000000e+000  4.569951e+001  0.000000e+000
      vertex  1.262500e+001  1.669951e+001  0.000000e+000
      vertex  5.000000e+000  3.369951e+001  0.000000e+000
    endloop
  endfacet
  facet normal  0.000000e+000  0.000000e+000 -1.000000e+000
    outer loop
      vertex  5.000000e+000  4.569951e+001  0.000000e+000
      vertex  5.000000e+000  3.369951e+001  0.000000e+000
      vertex -5.000000e+000  3.369951e+001  0.000000e+000
    endloop
  endfacet
  facet normal  0.000000e+000  0.000000e+000 -1.000000e+000
    outer loop
      vertex  5.000000e+000  4.569951e+001  0.000000e+000
      vertex -5.000000e+000  3.369951e+001  0.000000e+000
      vertex -5.000000e+000  4.569951e+001  0.000000e+000
    endloop
  endfacet
  facet normal  -0.000000e+000  0.000000e+000 -1.000000e+000
    outer loop
      vertex  1.600000e+001  5.469951e+001  0.000000e+000
      vertex  1.600000e+001  2.769951e+001  0.000000e+000
      vertex  1.454888e+001  1.708219e+001  0.000000e+000
    endloop
  endfacet
  facet normal  0.000000e+000  0.000000e+000 -1.000000e+000
    outer loop
      vertex  1.600000e+001  5.469951e+001  0.000000e+000
      vertex  1.454888e+001  1.708219e+001  0.000000e+000
      vertex  1.362500e+001  5.069951e+001  0.000000e+000
    endloop
  endfacet
  facet normal  0.000000e+000  0.000000e+000 -1.000000e+000
    outer loop
      vertex  1.600000e+001  5.469951e+001  0.000000e+000
      vertex  1.362500e+001  5.069951e+001  0.000000e+000
      vertex  1.354888e+001  5.108219e+001  0.000000e+000
    endloop
  endfacet
  facet normal  0.000000e+000  0.000000e+000 -1.000000e+000
    outer loop
      vertex  1.600000e+001  5.469951e+001  0.000000e+000
      vertex  1.354888e+001  5.108219e+001  0.000000e+000
      vertex  1.200000e+001  5.869951e+001  0.000000e+000
    endloop
  endfacet
  facet normal  0.000000e+000  0.000000e+000 -1.000000e+000
    outer loop
      vertex  1.800000e+001 -3.730049e+001  0.000000e+000
      vertex -1.800000e+001 -3.730049e+001  0.000000e+000
      vertex  1.100000e+001 -2.230049e+001  0.000000e+000
    endloop
  endfacet
  facet normal  0.000000e+000  0.000000e+000 -1.000000e+000
    outer loop
      vertex  1.800000e+001 -3.730049e+001  0.000000e+000
      vertex  1.100000e+001 -2.230049e+001  0.000000e+000
      vertex  1.450000e+001 -1.830049e+001  0.000000e+000
    endloop
  endfacet
  facet normal  0.000000e+000  0.000000e+000 -1.000000e+000
    outer loop
      vertex  1.800000e+001 -3.730049e+001  0.000000e+000
      vertex  1.450000e+001 -1.830049e+001  0.000000e+000
      vertex  1.488268e+001 -1.822437e+001  0.000000e+000
    endloop
  endfacet
  facet normal  0.000000e+000  0.000000e+000 -1.000000e+000
    outer loop
      vertex  1.800000e+001 -3.730049e+001  0.000000e+000
      vertex  1.488268e+001 -1.822437e+001  0.000000e+000
      vertex  1.520711e+001 -1.800760e+001  0.000000e+000
    endloop
  endfacet
  facet normal  0.000000e+000  0.000000e+000 -1.000000e+000
    outer loop
      vertex  1.800000e+001 -3.730049e+001  0.000000e+000
      vertex  1.520711e+001 -1.800760e+001  0.000000e+000
      vertex  1.542388e+001 -1.768318e+001  0.000000e+000
    endloop
  endfacet
  facet normal  0.000000e+000  0.000000e+000 -9.999999e-001
    outer loop
      vertex  1.800000e+001 -3.730049e+001  0.000000e+000
      vertex  1.542388e+001 -1.768318e+001  0.000000e+000
      vertex  1.550000e+001 -1.730049e+001  0.000000e+000
    endloop
  endfacet
  facet normal  0.000000e+000  -0.000000e+000 -1.000000e+000
    outer loop
      vertex -1.800000e+001 -3.730049e+001  0.000000e+000
      vertex -1.600000e+001  6.699508e+000  0.000000e+000
      vertex -1.600000e+001 -8.004925e-001  0.000000e+000
    endloop
  endfacet
  facet normal  0.000000e+000  -0.000000e+000 -1.000000e+000
    outer loop
      vertex -1.800000e+001 -3.730049e+001  0.000000e+000
      vertex -1.600000e+001 -8.004925e-001  0.000000e+000
      vertex -1.542388e+001 -2.691781e+001  0.000000e+000
    endloop
  endfacet
  facet normal  0.000000e+000  0.000000e+000 -1.000000e+000
    outer loop
      vertex -1.800000e+001 -3.730049e+001  0.000000e+000
      vertex -1.542388e+001 -2.691781e+001  0.000000e+000
      vertex -1.550000e+001 -2.730049e+001  0.000000e+000
    endloop
  endfacet
  facet normal  0.000000e+000  -0.000000e+000 -1.000000e+000
    outer loop
      vertex -1.800000e+001 -3.730049e+001  0.000000e+000
      vertex -1.550000e+001 -2.730049e+001  0.000000e+000
      vertex -1.542388e+001 -2.768318e+001  0.000000e+000
    endloop
  endfacet
  facet normal  0.000000e+000  -0.000000e+000 -1.000000e+000
    outer loop
      vertex -1.800000e+001 -3.730049e+001  0.000000e+000
      vertex -1.542388e+001 -2.768318e+001  0.000000e+000
      vertex -1.520711e+001 -2.800760e+001  0.000000e+000
    endloop
  endfacet
  facet normal  0.000000e+000  -0.000000e+000 -1.000000e+000
    outer loop
      vertex -1.800000e+001 -3.730049e+001  0.000000e+000
      vertex -1.520711e+001 -2.800760e+001  0.000000e+000
      vertex -1.488268e+001 -2.822437e+001  0.000000e+000
    endloop
  endfacet
  facet normal  0.000000e+000  -0.000000e+000 -1.000000e+000
    outer loop
      vertex -1.800000e+001 -3.730049e+001  0.000000e+000
      vertex -1.488268e+001 -2.822437e+001  0.000000e+000
      vertex -1.450000e+001 -2.830049e+001  0.000000e+000
    endloop
  endfacet
  facet normal  0.000000e+000  -0.000000e+000 -1.000000e+000
    outer loop
      vertex -1.800000e+001 -3.730049e+001  0.000000e+000
      vertex -1.450000e+001 -2.830049e+001  0.000000e+000
      vertex -1.411732e+001 -2.822437e+001  0.000000e+000
    endloop
  endfacet
  facet normal  0.000000e+000  -0.000000e+000 -1.000000e+000
    outer loop
      vertex -1.800000e+001 -3.730049e+001  0.000000e+000
      vertex -1.411732e+001 -2.822437e+001  0.000000e+000
      vertex -1.379289e+001 -2.800760e+001  0.000000e+000
    endloop
  endfacet
  facet normal  0.000000e+000  -0.000000e+000 -9.999999e-001
    outer loop
      vertex -1.800000e+001 -3.730049e+001  0.000000e+000
      vertex -1.379289e+001 -2.800760e+001  0.000000e+000
      vertex -1.357612e+001 -2.768318e+001  0.000000e+000
    endloop
  endfacet
  facet normal  0.000000e+000  -0.000000e+000 -1.000000e+000
    outer loop
      vertex -1.800000e+001 -3.730049e+001  0.000000e+000
      vertex -1.357612e+001 -2.768318e+001  0.000000e+000
      vertex -1.100000e+001 -2.230049e+001  0.000000e+000
    endloop
  endfacet
  facet normal  0.000000e+000  -0.000000e+000 -1.000000e+000
    outer loop
      vertex -1.800000e+001 -3.730049e+001  0.000000e+000
      vertex -1.100000e+001 -2.230049e+001  0.000000e+000
      vertex  1.100000e+001 -2.230049e+001  0.000000e+000
    endloop
  endfacet
  facet normal  0.000000e+000  0.000000e+000 -1.000000e+000
    outer loop
      vertex  1.100000e+001 -8.004925e-001  0.000000e+000
      vertex  1.542388e+001 -1.691781e+001  0.000000e+000
      vertex  1.520711e+001 -1.659339e+001  0.000000e+000
    endloop
  endfacet
  facet normal  0.000000e+000  0.000000e+000 -1.000000e+000
    outer loop
      vertex  1.100000e+001 -8.004925e-001  0.000000e+000
      vertex  1.520711e+001 -1.659339e+001  0.000000e+000
      vertex  1.488268e+001 -1.637661e+001  0.000000e+000
    endloop
  endfacet
  facet normal  0.000000e+000  0.000000e+000 -1.000000e+000
    outer loop
      vertex  1.100000e+001 -8.004925e-001  0.000000e+000
      vertex  1.488268e+001 -1.637661e+001  0.000000e+000
      vertex  1.450000e+001 -1.630049e+001  0.000000e+000
    endloop
  endfacet
  facet normal  -0.000000e+000  0.000000e+000 -1.000000e+000
    outer loop
      vertex  1.100000e+001 -8.004925e-001  0.000000e+000
      vertex  1.450000e+001 -1.630049e+001  0.000000e+000
      vertex  1.411732e+001 -1.637661e+001  0.000000e+000
    endloop
  endfacet
  facet normal  -0.000000e+000  0.000000e+000 -1.000000e+000
    outer loop
      vertex  1.100000e+001 -8.004925e-001  0.000000e+000
      vertex  1.411732e+001 -1.637661e+001  0.000000e+000
      vertex  1.379289e+001 -1.659339e+001  0.000000e+000
    endloop
  endfacet
  facet normal  -0.000000e+000  0.000000e+000 -1.000000e+000
    outer loop
      vertex  1.100000e+001 -8.004925e-001  0.000000e+000
      vertex  1.379289e+001 -1.659339e+001  0.000000e+000
      vertex  1.357612e+001 -1.691781e+001  0.000000e+000
    endloop
  endfacet
  facet normal  -0.000000e+000  0.000000e+000 -1.000000e+000
    outer loop
      vertex  1.100000e+001 -8.004925e-001  0.000000e+000
      vertex  1.357612e+001 -1.691781e+001  0.000000e+000
      vertex  1.100000e+001 -2.230049e+001  0.000000e+000
    endloop
  endfacet
  facet normal  0.000000e+000  0.000000e+000 -1.000000e+000
    outer loop
      vertex  1.600000e+001 -8.004925e-001  0.000000e+000
      vertex  1.800000e+001 -3.730049e+001  0.000000e+000
      vertex  1.550000e+001 -1.730049e+001  0.000000e+000
    endloop
  endfacet
  facet normal  0.000000e+000  0.000000e+000 -1.000000e+000
    outer loop
      vertex  1.600000e+001 -8.004925e-001  0.000000e+000
      vertex  1.550000e+001 -1.730049e+001  0.000000e+000
      vertex  1.542388e+001 -1.691781e+001  0.000000e+000
    endloop
  endfacet
  facet normal  0.000000e+000  0.000000e+000 -1.000000e+000
    outer loop
      vertex  1.600000e+001 -8.004925e-001  0.000000e+000
      vertex  1.542388e+001 -1.691781e+001  0.000000e+000
      vertex  1.100000e+001 -8.004925e-001  0.000000e+000
    endloop
  endfacet
  facet normal  0.000000e+000  0.000000e+000 -1.000000e+000
    outer loop
      vertex  1.433211e+001  1.740661e+001  0.000000e+000
      vertex  1.400768e+001  1.762339e+001  0.000000e+000
      vertex  1.262500e+001  4.969951e+001  0.000000e+000
    endloop
  endfacet
  facet normal  0.000000e+000  0.000000e+000 -1.000000e+000
    outer loop
      vertex  1.433211e+001  1.740661e+001  0.000000e+000
      vertex  1.262500e+001  4.969951e+001  0.000000e+000
      vertex  1.300768e+001  4.977563e+001  0.000000e+000
    endloop
  endfacet
  facet normal  0.000000e+000  0.000000e+000 -1.000000e+000
    outer loop
      vertex  1.433211e+001  1.740661e+001  0.000000e+000
      vertex  1.300768e+001  4.977563e+001  0.000000e+000
      vertex  1.333211e+001  4.999240e+001  0.000000e+000
    endloop
  endfacet
  facet normal  0.000000e+000  0.000000e+000 -9.999999e-001
    outer loop
      vertex  1.433211e+001  1.740661e+001  0.000000e+000
      vertex  1.333211e+001  4.999240e+001  0.000000e+000
      vertex  1.354888e+001  5.031683e+001  0.000000e+000
    endloop
  endfacet
  facet normal  0.000000e+000  0.000000e+000 -1.000000e+000
    outer loop
      vertex  1.433211e+001  1.740661e+001  0.000000e+000
      vertex  1.354888e+001  5.031683e+001  0.000000e+000
      vertex  1.362500e+001  5.069951e+001  0.000000e+000
    endloop
  endfacet
  facet normal  0.000000e+000  0.000000e+000 -1.000000e+000
    outer loop
      vertex  1.433211e+001  1.740661e+001  0.000000e+000
      vertex  1.362500e+001  5.069951e+001  0.000000e+000
      vertex  1.454888e+001  1.708219e+001  0.000000e+000
    endloop
  endfacet
  facet normal  0.000000e+000  0.000000e+000 -9.999999e-001
    outer loop
      vertex  1.200000e+001  5.869951e+001  0.000000e+000
      vertex  1.354888e+001  5.108219e+001  0.000000e+000
      vertex  1.333211e+001  5.140662e+001  0.000000e+000
    endloop
  endfacet
  facet normal  0.000000e+000  0.000000e+000 -1.000000e+000
    outer loop
      vertex  1.200000e+001  5.869951e+001  0.000000e+000
      vertex  1.333211e+001  5.140662e+001  0.000000e+000
      vertex  1.300768e+001  5.162339e+001  0.000000e+000
    endloop
  endfacet
  facet normal  0.000000e+000  0.000000e+000 -1.000000e+000
    outer loop
      vertex  1.200000e+001  5.869951e+001  0.000000e+000
      vertex  1.300768e+001  5.162339e+001  0.000000e+000
      vertex  1.262500e+001  5.169951e+001  0.000000e+000
    endloop
  endfacet
  facet normal  0.000000e+000  0.000000e+000 -1.000000e+000
    outer loop
      vertex  1.200000e+001  5.869951e+001  0.000000e+000
      vertex  1.262500e+001  5.169951e+001  0.000000e+000
      vertex  5.000000e+000  5.569951e+001  0.000000e+000
    endloop
  endfacet
  facet normal  0.000000e+000  0.000000e+000 -1.000000e+000
    outer loop
      vertex  1.200000e+001  5.869951e+001  0.000000e+000
      vertex  5.000000e+000  5.569951e+001  0.000000e+000
      vertex  8.000000e+000  5.869951e+001  0.000000e+000
    endloop
  endfacet
  facet normal  -0.000000e+000  -0.000000e+000 -1.000000e+000
    outer loop
      vertex -1.600000e+001 -8.004925e-001  0.000000e+000
      vertex -1.100000e+001 -8.004925e-001  0.000000e+000
      vertex -1.100000e+001 -2.230049e+001  0.000000e+000
    endloop
  endfacet
  facet normal  -0.000000e+000  0.000000e+000 -1.000000e+000
    outer loop
      vertex -1.600000e+001 -8.004925e-001  0.000000e+000
      vertex -1.100000e+001 -2.230049e+001  0.000000e+000
      vertex -1.350000e+001 -2.730049e+001  0.000000e+000
    endloop
  endfacet
  facet normal  0.000000e+000  0.000000e+000 -1.000000e+000
    outer loop
      vertex -1.600000e+001 -8.004925e-001  0.000000e+000
      vertex -1.350000e+001 -2.730049e+001  0.000000e+000
      vertex -1.357612e+001 -2.691781e+001  0.000000e+000
    endloop
  endfacet
  facet normal  0.000000e+000  0.000000e+000 -1.000000e+000
    outer loop
      vertex -1.600000e+001 -8.004925e-001  0.000000e+000
      vertex -1.357612e+001 -2.691781e+001  0.000000e+000
      vertex -1.379289e+001 -2.659339e+001  0.000000e+000
    endloop
  endfacet
  facet normal  0.000000e+000  0.000000e+000 -1.000000e+000
    outer loop
      vertex -1.600000e+001 -8.004925e-001  0.000000e+000
      vertex -1.379289e+001 -2.659339e+001  0.000000e+000
      vertex -1.411732e+001 -2.637661e+001  0.000000e+000
    endloop
  endfacet
  facet normal  0.000000e+000  0.000000e+000 -1.000000e+000
    outer loop
      vertex -1.600000e+001 -8.004925e-001  0.000000e+000
      vertex -1.411732e+001 -2.637661e+001  0.000000e+000
      vertex -1.450000e+001 -2.630049e+001  0.000000e+000
    endloop
  endfacet
  facet normal  -0.000000e+000  0.000000e+000 -1.000000e+000
    outer loop
      vertex -1.600000e+001 -8.004925e-001  0.000000e+000
      vertex -1.450000e+001 -2.630049e+001  0.000000e+000
      vertex -1.488268e+001 -2.637661e+001  0.000000e+000
    endloop
  endfacet
  facet normal  -0.000000e+000  0.000000e+000 -1.000000e+000
    outer loop
      vertex -1.600000e+001 -8.004925e-001  0.000000e+000
      vertex -1.488268e+001 -2.637661e+001  0.000000e+000
      vertex -1.520711e+001 -2.659339e+001  0.000000e+000
    endloop
  endfacet
  facet normal  -0.000000e+000  0.000000e+000 -1.000000e+000
    outer loop
      vertex -1.600000e+001 -8.004925e-001  0.000000e+000
      vertex -1.520711e+001 -2.659339e+001  0.000000e+000
      vertex -1.542388e+001 -2.691781e+001  0.000000e+000
    endloop
  endfacet
  facet normal  0.000000e+000  -0.000000e+000 -1.000000e+000
    outer loop
      vertex -1.600000e+001  6.699508e+000  0.000000e+000
      vertex -1.462500e+001  1.669951e+001  0.000000e+000
      vertex -1.454888e+001  1.631682e+001  0.000000e+000
    endloop
  endfacet
  facet normal  0.000000e+000  -0.000000e+000 -1.000000e+000
    outer loop
      vertex -1.600000e+001  6.699508e+000  0.000000e+000
      vertex -1.454888e+001  1.631682e+001  0.000000e+000
      vertex -1.433211e+001  1.599240e+001  0.000000e+000
    endloop
  endfacet
  facet normal  0.000000e+000  -0.000000e+000 -1.000000e+000
    outer loop
      vertex -1.600000e+001  6.699508e+000  0.000000e+000
      vertex -1.433211e+001  1.599240e+001  0.000000e+000
      vertex -1.400768e+001  1.577563e+001  0.000000e+000
    endloop
  endfacet
  facet normal  0.000000e+000  -0.000000e+000 -1.000000e+000
    outer loop
      vertex -1.600000e+001  6.699508e+000  0.000000e+000
      vertex -1.400768e+001  1.577563e+001  0.000000e+000
      vertex -1.362500e+001  1.569951e+001  0.000000e+000
    endloop
  endfacet
  facet normal  0.000000e+000  -0.000000e+000 -1.000000e+000
    outer loop
      vertex -1.600000e+001  6.699508e+000  0.000000e+000
      vertex -1.362500e+001  1.569951e+001  0.000000e+000
      vertex -1.324232e+001  1.577563e+001  0.000000e+000
    endloop
  endfacet
  facet normal  0.000000e+000  -0.000000e+000 -1.000000e+000
    outer loop
      vertex -1.600000e+001  6.699508e+000  0.000000e+000
      vertex -1.324232e+001  1.577563e+001  0.000000e+000
      vertex -1.291789e+001  1.599240e+001  0.000000e+000
    endloop
  endfacet
  facet normal  0.000000e+000  -0.000000e+000 -1.000000e+000
    outer loop
      vertex -1.600000e+001  6.699508e+000  0.000000e+000
      vertex -1.291789e+001  1.599240e+001  0.000000e+000
      vertex -1.270112e+001  1.631682e+001  0.000000e+000
    endloop
  endfacet
  facet normal  0.000000e+000  -0.000000e+000 -1.000000e+000
    outer loop
      vertex -1.600000e+001  6.699508e+000  0.000000e+000
      vertex -1.270112e+001  1.631682e+001  0.000000e+000
      vertex -5.000000e+000  2.369951e+001  0.000000e+000
    endloop
  endfacet
  facet normal  0.000000e+000  -0.000000e+000 -1.000000e+000
    outer loop
      vertex -1.600000e+001  6.699508e+000  0.000000e+000
      vertex -5.000000e+000  2.369951e+001  0.000000e+000
      vertex  5.000000e+000  2.369951e+001  0.000000e+000
    endloop
  endfacet
  facet normal  0.000000e+000  -0.000000e+000 -9.999999e-001
    outer loop
      vertex -1.600000e+001  6.699508e+000  0.000000e+000
      vertex  5.000000e+000  2.369951e+001  0.000000e+000
      vertex  1.262500e+001  1.669951e+001  0.000000e+000
    endloop
  endfacet
  facet normal  0.000000e+000  -0.000000e+000 -9.999999e-001
    outer loop
      vertex -1.600000e+001  6.699508e+000  0.000000e+000
      vertex  1.262500e+001  1.669951e+001  0.000000e+000
      vertex  1.270112e+001  1.631682e+001  0.000000e+000
    endloop
  endfacet
  facet normal  0.000000e+000  -0.000000e+000 -1.000000e+000
    outer loop
      vertex -1.600000e+001  6.699508e+000  0.000000e+000
      vertex  1.270112e+001  1.631682e+001  0.000000e+000
      vertex  1.291789e+001  1.599240e+001  0.000000e+000
    endloop
  endfacet
  facet normal  0.000000e+000  -0.000000e+000 -1.000000e+000
    outer loop
      vertex -1.600000e+001  6.699508e+000  0.000000e+000
      vertex  1.291789e+001  1.599240e+001  0.000000e+000
      vertex  1.324232e+001  1.577563e+001  0.000000e+000
    endloop
  endfacet
  facet normal  0.000000e+000  -0.000000e+000 -1.000000e+000
    outer loop
      vertex -1.600000e+001  6.699508e+000  0.000000e+000
      vertex  1.324232e+001  1.577563e+001  0.000000e+000
      vertex  1.362500e+001  1.569951e+001  0.000000e+000
    endloop
  endfacet
  facet normal  0.000000e+000  -0.000000e+000 -9.999999e-001
    outer loop
      vertex -1.600000e+001  6.699508e+000  0.000000e+000
      vertex  1.362500e+001  1.569951e+001  0.000000e+000
      vertex  1.400768e+001  1.577563e+001  0.000000e+000
    endloop
  endfacet
  facet normal  0.000000e+000  0.000000e+000 -1.000000e+000
    outer loop
      vertex -1.433211e+001  1.740661e+001  0.000000e+000
      vertex -1.454888e+001  1.708219e+001  0.000000e+000
      vertex -1.600000e+001  5.469951e+001  0.000000e+000
    endloop
  endfacet
  facet normal  0.000000e+000  0.000000e+000 -1.000000e+000
    outer loop
      vertex -1.433211e+001  1.740661e+001  0.000000e+000
      vertex -1.600000e+001  5.469951e+001  0.000000e+000
      vertex -1.362500e+001  5.069951e+001  0.000000e+000
    endloop
  endfacet
  facet normal  0.000000e+000  -0.000000e+000 -1.000000e+000
    outer loop
      vertex -1.433211e+001  1.740661e+001  0.000000e+000
      vertex -1.362500e+001  5.069951e+001  0.000000e+000
      vertex -1.354888e+001  5.031683e+001  0.000000e+000
    endloop
  endfacet
  facet normal  0.000000e+000  -0.000000e+000 -1.000000e+000
    outer loop
      vertex -1.433211e+001  1.740661e+001  0.000000e+000
      vertex -1.354888e+001  5.031683e+001  0.000000e+000
      vertex -1.333211e+001  4.999240e+001  0.000000e+000
    endloop
  endfacet
  facet normal  0.000000e+000  -0.000000e+000 -1.000000e+000
    outer loop
      vertex -1.433211e+001  1.740661e+001  0.000000e+000
      vertex -1.333211e+001  4.999240e+001  0.000000e+000
      vertex -1.300768e+001  4.977563e+001  0.000000e+000
    endloop
  endfacet
  facet normal  0.000000e+000  -0.000000e+000 -1.000000e+000
    outer loop
      vertex -1.433211e+001  1.740661e+001  0.000000e+000
      vertex -1.300768e+001  4.977563e+001  0.000000e+000
      vertex -1.262500e+001  4.969951e+001  0.000000e+000
    endloop
  endfacet
  facet normal  0.000000e+000  0.000000e+000 -1.000000e+000
    outer loop
      vertex -1.433211e+001  1.740661e+001  0.000000e+000
      vertex -1.262500e+001  4.969951e+001  0.000000e+000
      vertex -1.400768e+001  1.762339e+001  0.000000e+000
    endloop
  endfacet
  facet normal  0.000000e+000  0.000000e+000 -1.000000e+000
    outer loop
      vertex -1.600000e+001  5.469951e+001  0.000000e+000
      vertex -1.200000e+001  5.869951e+001  0.000000e+000
      vertex -1.262500e+001  5.169951e+001  0.000000e+000
    endloop
  endfacet
  facet normal  -0.000000e+000  0.000000e+000 -1.000000e+000
    outer loop
      vertex -1.600000e+001  5.469951e+001  0.000000e+000
      vertex -1.262500e+001  5.169951e+001  0.000000e+000
      vertex -1.300768e+001  5.162339e+001  0.000000e+000
    endloop
  endfacet
  facet normal  -0.000000e+000  0.000000e+000 -1.000000e+000
    outer loop
      vertex -1.600000e+001  5.469951e+001  0.000000e+000
      vertex -1.300768e+001  5.162339e+001  0.000000e+000
      vertex -1.333211e+001  5.140662e+001  0.000000e+000
    endloop
  endfacet
  facet normal  -0.000000e+000  0.000000e+000 -1.000000e+000
    outer loop
      vertex -1.600000e+001  5.469951e+001  0.000000e+000
      vertex -1.333211e+001  5.140662e+001  0.000000e+000
      vertex -1.354888e+001  5.108219e+001  0.000000e+000
    endloop
  endfacet
  facet normal  -0.000000e+000  0.000000e+000 -1.000000e+000
    outer loop
      vertex -1.600000e+001  5.469951e+001  0.000000e+000
      vertex -1.354888e+001  5.108219e+001  0.000000e+000
      vertex -1.362500e+001  5.069951e+001  0.000000e+000
    endloop
  endfacet
  facet normal  0.000000e+000  -0.000000e+000 -1.000000e+000
    outer loop
      vertex -1.800000e+001  2.569951e+001  0.000000e+000
      vertex -1.600000e+001  2.769951e+001  0.000000e+000
      vertex -1.454888e+001  1.708219e+001  0.000000e+000
    endloop
  endfacet
  facet normal  -0.000000e+000  0.000000e+000 -9.999999e-001
    outer loop
      vertex -1.800000e+001  2.569951e+001  0.000000e+000
      vertex -1.454888e+001  1.708219e+001  0.000000e+000
      vertex -1.462500e+001  1.669951e+001  0.000000e+000
    endloop
  endfacet
  facet normal  -0.000000e+000  0.000000e+000 -1.000000e+000
    outer loop
      vertex -1.800000e+001  2.569951e+001  0.000000e+000
      vertex -1.462500e+001  1.669951e+001  0.000000e+000
      vertex -1.600000e+001  6.699508e+000  0.000000e+000
    endloop
  endfacet
  facet normal  -0.000000e+000  0.000000e+000 -1.000000e+000
    outer loop
      vertex -1.800000e+001  2.569951e+001  0.000000e+000
      vertex -1.600000e+001  6.699508e+000  0.000000e+000
      vertex -1.800000e+001 -3.730049e+001  0.000000e+000
    endloop
  endfacet
  facet normal  0.000000e+000  0.000000e+000 -1.000000e+000
    outer loop
      vertex -1.262500e+001  4.969951e+001  0.000000e+000
      vertex -1.262500e+001  1.669951e+001  0.000000e+000
      vertex -1.270112e+001  1.708219e+001  0.000000e+000
    endloop
  endfacet
  facet normal  0.000000e+000  0.000000e+000 -1.000000e+000
    outer loop
      vertex -1.262500e+001  4.969951e+001  0.000000e+000
      vertex -1.270112e+001  1.708219e+001  0.000000e+000
      vertex -1.291789e+001  1.740661e+001  0.000000e+000
    endloop
  endfacet
  facet normal  0.000000e+000  0.000000e+000 -1.000000e+000
    outer loop
      vertex -1.262500e+001  4.969951e+001  0.000000e+000
      vertex -1.291789e+001  1.740661e+001  0.000000e+000
      vertex -1.324232e+001  1.762339e+001  0.000000e+000
    endloop
  endfacet
  facet normal  0.000000e+000  0.000000e+000 -1.000000e+000
    outer loop
      vertex -1.262500e+001  4.969951e+001  0.000000e+000
      vertex -1.324232e+001  1.762339e+001  0.000000e+000
      vertex -1.362500e+001  1.769951e+001  0.000000e+000
    endloop
  endfacet
  facet normal  -0.000000e+000  0.000000e+000 -1.000000e+000
    outer loop
      vertex -1.262500e+001  4.969951e+001  0.000000e+000
      vertex -1.362500e+001  1.769951e+001  0.000000e+000
      vertex -1.400768e+001  1.762339e+001  0.000000e+000
    endloop
  endfacet
  facet normal  0.000000e+000  0.000000e+000 -1.000000e+000
    outer loop
      vertex -5.000000e+000  4.569951e+001  0.000000e+000
      vertex -1.262500e+001  4.969951e+001  0.000000e+000
      vertex -1.224232e+001  4.977563e+001  0.000000e+000
    endloop
  endfacet
  facet normal  0.000000e+000  0.000000e+000 -9.999999e-001
    outer loop
      vertex -5.000000e+000  4.569951e+001  0.000000e+000
      vertex -1.224232e+001  4.977563e+001  0.000000e+000
      vertex -1.191789e+001  4.999240e+001  0.000000e+000
    endloop
  endfacet
  facet normal  0.000000e+000  0.000000e+000 -1.000000e+000
    outer loop
      vertex -5.000000e+000  4.569951e+001  0.000000e+000
      vertex -1.191789e+001  4.999240e+001  0.000000e+000
      vertex -1.170112e+001  5.031683e+001  0.000000e+000
    endloop
  endfacet
  facet normal  0.000000e+000  0.000000e+000 -9.999999e-001
    outer loop
      vertex -5.000000e+000  4.569951e+001  0.000000e+000
      vertex -1.170112e+001  5.031683e+001  0.000000e+000
      vertex -1.162500e+001  5.069951e+001  0.000000e+000
    endloop
  endfacet
  facet normal  0.000000e+000  0.000000e+000 -1.000000e+000
    outer loop
      vertex -5.000000e+000  4.569951e+001  0.000000e+000
      vertex -1.162500e+001  5.069951e+001  0.000000e+000
      vertex -1.170112e+001  5.108219e+001  0.000000e+000
    endloop
  endfacet
  facet normal  0.000000e+000  0.000000e+000 -1.000000e+000
    outer loop
      vertex -5.000000e+000  4.569951e+001  0.000000e+000
      vertex -1.170112e+001  5.108219e+001  0.000000e+000
      vertex -1.191789e+001  5.140662e+001  0.000000e+000
    endloop
  endfacet
  facet normal  0.000000e+000  0.000000e+000 -1.000000e+000
    outer loop
      vertex -5.000000e+000  5.569951e+001  0.000000e+000
      vertex -5.000000e+000  4.569951e+001  0.000000e+000
      vertex -1.191789e+001  5.140662e+001  0.000000e+000
    endloop
  endfacet
  facet normal  0.000000e+000  0.000000e+000 -1.000000e+000
    outer loop
      vertex -5.000000e+000  5.569951e+001  0.000000e+000
      vertex -1.191789e+001  5.140662e+001  0.000000e+000
      vertex -1.224232e+001  5.162339e+001  0.000000e+000
    endloop
  endfacet
  facet normal  0.000000e+000  0.000000e+000 -1.000000e+000
    outer loop
      vertex -5.000000e+000  5.569951e+001  0.000000e+000
      vertex -1.224232e+001  5.162339e+001  0.000000e+000
      vertex -1.262500e+001  5.169951e+001  0.000000e+000
    endloop
  endfacet
  facet normal  0.000000e+000  0.000000e+000 -1.000000e+000
    outer loop
      vertex -5.000000e+000  5.569951e+001  0.000000e+000
      vertex -1.262500e+001  5.169951e+001  0.000000e+000
      vertex -1.200000e+001  5.869951e+001  0.000000e+000
    endloop
  endfacet
  facet normal  0.000000e+000  0.000000e+000 -1.000000e+000
    outer loop
      vertex -5.000000e+000  5.569951e+001  0.000000e+000
      vertex -1.200000e+001  5.869951e+001  0.000000e+000
      vertex -8.000000e+000  5.869951e+001  0.000000e+000
    endloop
  endfacet
  facet normal  -0.000000e+000  0.000000e+000 -1.000000e+000
    outer loop
      vertex  5.000000e+000  5.569951e+001  0.000000e+000
      vertex  1.262500e+001  5.169951e+001  0.000000e+000
      vertex  1.224232e+001  5.162339e+001  0.000000e+000
    endloop
  endfacet
  facet normal  -0.000000e+000  0.000000e+000 -1.000000e+000
    outer loop
      vertex  5.000000e+000  5.569951e+001  0.000000e+000
      vertex  1.224232e+001  5.162339e+001  0.000000e+000
      vertex  1.191789e+001  5.140662e+001  0.000000e+000
    endloop
  endfacet
  facet normal  -0.000000e+000  0.000000e+000 -1.000000e+000
    outer loop
      vertex  5.000000e+000  5.569951e+001  0.000000e+000
      vertex  1.191789e+001  5.140662e+001  0.000000e+000
      vertex  5.000000e+000  4.569951e+001  0.000000e+000
    endloop
  endfacet
  facet normal  0.000000e+000  0.000000e+000 -9.999999e-001
    outer loop
      vertex  1.262500e+001  4.969951e+001  0.000000e+000
      vertex  1.400768e+001  1.762339e+001  0.000000e+000
      vertex  1.362500e+001  1.769951e+001  0.000000e+000
    endloop
  endfacet
  facet normal  -0.000000e+000  0.000000e+000 -9.999999e-001
    outer loop
      vertex  1.262500e+001  4.969951e+001  0.000000e+000
      vertex  1.362500e+001  1.769951e+001  0.000000e+000
      vertex  1.324232e+001  1.762339e+001  0.000000e+000
    endloop
  endfacet
  facet normal  -0.000000e+000  0.000000e+000 -1.000000e+000
    outer loop
      vertex  1.262500e+001  4.969951e+001  0.000000e+000
      vertex  1.324232e+001  1.762339e+001  0.000000e+000
      vertex  1.291789e+001  1.740661e+001  0.000000e+000
    endloop
  endfacet
  facet normal  -0.000000e+000  0.000000e+000 -1.000000e+000
    outer loop
      vertex  1.262500e+001  4.969951e+001  0.000000e+000
      vertex  1.291789e+001  1.740661e+001  0.000000e+000
      vertex  1.270112e+001  1.708219e+001  0.000000e+000
    endloop
  endfacet
  facet normal  -0.000000e+000  0.000000e+000 -9.999999e-001
    outer loop
      vertex  1.262500e+001  4.969951e+001  0.000000e+000
      vertex  1.270112e+001  1.708219e+001  0.000000e+000
      vertex  1.262500e+001  1.669951e+001  0.000000e+000
    endloop
  endfacet
  facet normal  0.000000e+000  0.000000e+000 -1.000000e+000
    outer loop
      vertex  1.100000e+001 -2.230049e+001  0.000000e+000
      vertex  1.357612e+001 -1.691781e+001  0.000000e+000
      vertex  1.350000e+001 -1.730049e+001  0.000000e+000
    endloop
  endfacet
  facet normal  0.000000e+000  -0.000000e+000 -1.000000e+000
    outer loop
      vertex  1.100000e+001 -2.230049e+001  0.000000e+000
      vertex  1.350000e+001 -1.730049e+001  0.000000e+000
      vertex  1.357612e+001 -1.768318e+001  0.000000e+000
    endloop
  endfacet
  facet normal  0.000000e+000  -0.000000e+000 -9.999999e-001
    outer loop
      vertex  1.100000e+001 -2.230049e+001  0.000000e+000
      vertex  1.357612e+001 -1.768318e+001  0.000000e+000
      vertex  1.379289e+001 -1.800760e+001  0.000000e+000
    endloop
  endfacet
  facet normal  0.000000e+000  -0.000000e+000 -9.999999e-001
    outer loop
      vertex  1.100000e+001 -2.230049e+001  0.000000e+000
      vertex  1.379289e+001 -1.800760e+001  0.000000e+000
      vertex  1.411732e+001 -1.822437e+001  0.000000e+000
    endloop
  endfacet
  facet normal  0.000000e+000  -0.000000e+000 -1.000000e+000
    outer loop
      vertex  1.100000e+001 -2.230049e+001  0.000000e+000
      vertex  1.411732e+001 -1.822437e+001  0.000000e+000
      vertex  1.450000e+001 -1.830049e+001  0.000000e+000
    endloop
  endfacet
  facet normal  0.000000e+000  0.000000e+000 -1.000000e+000
    outer loop
      vertex  1.800000e+001  2.569951e+001  0.000000e+000
      vertex  1.800000e+001 -3.730049e+001  0.000000e+000
      vertex  1.600000e+001  6.699508e+000  0.000000e+000
    endloop
  endfacet
  facet normal  0.000000e+000  0.000000e+000 -1.000000e+000
    outer loop
      vertex  1.800000e+001  2.569951e+001  0.000000e+000
      vertex  1.600000e+001  6.699508e+000  0.000000e+000
      vertex  1.462500e+001  1.669951e+001  0.000000e+000
    endloop
  endfacet
  facet normal  0.000000e+000  0.000000e+000 -9.999999e-001
    outer loop
      vertex  1.800000e+001  2.569951e+001  0.000000e+000
      vertex  1.462500e+001  1.669951e+001  0.000000e+000
      vertex  1.454888e+001  1.708219e+001  0.000000e+000
    endloop
  endfacet
  facet normal  0.000000e+000  0.000000e+000 -1.000000e+000
    outer loop
      vertex  1.800000e+001  2.569951e+001  0.000000e+000
      vertex  1.454888e+001  1.708219e+001  0.000000e+000
      vertex  1.600000e+001  2.769951e+001  0.000000e+000
    endloop
  endfacet
  facet normal  0.000000e+000  1.000000e+000  0.000000e+000
    outer loop
      vertex -1.100000e+001 -8.004925e-001  0.000000e+000
      vertex -1.600000e+001 -8.004925e-001  0.000000e+000
      vertex -1.100000e+001 -8.004925e-001  1.000000e+000
    endloop
  endfacet
  facet normal  0.000000e+000  1.000000e+000  0.000000e+000
    outer loop
      vertex -1.100000e+001 -8.004925e-001  1.000000e+000
      vertex -1.600000e+001 -8.004925e-001  0.000000e+000
      vertex -1.600000e+001 -8.004925e-001  1.000000e+000
    endloop
  endfacet
  facet normal  0.000000e+000  1.000000e+000  0.000000e+000
    outer loop
      vertex  1.600000e+001 -8.004925e-001  0.000000e+000
      vertex  1.100000e+001 -8.004925e-001  0.000000e+000
      vertex  1.600000e+001 -8.004925e-001  1.000000e+000
    endloop
  endfacet
  facet normal  0.000000e+000  1.000000e+000  0.000000e+000
    outer loop
      vertex  1.600000e+001 -8.004925e-001  1.000000e+000
      vertex  1.100000e+001 -8.004925e-001  0.000000e+000
      vertex  1.100000e+001 -8.004925e-001  1.000000e+000
    endloop
  endfacet
  facet normal  1.000000e+000  0.000000e+000  0.000000e+000
    outer loop
      vertex  1.100000e+001 -2.430049e+001  1.000000e+000
      vertex  1.100000e+001 -2.230049e+001  1.000000e+000
      vertex  1.100000e+001 -2.430049e+001  4.000000e+000
    endloop
  endfacet
  facet normal  1.000000e+000  0.000000e+000  0.000000e+000
    outer loop
      vertex  1.100000e+001 -2.430049e+001  4.000000e+000
      vertex  1.100000e+001 -2.230049e+001  1.000000e+000
      vertex  1.100000e+001 -2.230049e+001  2.000000e+000
    endloop
  endfacet
  facet normal  1.000000e+000  0.000000e+000  -0.000000e+000
    outer loop
      vertex  1.100000e+001 -2.430049e+001  4.000000e+000
      vertex  1.100000e+001 -2.230049e+001  2.000000e+000
      vertex  1.100000e+001 -1.930049e+001  9.000000e+000
    endloop
  endfacet
  facet normal  1.000000e+000  0.000000e+000  0.000000e+000
    outer loop
      vertex  1.100000e+001 -1.930049e+001  9.000000e+000
      vertex  1.100000e+001 -2.230049e+001  2.000000e+000
      vertex  1.100000e+001 -1.730049e+001  7.000000e+000
    endloop
  endfacet
  facet normal  1.000000e+000  0.000000e+000  -0.000000e+000
    outer loop
      vertex  1.100000e+001 -1.930049e+001  9.000000e+000
      vertex  1.100000e+001 -1.730049e+001  7.000000e+000
      vertex  1.100000e+001  8.699508e+000  9.000000e+000
    endloop
  endfacet
  facet normal  1.000000e+000  0.000000e+000  0.000000e+000
    outer loop
      vertex  1.100000e+001  8.699508e+000  9.000000e+000
      vertex  1.100000e+001 -1.730049e+001  7.000000e+000
      vertex  1.100000e+001  6.699508e+000  7.000000e+000
    endloop
  endfacet
  facet normal  1.000000e+000  -0.000000e+000  0.000000e+000
    outer loop
      vertex  1.100000e+001  8.699508e+000  9.000000e+000
      vertex  1.100000e+001  6.699508e+000  7.000000e+000
      vertex  1.100000e+001  8.699508e+000  1.000000e+000
    endloop
  endfacet
  facet normal  1.000000e+000  0.000000e+000  0.000000e+000
    outer loop
      vertex  1.100000e+001  8.699508e+000  1.000000e+000
      vertex  1.100000e+001  6.699508e+000  7.000000e+000
      vertex  1.100000e+001  6.699508e+000  1.000000e+000
    endloop
  endfacet
  facet normal -1.000000e+000  0.000000e+000  -0.000000e+000
    outer loop
      vertex -1.100000e+001 -2.430049e+001  1.000000e+000
      vertex -1.100000e+001 -2.230049e+001  2.000000e+000
      vertex -1.100000e+001 -2.230049e+001  1.000000e+000
    endloop
  endfacet
  facet normal -1.000000e+000  0.000000e+000  0.000000e+000
    outer loop
      vertex -1.100000e+001 -2.430049e+001  1.000000e+000
      vertex -1.100000e+001 -2.430049e+001  4.000000e+000
      vertex -1.100000e+001 -2.230049e+001  2.000000e+000
    endloop
  endfacet
  facet normal -1.000000e+000  0.000000e+000  0.000000e+000
    outer loop
      vertex -1.100000e+001 -2.230049e+001  2.000000e+000
      vertex -1.100000e+001 -2.430049e+001  4.000000e+000
      vertex -1.100000e+001 -1.930049e+001  9.000000e+000
    endloop
  endfacet
  facet normal -1.000000e+000  0.000000e+000  -0.000000e+000
    outer loop
      vertex -1.100000e+001 -2.230049e+001  2.000000e+000
      vertex -1.100000e+001 -1.930049e+001  9.000000e+000
      vertex -1.100000e+001 -1.730049e+001  7.000000e+000
    endloop
  endfacet
  facet normal -1.000000e+000  0.000000e+000  0.000000e+000
    outer loop
      vertex -1.100000e+001 -1.730049e+001  7.000000e+000
      vertex -1.100000e+001 -1.930049e+001  9.000000e+000
      vertex -1.100000e+001  6.699508e+000  7.000000e+000
    endloop
  endfacet
  facet normal -1.000000e+000  0.000000e+000  0.000000e+000
    outer loop
      vertex -1.100000e+001  6.699508e+000  7.000000e+000
      vertex -1.100000e+001 -1.930049e+001  9.000000e+000
      vertex -1.100000e+001  8.699508e+000  9.000000e+000
    endloop
  endfacet
  facet normal -1.000000e+000  0.000000e+000  0.000000e+000
    outer loop
      vertex -1.100000e+001  6.699508e+000  7.000000e+000
      vertex -1.100000e+001  8.699508e+000  9.000000e+000
      vertex -1.100000e+001  6.699508e+000  1.000000e+000
    endloop
  endfacet
  facet normal -1.000000e+000  0.000000e+000  0.000000e+000
    outer loop
      vertex -1.100000e+001  6.699508e+000  1.000000e+000
      vertex -1.100000e+001  8.699508e+000  9.000000e+000
      vertex -1.100000e+001  8.699508e+000  1.000000e+000
    endloop
  endfacet
  facet normal  0.000000e+000  1.000000e+000  0.000000e+000
    outer loop
      vertex  1.100000e+001 -2.230049e+001  2.000000e+000
      vertex -1.100000e+001 -2.230049e+001  1.000000e+000
      vertex -1.100000e+001 -2.230049e+001  2.000000e+000
    endloop
  endfacet
  facet normal  0.000000e+000  1.000000e+000  0.000000e+000
    outer loop
      vertex -1.100000e+001 -2.230049e+001  1.000000e+000
      vertex  1.100000e+001 -2.230049e+001  2.000000e+000
      vertex -1.100000e+001 -2.230049e+001  0.000000e+000
    endloop
  endfacet
  facet normal  0.000000e+000  1.000000e+000  0.000000e+000
    outer loop
      vertex -1.100000e+001 -2.230049e+001  0.000000e+000
      vertex  1.100000e+001 -2.230049e+001  2.000000e+000
      vertex  1.100000e+001 -2.230049e+001  1.000000e+000
    endloop
  endfacet
  facet normal  0.000000e+000  1.000000e+000  0.000000e+000
    outer loop
      vertex -1.100000e+001 -2.230049e+001  0.000000e+000
      vertex  1.100000e+001 -2.230049e+001  1.000000e+000
      vertex  1.100000e+001 -2.230049e+001  0.000000e+000
    endloop
  endfacet
  facet normal  0.000000e+000 -1.000000e+000  0.000000e+000
    outer loop
      vertex  1.100000e+001 -2.430049e+001  4.000000e+000
      vertex -1.100000e+001 -2.430049e+001  4.000000e+000
      vertex  1.100000e+001 -2.430049e+001  1.000000e+000
    endloop
  endfacet
  facet normal  0.000000e+000 -1.000000e+000  0.000000e+000
    outer loop
      vertex  1.100000e+001 -2.430049e+001  1.000000e+000
      vertex -1.100000e+001 -2.430049e+001  4.000000e+000
      vertex -1.100000e+001 -2.430049e+001  1.000000e+000
    endloop
  endfacet
  facet normal  0.000000e+000  1.000000e+000  0.000000e+000
    outer loop
      vertex -1.100000e+001  8.699508e+000  1.000000e+000
      vertex  4.500000e+000  8.699508e+000  2.000000e+000
      vertex  1.100000e+001  8.699508e+000  1.000000e+000
    endloop
  endfacet
  facet normal  0.000000e+000  1.000000e+000  0.000000e+000
    outer loop
      vertex  1.100000e+001  8.699508e+000  1.000000e+000
      vertex  4.500000e+000  8.699508e+000  2.000000e+000
      vertex  4.500000e+000  8.699508e+000  6.000000e+000
    endloop
  endfacet
  facet normal  -0.000000e+000  1.000000e+000  0.000000e+000
    outer loop
      vertex  1.100000e+001  8.699508e+000  1.000000e+000
      vertex  4.500000e+000  8.699508e+000  6.000000e+000
      vertex  1.100000e+001  8.699508e+000  9.000000e+000
    endloop
  endfacet
  facet normal  0.000000e+000  1.000000e+000  0.000000e+000
    outer loop
      vertex  4.500000e+000  8.699508e+000  2.000000e+000
      vertex -1.100000e+001  8.699508e+000  1.000000e+000
      vertex -4.500000e+000  8.699508e+000  2.000000e+000
    endloop
  endfacet
  facet normal  0.000000e+000  1.000000e+000  0.000000e+000
    outer loop
      vertex -4.500000e+000  8.699508e+000  2.000000e+000
      vertex -1.100000e+001  8.699508e+000  1.000000e+000
      vertex -1.100000e+001  8.699508e+000  9.000000e+000
    endloop
  endfacet
  facet normal  0.000000e+000  1.000000e+000  0.000000e+000
    outer loop
      vertex -4.500000e+000  8.699508e+000  2.000000e+000
      vertex -1.100000e+001  8.699508e+000  9.000000e+000
      vertex -4.500000e+000  8.699508e+000  6.000000e+000
    endloop
  endfacet
  facet normal  0.000000e+000  1.000000e+000  -0.000000e+000
    outer loop
      vertex -4.500000e+000  8.699508e+000  6.000000e+000
      vertex -1.100000e+001  8.699508e+000  9.000000e+000
      vertex  1.100000e+001  8.699508e+000  9.000000e+000
    endloop
  endfacet
  facet normal  0.000000e+000  1.000000e+000  0.000000e+000
    outer loop
      vertex -4.500000e+000  8.699508e+000  6.000000e+000
      vertex  1.100000e+001  8.699508e+000  9.000000e+000
      vertex  4.500000e+000  8.699508e+000  6.000000e+000
    endloop
  endfacet
  facet normal -1.000000e+000  0.000000e+000  0.000000e+000
    outer loop
      vertex  4.500000e+000  8.699508e+000  6.000000e+000
      vertex  4.500000e+000  8.699508e+000  2.000000e+000
      vertex  4.500000e+000  6.699508e+000  6.000000e+000
    endloop
  endfacet
  facet normal -1.000000e+000  0.000000e+000  0.000000e+000
    outer loop
      vertex  4.500000e+000  6.699508e+000  6.000000e+000
      vertex  4.500000e+000  8.699508e+000  2.000000e+000
      vertex  4.500000e+000  6.699508e+000  2.000000e+000
    endloop
  endfacet
  facet normal  0.000000e+000  0.000000e+000  1.000000e+000
    outer loop
      vertex -4.500000e+000  6.699508e+000  2.000000e+000
      vertex  4.500000e+000  6.699508e+000  2.000000e+000
      vertex -4.500000e+000  8.699508e+000  2.000000e+000
    endloop
  endfacet
  facet normal  -0.000000e+000  0.000000e+000  1.000000e+000
    outer loop
      vertex -4.500000e+000  8.699508e+000  2.000000e+000
      vertex  4.500000e+000  6.699508e+000  2.000000e+000
      vertex  4.500000e+000  8.699508e+000  2.000000e+000
    endloop
  endfacet
  facet normal  1.000000e+000  0.000000e+000  0.000000e+000
    outer loop
      vertex -4.500000e+000  8.699508e+000  2.000000e+000
      vertex -4.500000e+000  8.699508e+000  6.000000e+000
      vertex -4.500000e+000  6.699508e+000  2.000000e+000
    endloop
  endfacet
  facet normal  1.000000e+000  0.000000e+000  0.000000e+000
    outer loop
      vertex -4.500000e+000  6.699508e+000  2.000000e+000
      vertex -4.500000e+000  8.699508e+000  6.000000e+000
      vertex -4.500000e+000  6.699508e+000  6.000000e+000
    endloop
  endfacet
  facet normal  0.000000e+000  0.000000e+000 -1.000000e+000
    outer loop
      vertex  4.500000e+000  6.699508e+000  6.000000e+000
      vertex -4.500000e+000  6.699508e+000  6.000000e+000
      vertex  4.500000e+000  8.699508e+000  6.000000e+000
    endloop
  endfacet
  facet normal  -0.000000e+000  0.000000e+000 -1.000000e+000
    outer loop
      vertex  4.500000e+000  8.699508e+000  6.000000e+000
      vertex -4.500000e+000  6.699508e+000  6.000000e+000
      vertex -4.500000e+000  8.699508e+000  6.000000e+000
    endloop
  endfacet
  facet normal  0.000000e+000  0.000000e+000  1.000000e+000
    outer loop
      vertex -1.100000e+001 -1.930049e+001  9.000000e+000
      vertex  1.100000e+001 -1.930049e+001  9.000000e+000
      vertex -1.100000e+001  8.699508e+000  9.000000e+000
    endloop
  endfacet
  facet normal  -0.000000e+000  0.000000e+000  1.000000e+000
    outer loop
      vertex -1.100000e+001  8.699508e+000  9.000000e+000
      vertex  1.100000e+001 -1.930049e+001  9.000000e+000
      vertex  1.100000e+001  8.699508e+000  9.000000e+000
    endloop
  endfacet
  facet normal  0.000000e+000 -7.071068e-001  7.071068e-001
    outer loop
      vertex  1.100000e+001 -1.930049e+001  9.000000e+000
      vertex -1.100000e+001 -1.930049e+001  9.000000e+000
      vertex  1.100000e+001 -2.430049e+001  4.000000e+000
    endloop
  endfacet
  facet normal  0.000000e+000 -7.071068e-001  7.071068e-001
    outer loop
      vertex  1.100000e+001 -2.430049e+001  4.000000e+000
      vertex -1.100000e+001 -1.930049e+001  9.000000e+000
      vertex -1.100000e+001 -2.430049e+001  4.000000e+000
    endloop
  endfacet
  facet normal  0.000000e+000  0.000000e+000 -1.000000e+000
    outer loop
      vertex  1.100000e+001 -1.730049e+001  7.000000e+000
      vertex -1.100000e+001 -1.730049e+001  7.000000e+000
      vertex  1.100000e+001  6.699508e+000  7.000000e+000
    endloop
  endfacet
  facet normal  -0.000000e+000  0.000000e+000 -1.000000e+000
    outer loop
      vertex  1.100000e+001  6.699508e+000  7.000000e+000
      vertex -1.100000e+001 -1.730049e+001  7.000000e+000
      vertex -1.100000e+001  6.699508e+000  7.000000e+000
    endloop
  endfacet
  facet normal  0.000000e+000  7.071068e-001 -7.071068e-001
    outer loop
      vertex  1.100000e+001 -1.730049e+001  7.000000e+000
      vertex  1.100000e+001 -2.230049e+001  2.000000e+000
      vertex -1.100000e+001 -1.730049e+001  7.000000e+000
    endloop
  endfacet
  facet normal  0.000000e+000  7.071068e-001 -7.071068e-001
    outer loop
      vertex -1.100000e+001 -1.730049e+001  7.000000e+000
      vertex  1.100000e+001 -2.230049e+001  2.000000e+000
      vertex -1.100000e+001 -2.230049e+001  2.000000e+000
    endloop
  endfacet
  facet normal -1.000000e+000  0.000000e+000  0.000000e+000
    outer loop
      vertex -1.800000e+001  2.569951e+001  1.000000e+000
      vertex -1.800000e+001  2.569951e+001  0.000000e+000
      vertex -1.800000e+001 -3.730049e+001  1.000000e+000
    endloop
  endfacet
  facet normal -1.000000e+000  0.000000e+000  0.000000e+000
    outer loop
      vertex -1.800000e+001 -3.730049e+001  1.000000e+000
      vertex -1.800000e+001  2.569951e+001  0.000000e+000
      vertex -1.800000e+001 -3.730049e+001  0.000000e+000
    endloop
  endfacet
  facet normal  1.000000e+000  0.000000e+000  0.000000e+000
    outer loop
      vertex -5.000000e+000  2.369951e+001  1.000000e+000
      vertex -5.000000e+000  2.369951e+001  0.000000e+000
      vertex -5.000000e+000  3.369951e+001  1.000000e+000
    endloop
  endfacet
  facet normal  1.000000e+000  0.000000e+000  0.000000e+000
    outer loop
      vertex -5.000000e+000  3.369951e+001  1.000000e+000
      vertex -5.000000e+000  2.369951e+001  0.000000e+000
      vertex -5.000000e+000  3.369951e+001  0.000000e+000
    endloop
  endfacet
  facet normal  0.000000e+000  1.000000e+000  -0.000000e+000
    outer loop
      vertex  5.000000e+000  2.369951e+001  1.000000e+000
      vertex  5.000000e+000  2.369951e+001  0.000000e+000
      vertex -5.000000e+000  2.369951e+001  1.000000e+000
    endloop
  endfacet
  facet normal  0.000000e+000  1.000000e+000  0.000000e+000
    outer loop
      vertex -5.000000e+000  2.369951e+001  1.000000e+000
      vertex  5.000000e+000  2.369951e+001  0.000000e+000
      vertex -5.000000e+000  2.369951e+001  0.000000e+000
    endloop
  endfacet
  facet normal -1.000000e+000  0.000000e+000  0.000000e+000
    outer loop
      vertex  5.000000e+000  3.369951e+001  1.000000e+000
      vertex  5.000000e+000  3.369951e+001  0.000000e+000
      vertex  5.000000e+000  2.369951e+001  1.000000e+000
    endloop
  endfacet
  facet normal -1.000000e+000  0.000000e+000  0.000000e+000
    outer loop
      vertex  5.000000e+000  2.369951e+001  1.000000e+000
      vertex  5.000000e+000  3.369951e+001  0.000000e+000
      vertex  5.000000e+000  2.369951e+001  0.000000e+000
    endloop
  endfacet
  facet normal  0.000000e+000 -1.000000e+000  0.000000e+000
    outer loop
      vertex -5.000000e+000  3.369951e+001  1.000000e+000
      vertex -5.000000e+000  3.369951e+001  0.000000e+000
      vertex  5.000000e+000  3.369951e+001  1.000000e+000
    endloop
  endfacet
  facet normal  0.000000e+000 -1.000000e+000  -0.000000e+000
    outer loop
      vertex  5.000000e+000  3.369951e+001  1.000000e+000
      vertex -5.000000e+000  3.369951e+001  0.000000e+000
      vertex  5.000000e+000  3.369951e+001  0.000000e+000
    endloop
  endfacet
  facet normal  1.950899e-001 -9.807853e-001  0.000000e+000
    outer loop
      vertex -1.450000e+001 -2.630049e+001  0.000000e+000
      vertex -1.488268e+001 -2.637661e+001  1.000000e+000
      vertex -1.488268e+001 -2.637661e+001  0.000000e+000
    endloop
  endfacet
  facet normal  5.555696e-001 -8.314700e-001  0.000000e+000
    outer loop
      vertex -1.488268e+001 -2.637661e+001  0.000000e+000
      vertex -1.488268e+001 -2.637661e+001  1.000000e+000
      vertex -1.520711e+001 -2.659339e+001  1.000000e+000
    endloop
  endfacet
  facet normal  5.555696e-001 -8.314700e-001  0.000000e+000
    outer loop
      vertex -1.488268e+001 -2.637661e+001  0.000000e+000
      vertex -1.520711e+001 -2.659339e+001  1.000000e+000
      vertex -1.520711e+001 -2.659339e+001  0.000000e+000
    endloop
  endfacet
  facet normal  8.314689e-001 -5.555713e-001  0.000000e+000
    outer loop
      vertex -1.520711e+001 -2.659339e+001  0.000000e+000
      vertex -1.520711e+001 -2.659339e+001  1.000000e+000
      vertex -1.542388e+001 -2.691781e+001  1.000000e+000
    endloop
  endfacet
  facet normal  8.314689e-001 -5.555713e-001  0.000000e+000
    outer loop
      vertex -1.520711e+001 -2.659339e+001  0.000000e+000
      vertex -1.542388e+001 -2.691781e+001  1.000000e+000
      vertex -1.542388e+001 -2.691781e+001  0.000000e+000
    endloop
  endfacet
  facet normal  9.807855e-001 -1.950895e-001  0.000000e+000
    outer loop
      vertex -1.542388e+001 -2.691781e+001  0.000000e+000
      vertex -1.542388e+001 -2.691781e+001  1.000000e+000
      vertex -1.550000e+001 -2.730049e+001  1.000000e+000
    endloop
  endfacet
  facet normal  9.807855e-001 -1.950895e-001  0.000000e+000
    outer loop
      vertex -1.542388e+001 -2.691781e+001  0.000000e+000
      vertex -1.550000e+001 -2.730049e+001  1.000000e+000
      vertex -1.550000e+001 -2.730049e+001  0.000000e+000
    endloop
  endfacet
  facet normal  1.950899e-001 -9.807853e-001  0.000000e+000
    outer loop
      vertex -1.488268e+001 -2.637661e+001  1.000000e+000
      vertex -1.450000e+001 -2.630049e+001  0.000000e+000
      vertex -1.450000e+001 -2.630049e+001  1.000000e+000
    endloop
  endfacet
  facet normal -1.950899e-001 -9.807853e-001  -0.000000e+000
    outer loop
      vertex -1.450000e+001 -2.630049e+001  1.000000e+000
      vertex -1.450000e+001 -2.630049e+001  0.000000e+000
      vertex -1.411732e+001 -2.637661e+001  0.000000e+000
    endloop
  endfacet
  facet normal -1.950899e-001 -9.807853e-001  0.000000e+000
    outer loop
      vertex -1.450000e+001 -2.630049e+001  1.000000e+000
      vertex -1.411732e+001 -2.637661e+001  0.000000e+000
      vertex -1.411732e+001 -2.637661e+001  1.000000e+000
    endloop
  endfacet
  facet normal -5.555696e-001 -8.314700e-001  -0.000000e+000
    outer loop
      vertex -1.411732e+001 -2.637661e+001  1.000000e+000
      vertex -1.411732e+001 -2.637661e+001  0.000000e+000
      vertex -1.379289e+001 -2.659339e+001  0.000000e+000
    endloop
  endfacet
  facet normal -5.555696e-001 -8.314700e-001  0.000000e+000
    outer loop
      vertex -1.411732e+001 -2.637661e+001  1.000000e+000
      vertex -1.379289e+001 -2.659339e+001  0.000000e+000
      vertex -1.379289e+001 -2.659339e+001  1.000000e+000
    endloop
  endfacet
  facet normal -8.314689e-001 -5.555713e-001  -0.000000e+000
    outer loop
      vertex -1.379289e+001 -2.659339e+001  1.000000e+000
      vertex -1.379289e+001 -2.659339e+001  0.000000e+000
      vertex -1.357612e+001 -2.691781e+001  0.000000e+000
    endloop
  endfacet
  facet normal -8.314689e-001 -5.555713e-001  0.000000e+000
    outer loop
      vertex -1.379289e+001 -2.659339e+001  1.000000e+000
      vertex -1.357612e+001 -2.691781e+001  0.000000e+000
      vertex -1.357612e+001 -2.691781e+001  1.000000e+000
    endloop
  endfacet
  facet normal -9.807855e-001 -1.950895e-001  -0.000000e+000
    outer loop
      vertex -1.357612e+001 -2.691781e+001  1.000000e+000
      vertex -1.357612e+001 -2.691781e+001  0.000000e+000
      vertex -1.350000e+001 -2.730049e+001  0.000000e+000
    endloop
  endfacet
  facet normal -9.807855e-001 -1.950895e-001  0.000000e+000
    outer loop
      vertex -1.357612e+001 -2.691781e+001  1.000000e+000
      vertex -1.350000e+001 -2.730049e+001  0.000000e+000
      vertex -1.350000e+001 -2.730049e+001  1.000000e+000
    endloop
  endfacet
  facet normal -1.950899e-001  9.807853e-001  0.000000e+000
    outer loop
      vertex -1.450000e+001 -2.830049e+001  0.000000e+000
      vertex -1.411732e+001 -2.822437e+001  1.000000e+000
      vertex -1.411732e+001 -2.822437e+001  0.000000e+000
    endloop
  endfacet
  facet normal -5.555730e-001  8.314677e-001  0.000000e+000
    outer loop
      vertex -1.411732e+001 -2.822437e+001  0.000000e+000
      vertex -1.411732e+001 -2.822437e+001  1.000000e+000
      vertex -1.379289e+001 -2.800760e+001  1.000000e+000
    endloop
  endfacet
  facet normal -5.555730e-001  8.314677e-001  0.000000e+000
    outer loop
      vertex -1.411732e+001 -2.822437e+001  0.000000e+000
      vertex -1.379289e+001 -2.800760e+001  1.000000e+000
      vertex -1.379289e+001 -2.800760e+001  0.000000e+000
    endloop
  endfacet
  facet normal -8.314689e-001  5.555713e-001  0.000000e+000
    outer loop
      vertex -1.379289e+001 -2.800760e+001  0.000000e+000
      vertex -1.379289e+001 -2.800760e+001  1.000000e+000
      vertex -1.357612e+001 -2.768318e+001  1.000000e+000
    endloop
  endfacet
  facet normal -8.314689e-001  5.555713e-001  0.000000e+000
    outer loop
      vertex -1.379289e+001 -2.800760e+001  0.000000e+000
      vertex -1.357612e+001 -2.768318e+001  1.000000e+000
      vertex -1.357612e+001 -2.768318e+001  0.000000e+000
    endloop
  endfacet
  facet normal -9.807853e-001  1.950904e-001  0.000000e+000
    outer loop
      vertex -1.357612e+001 -2.768318e+001  0.000000e+000
      vertex -1.357612e+001 -2.768318e+001  1.000000e+000
      vertex -1.350000e+001 -2.730049e+001  1.000000e+000
    endloop
  endfacet
  facet normal -9.807853e-001  1.950904e-001  0.000000e+000
    outer loop
      vertex -1.357612e+001 -2.768318e+001  0.000000e+000
      vertex -1.350000e+001 -2.730049e+001  1.000000e+000
      vertex -1.350000e+001 -2.730049e+001  0.000000e+000
    endloop
  endfacet
  facet normal -1.950899e-001  9.807853e-001  0.000000e+000
    outer loop
      vertex -1.411732e+001 -2.822437e+001  1.000000e+000
      vertex -1.450000e+001 -2.830049e+001  0.000000e+000
      vertex -1.450000e+001 -2.830049e+001  1.000000e+000
    endloop
  endfacet
  facet normal  1.950899e-001  9.807853e-001  0.000000e+000
    outer loop
      vertex -1.450000e+001 -2.830049e+001  1.000000e+000
      vertex -1.450000e+001 -2.830049e+001  0.000000e+000
      vertex -1.488268e+001 -2.822437e+001  0.000000e+000
    endloop
  endfacet
  facet normal  1.950899e-001  9.807853e-001  -0.000000e+000
    outer loop
      vertex -1.450000e+001 -2.830049e+001  1.000000e+000
      vertex -1.488268e+001 -2.822437e+001  0.000000e+000
      vertex -1.488268e+001 -2.822437e+001  1.000000e+000
    endloop
  endfacet
  facet normal  5.555730e-001  8.314677e-001  0.000000e+000
    outer loop
      vertex -1.488268e+001 -2.822437e+001  1.000000e+000
      vertex -1.488268e+001 -2.822437e+001  0.000000e+000
      vertex -1.520711e+001 -2.800760e+001  0.000000e+000
    endloop
  endfacet
  facet normal  5.555730e-001  8.314677e-001  -0.000000e+000
    outer loop
      vertex -1.488268e+001 -2.822437e+001  1.000000e+000
      vertex -1.520711e+001 -2.800760e+001  0.000000e+000
      vertex -1.520711e+001 -2.800760e+001  1.000000e+000
    endloop
  endfacet
  facet normal  8.314689e-001  5.555713e-001  0.000000e+000
    outer loop
      vertex -1.520711e+001 -2.800760e+001  1.000000e+000
      vertex -1.520711e+001 -2.800760e+001  0.000000e+000
      vertex -1.542388e+001 -2.768318e+001  0.000000e+000
    endloop
  endfacet
  facet normal  8.314689e-001  5.555713e-001  -0.000000e+000
    outer loop
      vertex -1.520711e+001 -2.800760e+001  1.000000e+000
      vertex -1.542388e+001 -2.768318e+001  0.000000e+000
      vertex -1.542388e+001 -2.768318e+001  1.000000e+000
    endloop
  endfacet
  facet normal  9.807853e-001  1.950904e-001  0.000000e+000
    outer loop
      vertex -1.542388e+001 -2.768318e+001  1.000000e+000
      vertex -1.542388e+001 -2.768318e+001  0.000000e+000
      vertex -1.550000e+001 -2.730049e+001  0.000000e+000
    endloop
  endfacet
  facet normal  9.807853e-001  1.950904e-001  -0.000000e+000
    outer loop
      vertex -1.542388e+001 -2.768318e+001  1.000000e+000
      vertex -1.550000e+001 -2.730049e+001  0.000000e+000
      vertex -1.550000e+001 -2.730049e+001  1.000000e+000
    endloop
  endfacet
  facet normal  1.950899e-001 -9.807853e-001  0.000000e+000
    outer loop
      vertex  1.450000e+001 -1.630049e+001  0.000000e+000
      vertex  1.411732e+001 -1.637661e+001  1.000000e+000
      vertex  1.411732e+001 -1.637661e+001  0.000000e+000
    endloop
  endfacet
  facet normal  5.555696e-001 -8.314700e-001  0.000000e+000
    outer loop
      vertex  1.411732e+001 -1.637661e+001  0.000000e+000
      vertex  1.411732e+001 -1.637661e+001  1.000000e+000
      vertex  1.379289e+001 -1.659339e+001  1.000000e+000
    endloop
  endfacet
  facet normal  5.555696e-001 -8.314700e-001  0.000000e+000
    outer loop
      vertex  1.411732e+001 -1.637661e+001  0.000000e+000
      vertex  1.379289e+001 -1.659339e+001  1.000000e+000
      vertex  1.379289e+001 -1.659339e+001  0.000000e+000
    endloop
  endfacet
  facet normal  8.314689e-001 -5.555713e-001  0.000000e+000
    outer loop
      vertex  1.379289e+001 -1.659339e+001  0.000000e+000
      vertex  1.379289e+001 -1.659339e+001  1.000000e+000
      vertex  1.357612e+001 -1.691781e+001  1.000000e+000
    endloop
  endfacet
  facet normal  8.314689e-001 -5.555713e-001  0.000000e+000
    outer loop
      vertex  1.379289e+001 -1.659339e+001  0.000000e+000
      vertex  1.357612e+001 -1.691781e+001  1.000000e+000
      vertex  1.357612e+001 -1.691781e+001  0.000000e+000
    endloop
  endfacet
  facet normal  9.807855e-001 -1.950895e-001  0.000000e+000
    outer loop
      vertex  1.357612e+001 -1.691781e+001  0.000000e+000
      vertex  1.357612e+001 -1.691781e+001  1.000000e+000
      vertex  1.350000e+001 -1.730049e+001  1.000000e+000
    endloop
  endfacet
  facet normal  9.807855e-001 -1.950895e-001  0.000000e+000
    outer loop
      vertex  1.357612e+001 -1.691781e+001  0.000000e+000
      vertex  1.350000e+001 -1.730049e+001  1.000000e+000
      vertex  1.350000e+001 -1.730049e+001  0.000000e+000
    endloop
  endfacet
  facet normal  1.950899e-001 -9.807853e-001  0.000000e+000
    outer loop
      vertex  1.411732e+001 -1.637661e+001  1.000000e+000
      vertex  1.450000e+001 -1.630049e+001  0.000000e+000
      vertex  1.450000e+001 -1.630049e+001  1.000000e+000
    endloop
  endfacet
  facet normal -1.950899e-001 -9.807853e-001  -0.000000e+000
    outer loop
      vertex  1.450000e+001 -1.630049e+001  1.000000e+000
      vertex  1.450000e+001 -1.630049e+001  0.000000e+000
      vertex  1.488268e+001 -1.637661e+001  0.000000e+000
    endloop
  endfacet
  facet normal -1.950899e-001 -9.807853e-001  0.000000e+000
    outer loop
      vertex  1.450000e+001 -1.630049e+001  1.000000e+000
      vertex  1.488268e+001 -1.637661e+001  0.000000e+000
      vertex  1.488268e+001 -1.637661e+001  1.000000e+000
    endloop
  endfacet
  facet normal -5.555696e-001 -8.314700e-001  -0.000000e+000
    outer loop
      vertex  1.488268e+001 -1.637661e+001  1.000000e+000
      vertex  1.488268e+001 -1.637661e+001  0.000000e+000
      vertex  1.520711e+001 -1.659339e+001  0.000000e+000
    endloop
  endfacet
  facet normal -5.555696e-001 -8.314700e-001  0.000000e+000
    outer loop
      vertex  1.488268e+001 -1.637661e+001  1.000000e+000
      vertex  1.520711e+001 -1.659339e+001  0.000000e+000
      vertex  1.520711e+001 -1.659339e+001  1.000000e+000
    endloop
  endfacet
  facet normal -8.314689e-001 -5.555713e-001  -0.000000e+000
    outer loop
      vertex  1.520711e+001 -1.659339e+001  1.000000e+000
      vertex  1.520711e+001 -1.659339e+001  0.000000e+000
      vertex  1.542388e+001 -1.691781e+001  0.000000e+000
    endloop
  endfacet
  facet normal -8.314689e-001 -5.555713e-001  0.000000e+000
    outer loop
      vertex  1.520711e+001 -1.659339e+001  1.000000e+000
      vertex  1.542388e+001 -1.691781e+001  0.000000e+000
      vertex  1.542388e+001 -1.691781e+001  1.000000e+000
    endloop
  endfacet
  facet normal -9.807855e-001 -1.950895e-001  -0.000000e+000
    outer loop
      vertex  1.542388e+001 -1.691781e+001  1.000000e+000
      vertex  1.542388e+001 -1.691781e+001  0.000000e+000
      vertex  1.550000e+001 -1.730049e+001  0.000000e+000
    endloop
  endfacet
  facet normal -9.807855e-001 -1.950895e-001  0.000000e+000
    outer loop
      vertex  1.542388e+001 -1.691781e+001  1.000000e+000
      vertex  1.550000e+001 -1.730049e+001  0.000000e+000
      vertex  1.550000e+001 -1.730049e+001  1.000000e+000
    endloop
  endfacet
  facet normal -1.950899e-001  9.807853e-001  0.000000e+000
    outer loop
      vertex  1.450000e+001 -1.830049e+001  0.000000e+000
      vertex  1.488268e+001 -1.822437e+001  1.000000e+000
      vertex  1.488268e+001 -1.822437e+001  0.000000e+000
    endloop
  endfacet
  facet normal -5.555730e-001  8.314677e-001  0.000000e+000
    outer loop
      vertex  1.488268e+001 -1.822437e+001  0.000000e+000
      vertex  1.488268e+001 -1.822437e+001  1.000000e+000
      vertex  1.520711e+001 -1.800760e+001  1.000000e+000
    endloop
  endfacet
  facet normal -5.555730e-001  8.314677e-001  0.000000e+000
    outer loop
      vertex  1.488268e+001 -1.822437e+001  0.000000e+000
      vertex  1.520711e+001 -1.800760e+001  1.000000e+000
      vertex  1.520711e+001 -1.800760e+001  0.000000e+000
    endloop
  endfacet
  facet normal -8.314689e-001  5.555713e-001  0.000000e+000
    outer loop
      vertex  1.520711e+001 -1.800760e+001  0.000000e+000
      vertex  1.520711e+001 -1.800760e+001  1.000000e+000
      vertex  1.542388e+001 -1.768318e+001  1.000000e+000
    endloop
  endfacet
  facet normal -8.314689e-001  5.555713e-001  0.000000e+000
    outer loop
      vertex  1.520711e+001 -1.800760e+001  0.000000e+000
      vertex  1.542388e+001 -1.768318e+001  1.000000e+000
      vertex  1.542388e+001 -1.768318e+001  0.000000e+000
    endloop
  endfacet
  facet normal -9.807853e-001  1.950904e-001  0.000000e+000
    outer loop
      vertex  1.542388e+001 -1.768318e+001  0.000000e+000
      vertex  1.542388e+001 -1.768318e+001  1.000000e+000
      vertex  1.550000e+001 -1.730049e+001  1.000000e+000
    endloop
  endfacet
  facet normal -9.807853e-001  1.950904e-001  0.000000e+000
    outer loop
      vertex  1.542388e+001 -1.768318e+001  0.000000e+000
      vertex  1.550000e+001 -1.730049e+001  1.000000e+000
      vertex  1.550000e+001 -1.730049e+001  0.000000e+000
    endloop
  endfacet
  facet normal -1.950899e-001  9.807853e-001  0.000000e+000
    outer loop
      vertex  1.488268e+001 -1.822437e+001  1.000000e+000
      vertex  1.450000e+001 -1.830049e+001  0.000000e+000
      vertex  1.450000e+001 -1.830049e+001  1.000000e+000
    endloop
  endfacet
  facet normal  1.950899e-001  9.807853e-001  0.000000e+000
    outer loop
      vertex  1.450000e+001 -1.830049e+001  1.000000e+000
      vertex  1.450000e+001 -1.830049e+001  0.000000e+000
      vertex  1.411732e+001 -1.822437e+001  0.000000e+000
    endloop
  endfacet
  facet normal  1.950899e-001  9.807853e-001  -0.000000e+000
    outer loop
      vertex  1.450000e+001 -1.830049e+001  1.000000e+000
      vertex  1.411732e+001 -1.822437e+001  0.000000e+000
      vertex  1.411732e+001 -1.822437e+001  1.000000e+000
    endloop
  endfacet
  facet normal  5.555730e-001  8.314677e-001  0.000000e+000
    outer loop
      vertex  1.411732e+001 -1.822437e+001  1.000000e+000
      vertex  1.411732e+001 -1.822437e+001  0.000000e+000
      vertex  1.379289e+001 -1.800760e+001  0.000000e+000
    endloop
  endfacet
  facet normal  5.555730e-001  8.314677e-001  -0.000000e+000
    outer loop
      vertex  1.411732e+001 -1.822437e+001  1.000000e+000
      vertex  1.379289e+001 -1.800760e+001  0.000000e+000
      vertex  1.379289e+001 -1.800760e+001  1.000000e+000
    endloop
  endfacet
  facet normal  8.314689e-001  5.555713e-001  0.000000e+000
    outer loop
      vertex  1.379289e+001 -1.800760e+001  1.000000e+000
      vertex  1.379289e+001 -1.800760e+001  0.000000e+000
      vertex  1.357612e+001 -1.768318e+001  0.000000e+000
    endloop
  endfacet
  facet normal  8.314689e-001  5.555713e-001  -0.000000e+000
    outer loop
      vertex  1.379289e+001 -1.800760e+001  1.000000e+000
      vertex  1.357612e+001 -1.768318e+001  0.000000e+000
      vertex  1.357612e+001 -1.768318e+001  1.000000e+000
    endloop
  endfacet
  facet normal  9.807853e-001  1.950904e-001  0.000000e+000
    outer loop
      vertex  1.357612e+001 -1.768318e+001  1.000000e+000
      vertex  1.357612e+001 -1.768318e+001  0.000000e+000
      vertex  1.350000e+001 -1.730049e+001  0.000000e+000
    endloop
  endfacet
  facet normal  9.807853e-001  1.950904e-001  -0.000000e+000
    outer loop
      vertex  1.357612e+001 -1.768318e+001  1.000000e+000
      vertex  1.350000e+001 -1.730049e+001  0.000000e+000
      vertex  1.350000e+001 -1.730049e+001  1.000000e+000
    endloop
  endfacet
  facet normal  1.950899e-001 -9.807853e-001  0.000000e+000
    outer loop
      vertex -1.362500e+001  1.769951e+001  0.000000e+000
      vertex -1.400768e+001  1.762339e+001  1.000000e+000
      vertex -1.400768e+001  1.762339e+001  0.000000e+000
    endloop
  endfacet
  facet normal  5.555696e-001 -8.314700e-001  0.000000e+000
    outer loop
      vertex -1.400768e+001  1.762339e+001  0.000000e+000
      vertex -1.400768e+001  1.762339e+001  1.000000e+000
      vertex -1.433211e+001  1.740661e+001  1.000000e+000
    endloop
  endfacet
  facet normal  5.555696e-001 -8.314700e-001  0.000000e+000
    outer loop
      vertex -1.400768e+001  1.762339e+001  0.000000e+000
      vertex -1.433211e+001  1.740661e+001  1.000000e+000
      vertex -1.433211e+001  1.740661e+001  0.000000e+000
    endloop
  endfacet
  facet normal  8.314689e-001 -5.555713e-001  0.000000e+000
    outer loop
      vertex -1.433211e+001  1.740661e+001  0.000000e+000
      vertex -1.433211e+001  1.740661e+001  1.000000e+000
      vertex -1.454888e+001  1.708219e+001  1.000000e+000
    endloop
  endfacet
  facet normal  8.314689e-001 -5.555713e-001  0.000000e+000
    outer loop
      vertex -1.433211e+001  1.740661e+001  0.000000e+000
      vertex -1.454888e+001  1.708219e+001  1.000000e+000
      vertex -1.454888e+001  1.708219e+001  0.000000e+000
    endloop
  endfacet
  facet normal  9.807855e-001 -1.950895e-001  0.000000e+000
    outer loop
      vertex -1.454888e+001  1.708219e+001  0.000000e+000
      vertex -1.454888e+001  1.708219e+001  1.000000e+000
      vertex -1.462500e+001  1.669951e+001  1.000000e+000
    endloop
  endfacet
  facet normal  9.807855e-001 -1.950895e-001  0.000000e+000
    outer loop
      vertex -1.454888e+001  1.708219e+001  0.000000e+000
      vertex -1.462500e+001  1.669951e+001  1.000000e+000
      vertex -1.462500e+001  1.669951e+001  0.000000e+000
    endloop
  endfacet
  facet normal  1.950899e-001 -9.807853e-001  0.000000e+000
    outer loop
      vertex -1.400768e+001  1.762339e+001  1.000000e+000
      vertex -1.362500e+001  1.769951e+001  0.000000e+000
      vertex -1.362500e+001  1.769951e+001  1.000000e+000
    endloop
  endfacet
  facet normal -1.950899e-001 -9.807853e-001  -0.000000e+000
    outer loop
      vertex -1.362500e+001  1.769951e+001  1.000000e+000
      vertex -1.362500e+001  1.769951e+001  0.000000e+000
      vertex -1.324232e+001  1.762339e+001  0.000000e+000
    endloop
  endfacet
  facet normal -1.950899e-001 -9.807853e-001  0.000000e+000
    outer loop
      vertex -1.362500e+001  1.769951e+001  1.000000e+000
      vertex -1.324232e+001  1.762339e+001  0.000000e+000
      vertex -1.324232e+001  1.762339e+001  1.000000e+000
    endloop
  endfacet
  facet normal -5.555696e-001 -8.314700e-001  -0.000000e+000
    outer loop
      vertex -1.324232e+001  1.762339e+001  1.000000e+000
      vertex -1.324232e+001  1.762339e+001  0.000000e+000
      vertex -1.291789e+001  1.740661e+001  0.000000e+000
    endloop
  endfacet
  facet normal -5.555696e-001 -8.314700e-001  0.000000e+000
    outer loop
      vertex -1.324232e+001  1.762339e+001  1.000000e+000
      vertex -1.291789e+001  1.740661e+001  0.000000e+000
      vertex -1.291789e+001  1.740661e+001  1.000000e+000
    endloop
  endfacet
  facet normal -8.314689e-001 -5.555713e-001  -0.000000e+000
    outer loop
      vertex -1.291789e+001  1.740661e+001  1.000000e+000
      vertex -1.291789e+001  1.740661e+001  0.000000e+000
      vertex -1.270112e+001  1.708219e+001  0.000000e+000
    endloop
  endfacet
  facet normal -8.314689e-001 -5.555713e-001  0.000000e+000
    outer loop
      vertex -1.291789e+001  1.740661e+001  1.000000e+000
      vertex -1.270112e+001  1.708219e+001  0.000000e+000
      vertex -1.270112e+001  1.708219e+001  1.000000e+000
    endloop
  endfacet
  facet normal -9.807855e-001 -1.950895e-001  -0.000000e+000
    outer loop
      vertex -1.270112e+001  1.708219e+001  1.000000e+000
      vertex -1.270112e+001  1.708219e+001  0.000000e+000
      vertex -1.262500e+001  1.669951e+001  0.000000e+000
    endloop
  endfacet
  facet normal -9.807855e-001 -1.950895e-001  0.000000e+000
    outer loop
      vertex -1.270112e+001  1.708219e+001  1.000000e+000
      vertex -1.262500e+001  1.669951e+001  0.000000e+000
      vertex -1.262500e+001  1.669951e+001  1.000000e+000
    endloop
  endfacet
  facet normal -1.950899e-001  9.807853e-001  0.000000e+000
    outer loop
      vertex -1.362500e+001  1.569951e+001  0.000000e+000
      vertex -1.324232e+001  1.577563e+001  1.000000e+000
      vertex -1.324232e+001  1.577563e+001  0.000000e+000
    endloop
  endfacet
  facet normal -5.555713e-001  8.314689e-001  0.000000e+000
    outer loop
      vertex -1.324232e+001  1.577563e+001  0.000000e+000
      vertex -1.324232e+001  1.577563e+001  1.000000e+000
      vertex -1.291789e+001  1.599240e+001  1.000000e+000
    endloop
  endfacet
  facet normal -5.555713e-001  8.314689e-001  0.000000e+000
    outer loop
      vertex -1.324232e+001  1.577563e+001  0.000000e+000
      vertex -1.291789e+001  1.599240e+001  1.000000e+000
      vertex -1.291789e+001  1.599240e+001  0.000000e+000
    endloop
  endfacet
  facet normal -8.314689e-001  5.555713e-001  0.000000e+000
    outer loop
      vertex -1.291789e+001  1.599240e+001  0.000000e+000
      vertex -1.291789e+001  1.599240e+001  1.000000e+000
      vertex -1.270112e+001  1.631682e+001  1.000000e+000
    endloop
  endfacet
  facet normal -8.314689e-001  5.555713e-001  0.000000e+000
    outer loop
      vertex -1.291789e+001  1.599240e+001  0.000000e+000
      vertex -1.270112e+001  1.631682e+001  1.000000e+000
      vertex -1.270112e+001  1.631682e+001  0.000000e+000
    endloop
  endfacet
  facet normal -9.807853e-001  1.950904e-001  0.000000e+000
    outer loop
      vertex -1.270112e+001  1.631682e+001  0.000000e+000
      vertex -1.270112e+001  1.631682e+001  1.000000e+000
      vertex -1.262500e+001  1.669951e+001  1.000000e+000
    endloop
  endfacet
  facet normal -9.807853e-001  1.950904e-001  0.000000e+000
    outer loop
      vertex -1.270112e+001  1.631682e+001  0.000000e+000
      vertex -1.262500e+001  1.669951e+001  1.000000e+000
      vertex -1.262500e+001  1.669951e+001  0.000000e+000
    endloop
  endfacet
  facet normal -1.950899e-001  9.807853e-001  0.000000e+000
    outer loop
      vertex -1.324232e+001  1.577563e+001  1.000000e+000
      vertex -1.362500e+001  1.569951e+001  0.000000e+000
      vertex -1.362500e+001  1.569951e+001  1.000000e+000
    endloop
  endfacet
  facet normal  1.950899e-001  9.807853e-001  0.000000e+000
    outer loop
      vertex -1.362500e+001  1.569951e+001  1.000000e+000
      vertex -1.362500e+001  1.569951e+001  0.000000e+000
      vertex -1.400768e+001  1.577563e+001  0.000000e+000
    endloop
  endfacet
  facet normal  1.950899e-001  9.807853e-001  -0.000000e+000
    outer loop
      vertex -1.362500e+001  1.569951e+001  1.000000e+000
      vertex -1.400768e+001  1.577563e+001  0.000000e+000
      vertex -1.400768e+001  1.577563e+001  1.000000e+000
    endloop
  endfacet
  facet normal  5.555713e-001  8.314689e-001  0.000000e+000
    outer loop
      vertex -1.400768e+001  1.577563e+001  1.000000e+000
      vertex -1.400768e+001  1.577563e+001  0.000000e+000
      vertex -1.433211e+001  1.599240e+001  0.000000e+000
    endloop
  endfacet
  facet normal  5.555713e-001  8.314689e-001  -0.000000e+000
    outer loop
      vertex -1.400768e+001  1.577563e+001  1.000000e+000
      vertex -1.433211e+001  1.599240e+001  0.000000e+000
      vertex -1.433211e+001  1.599240e+001  1.000000e+000
    endloop
  endfacet
  facet normal  8.314689e-001  5.555713e-001  0.000000e+000
    outer loop
      vertex -1.433211e+001  1.599240e+001  1.000000e+000
      vertex -1.433211e+001  1.599240e+001  0.000000e+000
      vertex -1.454888e+001  1.631682e+001  0.000000e+000
    endloop
  endfacet
  facet normal  8.314689e-001  5.555713e-001  -0.000000e+000
    outer loop
      vertex -1.433211e+001  1.599240e+001  1.000000e+000
      vertex -1.454888e+001  1.631682e+001  0.000000e+000
      vertex -1.454888e+001  1.631682e+001  1.000000e+000
    endloop
  endfacet
  facet normal  9.807853e-001  1.950904e-001  0.000000e+000
    outer loop
      vertex -1.454888e+001  1.631682e+001  1.000000e+000
      vertex -1.454888e+001  1.631682e+001  0.000000e+000
      vertex -1.462500e+001  1.669951e+001  0.000000e+000
    endloop
  endfacet
  facet normal  9.807853e-001  1.950904e-001  -0.000000e+000
    outer loop
      vertex -1.454888e+001  1.631682e+001  1.000000e+000
      vertex -1.462500e+001  1.669951e+001  0.000000e+000
      vertex -1.462500e+001  1.669951e+001  1.000000e+000
    endloop
  endfacet
  facet normal  1.950899e-001 -9.807853e-001  0.000000e+000
    outer loop
      vertex  1.362500e+001  1.769951e+001  0.000000e+000
      vertex  1.324232e+001  1.762339e+001  1.000000e+000
      vertex  1.324232e+001  1.762339e+001  0.000000e+000
    endloop
  endfacet
  facet normal  5.555696e-001 -8.314700e-001  0.000000e+000
    outer loop
      vertex  1.324232e+001  1.762339e+001  0.000000e+000
      vertex  1.324232e+001  1.762339e+001  1.000000e+000
      vertex  1.291789e+001  1.740661e+001  1.000000e+000
    endloop
  endfacet
  facet normal  5.555696e-001 -8.314700e-001  0.000000e+000
    outer loop
      vertex  1.324232e+001  1.762339e+001  0.000000e+000
      vertex  1.291789e+001  1.740661e+001  1.000000e+000
      vertex  1.291789e+001  1.740661e+001  0.000000e+000
    endloop
  endfacet
  facet normal  8.314689e-001 -5.555713e-001  0.000000e+000
    outer loop
      vertex  1.291789e+001  1.740661e+001  0.000000e+000
      vertex  1.291789e+001  1.740661e+001  1.000000e+000
      vertex  1.270112e+001  1.708219e+001  1.000000e+000
    endloop
  endfacet
  facet normal  8.314689e-001 -5.555713e-001  0.000000e+000
    outer loop
      vertex  1.291789e+001  1.740661e+001  0.000000e+000
      vertex  1.270112e+001  1.708219e+001  1.000000e+000
      vertex  1.270112e+001  1.708219e+001  0.000000e+000
    endloop
  endfacet
  facet normal  9.807855e-001 -1.950895e-001  0.000000e+000
    outer loop
      vertex  1.270112e+001  1.708219e+001  0.000000e+000
      vertex  1.270112e+001  1.708219e+001  1.000000e+000
      vertex  1.262500e+001  1.669951e+001  1.000000e+000
    endloop
  endfacet
  facet normal  9.807855e-001 -1.950895e-001  0.000000e+000
    outer loop
      vertex  1.270112e+001  1.708219e+001  0.000000e+000
      vertex  1.262500e+001  1.669951e+001  1.000000e+000
      vertex  1.262500e+001  1.669951e+001  0.000000e+000
    endloop
  endfacet
  facet normal  1.950899e-001 -9.807853e-001  0.000000e+000
    outer loop
      vertex  1.324232e+001  1.762339e+001  1.000000e+000
      vertex  1.362500e+001  1.769951e+001  0.000000e+000
      vertex  1.362500e+001  1.769951e+001  1.000000e+000
    endloop
  endfacet
  facet normal -1.950899e-001 -9.807853e-001  -0.000000e+000
    outer loop
      vertex  1.362500e+001  1.769951e+001  1.000000e+000
      vertex  1.362500e+001  1.769951e+001  0.000000e+000
      vertex  1.400768e+001  1.762339e+001  0.000000e+000
    endloop
  endfacet
  facet normal -1.950899e-001 -9.807853e-001  0.000000e+000
    outer loop
      vertex  1.362500e+001  1.769951e+001  1.000000e+000
      vertex  1.400768e+001  1.762339e+001  0.000000e+000
      vertex  1.400768e+001  1.762339e+001  1.000000e+000
    endloop
  endfacet
  facet normal -5.555696e-001 -8.314700e-001  -0.000000e+000
    outer loop
      vertex  1.400768e+001  1.762339e+001  1.000000e+000
      vertex  1.400768e+001  1.762339e+001  0.000000e+000
      vertex  1.433211e+001  1.740661e+001  0.000000e+000
    endloop
  endfacet
  facet normal -5.555696e-001 -8.314700e-001  0.000000e+000
    outer loop
      vertex  1.400768e+001  1.762339e+001  1.000000e+000
      vertex  1.433211e+001  1.740661e+001  0.000000e+000
      vertex  1.433211e+001  1.740661e+001  1.000000e+000
    endloop
  endfacet
  facet normal -8.314689e-001 -5.555713e-001  -0.000000e+000
    outer loop
      vertex  1.433211e+001  1.740661e+001  1.000000e+000
      vertex  1.433211e+001  1.740661e+001  0.000000e+000
      vertex  1.454888e+001  1.708219e+001  0.000000e+000
    endloop
  endfacet
  facet normal -8.314689e-001 -5.555713e-001  0.000000e+000
    outer loop
      vertex  1.433211e+001  1.740661e+001  1.000000e+000
      vertex  1.454888e+001  1.708219e+001  0.000000e+000
      vertex  1.454888e+001  1.708219e+001  1.000000e+000
    endloop
  endfacet
  facet normal -9.807855e-001 -1.950895e-001  -0.000000e+000
    outer loop
      vertex  1.454888e+001  1.708219e+001  1.000000e+000
      vertex  1.454888e+001  1.708219e+001  0.000000e+000
      vertex  1.462500e+001  1.669951e+001  0.000000e+000
    endloop
  endfacet
  facet normal -9.807855e-001 -1.950895e-001  0.000000e+000
    outer loop
      vertex  1.454888e+001  1.708219e+001  1.000000e+000
      vertex  1.462500e+001  1.669951e+001  0.000000e+000
      vertex  1.462500e+001  1.669951e+001  1.000000e+000
    endloop
  endfacet
  facet normal -1.950899e-001  9.807853e-001  0.000000e+000
    outer loop
      vertex  1.362500e+001  1.569951e+001  0.000000e+000
      vertex  1.400768e+001  1.577563e+001  1.000000e+000
      vertex  1.400768e+001  1.577563e+001  0.000000e+000
    endloop
  endfacet
  facet normal -5.555713e-001  8.314689e-001  0.000000e+000
    outer loop
      vertex  1.400768e+001  1.577563e+001  0.000000e+000
      vertex  1.400768e+001  1.577563e+001  1.000000e+000
      vertex  1.433211e+001  1.599240e+001  1.000000e+000
    endloop
  endfacet
  facet normal -5.555713e-001  8.314689e-001  0.000000e+000
    outer loop
      vertex  1.400768e+001  1.577563e+001  0.000000e+000
      vertex  1.433211e+001  1.599240e+001  1.000000e+000
      vertex  1.433211e+001  1.599240e+001  0.000000e+000
    endloop
  endfacet
  facet normal -8.314689e-001  5.555713e-001  0.000000e+000
    outer loop
      vertex  1.433211e+001  1.599240e+001  0.000000e+000
      vertex  1.433211e+001  1.599240e+001  1.000000e+000
      vertex  1.454888e+001  1.631682e+001  1.000000e+000
    endloop
  endfacet
  facet normal -8.314689e-001  5.555713e-001  0.000000e+000
    outer loop
      vertex  1.433211e+001  1.599240e+001  0.000000e+000
      vertex  1.454888e+001  1.631682e+001  1.000000e+000
      vertex  1.454888e+001  1.631682e+001  0.000000e+000
    endloop
  endfacet
  facet normal -9.807853e-001  1.950904e-001  0.000000e+000
    outer loop
      vertex  1.454888e+001  1.631682e+001  0.000000e+000
      vertex  1.454888e+001  1.631682e+001  1.000000e+000
      vertex  1.462500e+001  1.669951e+001  1.000000e+000
    endloop
  endfacet
  facet normal -9.807853e-001  1.950904e-001  0.000000e+000
    outer loop
      vertex  1.454888e+001  1.631682e+001  0.000000e+000
      vertex  1.462500e+001  1.669951e+001  1.000000e+000
      vertex  1.462500e+001  1.669951e+001  0.000000e+000
    endloop
  endfacet
  facet normal -1.950899e-001  9.807853e-001  0.000000e+000
    outer loop
      vertex  1.400768e+001  1.577563e+001  1.000000e+000
      vertex  1.362500e+001  1.569951e+001  0.000000e+000
      vertex  1.362500e+001  1.569951e+001  1.000000e+000
    endloop
  endfacet
  facet normal  1.950899e-001  9.807853e-001  0.000000e+000
    outer loop
      vertex  1.362500e+001  1.569951e+001  1.000000e+000
      vertex  1.362500e+001  1.569951e+001  0.000000e+000
      vertex  1.324232e+001  1.577563e+001  0.000000e+000
    endloop
  endfacet
  facet normal  1.950899e-001  9.807853e-001  -0.000000e+000
    outer loop
      vertex  1.362500e+001  1.569951e+001  1.000000e+000
      vertex  1.324232e+001  1.577563e+001  0.000000e+000
      vertex  1.324232e+001  1.577563e+001  1.000000e+000
    endloop
  endfacet
  facet normal  5.555713e-001  8.314689e-001  0.000000e+000
    outer loop
      vertex  1.324232e+001  1.577563e+001  1.000000e+000
      vertex  1.324232e+001  1.577563e+001  0.000000e+000
      vertex  1.291789e+001  1.599240e+001  0.000000e+000
    endloop
  endfacet
  facet normal  5.555713e-001  8.314689e-001  -0.000000e+000
    outer loop
      vertex  1.324232e+001  1.577563e+001  1.000000e+000
      vertex  1.291789e+001  1.599240e+001  0.000000e+000
      vertex  1.291789e+001  1.599240e+001  1.000000e+000
    endloop
  endfacet
  facet normal  8.314689e-001  5.555713e-001  0.000000e+000
    outer loop
      vertex  1.291789e+001  1.599240e+001  1.000000e+000
      vertex  1.291789e+001  1.599240e+001  0.000000e+000
      vertex  1.270112e+001  1.631682e+001  0.000000e+000
    endloop
  endfacet
  facet normal  8.314689e-001  5.555713e-001  -0.000000e+000
    outer loop
      vertex  1.291789e+001  1.599240e+001  1.000000e+000
      vertex  1.270112e+001  1.631682e+001  0.000000e+000
      vertex  1.270112e+001  1.631682e+001  1.000000e+000
    endloop
  endfacet
  facet normal  9.807853e-001  1.950904e-001  0.000000e+000
    outer loop
      vertex  1.270112e+001  1.631682e+001  1.000000e+000
      vertex  1.270112e+001  1.631682e+001  0.000000e+000
      vertex  1.262500e+001  1.669951e+001  0.000000e+000
    endloop
  endfacet
  facet normal  9.807853e-001  1.950904e-001  -0.000000e+000
    outer loop
      vertex  1.270112e+001  1.631682e+001  1.000000e+000
      vertex  1.262500e+001  1.669951e+001  0.000000e+000
      vertex  1.262500e+001  1.669951e+001  1.000000e+000
    endloop
  endfacet
  facet normal  1.950946e-001 -9.807844e-001  0.000000e+000
    outer loop
      vertex -1.262500e+001  5.169951e+001  0.000000e+000
      vertex -1.300768e+001  5.162339e+001  1.000000e+000
      vertex -1.300768e+001  5.162339e+001  0.000000e+000
    endloop
  endfacet
  facet normal  5.555663e-001 -8.314722e-001  0.000000e+000
    outer loop
      vertex -1.300768e+001  5.162339e+001  0.000000e+000
      vertex -1.300768e+001  5.162339e+001  1.000000e+000
      vertex -1.333211e+001  5.140662e+001  1.000000e+000
    endloop
  endfacet
  facet normal  5.555663e-001 -8.314722e-001  0.000000e+000
    outer loop
      vertex -1.300768e+001  5.162339e+001  0.000000e+000
      vertex -1.333211e+001  5.140662e+001  1.000000e+000
      vertex -1.333211e+001  5.140662e+001  0.000000e+000
    endloop
  endfacet
  facet normal  8.314704e-001 -5.555691e-001  0.000000e+000
    outer loop
      vertex -1.333211e+001  5.140662e+001  0.000000e+000
      vertex -1.333211e+001  5.140662e+001  1.000000e+000
      vertex -1.354888e+001  5.108219e+001  1.000000e+000
    endloop
  endfacet
  facet normal  8.314704e-001 -5.555691e-001  0.000000e+000
    outer loop
      vertex -1.333211e+001  5.140662e+001  0.000000e+000
      vertex -1.354888e+001  5.108219e+001  1.000000e+000
      vertex -1.354888e+001  5.108219e+001  0.000000e+000
    endloop
  endfacet
  facet normal  9.807853e-001 -1.950904e-001  0.000000e+000
    outer loop
      vertex -1.354888e+001  5.108219e+001  0.000000e+000
      vertex -1.354888e+001  5.108219e+001  1.000000e+000
      vertex -1.362500e+001  5.069951e+001  1.000000e+000
    endloop
  endfacet
  facet normal  9.807853e-001 -1.950904e-001  0.000000e+000
    outer loop
      vertex -1.354888e+001  5.108219e+001  0.000000e+000
      vertex -1.362500e+001  5.069951e+001  1.000000e+000
      vertex -1.362500e+001  5.069951e+001  0.000000e+000
    endloop
  endfacet
  facet normal  1.950946e-001 -9.807844e-001  0.000000e+000
    outer loop
      vertex -1.300768e+001  5.162339e+001  1.000000e+000
      vertex -1.262500e+001  5.169951e+001  0.000000e+000
      vertex -1.262500e+001  5.169951e+001  1.000000e+000
    endloop
  endfacet
  facet normal -1.950946e-001 -9.807844e-001  -0.000000e+000
    outer loop
      vertex -1.262500e+001  5.169951e+001  1.000000e+000
      vertex -1.262500e+001  5.169951e+001  0.000000e+000
      vertex -1.224232e+001  5.162339e+001  0.000000e+000
    endloop
  endfacet
  facet normal -1.950946e-001 -9.807844e-001  0.000000e+000
    outer loop
      vertex -1.262500e+001  5.169951e+001  1.000000e+000
      vertex -1.224232e+001  5.162339e+001  0.000000e+000
      vertex -1.224232e+001  5.162339e+001  1.000000e+000
    endloop
  endfacet
  facet normal -5.555663e-001 -8.314722e-001  -0.000000e+000
    outer loop
      vertex -1.224232e+001  5.162339e+001  1.000000e+000
      vertex -1.224232e+001  5.162339e+001  0.000000e+000
      vertex -1.191789e+001  5.140662e+001  0.000000e+000
    endloop
  endfacet
  facet normal -5.555663e-001 -8.314722e-001  0.000000e+000
    outer loop
      vertex -1.224232e+001  5.162339e+001  1.000000e+000
      vertex -1.191789e+001  5.140662e+001  0.000000e+000
      vertex -1.191789e+001  5.140662e+001  1.000000e+000
    endloop
  endfacet
  facet normal -8.314704e-001 -5.555691e-001  -0.000000e+000
    outer loop
      vertex -1.191789e+001  5.140662e+001  1.000000e+000
      vertex -1.191789e+001  5.140662e+001  0.000000e+000
      vertex -1.170112e+001  5.108219e+001  0.000000e+000
    endloop
  endfacet
  facet normal -8.314704e-001 -5.555691e-001  0.000000e+000
    outer loop
      vertex -1.191789e+001  5.140662e+001  1.000000e+000
      vertex -1.170112e+001  5.108219e+001  0.000000e+000
      vertex -1.170112e+001  5.108219e+001  1.000000e+000
    endloop
  endfacet
  facet normal -9.807853e-001 -1.950904e-001  -0.000000e+000
    outer loop
      vertex -1.170112e+001  5.108219e+001  1.000000e+000
      vertex -1.170112e+001  5.108219e+001  0.000000e+000
      vertex -1.162500e+001  5.069951e+001  0.000000e+000
    endloop
  endfacet
  facet normal -9.807853e-001 -1.950904e-001  0.000000e+000
    outer loop
      vertex -1.170112e+001  5.108219e+001  1.000000e+000
      vertex -1.162500e+001  5.069951e+001  0.000000e+000
      vertex -1.162500e+001  5.069951e+001  1.000000e+000
    endloop
  endfacet
  facet normal -1.950852e-001  9.807863e-001  0.000000e+000
    outer loop
      vertex -1.262500e+001  4.969951e+001  0.000000e+000
      vertex -1.224232e+001  4.977563e+001  1.000000e+000
      vertex -1.224232e+001  4.977563e+001  0.000000e+000
    endloop
  endfacet
  facet normal -5.555730e-001  8.314677e-001  0.000000e+000
    outer loop
      vertex -1.224232e+001  4.977563e+001  0.000000e+000
      vertex -1.224232e+001  4.977563e+001  1.000000e+000
      vertex -1.191789e+001  4.999240e+001  1.000000e+000
    endloop
  endfacet
  facet normal -5.555730e-001  8.314677e-001  0.000000e+000
    outer loop
      vertex -1.224232e+001  4.977563e+001  0.000000e+000
      vertex -1.191789e+001  4.999240e+001  1.000000e+000
      vertex -1.191789e+001  4.999240e+001  0.000000e+000
    endloop
  endfacet
  facet normal -8.314704e-001  5.555691e-001  0.000000e+000
    outer loop
      vertex -1.191789e+001  4.999240e+001  0.000000e+000
      vertex -1.191789e+001  4.999240e+001  1.000000e+000
      vertex -1.170112e+001  5.031683e+001  1.000000e+000
    endloop
  endfacet
  facet normal -8.314704e-001  5.555691e-001  0.000000e+000
    outer loop
      vertex -1.191789e+001  4.999240e+001  0.000000e+000
      vertex -1.170112e+001  5.031683e+001  1.000000e+000
      vertex -1.170112e+001  5.031683e+001  0.000000e+000
    endloop
  endfacet
  facet normal -9.807853e-001  1.950904e-001  0.000000e+000
    outer loop
      vertex -1.170112e+001  5.031683e+001  0.000000e+000
      vertex -1.170112e+001  5.031683e+001  1.000000e+000
      vertex -1.162500e+001  5.069951e+001  1.000000e+000
    endloop
  endfacet
  facet normal -9.807853e-001  1.950904e-001  0.000000e+000
    outer loop
      vertex -1.170112e+001  5.031683e+001  0.000000e+000
      vertex -1.162500e+001  5.069951e+001  1.000000e+000
      vertex -1.162500e+001  5.069951e+001  0.000000e+000
    endloop
  endfacet
  facet normal -1.950852e-001  9.807863e-001  0.000000e+000
    outer loop
      vertex -1.224232e+001  4.977563e+001  1.000000e+000
      vertex -1.262500e+001  4.969951e+001  0.000000e+000
      vertex -1.262500e+001  4.969951e+001  1.000000e+000
    endloop
  endfacet
  facet normal  1.950852e-001  9.807863e-001  0.000000e+000
    outer loop
      vertex -1.262500e+001  4.969951e+001  1.000000e+000
      vertex -1.262500e+001  4.969951e+001  0.000000e+000
      vertex -1.300768e+001  4.977563e+001  0.000000e+000
    endloop
  endfacet
  facet normal  1.950852e-001  9.807863e-001  -0.000000e+000
    outer loop
      vertex -1.262500e+001  4.969951e+001  1.000000e+000
      vertex -1.300768e+001  4.977563e+001  0.000000e+000
      vertex -1.300768e+001  4.977563e+001  1.000000e+000
    endloop
  endfacet
  facet normal  5.555730e-001  8.314677e-001  0.000000e+000
    outer loop
      vertex -1.300768e+001  4.977563e+001  1.000000e+000
      vertex -1.300768e+001  4.977563e+001  0.000000e+000
      vertex -1.333211e+001  4.999240e+001  0.000000e+000
    endloop
  endfacet
  facet normal  5.555730e-001  8.314677e-001  -0.000000e+000
    outer loop
      vertex -1.300768e+001  4.977563e+001  1.000000e+000
      vertex -1.333211e+001  4.999240e+001  0.000000e+000
      vertex -1.333211e+001  4.999240e+001  1.000000e+000
    endloop
  endfacet
  facet normal  8.314704e-001  5.555691e-001  0.000000e+000
    outer loop
      vertex -1.333211e+001  4.999240e+001  1.000000e+000
      vertex -1.333211e+001  4.999240e+001  0.000000e+000
      vertex -1.354888e+001  5.031683e+001  0.000000e+000
    endloop
  endfacet
  facet normal  8.314704e-001  5.555691e-001  -0.000000e+000
    outer loop
      vertex -1.333211e+001  4.999240e+001  1.000000e+000
      vertex -1.354888e+001  5.031683e+001  0.000000e+000
      vertex -1.354888e+001  5.031683e+001  1.000000e+000
    endloop
  endfacet
  facet normal  9.807853e-001  1.950904e-001  0.000000e+000
    outer loop
      vertex -1.354888e+001  5.031683e+001  1.000000e+000
      vertex -1.354888e+001  5.031683e+001  0.000000e+000
      vertex -1.362500e+001  5.069951e+001  0.000000e+000
    endloop
  endfacet
  facet normal  9.807853e-001  1.950904e-001  -0.000000e+000
    outer loop
      vertex -1.354888e+001  5.031683e+001  1.000000e+000
      vertex -1.362500e+001  5.069951e+001  0.000000e+000
      vertex -1.362500e+001  5.069951e+001  1.000000e+000
    endloop
  endfacet
  facet normal  1.950946e-001 -9.807844e-001  0.000000e+000
    outer loop
      vertex  1.262500e+001  5.169951e+001  0.000000e+000
      vertex  1.224232e+001  5.162339e+001  1.000000e+000
      vertex  1.224232e+001  5.162339e+001  0.000000e+000
    endloop
  endfacet
  facet normal  5.555663e-001 -8.314722e-001  0.000000e+000
    outer loop
      vertex  1.224232e+001  5.162339e+001  0.000000e+000
      vertex  1.224232e+001  5.162339e+001  1.000000e+000
      vertex  1.191789e+001  5.140662e+001  1.000000e+000
    endloop
  endfacet
  facet normal  5.555663e-001 -8.314722e-001  0.000000e+000
    outer loop
      vertex  1.224232e+001  5.162339e+001  0.000000e+000
      vertex  1.191789e+001  5.140662e+001  1.000000e+000
      vertex  1.191789e+001  5.140662e+001  0.000000e+000
    endloop
  endfacet
  facet normal  8.314704e-001 -5.555691e-001  0.000000e+000
    outer loop
      vertex  1.191789e+001  5.140662e+001  0.000000e+000
      vertex  1.191789e+001  5.140662e+001  1.000000e+000
      vertex  1.170112e+001  5.108219e+001  1.000000e+000
    endloop
  endfacet
  facet normal  8.314704e-001 -5.555691e-001  0.000000e+000
    outer loop
      vertex  1.191789e+001  5.140662e+001  0.000000e+000
      vertex  1.170112e+001  5.108219e+001  1.000000e+000
      vertex  1.170112e+001  5.108219e+001  0.000000e+000
    endloop
  endfacet
  facet normal  9.807853e-001 -1.950904e-001  0.000000e+000
    outer loop
      vertex  1.170112e+001  5.108219e+001  0.000000e+000
      vertex  1.170112e+001  5.108219e+001  1.000000e+000
      vertex  1.162500e+001  5.069951e+001  1.000000e+000
    endloop
  endfacet
  facet normal  9.807853e-001 -1.950904e-001  0.000000e+000
    outer loop
      vertex  1.170112e+001  5.108219e+001  0.000000e+000
      vertex  1.162500e+001  5.069951e+001  1.000000e+000
      vertex  1.162500e+001  5.069951e+001  0.000000e+000
    endloop
  endfacet
  facet normal  1.950946e-001 -9.807844e-001  0.000000e+000
    outer loop
      vertex  1.224232e+001  5.162339e+001  1.000000e+000
      vertex  1.262500e+001  5.169951e+001  0.000000e+000
      vertex  1.262500e+001  5.169951e+001  1.000000e+000
    endloop
  endfacet
  facet normal -1.950946e-001 -9.807844e-001  -0.000000e+000
    outer loop
      vertex  1.262500e+001  5.169951e+001  1.000000e+000
      vertex  1.262500e+001  5.169951e+001  0.000000e+000
      vertex  1.300768e+001  5.162339e+001  0.000000e+000
    endloop
  endfacet
  facet normal -1.950946e-001 -9.807844e-001  0.000000e+000
    outer loop
      vertex  1.262500e+001  5.169951e+001  1.000000e+000
      vertex  1.300768e+001  5.162339e+001  0.000000e+000
      vertex  1.300768e+001  5.162339e+001  1.000000e+000
    endloop
  endfacet
  facet normal -5.555663e-001 -8.314722e-001  -0.000000e+000
    outer loop
      vertex  1.300768e+001  5.162339e+001  1.000000e+000
      vertex  1.300768e+001  5.162339e+001  0.000000e+000
      vertex  1.333211e+001  5.140662e+001  0.000000e+000
    endloop
  endfacet
  facet normal -5.555663e-001 -8.314722e-001  0.000000e+000
    outer loop
      vertex  1.300768e+001  5.162339e+001  1.000000e+000
      vertex  1.333211e+001  5.140662e+001  0.000000e+000
      vertex  1.333211e+001  5.140662e+001  1.000000e+000
    endloop
  endfacet
  facet normal -8.314704e-001 -5.555691e-001  -0.000000e+000
    outer loop
      vertex  1.333211e+001  5.140662e+001  1.000000e+000
      vertex  1.333211e+001  5.140662e+001  0.000000e+000
      vertex  1.354888e+001  5.108219e+001  0.000000e+000
    endloop
  endfacet
  facet normal -8.314704e-001 -5.555691e-001  0.000000e+000
    outer loop
      vertex  1.333211e+001  5.140662e+001  1.000000e+000
      vertex  1.354888e+001  5.108219e+001  0.000000e+000
      vertex  1.354888e+001  5.108219e+001  1.000000e+000
    endloop
  endfacet
  facet normal -9.807853e-001 -1.950904e-001  -0.000000e+000
    outer loop
      vertex  1.354888e+001  5.108219e+001  1.000000e+000
      vertex  1.354888e+001  5.108219e+001  0.000000e+000
      vertex  1.362500e+001  5.069951e+001  0.000000e+000
    endloop
  endfacet
  facet normal -9.807853e-001 -1.950904e-001  0.000000e+000
    outer loop
      vertex  1.354888e+001  5.108219e+001  1.000000e+000
      vertex  1.362500e+001  5.069951e+001  0.000000e+000
      vertex  1.362500e+001  5.069951e+001  1.000000e+000
    endloop
  endfacet
  facet normal -1.950852e-001  9.807863e-001  0.000000e+000
    outer loop
      vertex  1.262500e+001  4.969951e+001  0.000000e+000
      vertex  1.300768e+001  4.977563e+001  1.000000e+000
      vertex  1.300768e+001  4.977563e+001  0.000000e+000
    endloop
  endfacet
  facet normal -5.555730e-001  8.314677e-001  0.000000e+000
    outer loop
      vertex  1.300768e+001  4.977563e+001  0.000000e+000
      vertex  1.300768e+001  4.977563e+001  1.000000e+000
      vertex  1.333211e+001  4.999240e+001  1.000000e+000
    endloop
  endfacet
  facet normal -5.555730e-001  8.314677e-001  0.000000e+000
    outer loop
      vertex  1.300768e+001  4.977563e+001  0.000000e+000
      vertex  1.333211e+001  4.999240e+001  1.000000e+000
      vertex  1.333211e+001  4.999240e+001  0.000000e+000
    endloop
  endfacet
  facet normal -8.314704e-001  5.555691e-001  0.000000e+000
    outer loop
      vertex  1.333211e+001  4.999240e+001  0.000000e+000
      vertex  1.333211e+001  4.999240e+001  1.000000e+000
      vertex  1.354888e+001  5.031683e+001  1.000000e+000
    endloop
  endfacet
  facet normal -8.314704e-001  5.555691e-001  0.000000e+000
    outer loop
      vertex  1.333211e+001  4.999240e+001  0.000000e+000
      vertex  1.354888e+001  5.031683e+001  1.000000e+000
      vertex  1.354888e+001  5.031683e+001  0.000000e+000
    endloop
  endfacet
  facet normal -9.807853e-001  1.950904e-001  0.000000e+000
    outer loop
      vertex  1.354888e+001  5.031683e+001  0.000000e+000
      vertex  1.354888e+001  5.031683e+001  1.000000e+000
      vertex  1.362500e+001  5.069951e+001  1.000000e+000
    endloop
  endfacet
  facet normal -9.807853e-001  1.950904e-001  0.000000e+000
    outer loop
      vertex  1.354888e+001  5.031683e+001  0.000000e+000
      vertex  1.362500e+001  5.069951e+001  1.000000e+000
      vertex  1.362500e+001  5.069951e+001  0.000000e+000
    endloop
  endfacet
  facet normal -1.950852e-001  9.807863e-001  0.000000e+000
    outer loop
      vertex  1.300768e+001  4.977563e+001  1.000000e+000
      vertex  1.262500e+001  4.969951e+001  0.000000e+000
      vertex  1.262500e+001  4.969951e+001  1.000000e+000
    endloop
  endfacet
  facet normal  1.950852e-001  9.807863e-001  0.000000e+000
    outer loop
      vertex  1.262500e+001  4.969951e+001  1.000000e+000
      vertex  1.262500e+001  4.969951e+001  0.000000e+000
      vertex  1.224232e+001  4.977563e+001  0.000000e+000
    endloop
  endfacet
  facet normal  1.950852e-001  9.807863e-001  -0.000000e+000
    outer loop
      vertex  1.262500e+001  4.969951e+001  1.000000e+000
      vertex  1.224232e+001  4.977563e+001  0.000000e+000
      vertex  1.224232e+001  4.977563e+001  1.000000e+000
    endloop
  endfacet
  facet normal  5.555730e-001  8.314677e-001  0.000000e+000
    outer loop
      vertex  1.224232e+001  4.977563e+001  1.000000e+000
      vertex  1.224232e+001  4.977563e+001  0.000000e+000
      vertex  1.191789e+001  4.999240e+001  0.000000e+000
    endloop
  endfacet
  facet normal  5.555730e-001  8.314677e-001  -0.000000e+000
    outer loop
      vertex  1.224232e+001  4.977563e+001  1.000000e+000
      vertex  1.191789e+001  4.999240e+001  0.000000e+000
      vertex  1.191789e+001  4.999240e+001  1.000000e+000
    endloop
  endfacet
  facet normal  8.314704e-001  5.555691e-001  0.000000e+000
    outer loop
      vertex  1.191789e+001  4.999240e+001  1.000000e+000
      vertex  1.191789e+001  4.999240e+001  0.000000e+000
      vertex  1.170112e+001  5.031683e+001  0.000000e+000
    endloop
  endfacet
  facet normal  8.314704e-001  5.555691e-001  -0.000000e+000
    outer loop
      vertex  1.191789e+001  4.999240e+001  1.000000e+000
      vertex  1.170112e+001  5.031683e+001  0.000000e+000
      vertex  1.170112e+001  5.031683e+001  1.000000e+000
    endloop
  endfacet
  facet normal  9.807853e-001  1.950904e-001  0.000000e+000
    outer loop
      vertex  1.170112e+001  5.031683e+001  1.000000e+000
      vertex  1.170112e+001  5.031683e+001  0.000000e+000
      vertex  1.162500e+001  5.069951e+001  0.000000e+000
    endloop
  endfacet
  facet normal  9.807853e-001  1.950904e-001  -0.000000e+000
    outer loop
      vertex  1.170112e+001  5.031683e+001  1.000000e+000
      vertex  1.162500e+001  5.069951e+001  0.000000e+000
      vertex  1.162500e+001  5.069951e+001  1.000000e+000
    endloop
  endfacet
  facet normal  1.000000e+000  0.000000e+000  0.000000e+000
    outer loop
      vertex  1.800000e+001 -3.730049e+001  1.000000e+000
      vertex  1.800000e+001 -3.730049e+001  0.000000e+000
      vertex  1.800000e+001  2.569951e+001  1.000000e+000
    endloop
  endfacet
  facet normal  1.000000e+000  0.000000e+000  0.000000e+000
    outer loop
      vertex  1.800000e+001  2.569951e+001  1.000000e+000
      vertex  1.800000e+001 -3.730049e+001  0.000000e+000
      vertex  1.800000e+001  2.569951e+001  0.000000e+000
    endloop
  endfacet
  facet normal  0.000000e+000 -1.000000e+000  0.000000e+000
    outer loop
      vertex  1.800000e+001 -3.730049e+001  1.000000e+000
      vertex -1.800000e+001 -3.730049e+001  1.000000e+000
      vertex  1.800000e+001 -3.730049e+001  0.000000e+000
    endloop
  endfacet
  facet normal  0.000000e+000 -1.000000e+000  0.000000e+000
    outer loop
      vertex  1.800000e+001 -3.730049e+001  0.000000e+000
      vertex -1.800000e+001 -3.730049e+001  1.000000e+000
      vertex -1.800000e+001 -3.730049e+001  0.000000e+000
    endloop
  endfacet
  facet normal -7.071068e-001  7.071068e-001  0.000000e+000
    outer loop
      vertex -1.600000e+001  2.769951e+001  1.000000e+000
      vertex -1.600000e+001  2.769951e+001  0.000000e+000
      vertex -1.800000e+001  2.569951e+001  1.000000e+000
    endloop
  endfacet
  facet normal -7.071068e-001  7.071068e-001  0.000000e+000
    outer loop
      vertex -1.800000e+001  2.569951e+001  1.000000e+000
      vertex -1.600000e+001  2.769951e+001  0.000000e+000
      vertex -1.800000e+001  2.569951e+001  0.000000e+000
    endloop
  endfacet
  facet normal -1.000000e+000  0.000000e+000  0.000000e+000
    outer loop
      vertex -1.600000e+001  5.469951e+001  1.000000e+000
      vertex -1.600000e+001  5.469951e+001  0.000000e+000
      vertex -1.600000e+001  2.769951e+001  1.000000e+000
    endloop
  endfacet
  facet normal -1.000000e+000  0.000000e+000  0.000000e+000
    outer loop
      vertex -1.600000e+001  2.769951e+001  1.000000e+000
      vertex -1.600000e+001  5.469951e+001  0.000000e+000
      vertex -1.600000e+001  2.769951e+001  0.000000e+000
    endloop
  endfacet
  facet normal -7.071068e-001  7.071068e-001  0.000000e+000
    outer loop
      vertex -1.200000e+001  5.869951e+001  1.000000e+000
      vertex -1.200000e+001  5.869951e+001  0.000000e+000
      vertex -1.600000e+001  5.469951e+001  1.000000e+000
    endloop
  endfacet
  facet normal -7.071068e-001  7.071068e-001  0.000000e+000
    outer loop
      vertex -1.600000e+001  5.469951e+001  1.000000e+000
      vertex -1.200000e+001  5.869951e+001  0.000000e+000
      vertex -1.600000e+001  5.469951e+001  0.000000e+000
    endloop
  endfacet
  facet normal  0.000000e+000  1.000000e+000  -0.000000e+000
    outer loop
      vertex -8.000000e+000  5.869951e+001  1.000000e+000
      vertex -8.000000e+000  5.869951e+001  0.000000e+000
      vertex -1.200000e+001  5.869951e+001  1.000000e+000
    endloop
  endfacet
  facet normal  0.000000e+000  1.000000e+000  0.000000e+000
    outer loop
      vertex -1.200000e+001  5.869951e+001  1.000000e+000
      vertex -8.000000e+000  5.869951e+001  0.000000e+000
      vertex -1.200000e+001  5.869951e+001  0.000000e+000
    endloop
  endfacet
  facet normal  7.071068e-001  7.071068e-001  -0.000000e+000
    outer loop
      vertex -5.000000e+000  5.569951e+001  1.000000e+000
      vertex -5.000000e+000  5.569951e+001  0.000000e+000
      vertex -8.000000e+000  5.869951e+001  1.000000e+000
    endloop
  endfacet
  facet normal  7.071068e-001  7.071068e-001  0.000000e+000
    outer loop
      vertex -8.000000e+000  5.869951e+001  1.000000e+000
      vertex -5.000000e+000  5.569951e+001  0.000000e+000
      vertex -8.000000e+000  5.869951e+001  0.000000e+000
    endloop
  endfacet
  facet normal  1.000000e+000  0.000000e+000  0.000000e+000
    outer loop
      vertex -5.000000e+000  4.569951e+001  1.000000e+000
      vertex -5.000000e+000  4.569951e+001  0.000000e+000
      vertex -5.000000e+000  5.569951e+001  1.000000e+000
    endloop
  endfacet
  facet normal  1.000000e+000  0.000000e+000  0.000000e+000
    outer loop
      vertex -5.000000e+000  5.569951e+001  1.000000e+000
      vertex -5.000000e+000  4.569951e+001  0.000000e+000
      vertex -5.000000e+000  5.569951e+001  0.000000e+000
    endloop
  endfacet
  facet normal  0.000000e+000  1.000000e+000  -0.000000e+000
    outer loop
      vertex  5.000000e+000  4.569951e+001  1.000000e+000
      vertex  5.000000e+000  4.569951e+001  0.000000e+000
      vertex -5.000000e+000  4.569951e+001  1.000000e+000
    endloop
  endfacet
  facet normal  0.000000e+000  1.000000e+000  0.000000e+000
    outer loop
      vertex -5.000000e+000  4.569951e+001  1.000000e+000
      vertex  5.000000e+000  4.569951e+001  0.000000e+000
      vertex -5.000000e+000  4.569951e+001  0.000000e+000
    endloop
  endfacet
  facet normal -1.000000e+000  0.000000e+000  0.000000e+000
    outer loop
      vertex  5.000000e+000  5.569951e+001  1.000000e+000
      vertex  5.000000e+000  5.569951e+001  0.000000e+000
      vertex  5.000000e+000  4.569951e+001  1.000000e+000
    endloop
  endfacet
  facet normal -1.000000e+000  0.000000e+000  0.000000e+000
    outer loop
      vertex  5.000000e+000  4.569951e+001  1.000000e+000
      vertex  5.000000e+000  5.569951e+001  0.000000e+000
      vertex  5.000000e+000  4.569951e+001  0.000000e+000
    endloop
  endfacet
  facet normal -7.071068e-001  7.071068e-001  0.000000e+000
    outer loop
      vertex  8.000000e+000  5.869951e+001  1.000000e+000
      vertex  8.000000e+000  5.869951e+001  0.000000e+000
      vertex  5.000000e+000  5.569951e+001  1.000000e+000
    endloop
  endfacet
  facet normal -7.071068e-001  7.071068e-001  0.000000e+000
    outer loop
      vertex  5.000000e+000  5.569951e+001  1.000000e+000
      vertex  8.000000e+000  5.869951e+001  0.000000e+000
      vertex  5.000000e+000  5.569951e+001  0.000000e+000
    endloop
  endfacet
  facet normal  0.000000e+000  1.000000e+000  -0.000000e+000
    outer loop
      vertex  1.200000e+001  5.869951e+001  1.000000e+000
      vertex  1.200000e+001  5.869951e+001  0.000000e+000
      vertex  8.000000e+000  5.869951e+001  1.000000e+000
    endloop
  endfacet
  facet normal  0.000000e+000  1.000000e+000  0.000000e+000
    outer loop
      vertex  8.000000e+000  5.869951e+001  1.000000e+000
      vertex  1.200000e+001  5.869951e+001  0.000000e+000
      vertex  8.000000e+000  5.869951e+001  0.000000e+000
    endloop
  endfacet
  facet normal  7.071068e-001  7.071068e-001  -0.000000e+000
    outer loop
      vertex  1.600000e+001  5.469951e+001  1.000000e+000
      vertex  1.600000e+001  5.469951e+001  0.000000e+000
      vertex  1.200000e+001  5.869951e+001  1.000000e+000
    endloop
  endfacet
  facet normal  7.071068e-001  7.071068e-001  0.000000e+000
    outer loop
      vertex  1.200000e+001  5.869951e+001  1.000000e+000
      vertex  1.600000e+001  5.469951e+001  0.000000e+000
      vertex  1.200000e+001  5.869951e+001  0.000000e+000
    endloop
  endfacet
  facet normal  1.000000e+000  0.000000e+000  0.000000e+000
    outer loop
      vertex  1.600000e+001  2.769951e+001  1.000000e+000
      vertex  1.600000e+001  2.769951e+001  0.000000e+000
      vertex  1.600000e+001  5.469951e+001  1.000000e+000
    endloop
  endfacet
  facet normal  1.000000e+000  0.000000e+000  0.000000e+000
    outer loop
      vertex  1.600000e+001  5.469951e+001  1.000000e+000
      vertex  1.600000e+001  2.769951e+001  0.000000e+000
      vertex  1.600000e+001  5.469951e+001  0.000000e+000
    endloop
  endfacet
  facet normal  7.071068e-001  7.071068e-001  -0.000000e+000
    outer loop
      vertex  1.800000e+001  2.569951e+001  1.000000e+000
      vertex  1.800000e+001  2.569951e+001  0.000000e+000
      vertex  1.600000e+001  2.769951e+001  1.000000e+000
    endloop
  endfacet
  facet normal  7.071068e-001  7.071068e-001  0.000000e+000
    outer loop
      vertex  1.600000e+001  2.769951e+001  1.000000e+000
      vertex  1.800000e+001  2.569951e+001  0.000000e+000
      vertex  1.600000e+001  2.769951e+001  0.000000e+000
    endloop
  endfacet
endsolid CATIA STL
