solid CATIA STL
  facet normal -1.000000e+000  0.000000e+000  0.000000e+000
    outer loop
      vertex  5.000000e+000  3.013232e+001  6.807169e+001
      vertex  5.000000e+000  2.631172e+001  6.807169e+001
      vertex  5.000000e+000  3.147525e+001  7.007169e+001
    endloop
  endfacet
  facet normal -1.000000e+000  -0.000000e+000  0.000000e+000
    outer loop
      vertex  5.000000e+000  3.147525e+001  7.007169e+001
      vertex  5.000000e+000  2.631172e+001  6.807169e+001
      vertex  5.000000e+000  2.631172e+001  7.007169e+001
    endloop
  endfacet
  facet normal -1.000000e+000  0.000000e+000  0.000000e+000
    outer loop
      vertex  5.000000e+000  1.431172e+001  6.807169e+001
      vertex  5.000000e+000  4.311724e+000  6.807169e+001
      vertex  5.000000e+000  1.431172e+001  7.007169e+001
    endloop
  endfacet
  facet normal -1.000000e+000  -0.000000e+000  0.000000e+000
    outer loop
      vertex  5.000000e+000  1.431172e+001  7.007169e+001
      vertex  5.000000e+000  4.311724e+000  6.807169e+001
      vertex  5.000000e+000  4.311724e+000  7.007169e+001
    endloop
  endfacet
  facet normal  9.914451e-001  1.305249e-001  0.000000e+000
    outer loop
      vertex  1.262500e+001 -2.688276e+000  7.007169e+001
      vertex  1.265907e+001 -2.947095e+000  7.007169e+001
      vertex  1.262500e+001 -2.688276e+000  6.807169e+001
    endloop
  endfacet
  facet normal  9.914451e-001  1.305249e-001  0.000000e+000
    outer loop
      vertex  1.262500e+001 -2.688276e+000  6.807169e+001
      vertex  1.265907e+001 -2.947095e+000  7.007169e+001
      vertex  1.265907e+001 -2.947095e+000  6.807169e+001
    endloop
  endfacet
  facet normal  9.238786e-001  3.826861e-001  0.000000e+000
    outer loop
      vertex  1.265907e+001 -2.947095e+000  7.007169e+001
      vertex  1.275898e+001 -3.188276e+000  7.007169e+001
      vertex  1.265907e+001 -2.947095e+000  6.807169e+001
    endloop
  endfacet
  facet normal  9.238786e-001  3.826861e-001  0.000000e+000
    outer loop
      vertex  1.265907e+001 -2.947095e+000  6.807169e+001
      vertex  1.275898e+001 -3.188276e+000  7.007169e+001
      vertex  1.275898e+001 -3.188276e+000  6.807169e+001
    endloop
  endfacet
  facet normal -7.071068e-001  7.071068e-001  0.000000e+000
    outer loop
      vertex  2.100000e+001 -6.000000e+001  2.836589e+001
      vertex  2.100000e+001 -6.000000e+001  6.607169e+001
      vertex  2.300000e+001 -5.800000e+001  2.882737e+001
    endloop
  endfacet
  facet normal -7.071068e-001  7.071068e-001  0.000000e+000
    outer loop
      vertex  2.300000e+001 -5.800000e+001  2.882737e+001
      vertex  2.100000e+001 -6.000000e+001  6.607169e+001
      vertex  2.300000e+001 -5.800000e+001  6.807169e+001
    endloop
  endfacet
  facet normal  2.393133e-001  9.709424e-001  -0.000000e+000
    outer loop
      vertex  1.419866e+001 -4.917005e+001  7.007169e+001
      vertex  1.361349e+001 -4.902582e+001  6.807169e+001
      vertex  1.361349e+001 -4.902582e+001  7.007169e+001
    endloop
  endfacet
  facet normal  4.647250e-001  8.854551e-001  0.000000e+000
    outer loop
      vertex  1.361349e+001 -4.902582e+001  7.007169e+001
      vertex  1.361349e+001 -4.902582e+001  6.807169e+001
      vertex  1.307984e+001 -4.874574e+001  6.807169e+001
    endloop
  endfacet
  facet normal  4.647250e-001  8.854551e-001  -0.000000e+000
    outer loop
      vertex  1.361349e+001 -4.902582e+001  7.007169e+001
      vertex  1.307984e+001 -4.874574e+001  6.807169e+001
      vertex  1.307984e+001 -4.874574e+001  7.007169e+001
    endloop
  endfacet
  facet normal  6.631206e-001  7.485125e-001  0.000000e+000
    outer loop
      vertex  1.307984e+001 -4.874574e+001  7.007169e+001
      vertex  1.307984e+001 -4.874574e+001  6.807169e+001
      vertex  1.262872e+001 -4.834608e+001  6.807169e+001
    endloop
  endfacet
  facet normal  6.631206e-001  7.485125e-001  -0.000000e+000
    outer loop
      vertex  1.307984e+001 -4.874574e+001  7.007169e+001
      vertex  1.262872e+001 -4.834608e+001  6.807169e+001
      vertex  1.262872e+001 -4.834608e+001  7.007169e+001
    endloop
  endfacet
  facet normal  8.229856e-001  5.680622e-001  0.000000e+000
    outer loop
      vertex  1.262872e+001 -4.834608e+001  7.007169e+001
      vertex  1.262872e+001 -4.834608e+001  6.807169e+001
      vertex  1.228636e+001 -4.785008e+001  6.807169e+001
    endloop
  endfacet
  facet normal  8.229856e-001  5.680622e-001  -0.000000e+000
    outer loop
      vertex  1.262872e+001 -4.834608e+001  7.007169e+001
      vertex  1.228636e+001 -4.785008e+001  6.807169e+001
      vertex  1.228636e+001 -4.785008e+001  7.007169e+001
    endloop
  endfacet
  facet normal  9.350161e-001  3.546052e-001  0.000000e+000
    outer loop
      vertex  1.228636e+001 -4.785008e+001  7.007169e+001
      vertex  1.228636e+001 -4.785008e+001  6.807169e+001
      vertex  1.207265e+001 -4.728656e+001  6.807169e+001
    endloop
  endfacet
  facet normal  9.350161e-001  3.546052e-001  -0.000000e+000
    outer loop
      vertex  1.228636e+001 -4.785008e+001  7.007169e+001
      vertex  1.207265e+001 -4.728656e+001  6.807169e+001
      vertex  1.207265e+001 -4.728656e+001  7.007169e+001
    endloop
  endfacet
  facet normal  9.927089e-001  1.205362e-001  0.000000e+000
    outer loop
      vertex  1.207265e+001 -4.728656e+001  7.007169e+001
      vertex  1.207265e+001 -4.728656e+001  6.807169e+001
      vertex  1.200000e+001 -4.668827e+001  6.807169e+001
    endloop
  endfacet
  facet normal  9.927089e-001  1.205362e-001  -0.000000e+000
    outer loop
      vertex  1.207265e+001 -4.728656e+001  7.007169e+001
      vertex  1.200000e+001 -4.668827e+001  6.807169e+001
      vertex  1.200000e+001 -4.668827e+001  7.007169e+001
    endloop
  endfacet
  facet normal  2.393133e-001  9.709424e-001  0.000000e+000
    outer loop
      vertex  1.361349e+001 -4.902582e+001  6.807169e+001
      vertex  1.419866e+001 -4.917005e+001  7.007169e+001
      vertex  1.419866e+001 -4.917005e+001  6.807169e+001
    endloop
  endfacet
  facet normal  0.000000e+000  1.000000e+000  0.000000e+000
    outer loop
      vertex  1.419866e+001 -4.917005e+001  6.807169e+001
      vertex  1.419866e+001 -4.917005e+001  7.007169e+001
      vertex  1.480134e+001 -4.917005e+001  7.007169e+001
    endloop
  endfacet
  facet normal  0.000000e+000  1.000000e+000  0.000000e+000
    outer loop
      vertex  1.419866e+001 -4.917005e+001  6.807169e+001
      vertex  1.480134e+001 -4.917005e+001  7.007169e+001
      vertex  1.480134e+001 -4.917005e+001  6.807169e+001
    endloop
  endfacet
  facet normal -2.393133e-001  9.709424e-001  0.000000e+000
    outer loop
      vertex  1.480134e+001 -4.917005e+001  6.807169e+001
      vertex  1.480134e+001 -4.917005e+001  7.007169e+001
      vertex  1.538651e+001 -4.902582e+001  7.007169e+001
    endloop
  endfacet
  facet normal -2.393133e-001  9.709424e-001  0.000000e+000
    outer loop
      vertex  1.480134e+001 -4.917005e+001  6.807169e+001
      vertex  1.538651e+001 -4.902582e+001  7.007169e+001
      vertex  1.538651e+001 -4.902582e+001  6.807169e+001
    endloop
  endfacet
  facet normal -4.647250e-001  8.854551e-001  0.000000e+000
    outer loop
      vertex  1.538651e+001 -4.902582e+001  6.807169e+001
      vertex  1.538651e+001 -4.902582e+001  7.007169e+001
      vertex  1.592016e+001 -4.874574e+001  7.007169e+001
    endloop
  endfacet
  facet normal -4.647250e-001  8.854551e-001  0.000000e+000
    outer loop
      vertex  1.538651e+001 -4.902582e+001  6.807169e+001
      vertex  1.592016e+001 -4.874574e+001  7.007169e+001
      vertex  1.592016e+001 -4.874574e+001  6.807169e+001
    endloop
  endfacet
  facet normal -6.631206e-001  7.485125e-001  0.000000e+000
    outer loop
      vertex  1.592016e+001 -4.874574e+001  6.807169e+001
      vertex  1.592016e+001 -4.874574e+001  7.007169e+001
      vertex  1.637128e+001 -4.834608e+001  7.007169e+001
    endloop
  endfacet
  facet normal -6.631206e-001  7.485125e-001  0.000000e+000
    outer loop
      vertex  1.592016e+001 -4.874574e+001  6.807169e+001
      vertex  1.637128e+001 -4.834608e+001  7.007169e+001
      vertex  1.637128e+001 -4.834608e+001  6.807169e+001
    endloop
  endfacet
  facet normal -8.229856e-001  5.680622e-001  0.000000e+000
    outer loop
      vertex  1.637128e+001 -4.834608e+001  6.807169e+001
      vertex  1.637128e+001 -4.834608e+001  7.007169e+001
      vertex  1.671364e+001 -4.785008e+001  7.007169e+001
    endloop
  endfacet
  facet normal -8.229856e-001  5.680622e-001  0.000000e+000
    outer loop
      vertex  1.637128e+001 -4.834608e+001  6.807169e+001
      vertex  1.671364e+001 -4.785008e+001  7.007169e+001
      vertex  1.671364e+001 -4.785008e+001  6.807169e+001
    endloop
  endfacet
  facet normal -9.350161e-001  3.546052e-001  0.000000e+000
    outer loop
      vertex  1.671364e+001 -4.785008e+001  6.807169e+001
      vertex  1.671364e+001 -4.785008e+001  7.007169e+001
      vertex  1.692735e+001 -4.728656e+001  7.007169e+001
    endloop
  endfacet
  facet normal -9.350161e-001  3.546052e-001  0.000000e+000
    outer loop
      vertex  1.671364e+001 -4.785008e+001  6.807169e+001
      vertex  1.692735e+001 -4.728656e+001  7.007169e+001
      vertex  1.692735e+001 -4.728656e+001  6.807169e+001
    endloop
  endfacet
  facet normal -9.927089e-001  1.205362e-001  0.000000e+000
    outer loop
      vertex  1.692735e+001 -4.728656e+001  6.807169e+001
      vertex  1.692735e+001 -4.728656e+001  7.007169e+001
      vertex  1.700000e+001 -4.668827e+001  7.007169e+001
    endloop
  endfacet
  facet normal -9.927089e-001  1.205362e-001  0.000000e+000
    outer loop
      vertex  1.692735e+001 -4.728656e+001  6.807169e+001
      vertex  1.700000e+001 -4.668827e+001  7.007169e+001
      vertex  1.700000e+001 -4.668827e+001  6.807169e+001
    endloop
  endfacet
  facet normal -1.000000e+000  0.000000e+000  0.000000e+000
    outer loop
      vertex  2.300000e+001 -5.722581e+001  2.900600e+001
      vertex  2.300000e+001 -5.800000e+001  2.882737e+001
      vertex  2.300000e+001 -5.722581e+001  6.807169e+001
    endloop
  endfacet
  facet normal -1.000000e+000  -0.000000e+000  0.000000e+000
    outer loop
      vertex  2.300000e+001 -5.722581e+001  6.807169e+001
      vertex  2.300000e+001 -5.800000e+001  2.882737e+001
      vertex  2.300000e+001 -5.800000e+001  6.807169e+001
    endloop
  endfacet
  facet normal  1.000000e+000  0.000000e+000  0.000000e+000
    outer loop
      vertex -5.000000e+000  3.013232e+001  6.807169e+001
      vertex -5.000000e+000  3.147525e+001  7.007169e+001
      vertex -5.000000e+000  2.631172e+001  6.807169e+001
    endloop
  endfacet
  facet normal  1.000000e+000  0.000000e+000  0.000000e+000
    outer loop
      vertex -5.000000e+000  2.631172e+001  6.807169e+001
      vertex -5.000000e+000  3.147525e+001  7.007169e+001
      vertex -5.000000e+000  2.631172e+001  7.007169e+001
    endloop
  endfacet
  facet normal  1.000000e+000  0.000000e+000  0.000000e+000
    outer loop
      vertex -5.000000e+000  1.431172e+001  6.807169e+001
      vertex -5.000000e+000  1.431172e+001  7.007169e+001
      vertex -5.000000e+000  4.311724e+000  6.807169e+001
    endloop
  endfacet
  facet normal  1.000000e+000  0.000000e+000  0.000000e+000
    outer loop
      vertex -5.000000e+000  4.311724e+000  6.807169e+001
      vertex -5.000000e+000  1.431172e+001  7.007169e+001
      vertex -5.000000e+000  4.311724e+000  7.007169e+001
    endloop
  endfacet
  facet normal -9.914451e-001  1.305249e-001  0.000000e+000
    outer loop
      vertex -1.262500e+001 -2.688276e+000  6.807169e+001
      vertex -1.265907e+001 -2.947095e+000  6.807169e+001
      vertex -1.262500e+001 -2.688276e+000  7.007169e+001
    endloop
  endfacet
  facet normal -9.914451e-001  1.305249e-001  0.000000e+000
    outer loop
      vertex -1.262500e+001 -2.688276e+000  7.007169e+001
      vertex -1.265907e+001 -2.947095e+000  6.807169e+001
      vertex -1.265907e+001 -2.947095e+000  7.007169e+001
    endloop
  endfacet
  facet normal -9.238786e-001  3.826861e-001  0.000000e+000
    outer loop
      vertex -1.265907e+001 -2.947095e+000  6.807169e+001
      vertex -1.275898e+001 -3.188276e+000  6.807169e+001
      vertex -1.265907e+001 -2.947095e+000  7.007169e+001
    endloop
  endfacet
  facet normal -9.238786e-001  3.826861e-001  0.000000e+000
    outer loop
      vertex -1.265907e+001 -2.947095e+000  7.007169e+001
      vertex -1.275898e+001 -3.188276e+000  6.807169e+001
      vertex -1.275898e+001 -3.188276e+000  7.007169e+001
    endloop
  endfacet
  facet normal  7.071068e-001  7.071068e-001  0.000000e+000
    outer loop
      vertex -2.100000e+001 -6.000000e+001  2.836589e+001
      vertex -2.300000e+001 -5.800000e+001  2.882737e+001
      vertex -2.100000e+001 -6.000000e+001  6.607169e+001
    endloop
  endfacet
  facet normal  7.071068e-001  7.071068e-001  0.000000e+000
    outer loop
      vertex -2.100000e+001 -6.000000e+001  6.607169e+001
      vertex -2.300000e+001 -5.800000e+001  2.882737e+001
      vertex -2.300000e+001 -5.800000e+001  6.807169e+001
    endloop
  endfacet
  facet normal -2.393133e-001  9.709424e-001  0.000000e+000
    outer loop
      vertex -1.419866e+001 -4.917005e+001  6.807169e+001
      vertex -1.361349e+001 -4.902582e+001  7.007169e+001
      vertex -1.361349e+001 -4.902582e+001  6.807169e+001
    endloop
  endfacet
  facet normal -4.647250e-001  8.854551e-001  0.000000e+000
    outer loop
      vertex -1.361349e+001 -4.902582e+001  6.807169e+001
      vertex -1.361349e+001 -4.902582e+001  7.007169e+001
      vertex -1.307984e+001 -4.874574e+001  7.007169e+001
    endloop
  endfacet
  facet normal -4.647250e-001  8.854551e-001  0.000000e+000
    outer loop
      vertex -1.361349e+001 -4.902582e+001  6.807169e+001
      vertex -1.307984e+001 -4.874574e+001  7.007169e+001
      vertex -1.307984e+001 -4.874574e+001  6.807169e+001
    endloop
  endfacet
  facet normal -6.631206e-001  7.485125e-001  0.000000e+000
    outer loop
      vertex -1.307984e+001 -4.874574e+001  6.807169e+001
      vertex -1.307984e+001 -4.874574e+001  7.007169e+001
      vertex -1.262872e+001 -4.834608e+001  7.007169e+001
    endloop
  endfacet
  facet normal -6.631206e-001  7.485125e-001  0.000000e+000
    outer loop
      vertex -1.307984e+001 -4.874574e+001  6.807169e+001
      vertex -1.262872e+001 -4.834608e+001  7.007169e+001
      vertex -1.262872e+001 -4.834608e+001  6.807169e+001
    endloop
  endfacet
  facet normal -8.229856e-001  5.680622e-001  0.000000e+000
    outer loop
      vertex -1.262872e+001 -4.834608e+001  6.807169e+001
      vertex -1.262872e+001 -4.834608e+001  7.007169e+001
      vertex -1.228636e+001 -4.785008e+001  7.007169e+001
    endloop
  endfacet
  facet normal -8.229856e-001  5.680622e-001  0.000000e+000
    outer loop
      vertex -1.262872e+001 -4.834608e+001  6.807169e+001
      vertex -1.228636e+001 -4.785008e+001  7.007169e+001
      vertex -1.228636e+001 -4.785008e+001  6.807169e+001
    endloop
  endfacet
  facet normal -9.350161e-001  3.546052e-001  0.000000e+000
    outer loop
      vertex -1.228636e+001 -4.785008e+001  6.807169e+001
      vertex -1.228636e+001 -4.785008e+001  7.007169e+001
      vertex -1.207265e+001 -4.728656e+001  7.007169e+001
    endloop
  endfacet
  facet normal -9.350161e-001  3.546052e-001  0.000000e+000
    outer loop
      vertex -1.228636e+001 -4.785008e+001  6.807169e+001
      vertex -1.207265e+001 -4.728656e+001  7.007169e+001
      vertex -1.207265e+001 -4.728656e+001  6.807169e+001
    endloop
  endfacet
  facet normal -9.927089e-001  1.205362e-001  0.000000e+000
    outer loop
      vertex -1.207265e+001 -4.728656e+001  6.807169e+001
      vertex -1.207265e+001 -4.728656e+001  7.007169e+001
      vertex -1.200000e+001 -4.668827e+001  7.007169e+001
    endloop
  endfacet
  facet normal -9.927089e-001  1.205362e-001  0.000000e+000
    outer loop
      vertex -1.207265e+001 -4.728656e+001  6.807169e+001
      vertex -1.200000e+001 -4.668827e+001  7.007169e+001
      vertex -1.200000e+001 -4.668827e+001  6.807169e+001
    endloop
  endfacet
  facet normal -2.393133e-001  9.709424e-001  0.000000e+000
    outer loop
      vertex -1.361349e+001 -4.902582e+001  7.007169e+001
      vertex -1.419866e+001 -4.917005e+001  6.807169e+001
      vertex -1.419866e+001 -4.917005e+001  7.007169e+001
    endloop
  endfacet
  facet normal  0.000000e+000  1.000000e+000  0.000000e+000
    outer loop
      vertex -1.419866e+001 -4.917005e+001  7.007169e+001
      vertex -1.419866e+001 -4.917005e+001  6.807169e+001
      vertex -1.480134e+001 -4.917005e+001  6.807169e+001
    endloop
  endfacet
  facet normal  0.000000e+000  1.000000e+000  0.000000e+000
    outer loop
      vertex -1.419866e+001 -4.917005e+001  7.007169e+001
      vertex -1.480134e+001 -4.917005e+001  6.807169e+001
      vertex -1.480134e+001 -4.917005e+001  7.007169e+001
    endloop
  endfacet
  facet normal  2.393133e-001  9.709424e-001  0.000000e+000
    outer loop
      vertex -1.480134e+001 -4.917005e+001  7.007169e+001
      vertex -1.480134e+001 -4.917005e+001  6.807169e+001
      vertex -1.538651e+001 -4.902582e+001  6.807169e+001
    endloop
  endfacet
  facet normal  2.393133e-001  9.709424e-001  -0.000000e+000
    outer loop
      vertex -1.480134e+001 -4.917005e+001  7.007169e+001
      vertex -1.538651e+001 -4.902582e+001  6.807169e+001
      vertex -1.538651e+001 -4.902582e+001  7.007169e+001
    endloop
  endfacet
  facet normal  4.647250e-001  8.854551e-001  0.000000e+000
    outer loop
      vertex -1.538651e+001 -4.902582e+001  7.007169e+001
      vertex -1.538651e+001 -4.902582e+001  6.807169e+001
      vertex -1.592016e+001 -4.874574e+001  6.807169e+001
    endloop
  endfacet
  facet normal  4.647250e-001  8.854551e-001  -0.000000e+000
    outer loop
      vertex -1.538651e+001 -4.902582e+001  7.007169e+001
      vertex -1.592016e+001 -4.874574e+001  6.807169e+001
      vertex -1.592016e+001 -4.874574e+001  7.007169e+001
    endloop
  endfacet
  facet normal  6.631206e-001  7.485125e-001  0.000000e+000
    outer loop
      vertex -1.592016e+001 -4.874574e+001  7.007169e+001
      vertex -1.592016e+001 -4.874574e+001  6.807169e+001
      vertex -1.637128e+001 -4.834608e+001  6.807169e+001
    endloop
  endfacet
  facet normal  6.631206e-001  7.485125e-001  -0.000000e+000
    outer loop
      vertex -1.592016e+001 -4.874574e+001  7.007169e+001
      vertex -1.637128e+001 -4.834608e+001  6.807169e+001
      vertex -1.637128e+001 -4.834608e+001  7.007169e+001
    endloop
  endfacet
  facet normal  8.229856e-001  5.680622e-001  0.000000e+000
    outer loop
      vertex -1.637128e+001 -4.834608e+001  7.007169e+001
      vertex -1.637128e+001 -4.834608e+001  6.807169e+001
      vertex -1.671364e+001 -4.785008e+001  6.807169e+001
    endloop
  endfacet
  facet normal  8.229856e-001  5.680622e-001  -0.000000e+000
    outer loop
      vertex -1.637128e+001 -4.834608e+001  7.007169e+001
      vertex -1.671364e+001 -4.785008e+001  6.807169e+001
      vertex -1.671364e+001 -4.785008e+001  7.007169e+001
    endloop
  endfacet
  facet normal  9.350161e-001  3.546052e-001  0.000000e+000
    outer loop
      vertex -1.671364e+001 -4.785008e+001  7.007169e+001
      vertex -1.671364e+001 -4.785008e+001  6.807169e+001
      vertex -1.692735e+001 -4.728656e+001  6.807169e+001
    endloop
  endfacet
  facet normal  9.350161e-001  3.546052e-001  -0.000000e+000
    outer loop
      vertex -1.671364e+001 -4.785008e+001  7.007169e+001
      vertex -1.692735e+001 -4.728656e+001  6.807169e+001
      vertex -1.692735e+001 -4.728656e+001  7.007169e+001
    endloop
  endfacet
  facet normal  9.927089e-001  1.205362e-001  0.000000e+000
    outer loop
      vertex -1.692735e+001 -4.728656e+001  7.007169e+001
      vertex -1.692735e+001 -4.728656e+001  6.807169e+001
      vertex -1.700000e+001 -4.668827e+001  6.807169e+001
    endloop
  endfacet
  facet normal  9.927089e-001  1.205362e-001  -0.000000e+000
    outer loop
      vertex -1.692735e+001 -4.728656e+001  7.007169e+001
      vertex -1.700000e+001 -4.668827e+001  6.807169e+001
      vertex -1.700000e+001 -4.668827e+001  7.007169e+001
    endloop
  endfacet
  facet normal  1.000000e+000  0.000000e+000  0.000000e+000
    outer loop
      vertex -2.300000e+001 -5.722581e+001  2.900600e+001
      vertex -2.300000e+001 -5.722581e+001  6.807169e+001
      vertex -2.300000e+001 -5.800000e+001  2.882737e+001
    endloop
  endfacet
  facet normal  1.000000e+000  0.000000e+000  0.000000e+000
    outer loop
      vertex -2.300000e+001 -5.800000e+001  2.882737e+001
      vertex -2.300000e+001 -5.722581e+001  6.807169e+001
      vertex -2.300000e+001 -5.800000e+001  6.807169e+001
    endloop
  endfacet
  facet normal  1.000000e+000  0.000000e+000  -0.000000e+000
    outer loop
      vertex -1.000000e+001 -7.746661e+001  5.802952e+001
      vertex -1.000000e+001 -7.432990e+001  5.121695e+001
      vertex -1.000000e+001 -6.000000e+001  6.607169e+001
    endloop
  endfacet
  facet normal  1.000000e+000  0.000000e+000  0.000000e+000
    outer loop
      vertex -1.000000e+001 -6.000000e+001  6.607169e+001
      vertex -1.000000e+001 -7.432990e+001  5.121695e+001
      vertex -1.000000e+001 -6.000000e+001  5.781488e+001
    endloop
  endfacet
  facet normal  0.000000e+000  1.000000e+000  0.000000e+000
    outer loop
      vertex -2.100000e+001 -6.000000e+001  6.607169e+001
      vertex -1.000000e+001 -6.000000e+001  6.607169e+001
      vertex -1.000000e+001 -6.000000e+001  5.781488e+001
    endloop
  endfacet
  facet normal  0.000000e+000  1.000000e+000  0.000000e+000
    outer loop
      vertex -2.100000e+001 -6.000000e+001  6.607169e+001
      vertex -1.000000e+001 -6.000000e+001  5.781488e+001
      vertex -1.000000e+001 -6.000000e+001  5.046706e+001
    endloop
  endfacet
  facet normal  0.000000e+000  9.999999e-001  0.000000e+000
    outer loop
      vertex -2.100000e+001 -6.000000e+001  6.607169e+001
      vertex -1.000000e+001 -6.000000e+001  5.046706e+001
      vertex -1.000000e+001 -6.000000e+001  2.957168e+001
    endloop
  endfacet
  facet normal  0.000000e+000  1.000000e+000  0.000000e+000
    outer loop
      vertex -2.100000e+001 -6.000000e+001  6.607169e+001
      vertex -1.000000e+001 -6.000000e+001  2.957168e+001
      vertex -2.100000e+001 -6.000000e+001  2.836589e+001
    endloop
  endfacet
  facet normal  0.000000e+000  1.000000e+000  -0.000000e+000
    outer loop
      vertex  2.100000e+001 -6.000000e+001  6.607169e+001
      vertex  2.100000e+001 -6.000000e+001  2.836589e+001
      vertex  1.000000e+001 -6.000000e+001  2.957168e+001
    endloop
  endfacet
  facet normal  0.000000e+000  9.999999e-001  0.000000e+000
    outer loop
      vertex  2.100000e+001 -6.000000e+001  6.607169e+001
      vertex  1.000000e+001 -6.000000e+001  2.957168e+001
      vertex  1.000000e+001 -6.000000e+001  5.046706e+001
    endloop
  endfacet
  facet normal  0.000000e+000  1.000000e+000  0.000000e+000
    outer loop
      vertex  2.100000e+001 -6.000000e+001  6.607169e+001
      vertex  1.000000e+001 -6.000000e+001  5.046706e+001
      vertex  1.000000e+001 -6.000000e+001  5.781488e+001
    endloop
  endfacet
  facet normal  0.000000e+000  1.000000e+000  0.000000e+000
    outer loop
      vertex  2.100000e+001 -6.000000e+001  6.607169e+001
      vertex  1.000000e+001 -6.000000e+001  5.781488e+001
      vertex  1.000000e+001 -6.000000e+001  6.607169e+001
    endloop
  endfacet
  facet normal  0.000000e+000  1.000000e+000  0.000000e+000
    outer loop
      vertex -1.000000e+001 -6.000000e+001  5.781488e+001
      vertex  1.000000e+001 -6.000000e+001  5.781488e+001
      vertex -1.000000e+001 -6.000000e+001  5.046706e+001
    endloop
  endfacet
  facet normal  0.000000e+000  1.000000e+000  0.000000e+000
    outer loop
      vertex -1.000000e+001 -6.000000e+001  5.046706e+001
      vertex  1.000000e+001 -6.000000e+001  5.781488e+001
      vertex  1.000000e+001 -6.000000e+001  5.046706e+001
    endloop
  endfacet
  facet normal  0.000000e+000  1.000000e+000  0.000000e+000
    outer loop
      vertex -1.000000e+001 -6.000000e+001  2.957168e+001
      vertex  1.000000e+001 -6.000000e+001  2.957168e+001
      vertex -2.100000e+001 -6.000000e+001  2.836589e+001
    endloop
  endfacet
  facet normal  0.000000e+000  1.000000e+000  0.000000e+000
    outer loop
      vertex -2.100000e+001 -6.000000e+001  2.836589e+001
      vertex  1.000000e+001 -6.000000e+001  2.957168e+001
      vertex  2.100000e+001 -6.000000e+001  2.836589e+001
    endloop
  endfacet
  facet normal  0.000000e+000  7.071068e-001 -7.071068e-001
    outer loop
      vertex  2.300000e+001 -5.800000e+001  6.807169e+001
      vertex  2.100000e+001 -6.000000e+001  6.607169e+001
      vertex  1.000000e+001 -6.000000e+001  6.607169e+001
    endloop
  endfacet
  facet normal  0.000000e+000  7.071068e-001 -7.071068e-001
    outer loop
      vertex  2.300000e+001 -5.800000e+001  6.807169e+001
      vertex  1.000000e+001 -6.000000e+001  6.607169e+001
      vertex -1.000000e+001 -6.000000e+001  6.607169e+001
    endloop
  endfacet
  facet normal  0.000000e+000  7.071068e-001 -7.071068e-001
    outer loop
      vertex  2.300000e+001 -5.800000e+001  6.807169e+001
      vertex -1.000000e+001 -6.000000e+001  6.607169e+001
      vertex -2.100000e+001 -6.000000e+001  6.607169e+001
    endloop
  endfacet
  facet normal  0.000000e+000  7.071068e-001 -7.071068e-001
    outer loop
      vertex  2.300000e+001 -5.800000e+001  6.807169e+001
      vertex -2.100000e+001 -6.000000e+001  6.607169e+001
      vertex -2.300000e+001 -5.800000e+001  6.807169e+001
    endloop
  endfacet
  facet normal  0.000000e+000  4.182287e-001 -9.083417e-001
    outer loop
      vertex -1.000000e+001 -7.746661e+001  5.802952e+001
      vertex -1.000000e+001 -6.000000e+001  6.607169e+001
      vertex  1.000000e+001 -7.746661e+001  5.802952e+001
    endloop
  endfacet
  facet normal  0.000000e+000  4.182287e-001 -9.083417e-001
    outer loop
      vertex  1.000000e+001 -7.746661e+001  5.802952e+001
      vertex -1.000000e+001 -6.000000e+001  6.607169e+001
      vertex  1.000000e+001 -6.000000e+001  6.607169e+001
    endloop
  endfacet
  facet normal -1.000000e+000  0.000000e+000  0.000000e+000
    outer loop
      vertex  1.000000e+001 -7.746661e+001  5.802952e+001
      vertex  1.000000e+001 -6.000000e+001  6.607169e+001
      vertex  1.000000e+001 -7.432990e+001  5.121695e+001
    endloop
  endfacet
  facet normal -9.999999e-001  0.000000e+000  0.000000e+000
    outer loop
      vertex  1.000000e+001 -7.432990e+001  5.121695e+001
      vertex  1.000000e+001 -6.000000e+001  6.607169e+001
      vertex  1.000000e+001 -6.000000e+001  5.781488e+001
    endloop
  endfacet
  facet normal -3.823331e-006 -9.083422e-001 -4.182277e-001
    outer loop
      vertex -1.300000e+001 -7.850094e+001  6.027596e+001
      vertex -1.566064e+001 -7.378381e+001  5.003094e+001
      vertex -1.300000e+001 -7.787360e+001  5.891344e+001
    endloop
  endfacet
  facet normal  4.062289e-006 -9.083422e-001 -4.182278e-001
    outer loop
      vertex  1.566064e+001 -7.378381e+001  5.003094e+001
      vertex  1.300000e+001 -7.850094e+001  6.027596e+001
      vertex  1.300000e+001 -7.787360e+001  5.891344e+001
    endloop
  endfacet
  facet normal  9.270219e-007 -9.083418e-001 -4.182285e-001
    outer loop
      vertex -1.416064e+001 -7.378381e+001  5.003094e+001
      vertex -1.416064e+001 -6.344279e+001  2.757149e+001
      vertex -1.000000e+001 -6.436374e+001  2.957168e+001
    endloop
  endfacet
  facet normal -7.122989e-007 -9.083418e-001 -4.182288e-001
    outer loop
      vertex -1.416064e+001 -7.378381e+001  5.003094e+001
      vertex -1.000000e+001 -6.436374e+001  2.957168e+001
      vertex -1.000000e+001 -7.297707e+001  4.827879e+001
    endloop
  endfacet
  facet normal -6.731883e-007 -9.083418e-001 -4.182286e-001
    outer loop
      vertex -1.416064e+001 -7.378381e+001  5.003094e+001
      vertex -1.000000e+001 -7.297707e+001  4.827879e+001
      vertex -1.000000e+001 -7.432990e+001  5.121695e+001
    endloop
  endfacet
  facet normal  0.000000e+000 -9.083409e-001 -4.182306e-001
    outer loop
      vertex -1.416064e+001 -7.378381e+001  5.003094e+001
      vertex -1.000000e+001 -7.432990e+001  5.121695e+001
      vertex -1.566064e+001 -7.378381e+001  5.003094e+001
    endloop
  endfacet
  facet normal  -0.000000e+000 -9.083418e-001 -4.182287e-001
    outer loop
      vertex -1.000000e+001 -7.297707e+001  4.827879e+001
      vertex  1.000000e+001 -7.297707e+001  4.827879e+001
      vertex -1.000000e+001 -7.432990e+001  5.121695e+001
    endloop
  endfacet
  facet normal  0.000000e+000 -9.083418e-001 -4.182287e-001
    outer loop
      vertex -1.000000e+001 -7.432990e+001  5.121695e+001
      vertex  1.000000e+001 -7.297707e+001  4.827879e+001
      vertex  1.000000e+001 -7.432990e+001  5.121695e+001
    endloop
  endfacet
  facet normal  0.000000e+000 -9.083418e-001 -4.182286e-001
    outer loop
      vertex  1.000000e+001 -7.297707e+001  4.827879e+001
      vertex  1.416064e+001 -6.344279e+001  2.757149e+001
      vertex  1.000000e+001 -7.432990e+001  5.121695e+001
    endloop
  endfacet
  facet normal  7.138068e-007 -9.083418e-001 -4.182285e-001
    outer loop
      vertex  1.000000e+001 -7.432990e+001  5.121695e+001
      vertex  1.416064e+001 -6.344279e+001  2.757149e+001
      vertex  1.416064e+001 -7.378381e+001  5.003094e+001
    endloop
  endfacet
  facet normal  -0.000000e+000 -9.083409e-001 -4.182306e-001
    outer loop
      vertex  1.416064e+001 -7.378381e+001  5.003094e+001
      vertex  1.566064e+001 -7.378381e+001  5.003094e+001
      vertex  1.000000e+001 -7.432990e+001  5.121695e+001
    endloop
  endfacet
  facet normal  4.871275e-007 -9.083417e-001 -4.182286e-001
    outer loop
      vertex  1.000000e+001 -7.432990e+001  5.121695e+001
      vertex  1.566064e+001 -7.378381e+001  5.003094e+001
      vertex  1.300000e+001 -7.787360e+001  5.891344e+001
    endloop
  endfacet
  facet normal -1.080831e-006 -9.083420e-001 -4.182281e-001
    outer loop
      vertex  1.000000e+001 -7.432990e+001  5.121695e+001
      vertex  1.300000e+001 -7.787360e+001  5.891344e+001
      vertex  1.000000e+001 -7.746661e+001  5.802952e+001
    endloop
  endfacet
  facet normal  0.000000e+000 -9.083406e-001 -4.182312e-001
    outer loop
      vertex  1.000000e+001 -7.746661e+001  5.802952e+001
      vertex  1.300000e+001 -7.787360e+001  5.891344e+001
      vertex -1.300000e+001 -7.787360e+001  5.891344e+001
    endloop
  endfacet
  facet normal  0.000000e+000 -9.083407e-001 -4.182312e-001
    outer loop
      vertex  1.000000e+001 -7.746661e+001  5.802952e+001
      vertex -1.300000e+001 -7.787360e+001  5.891344e+001
      vertex -1.000000e+001 -7.746661e+001  5.802952e+001
    endloop
  endfacet
  facet normal  7.916025e-007 -9.083416e-001 -4.182290e-001
    outer loop
      vertex -1.000000e+001 -7.746661e+001  5.802952e+001
      vertex -1.300000e+001 -7.787360e+001  5.891344e+001
      vertex -1.566064e+001 -7.378381e+001  5.003094e+001
    endloop
  endfacet
  facet normal -6.177401e-007 -9.083420e-001 -4.182281e-001
    outer loop
      vertex -1.000000e+001 -7.746661e+001  5.802952e+001
      vertex -1.566064e+001 -7.378381e+001  5.003094e+001
      vertex -1.000000e+001 -7.432990e+001  5.121695e+001
    endloop
  endfacet
  facet normal -1.090708e-006 -9.083418e-001 -4.182288e-001
    outer loop
      vertex  1.000000e+001 -7.297707e+001  4.827879e+001
      vertex  1.000000e+001 -6.436374e+001  2.957168e+001
      vertex  1.416064e+001 -6.344279e+001  2.757149e+001
    endloop
  endfacet
  facet normal  0.000000e+000 -9.083426e-001 -4.182270e-001
    outer loop
      vertex  1.416064e+001 -6.344279e+001  2.757149e+001
      vertex  1.000000e+001 -6.436374e+001  2.957168e+001
      vertex -1.000000e+001 -6.436374e+001  2.957168e+001
    endloop
  endfacet
  facet normal  0.000000e+000 -9.083426e-001 -4.182270e-001
    outer loop
      vertex  1.416064e+001 -6.344279e+001  2.757149e+001
      vertex -1.000000e+001 -6.436374e+001  2.957168e+001
      vertex -1.416064e+001 -6.344279e+001  2.757149e+001
    endloop
  endfacet
  facet normal  1.377126e-006  4.182265e-001 -9.083428e-001
    outer loop
      vertex -1.000000e+001 -8.241531e+001  5.682230e+001
      vertex -1.066756e+001 -8.234698e+001  5.685376e+001
      vertex -1.130165e+001 -8.214544e+001  5.694656e+001
    endloop
  endfacet
  facet normal  4.728557e-006  4.182398e-001 -9.083366e-001
    outer loop
      vertex -1.000000e+001 -8.241531e+001  5.682230e+001
      vertex -1.130165e+001 -8.214544e+001  5.694656e+001
      vertex -1.187047e+001 -8.182079e+001  5.709604e+001
    endloop
  endfacet
  facet normal -3.482668e-007  4.182266e-001 -9.083428e-001
    outer loop
      vertex -1.000000e+001 -8.241531e+001  5.682230e+001
      vertex -1.187047e+001 -8.182079e+001  5.709604e+001
      vertex -1.234549e+001 -8.138931e+001  5.729470e+001
    endloop
  endfacet
  facet normal -1.153068e-006  4.182251e-001 -9.083435e-001
    outer loop
      vertex -1.000000e+001 -8.241531e+001  5.682230e+001
      vertex -1.234549e+001 -8.138931e+001  5.729470e+001
      vertex -1.270291e+001 -8.087262e+001  5.753260e+001
    endloop
  endfacet
  facet normal  3.365735e-006  4.182315e-001 -9.083403e-001
    outer loop
      vertex -1.000000e+001 -8.241531e+001  5.682230e+001
      vertex -1.270291e+001 -8.087262e+001  5.753260e+001
      vertex -1.292478e+001 -8.029665e+001  5.779779e+001
    endloop
  endfacet
  facet normal  3.354147e-008  4.182278e-001 -9.083421e-001
    outer loop
      vertex -1.000000e+001 -8.241531e+001  5.682230e+001
      vertex -1.292478e+001 -8.029665e+001  5.779779e+001
      vertex -1.300000e+001 -7.969028e+001  5.807699e+001
    endloop
  endfacet
  facet normal  1.072885e-006  4.182287e-001 -9.083418e-001
    outer loop
      vertex -1.000000e+001 -8.241531e+001  5.682230e+001
      vertex -1.300000e+001 -7.969028e+001  5.807699e+001
      vertex -1.300000e+001 -7.787360e+001  5.891344e+001
    endloop
  endfacet
  facet normal  0.000000e+000  4.182281e-001 -9.083420e-001
    outer loop
      vertex -1.000000e+001 -8.241531e+001  5.682230e+001
      vertex -1.300000e+001 -7.787360e+001  5.891344e+001
      vertex  1.300000e+001 -7.787360e+001  5.891344e+001
    endloop
  endfacet
  facet normal  0.000000e+000  4.182282e-001 -9.083421e-001
    outer loop
      vertex -1.000000e+001 -8.241531e+001  5.682230e+001
      vertex  1.300000e+001 -7.787360e+001  5.891344e+001
      vertex  1.000000e+001 -8.241531e+001  5.682230e+001
    endloop
  endfacet
  facet normal -9.113111e-006  4.182287e-001 -9.083418e-001
    outer loop
      vertex  1.300000e+001 -7.787360e+001  5.891344e+001
      vertex  1.300000e+001 -7.969028e+001  5.807699e+001
      vertex  1.292478e+001 -8.029665e+001  5.779779e+001
    endloop
  endfacet
  facet normal  6.790965e-006  4.182284e-001 -9.083419e-001
    outer loop
      vertex  1.300000e+001 -7.787360e+001  5.891344e+001
      vertex  1.292478e+001 -8.029665e+001  5.779779e+001
      vertex  1.270291e+001 -8.087262e+001  5.753260e+001
    endloop
  endfacet
  facet normal -6.484814e-006  4.182294e-001 -9.083414e-001
    outer loop
      vertex  1.300000e+001 -7.787360e+001  5.891344e+001
      vertex  1.270291e+001 -8.087262e+001  5.753260e+001
      vertex  1.234549e+001 -8.138931e+001  5.729470e+001
    endloop
  endfacet
  facet normal -1.989863e-006  4.182288e-001 -9.083418e-001
    outer loop
      vertex  1.300000e+001 -7.787360e+001  5.891344e+001
      vertex  1.234549e+001 -8.138931e+001  5.729470e+001
      vertex  1.187047e+001 -8.182079e+001  5.709604e+001
    endloop
  endfacet
  facet normal  3.862017e-006  4.182273e-001 -9.083424e-001
    outer loop
      vertex  1.300000e+001 -7.787360e+001  5.891344e+001
      vertex  1.187047e+001 -8.182079e+001  5.709604e+001
      vertex  1.130165e+001 -8.214544e+001  5.694656e+001
    endloop
  endfacet
  facet normal -2.539559e-006  4.182295e-001 -9.083414e-001
    outer loop
      vertex  1.300000e+001 -7.787360e+001  5.891344e+001
      vertex  1.130165e+001 -8.214544e+001  5.694656e+001
      vertex  1.066756e+001 -8.234698e+001  5.685376e+001
    endloop
  endfacet
  facet normal -1.704540e-006  4.182291e-001 -9.083416e-001
    outer loop
      vertex  1.300000e+001 -7.787360e+001  5.891344e+001
      vertex  1.066756e+001 -8.234698e+001  5.685376e+001
      vertex  1.000000e+001 -8.241531e+001  5.682230e+001
    endloop
  endfacet
  facet normal  0.000000e+000  0.000000e+000  9.999999e-001
    outer loop
      vertex  1.400000e+001 -4.168827e+001  7.007169e+001
      vertex  1.400000e+001 -4.423878e+001  7.007169e+001
      vertex  1.455040e+001 -4.418879e+001  7.007169e+001
    endloop
  endfacet
  facet normal  -0.000000e+000  -0.000000e+000  1.000000e+000
    outer loop
      vertex  1.400000e+001 -4.168827e+001  7.007169e+001
      vertex  1.455040e+001 -4.418879e+001  7.007169e+001
      vertex  1.509834e+001 -4.426093e+001  7.007169e+001
    endloop
  endfacet
  facet normal  -0.000000e+000  -0.000000e+000  1.000000e+000
    outer loop
      vertex  1.400000e+001 -4.168827e+001  7.007169e+001
      vertex  1.509834e+001 -4.426093e+001  7.007169e+001
      vertex  1.561703e+001 -4.445171e+001  7.007169e+001
    endloop
  endfacet
  facet normal  -0.000000e+000  -0.000000e+000  1.000000e+000
    outer loop
      vertex  1.400000e+001 -4.168827e+001  7.007169e+001
      vertex  1.561703e+001 -4.445171e+001  7.007169e+001
      vertex  1.608114e+001 -4.475179e+001  7.007169e+001
    endloop
  endfacet
  facet normal  -0.000000e+000  -0.000000e+000  1.000000e+000
    outer loop
      vertex  1.400000e+001 -4.168827e+001  7.007169e+001
      vertex  1.608114e+001 -4.475179e+001  7.007169e+001
      vertex  1.646797e+001 -4.514650e+001  7.007169e+001
    endloop
  endfacet
  facet normal  0.000000e+000  0.000000e+000  1.000000e+000
    outer loop
      vertex -2.000000e+001 -5.722581e+001  7.007169e+001
      vertex  2.000000e+001 -5.722581e+001  7.007169e+001
      vertex -1.419866e+001 -4.917005e+001  7.007169e+001
    endloop
  endfacet
  facet normal  0.000000e+000  0.000000e+000  9.999999e-001
    outer loop
      vertex -2.000000e+001 -5.722581e+001  7.007169e+001
      vertex -1.419866e+001 -4.917005e+001  7.007169e+001
      vertex -1.480134e+001 -4.917005e+001  7.007169e+001
    endloop
  endfacet
  facet normal  0.000000e+000  0.000000e+000  1.000000e+000
    outer loop
      vertex -2.000000e+001 -5.722581e+001  7.007169e+001
      vertex -1.480134e+001 -4.917005e+001  7.007169e+001
      vertex -1.538651e+001 -4.902582e+001  7.007169e+001
    endloop
  endfacet
  facet normal  0.000000e+000  0.000000e+000  1.000000e+000
    outer loop
      vertex -2.000000e+001 -5.722581e+001  7.007169e+001
      vertex -1.538651e+001 -4.902582e+001  7.007169e+001
      vertex -1.592016e+001 -4.874574e+001  7.007169e+001
    endloop
  endfacet
  facet normal  0.000000e+000  0.000000e+000  9.999999e-001
    outer loop
      vertex -2.000000e+001 -5.722581e+001  7.007169e+001
      vertex -1.592016e+001 -4.874574e+001  7.007169e+001
      vertex -1.637128e+001 -4.834608e+001  7.007169e+001
    endloop
  endfacet
  facet normal  0.000000e+000  0.000000e+000  1.000000e+000
    outer loop
      vertex -2.000000e+001 -5.722581e+001  7.007169e+001
      vertex -1.637128e+001 -4.834608e+001  7.007169e+001
      vertex -1.671364e+001 -4.785008e+001  7.007169e+001
    endloop
  endfacet
  facet normal  0.000000e+000  0.000000e+000  1.000000e+000
    outer loop
      vertex -2.000000e+001 -5.722581e+001  7.007169e+001
      vertex -1.671364e+001 -4.785008e+001  7.007169e+001
      vertex -1.692735e+001 -4.728656e+001  7.007169e+001
    endloop
  endfacet
  facet normal  0.000000e+000  0.000000e+000  1.000000e+000
    outer loop
      vertex -2.000000e+001 -5.722581e+001  7.007169e+001
      vertex -1.692735e+001 -4.728656e+001  7.007169e+001
      vertex -1.700000e+001 -4.668827e+001  7.007169e+001
    endloop
  endfacet
  facet normal  0.000000e+000  -0.000000e+000  1.000000e+000
    outer loop
      vertex -2.000000e+001 -5.722581e+001  7.007169e+001
      vertex -1.700000e+001 -4.668827e+001  7.007169e+001
      vertex -1.693891e+001 -4.613900e+001  7.007169e+001
    endloop
  endfacet
  facet normal  0.000000e+000  0.000000e+000  1.000000e+000
    outer loop
      vertex -2.000000e+001 -4.168827e+001  7.007169e+001
      vertex -2.000000e+001 -5.722581e+001  7.007169e+001
      vertex -1.693891e+001 -4.613900e+001  7.007169e+001
    endloop
  endfacet
  facet normal  0.000000e+000  -0.000000e+000  1.000000e+000
    outer loop
      vertex -2.000000e+001 -4.168827e+001  7.007169e+001
      vertex -1.693891e+001 -4.613900e+001  7.007169e+001
      vertex -1.675863e+001 -4.561656e+001  7.007169e+001
    endloop
  endfacet
  facet normal  0.000000e+000  -0.000000e+000  9.999999e-001
    outer loop
      vertex -2.000000e+001 -4.168827e+001  7.007169e+001
      vertex -1.675863e+001 -4.561656e+001  7.007169e+001
      vertex -1.646797e+001 -4.514650e+001  7.007169e+001
    endloop
  endfacet
  facet normal  0.000000e+000  -0.000000e+000  1.000000e+000
    outer loop
      vertex -2.000000e+001 -4.168827e+001  7.007169e+001
      vertex -1.646797e+001 -4.514650e+001  7.007169e+001
      vertex -1.608114e+001 -4.475179e+001  7.007169e+001
    endloop
  endfacet
  facet normal  0.000000e+000  -0.000000e+000  1.000000e+000
    outer loop
      vertex -2.000000e+001 -4.168827e+001  7.007169e+001
      vertex -1.608114e+001 -4.475179e+001  7.007169e+001
      vertex -1.561703e+001 -4.445171e+001  7.007169e+001
    endloop
  endfacet
  facet normal  0.000000e+000  -0.000000e+000  1.000000e+000
    outer loop
      vertex -2.000000e+001 -4.168827e+001  7.007169e+001
      vertex -1.561703e+001 -4.445171e+001  7.007169e+001
      vertex -1.509834e+001 -4.426093e+001  7.007169e+001
    endloop
  endfacet
  facet normal  0.000000e+000  -0.000000e+000  9.999999e-001
    outer loop
      vertex -2.000000e+001 -4.168827e+001  7.007169e+001
      vertex -1.509834e+001 -4.426093e+001  7.007169e+001
      vertex -1.455040e+001 -4.418879e+001  7.007169e+001
    endloop
  endfacet
  facet normal  -0.000000e+000  -0.000000e+000  1.000000e+000
    outer loop
      vertex -2.000000e+001 -4.168827e+001  7.007169e+001
      vertex -1.455040e+001 -4.418879e+001  7.007169e+001
      vertex -1.400000e+001 -4.423878e+001  7.007169e+001
    endloop
  endfacet
  facet normal  0.000000e+000  -0.000000e+000  1.000000e+000
    outer loop
      vertex -2.000000e+001 -4.168827e+001  7.007169e+001
      vertex -1.400000e+001 -4.423878e+001  7.007169e+001
      vertex -1.400000e+001 -4.168827e+001  7.007169e+001
    endloop
  endfacet
  facet normal  0.000000e+000  0.000000e+000  1.000000e+000
    outer loop
      vertex  2.000000e+001 -5.722581e+001  7.007169e+001
      vertex  1.693891e+001 -4.613900e+001  7.007169e+001
      vertex  1.700000e+001 -4.668827e+001  7.007169e+001
    endloop
  endfacet
  facet normal  0.000000e+000  0.000000e+000  1.000000e+000
    outer loop
      vertex  2.000000e+001 -5.722581e+001  7.007169e+001
      vertex  1.700000e+001 -4.668827e+001  7.007169e+001
      vertex  1.692735e+001 -4.728656e+001  7.007169e+001
    endloop
  endfacet
  facet normal  0.000000e+000  0.000000e+000  1.000000e+000
    outer loop
      vertex  2.000000e+001 -5.722581e+001  7.007169e+001
      vertex  1.692735e+001 -4.728656e+001  7.007169e+001
      vertex  1.671364e+001 -4.785008e+001  7.007169e+001
    endloop
  endfacet
  facet normal  0.000000e+000  0.000000e+000  9.999999e-001
    outer loop
      vertex  2.000000e+001 -5.722581e+001  7.007169e+001
      vertex  1.671364e+001 -4.785008e+001  7.007169e+001
      vertex  1.637128e+001 -4.834608e+001  7.007169e+001
    endloop
  endfacet
  facet normal  0.000000e+000  0.000000e+000  9.999999e-001
    outer loop
      vertex  2.000000e+001 -5.722581e+001  7.007169e+001
      vertex  1.637128e+001 -4.834608e+001  7.007169e+001
      vertex  1.592016e+001 -4.874574e+001  7.007169e+001
    endloop
  endfacet
  facet normal  0.000000e+000  0.000000e+000  1.000000e+000
    outer loop
      vertex  2.000000e+001 -5.722581e+001  7.007169e+001
      vertex  1.592016e+001 -4.874574e+001  7.007169e+001
      vertex  1.538651e+001 -4.902582e+001  7.007169e+001
    endloop
  endfacet
  facet normal  0.000000e+000  0.000000e+000  1.000000e+000
    outer loop
      vertex  2.000000e+001 -5.722581e+001  7.007169e+001
      vertex  1.538651e+001 -4.902582e+001  7.007169e+001
      vertex  1.480134e+001 -4.917005e+001  7.007169e+001
    endloop
  endfacet
  facet normal  0.000000e+000  0.000000e+000  9.999999e-001
    outer loop
      vertex  2.000000e+001 -5.722581e+001  7.007169e+001
      vertex  1.480134e+001 -4.917005e+001  7.007169e+001
      vertex  1.419866e+001 -4.917005e+001  7.007169e+001
    endloop
  endfacet
  facet normal  0.000000e+000  0.000000e+000  1.000000e+000
    outer loop
      vertex  2.000000e+001 -5.722581e+001  7.007169e+001
      vertex  1.419866e+001 -4.917005e+001  7.007169e+001
      vertex -1.419866e+001 -4.917005e+001  7.007169e+001
    endloop
  endfacet
  facet normal  -0.000000e+000  0.000000e+000  1.000000e+000
    outer loop
      vertex  2.000000e+001 -4.168827e+001  7.007169e+001
      vertex  1.400000e+001 -4.168827e+001  7.007169e+001
      vertex  1.646797e+001 -4.514650e+001  7.007169e+001
    endloop
  endfacet
  facet normal  -0.000000e+000  0.000000e+000  9.999999e-001
    outer loop
      vertex  2.000000e+001 -4.168827e+001  7.007169e+001
      vertex  1.646797e+001 -4.514650e+001  7.007169e+001
      vertex  1.675863e+001 -4.561656e+001  7.007169e+001
    endloop
  endfacet
  facet normal  -0.000000e+000  0.000000e+000  1.000000e+000
    outer loop
      vertex  2.000000e+001 -4.168827e+001  7.007169e+001
      vertex  1.675863e+001 -4.561656e+001  7.007169e+001
      vertex  1.693891e+001 -4.613900e+001  7.007169e+001
    endloop
  endfacet
  facet normal  -0.000000e+000  0.000000e+000  1.000000e+000
    outer loop
      vertex  2.000000e+001 -4.168827e+001  7.007169e+001
      vertex  1.693891e+001 -4.613900e+001  7.007169e+001
      vertex  2.000000e+001 -5.722581e+001  7.007169e+001
    endloop
  endfacet
  facet normal  0.000000e+000  0.000000e+000  1.000000e+000
    outer loop
      vertex -1.262872e+001 -4.834608e+001  7.007169e+001
      vertex  1.228636e+001 -4.785008e+001  7.007169e+001
      vertex -1.228636e+001 -4.785008e+001  7.007169e+001
    endloop
  endfacet
  facet normal  0.000000e+000  0.000000e+000  1.000000e+000
    outer loop
      vertex -1.228636e+001 -4.785008e+001  7.007169e+001
      vertex  1.228636e+001 -4.785008e+001  7.007169e+001
      vertex  1.207265e+001 -4.728656e+001  7.007169e+001
    endloop
  endfacet
  facet normal  0.000000e+000  0.000000e+000  1.000000e+000
    outer loop
      vertex -1.228636e+001 -4.785008e+001  7.007169e+001
      vertex  1.207265e+001 -4.728656e+001  7.007169e+001
      vertex -1.207265e+001 -4.728656e+001  7.007169e+001
    endloop
  endfacet
  facet normal  0.000000e+000  0.000000e+000  9.999999e-001
    outer loop
      vertex -1.207265e+001 -4.728656e+001  7.007169e+001
      vertex  1.207265e+001 -4.728656e+001  7.007169e+001
      vertex  1.200000e+001 -4.668827e+001  7.007169e+001
    endloop
  endfacet
  facet normal  0.000000e+000  0.000000e+000  9.999999e-001
    outer loop
      vertex -1.207265e+001 -4.728656e+001  7.007169e+001
      vertex  1.200000e+001 -4.668827e+001  7.007169e+001
      vertex -1.200000e+001 -4.668827e+001  7.007169e+001
    endloop
  endfacet
  facet normal  0.000000e+000  0.000000e+000  1.000000e+000
    outer loop
      vertex  1.228636e+001 -4.785008e+001  7.007169e+001
      vertex -1.262872e+001 -4.834608e+001  7.007169e+001
      vertex  1.262872e+001 -4.834608e+001  7.007169e+001
    endloop
  endfacet
  facet normal  0.000000e+000  0.000000e+000  1.000000e+000
    outer loop
      vertex  1.262872e+001 -4.834608e+001  7.007169e+001
      vertex -1.262872e+001 -4.834608e+001  7.007169e+001
      vertex -1.307984e+001 -4.874574e+001  7.007169e+001
    endloop
  endfacet
  facet normal  0.000000e+000  0.000000e+000  1.000000e+000
    outer loop
      vertex  1.262872e+001 -4.834608e+001  7.007169e+001
      vertex -1.307984e+001 -4.874574e+001  7.007169e+001
      vertex  1.307984e+001 -4.874574e+001  7.007169e+001
    endloop
  endfacet
  facet normal  0.000000e+000  0.000000e+000  1.000000e+000
    outer loop
      vertex  1.307984e+001 -4.874574e+001  7.007169e+001
      vertex -1.307984e+001 -4.874574e+001  7.007169e+001
      vertex -1.361349e+001 -4.902582e+001  7.007169e+001
    endloop
  endfacet
  facet normal  0.000000e+000  0.000000e+000  1.000000e+000
    outer loop
      vertex  1.307984e+001 -4.874574e+001  7.007169e+001
      vertex -1.361349e+001 -4.902582e+001  7.007169e+001
      vertex  1.361349e+001 -4.902582e+001  7.007169e+001
    endloop
  endfacet
  facet normal  0.000000e+000  0.000000e+000  9.999999e-001
    outer loop
      vertex  1.361349e+001 -4.902582e+001  7.007169e+001
      vertex -1.361349e+001 -4.902582e+001  7.007169e+001
      vertex -1.419866e+001 -4.917005e+001  7.007169e+001
    endloop
  endfacet
  facet normal  0.000000e+000  0.000000e+000  1.000000e+000
    outer loop
      vertex  1.361349e+001 -4.902582e+001  7.007169e+001
      vertex -1.419866e+001 -4.917005e+001  7.007169e+001
      vertex  1.419866e+001 -4.917005e+001  7.007169e+001
    endloop
  endfacet
  facet normal  -0.000000e+000 -9.083417e-001 -4.182287e-001
    outer loop
      vertex -1.000000e+001 -8.241531e+001  5.682230e+001
      vertex  1.000000e+001 -8.241531e+001  5.682230e+001
      vertex -1.000000e+001 -8.304265e+001  5.818481e+001
    endloop
  endfacet
  facet normal  0.000000e+000 -9.083417e-001 -4.182287e-001
    outer loop
      vertex -1.000000e+001 -8.304265e+001  5.818481e+001
      vertex  1.000000e+001 -8.241531e+001  5.682230e+001
      vertex  1.000000e+001 -8.304265e+001  5.818481e+001
    endloop
  endfacet
  facet normal  0.000000e+000 -4.182287e-001  9.083418e-001
    outer loop
      vertex -1.000000e+001 -6.000000e+001  5.781488e+001
      vertex -1.000000e+001 -7.432990e+001  5.121695e+001
      vertex  1.000000e+001 -6.000000e+001  5.781488e+001
    endloop
  endfacet
  facet normal  0.000000e+000 -4.182287e-001  9.083418e-001
    outer loop
      vertex  1.000000e+001 -6.000000e+001  5.781488e+001
      vertex -1.000000e+001 -7.432990e+001  5.121695e+001
      vertex  1.000000e+001 -7.432990e+001  5.121695e+001
    endloop
  endfacet
  facet normal  0.000000e+000  0.000000e+000 -1.000000e+000
    outer loop
      vertex  1.000000e+001 -7.297707e+001  4.827879e+001
      vertex -1.000000e+001 -7.297707e+001  4.827879e+001
      vertex  1.000000e+001 -6.436374e+001  4.827879e+001
    endloop
  endfacet
  facet normal  -0.000000e+000  0.000000e+000 -1.000000e+000
    outer loop
      vertex  1.000000e+001 -6.436374e+001  4.827879e+001
      vertex -1.000000e+001 -7.297707e+001  4.827879e+001
      vertex -1.000000e+001 -6.436374e+001  4.827879e+001
    endloop
  endfacet
  facet normal  0.000000e+000 -1.000000e+000  0.000000e+000
    outer loop
      vertex  4.576120e+000 -6.436374e+001  4.295436e+001
      vertex  6.123234e-017 -6.436374e+001  3.857168e+001
      vertex  4.500000e+000 -6.436374e+001  4.257168e+001
    endloop
  endfacet
  facet normal  -0.000000e+000 -1.000000e+000  0.000000e+000
    outer loop
      vertex  6.123234e-017 -6.436374e+001  3.857168e+001
      vertex  4.576120e+000 -6.436374e+001  4.218900e+001
      vertex  4.500000e+000 -6.436374e+001  4.257168e+001
    endloop
  endfacet
  facet normal  0.000000e+000 -1.000000e+000  0.000000e+000
    outer loop
      vertex  4.792893e+000 -6.436374e+001  3.186458e+001
      vertex -4.792893e+000 -6.436374e+001  3.186458e+001
      vertex  5.117317e+000 -6.436374e+001  3.164780e+001
    endloop
  endfacet
  facet normal  0.000000e+000 -1.000000e+000  0.000000e+000
    outer loop
      vertex  6.207107e+000 -6.436374e+001  4.186457e+001
      vertex  5.500000e+000 -6.436374e+001  3.357168e+001
      vertex  6.423880e+000 -6.436374e+001  4.218900e+001
    endloop
  endfacet
  facet normal  0.000000e+000 -1.000000e+000  0.000000e+000
    outer loop
      vertex  5.882683e+000 -6.436374e+001  4.164780e+001
      vertex  5.500000e+000 -6.436374e+001  3.357168e+001
      vertex  6.207107e+000 -6.436374e+001  4.186457e+001
    endloop
  endfacet
  facet normal  0.000000e+000 -1.000000e+000  0.000000e+000
    outer loop
      vertex  7.071068e-001 -6.436374e+001  3.686457e+001
      vertex  3.826834e-001 -6.436374e+001  3.664780e+001
      vertex  5.500000e+000 -6.436374e+001  3.357168e+001
    endloop
  endfacet
  facet normal  -0.000000e+000 -9.999999e-001  0.000000e+000
    outer loop
      vertex  6.123234e-017 -6.436374e+001  3.857168e+001
      vertex  5.500000e+000 -6.436374e+001  4.157168e+001
      vertex  5.117317e+000 -6.436374e+001  4.164780e+001
    endloop
  endfacet
  facet normal  -0.000000e+000 -1.000000e+000  0.000000e+000
    outer loop
      vertex  6.123234e-017 -6.436374e+001  3.857168e+001
      vertex  5.117317e+000 -6.436374e+001  4.164780e+001
      vertex  4.792893e+000 -6.436374e+001  4.186457e+001
    endloop
  endfacet
  facet normal  -0.000000e+000 -1.000000e+000  0.000000e+000
    outer loop
      vertex  6.123234e-017 -6.436374e+001  3.857168e+001
      vertex  4.792893e+000 -6.436374e+001  4.186457e+001
      vertex  4.576120e+000 -6.436374e+001  4.218900e+001
    endloop
  endfacet
  facet normal  -0.000000e+000 -1.000000e+000  0.000000e+000
    outer loop
      vertex  6.123234e-017 -6.436374e+001  3.857168e+001
      vertex  4.576120e+000 -6.436374e+001  4.295436e+001
      vertex  4.792893e+000 -6.436374e+001  4.327879e+001
    endloop
  endfacet
  facet normal  0.000000e+000 -1.000000e+000  0.000000e+000
    outer loop
      vertex  6.123234e-017 -6.436374e+001  3.857168e+001
      vertex  4.792893e+000 -6.436374e+001  4.327879e+001
      vertex -4.500000e+000 -6.436374e+001  4.257168e+001
    endloop
  endfacet
  facet normal  0.000000e+000 -1.000000e+000  -0.000000e+000
    outer loop
      vertex  6.123234e-017 -6.436374e+001  3.857168e+001
      vertex -4.500000e+000 -6.436374e+001  4.257168e+001
      vertex -4.576120e+000 -6.436374e+001  4.218900e+001
    endloop
  endfacet
  facet normal  0.000000e+000 -1.000000e+000  -0.000000e+000
    outer loop
      vertex  6.123234e-017 -6.436374e+001  3.857168e+001
      vertex -4.576120e+000 -6.436374e+001  4.218900e+001
      vertex -4.792893e+000 -6.436374e+001  4.186457e+001
    endloop
  endfacet
  facet normal  0.000000e+000 -1.000000e+000  -0.000000e+000
    outer loop
      vertex  6.123234e-017 -6.436374e+001  3.857168e+001
      vertex -4.792893e+000 -6.436374e+001  4.186457e+001
      vertex -5.117317e+000 -6.436374e+001  4.164780e+001
    endloop
  endfacet
  facet normal  0.000000e+000 -9.999999e-001  -0.000000e+000
    outer loop
      vertex  6.123234e-017 -6.436374e+001  3.857168e+001
      vertex -5.117317e+000 -6.436374e+001  4.164780e+001
      vertex -5.500000e+000 -6.436374e+001  4.157168e+001
    endloop
  endfacet
  facet normal  0.000000e+000 -9.999999e-001  0.000000e+000
    outer loop
      vertex  1.000000e+001 -6.436374e+001  4.827879e+001
      vertex -1.000000e+001 -6.436374e+001  4.827879e+001
      vertex -5.500000e+000 -6.436374e+001  4.357168e+001
    endloop
  endfacet
  facet normal  0.000000e+000 -1.000000e+000  0.000000e+000
    outer loop
      vertex  1.000000e+001 -6.436374e+001  4.827879e+001
      vertex -5.500000e+000 -6.436374e+001  4.357168e+001
      vertex -5.117317e+000 -6.436374e+001  4.349556e+001
    endloop
  endfacet
  facet normal  0.000000e+000 -1.000000e+000  0.000000e+000
    outer loop
      vertex  1.000000e+001 -6.436374e+001  4.827879e+001
      vertex -5.117317e+000 -6.436374e+001  4.349556e+001
      vertex -4.792893e+000 -6.436374e+001  4.327879e+001
    endloop
  endfacet
  facet normal  0.000000e+000 -1.000000e+000  0.000000e+000
    outer loop
      vertex  1.000000e+001 -6.436374e+001  4.827879e+001
      vertex -4.792893e+000 -6.436374e+001  4.327879e+001
      vertex -4.576120e+000 -6.436374e+001  4.295436e+001
    endloop
  endfacet
  facet normal  0.000000e+000 -9.999999e-001  0.000000e+000
    outer loop
      vertex  1.000000e+001 -6.436374e+001  4.827879e+001
      vertex -4.576120e+000 -6.436374e+001  4.295436e+001
      vertex -4.500000e+000 -6.436374e+001  4.257168e+001
    endloop
  endfacet
  facet normal  0.000000e+000 -1.000000e+000  0.000000e+000
    outer loop
      vertex  1.000000e+001 -6.436374e+001  4.827879e+001
      vertex -4.500000e+000 -6.436374e+001  4.257168e+001
      vertex  4.792893e+000 -6.436374e+001  4.327879e+001
    endloop
  endfacet
  facet normal  0.000000e+000 -1.000000e+000  0.000000e+000
    outer loop
      vertex  1.000000e+001 -6.436374e+001  4.827879e+001
      vertex  4.792893e+000 -6.436374e+001  4.327879e+001
      vertex  5.117317e+000 -6.436374e+001  4.349556e+001
    endloop
  endfacet
  facet normal  0.000000e+000 -1.000000e+000  0.000000e+000
    outer loop
      vertex  1.000000e+001 -6.436374e+001  4.827879e+001
      vertex  5.117317e+000 -6.436374e+001  4.349556e+001
      vertex  5.500000e+000 -6.436374e+001  4.357168e+001
    endloop
  endfacet
  facet normal  0.000000e+000 -1.000000e+000  0.000000e+000
    outer loop
      vertex  1.000000e+001 -6.436374e+001  4.827879e+001
      vertex  5.500000e+000 -6.436374e+001  4.357168e+001
      vertex  5.882683e+000 -6.436374e+001  4.349556e+001
    endloop
  endfacet
  facet normal  0.000000e+000 -1.000000e+000  0.000000e+000
    outer loop
      vertex  1.000000e+001 -6.436374e+001  4.827879e+001
      vertex  5.882683e+000 -6.436374e+001  4.349556e+001
      vertex  6.207107e+000 -6.436374e+001  4.327879e+001
    endloop
  endfacet
  facet normal  0.000000e+000 -1.000000e+000  0.000000e+000
    outer loop
      vertex  1.000000e+001 -6.436374e+001  4.827879e+001
      vertex  6.207107e+000 -6.436374e+001  4.327879e+001
      vertex  6.423880e+000 -6.436374e+001  4.295436e+001
    endloop
  endfacet
  facet normal  0.000000e+000 -1.000000e+000  0.000000e+000
    outer loop
      vertex  1.000000e+001 -6.436374e+001  4.827879e+001
      vertex  6.423880e+000 -6.436374e+001  4.295436e+001
      vertex  6.500000e+000 -6.436374e+001  4.257168e+001
    endloop
  endfacet
  facet normal  0.000000e+000 -1.000000e+000  -0.000000e+000
    outer loop
      vertex  1.000000e+001 -6.436374e+001  4.827879e+001
      vertex  6.500000e+000 -6.436374e+001  4.257168e+001
      vertex  6.423880e+000 -6.436374e+001  4.218900e+001
    endloop
  endfacet
  facet normal  0.000000e+000 -1.000000e+000  -0.000000e+000
    outer loop
      vertex  1.000000e+001 -6.436374e+001  4.827879e+001
      vertex  6.423880e+000 -6.436374e+001  4.218900e+001
      vertex  5.500000e+000 -6.436374e+001  3.357168e+001
    endloop
  endfacet
  facet normal  0.000000e+000 -1.000000e+000  0.000000e+000
    outer loop
      vertex  1.000000e+001 -6.436374e+001  4.827879e+001
      vertex  5.500000e+000 -6.436374e+001  3.357168e+001
      vertex  5.882683e+000 -6.436374e+001  3.349556e+001
    endloop
  endfacet
  facet normal  0.000000e+000 -1.000000e+000  0.000000e+000
    outer loop
      vertex  1.000000e+001 -6.436374e+001  4.827879e+001
      vertex  5.882683e+000 -6.436374e+001  3.349556e+001
      vertex  6.207107e+000 -6.436374e+001  3.327879e+001
    endloop
  endfacet
  facet normal  0.000000e+000 -1.000000e+000  0.000000e+000
    outer loop
      vertex  1.000000e+001 -6.436374e+001  4.827879e+001
      vertex  6.207107e+000 -6.436374e+001  3.327879e+001
      vertex  6.423880e+000 -6.436374e+001  3.295436e+001
    endloop
  endfacet
  facet normal  0.000000e+000 -1.000000e+000  0.000000e+000
    outer loop
      vertex  1.000000e+001 -6.436374e+001  4.827879e+001
      vertex  6.423880e+000 -6.436374e+001  3.295436e+001
      vertex  6.500000e+000 -6.436374e+001  3.257168e+001
    endloop
  endfacet
  facet normal  0.000000e+000 -1.000000e+000  0.000000e+000
    outer loop
      vertex -1.000000e+001 -6.436374e+001  2.957168e+001
      vertex  1.000000e+001 -6.436374e+001  2.957168e+001
      vertex -5.500000e+000 -6.436374e+001  3.157168e+001
    endloop
  endfacet
  facet normal  -0.000000e+000 -1.000000e+000  0.000000e+000
    outer loop
      vertex -1.000000e+001 -6.436374e+001  2.957168e+001
      vertex -5.500000e+000 -6.436374e+001  3.157168e+001
      vertex -5.882683e+000 -6.436374e+001  3.164780e+001
    endloop
  endfacet
  facet normal  -0.000000e+000 -1.000000e+000  0.000000e+000
    outer loop
      vertex -1.000000e+001 -6.436374e+001  2.957168e+001
      vertex -5.882683e+000 -6.436374e+001  3.164780e+001
      vertex -6.207107e+000 -6.436374e+001  3.186458e+001
    endloop
  endfacet
  facet normal  -0.000000e+000 -1.000000e+000  0.000000e+000
    outer loop
      vertex -1.000000e+001 -6.436374e+001  2.957168e+001
      vertex -6.207107e+000 -6.436374e+001  3.186458e+001
      vertex -6.423880e+000 -6.436374e+001  3.218900e+001
    endloop
  endfacet
  facet normal  -0.000000e+000 -1.000000e+000  0.000000e+000
    outer loop
      vertex -1.000000e+001 -6.436374e+001  2.957168e+001
      vertex -6.423880e+000 -6.436374e+001  3.218900e+001
      vertex -6.500000e+000 -6.436374e+001  3.257168e+001
    endloop
  endfacet
  facet normal  -0.000000e+000 -1.000000e+000  0.000000e+000
    outer loop
      vertex -1.000000e+001 -6.436374e+001  2.957168e+001
      vertex -6.500000e+000 -6.436374e+001  3.257168e+001
      vertex -1.000000e+001 -6.436374e+001  4.827879e+001
    endloop
  endfacet
  facet normal  0.000000e+000 -1.000000e+000  -0.000000e+000
    outer loop
      vertex  1.000000e+001 -6.436374e+001  2.957168e+001
      vertex  1.000000e+001 -6.436374e+001  4.827879e+001
      vertex  6.500000e+000 -6.436374e+001  3.257168e+001
    endloop
  endfacet
  facet normal  0.000000e+000 -1.000000e+000  -0.000000e+000
    outer loop
      vertex  1.000000e+001 -6.436374e+001  2.957168e+001
      vertex  6.500000e+000 -6.436374e+001  3.257168e+001
      vertex  6.423880e+000 -6.436374e+001  3.218900e+001
    endloop
  endfacet
  facet normal  0.000000e+000 -1.000000e+000  -0.000000e+000
    outer loop
      vertex  1.000000e+001 -6.436374e+001  2.957168e+001
      vertex  6.423880e+000 -6.436374e+001  3.218900e+001
      vertex  6.207107e+000 -6.436374e+001  3.186458e+001
    endloop
  endfacet
  facet normal  0.000000e+000 -1.000000e+000  -0.000000e+000
    outer loop
      vertex  1.000000e+001 -6.436374e+001  2.957168e+001
      vertex  6.207107e+000 -6.436374e+001  3.186458e+001
      vertex  5.882683e+000 -6.436374e+001  3.164780e+001
    endloop
  endfacet
  facet normal  0.000000e+000 -1.000000e+000  -0.000000e+000
    outer loop
      vertex  1.000000e+001 -6.436374e+001  2.957168e+001
      vertex  5.882683e+000 -6.436374e+001  3.164780e+001
      vertex  5.500000e+000 -6.436374e+001  3.157168e+001
    endloop
  endfacet
  facet normal  -0.000000e+000 -9.999999e-001  -0.000000e+000
    outer loop
      vertex  1.000000e+001 -6.436374e+001  2.957168e+001
      vertex  5.500000e+000 -6.436374e+001  3.157168e+001
      vertex  5.117317e+000 -6.436374e+001  3.164780e+001
    endloop
  endfacet
  facet normal  -0.000000e+000 -9.999999e-001  -0.000000e+000
    outer loop
      vertex  1.000000e+001 -6.436374e+001  2.957168e+001
      vertex  5.117317e+000 -6.436374e+001  3.164780e+001
      vertex -4.792893e+000 -6.436374e+001  3.186458e+001
    endloop
  endfacet
  facet normal  0.000000e+000 -1.000000e+000  -0.000000e+000
    outer loop
      vertex  1.000000e+001 -6.436374e+001  2.957168e+001
      vertex -4.792893e+000 -6.436374e+001  3.186458e+001
      vertex -5.117317e+000 -6.436374e+001  3.164780e+001
    endloop
  endfacet
  facet normal  0.000000e+000 -9.999999e-001  -0.000000e+000
    outer loop
      vertex  1.000000e+001 -6.436374e+001  2.957168e+001
      vertex -5.117317e+000 -6.436374e+001  3.164780e+001
      vertex -5.500000e+000 -6.436374e+001  3.157168e+001
    endloop
  endfacet
  facet normal  0.000000e+000 -1.000000e+000  0.000000e+000
    outer loop
      vertex  6.123234e-017 -6.436374e+001  3.657168e+001
      vertex -5.500000e+000 -6.436374e+001  3.357168e+001
      vertex -5.117317e+000 -6.436374e+001  3.349556e+001
    endloop
  endfacet
  facet normal  0.000000e+000 -1.000000e+000  0.000000e+000
    outer loop
      vertex  6.123234e-017 -6.436374e+001  3.657168e+001
      vertex -5.117317e+000 -6.436374e+001  3.349556e+001
      vertex -4.792893e+000 -6.436374e+001  3.327879e+001
    endloop
  endfacet
  facet normal  0.000000e+000 -1.000000e+000  0.000000e+000
    outer loop
      vertex  6.123234e-017 -6.436374e+001  3.657168e+001
      vertex -4.792893e+000 -6.436374e+001  3.327879e+001
      vertex -4.576120e+000 -6.436374e+001  3.295436e+001
    endloop
  endfacet
  facet normal  0.000000e+000 -1.000000e+000  0.000000e+000
    outer loop
      vertex  6.123234e-017 -6.436374e+001  3.657168e+001
      vertex -4.576120e+000 -6.436374e+001  3.295436e+001
      vertex -4.500000e+000 -6.436374e+001  3.257168e+001
    endloop
  endfacet
  facet normal  0.000000e+000 -1.000000e+000  -0.000000e+000
    outer loop
      vertex  6.123234e-017 -6.436374e+001  3.657168e+001
      vertex -4.500000e+000 -6.436374e+001  3.257168e+001
      vertex -4.576120e+000 -6.436374e+001  3.218900e+001
    endloop
  endfacet
  facet normal  0.000000e+000 -1.000000e+000  -0.000000e+000
    outer loop
      vertex  6.123234e-017 -6.436374e+001  3.657168e+001
      vertex -4.576120e+000 -6.436374e+001  3.218900e+001
      vertex -4.792893e+000 -6.436374e+001  3.186458e+001
    endloop
  endfacet
  facet normal  0.000000e+000 -1.000000e+000  0.000000e+000
    outer loop
      vertex  6.123234e-017 -6.436374e+001  3.657168e+001
      vertex -4.792893e+000 -6.436374e+001  3.186458e+001
      vertex  4.792893e+000 -6.436374e+001  3.186458e+001
    endloop
  endfacet
  facet normal  0.000000e+000 -1.000000e+000  0.000000e+000
    outer loop
      vertex  6.123234e-017 -6.436374e+001  3.657168e+001
      vertex  4.792893e+000 -6.436374e+001  3.186458e+001
      vertex  4.576120e+000 -6.436374e+001  3.218900e+001
    endloop
  endfacet
  facet normal  0.000000e+000 -1.000000e+000  0.000000e+000
    outer loop
      vertex  6.123234e-017 -6.436374e+001  3.657168e+001
      vertex  4.576120e+000 -6.436374e+001  3.218900e+001
      vertex  4.500000e+000 -6.436374e+001  3.257168e+001
    endloop
  endfacet
  facet normal  0.000000e+000 -1.000000e+000  0.000000e+000
    outer loop
      vertex  6.123234e-017 -6.436374e+001  3.657168e+001
      vertex  4.500000e+000 -6.436374e+001  3.257168e+001
      vertex  4.576120e+000 -6.436374e+001  3.295436e+001
    endloop
  endfacet
  facet normal  0.000000e+000 -1.000000e+000  0.000000e+000
    outer loop
      vertex  6.123234e-017 -6.436374e+001  3.657168e+001
      vertex  4.576120e+000 -6.436374e+001  3.295436e+001
      vertex  4.792893e+000 -6.436374e+001  3.327879e+001
    endloop
  endfacet
  facet normal  0.000000e+000 -1.000000e+000  0.000000e+000
    outer loop
      vertex  6.123234e-017 -6.436374e+001  3.657168e+001
      vertex  4.792893e+000 -6.436374e+001  3.327879e+001
      vertex  5.117317e+000 -6.436374e+001  3.349556e+001
    endloop
  endfacet
  facet normal  0.000000e+000 -1.000000e+000  0.000000e+000
    outer loop
      vertex  6.123234e-017 -6.436374e+001  3.657168e+001
      vertex  5.117317e+000 -6.436374e+001  3.349556e+001
      vertex  5.500000e+000 -6.436374e+001  3.357168e+001
    endloop
  endfacet
  facet normal  0.000000e+000 -1.000000e+000  0.000000e+000
    outer loop
      vertex  6.123234e-017 -6.436374e+001  3.657168e+001
      vertex  5.500000e+000 -6.436374e+001  3.357168e+001
      vertex  3.826834e-001 -6.436374e+001  3.664780e+001
    endloop
  endfacet
  facet normal  0.000000e+000 -1.000000e+000  0.000000e+000
    outer loop
      vertex  5.500000e+000 -6.436374e+001  4.157168e+001
      vertex  6.123234e-017 -6.436374e+001  3.857168e+001
      vertex  3.826834e-001 -6.436374e+001  3.849556e+001
    endloop
  endfacet
  facet normal  0.000000e+000 -1.000000e+000  0.000000e+000
    outer loop
      vertex  5.500000e+000 -6.436374e+001  4.157168e+001
      vertex  3.826834e-001 -6.436374e+001  3.849556e+001
      vertex  7.071068e-001 -6.436374e+001  3.827879e+001
    endloop
  endfacet
  facet normal  0.000000e+000 -1.000000e+000  0.000000e+000
    outer loop
      vertex  5.500000e+000 -6.436374e+001  4.157168e+001
      vertex  7.071068e-001 -6.436374e+001  3.827879e+001
      vertex  9.238795e-001 -6.436374e+001  3.795436e+001
    endloop
  endfacet
  facet normal  0.000000e+000 -1.000000e+000  0.000000e+000
    outer loop
      vertex  5.500000e+000 -6.436374e+001  4.157168e+001
      vertex  9.238795e-001 -6.436374e+001  3.795436e+001
      vertex  1.000000e+000 -6.436374e+001  3.757168e+001
    endloop
  endfacet
  facet normal  0.000000e+000 -1.000000e+000  -0.000000e+000
    outer loop
      vertex  5.500000e+000 -6.436374e+001  4.157168e+001
      vertex  1.000000e+000 -6.436374e+001  3.757168e+001
      vertex  9.238795e-001 -6.436374e+001  3.718900e+001
    endloop
  endfacet
  facet normal  0.000000e+000 -1.000000e+000  -0.000000e+000
    outer loop
      vertex  5.500000e+000 -6.436374e+001  4.157168e+001
      vertex  9.238795e-001 -6.436374e+001  3.718900e+001
      vertex  7.071068e-001 -6.436374e+001  3.686457e+001
    endloop
  endfacet
  facet normal  0.000000e+000 -9.999999e-001  0.000000e+000
    outer loop
      vertex  5.500000e+000 -6.436374e+001  4.157168e+001
      vertex  7.071068e-001 -6.436374e+001  3.686457e+001
      vertex  5.500000e+000 -6.436374e+001  3.357168e+001
    endloop
  endfacet
  facet normal  0.000000e+000 -1.000000e+000  0.000000e+000
    outer loop
      vertex  5.500000e+000 -6.436374e+001  4.157168e+001
      vertex  5.500000e+000 -6.436374e+001  3.357168e+001
      vertex  5.882683e+000 -6.436374e+001  4.164780e+001
    endloop
  endfacet
  facet normal  0.000000e+000 -1.000000e+000  0.000000e+000
    outer loop
      vertex -5.500000e+000 -6.436374e+001  4.157168e+001
      vertex -7.071068e-001 -6.436374e+001  3.686457e+001
      vertex -9.238795e-001 -6.436374e+001  3.718900e+001
    endloop
  endfacet
  facet normal  0.000000e+000 -1.000000e+000  0.000000e+000
    outer loop
      vertex -5.500000e+000 -6.436374e+001  4.157168e+001
      vertex -9.238795e-001 -6.436374e+001  3.718900e+001
      vertex -1.000000e+000 -6.436374e+001  3.757168e+001
    endloop
  endfacet
  facet normal  0.000000e+000 -1.000000e+000  0.000000e+000
    outer loop
      vertex -5.500000e+000 -6.436374e+001  4.157168e+001
      vertex -1.000000e+000 -6.436374e+001  3.757168e+001
      vertex -9.238795e-001 -6.436374e+001  3.795436e+001
    endloop
  endfacet
  facet normal  0.000000e+000 -1.000000e+000  0.000000e+000
    outer loop
      vertex -5.500000e+000 -6.436374e+001  4.157168e+001
      vertex -9.238795e-001 -6.436374e+001  3.795436e+001
      vertex -7.071068e-001 -6.436374e+001  3.827879e+001
    endloop
  endfacet
  facet normal  0.000000e+000 -1.000000e+000  0.000000e+000
    outer loop
      vertex -5.500000e+000 -6.436374e+001  4.157168e+001
      vertex -7.071068e-001 -6.436374e+001  3.827879e+001
      vertex -3.826834e-001 -6.436374e+001  3.849556e+001
    endloop
  endfacet
  facet normal  0.000000e+000 -1.000000e+000  0.000000e+000
    outer loop
      vertex -5.500000e+000 -6.436374e+001  4.157168e+001
      vertex -3.826834e-001 -6.436374e+001  3.849556e+001
      vertex  6.123234e-017 -6.436374e+001  3.857168e+001
    endloop
  endfacet
  facet normal  -0.000000e+000 -1.000000e+000  0.000000e+000
    outer loop
      vertex -5.500000e+000 -6.436374e+001  3.357168e+001
      vertex  6.123234e-017 -6.436374e+001  3.657168e+001
      vertex -3.826834e-001 -6.436374e+001  3.664780e+001
    endloop
  endfacet
  facet normal  -0.000000e+000 -1.000000e+000  0.000000e+000
    outer loop
      vertex -5.500000e+000 -6.436374e+001  3.357168e+001
      vertex -3.826834e-001 -6.436374e+001  3.664780e+001
      vertex -7.071068e-001 -6.436374e+001  3.686457e+001
    endloop
  endfacet
  facet normal  -0.000000e+000 -9.999999e-001  0.000000e+000
    outer loop
      vertex -5.500000e+000 -6.436374e+001  3.357168e+001
      vertex -7.071068e-001 -6.436374e+001  3.686457e+001
      vertex -5.500000e+000 -6.436374e+001  4.157168e+001
    endloop
  endfacet
  facet normal  -0.000000e+000 -1.000000e+000  -0.000000e+000
    outer loop
      vertex -5.500000e+000 -6.436374e+001  3.357168e+001
      vertex -5.500000e+000 -6.436374e+001  4.157168e+001
      vertex -5.882683e+000 -6.436374e+001  4.164780e+001
    endloop
  endfacet
  facet normal  -0.000000e+000 -9.999999e-001  -0.000000e+000
    outer loop
      vertex -5.500000e+000 -6.436374e+001  3.357168e+001
      vertex -5.882683e+000 -6.436374e+001  4.164780e+001
      vertex -6.207107e+000 -6.436374e+001  4.186457e+001
    endloop
  endfacet
  facet normal  -0.000000e+000 -1.000000e+000  -0.000000e+000
    outer loop
      vertex -5.500000e+000 -6.436374e+001  3.357168e+001
      vertex -6.207107e+000 -6.436374e+001  4.186457e+001
      vertex -6.423880e+000 -6.436374e+001  4.218900e+001
    endloop
  endfacet
  facet normal  0.000000e+000 -1.000000e+000  0.000000e+000
    outer loop
      vertex -1.000000e+001 -6.436374e+001  4.827879e+001
      vertex -6.500000e+000 -6.436374e+001  3.257168e+001
      vertex -6.423880e+000 -6.436374e+001  3.295436e+001
    endloop
  endfacet
  facet normal  0.000000e+000 -1.000000e+000  0.000000e+000
    outer loop
      vertex -1.000000e+001 -6.436374e+001  4.827879e+001
      vertex -6.423880e+000 -6.436374e+001  3.295436e+001
      vertex -6.207107e+000 -6.436374e+001  3.327879e+001
    endloop
  endfacet
  facet normal  0.000000e+000 -1.000000e+000  0.000000e+000
    outer loop
      vertex -1.000000e+001 -6.436374e+001  4.827879e+001
      vertex -6.207107e+000 -6.436374e+001  3.327879e+001
      vertex -5.882683e+000 -6.436374e+001  3.349556e+001
    endloop
  endfacet
  facet normal  0.000000e+000 -1.000000e+000  0.000000e+000
    outer loop
      vertex -1.000000e+001 -6.436374e+001  4.827879e+001
      vertex -5.882683e+000 -6.436374e+001  3.349556e+001
      vertex -5.500000e+000 -6.436374e+001  3.357168e+001
    endloop
  endfacet
  facet normal  0.000000e+000 -1.000000e+000  0.000000e+000
    outer loop
      vertex -1.000000e+001 -6.436374e+001  4.827879e+001
      vertex -5.500000e+000 -6.436374e+001  3.357168e+001
      vertex -6.423880e+000 -6.436374e+001  4.218900e+001
    endloop
  endfacet
  facet normal  0.000000e+000 -1.000000e+000  0.000000e+000
    outer loop
      vertex -1.000000e+001 -6.436374e+001  4.827879e+001
      vertex -6.423880e+000 -6.436374e+001  4.218900e+001
      vertex -6.500000e+000 -6.436374e+001  4.257168e+001
    endloop
  endfacet
  facet normal  0.000000e+000 -1.000000e+000  0.000000e+000
    outer loop
      vertex -1.000000e+001 -6.436374e+001  4.827879e+001
      vertex -6.500000e+000 -6.436374e+001  4.257168e+001
      vertex -6.423880e+000 -6.436374e+001  4.295436e+001
    endloop
  endfacet
  facet normal  0.000000e+000 -1.000000e+000  0.000000e+000
    outer loop
      vertex -1.000000e+001 -6.436374e+001  4.827879e+001
      vertex -6.423880e+000 -6.436374e+001  4.295436e+001
      vertex -6.207107e+000 -6.436374e+001  4.327879e+001
    endloop
  endfacet
  facet normal  0.000000e+000 -1.000000e+000  0.000000e+000
    outer loop
      vertex -1.000000e+001 -6.436374e+001  4.827879e+001
      vertex -6.207107e+000 -6.436374e+001  4.327879e+001
      vertex -5.882683e+000 -6.436374e+001  4.349556e+001
    endloop
  endfacet
  facet normal  0.000000e+000 -1.000000e+000  0.000000e+000
    outer loop
      vertex -1.000000e+001 -6.436374e+001  4.827879e+001
      vertex -5.882683e+000 -6.436374e+001  4.349556e+001
      vertex -5.500000e+000 -6.436374e+001  4.357168e+001
    endloop
  endfacet
  facet normal  0.000000e+000  2.248315e-001 -9.743977e-001
    outer loop
      vertex  2.300000e+001 -5.722581e+001  2.900600e+001
      vertex  2.500000e+001 -5.722581e+001  2.900600e+001
      vertex  2.300000e+001 -5.800000e+001  2.882737e+001
    endloop
  endfacet
  facet normal -1.599060e-006  2.248354e-001 -9.743968e-001
    outer loop
      vertex  2.100000e+001 -6.000000e+001  2.836589e+001
      vertex  2.300000e+001 -5.800000e+001  2.882737e+001
      vertex  2.500000e+001 -5.722581e+001  2.900600e+001
    endloop
  endfacet
  facet normal -7.672251e-008  2.248333e-001 -9.743972e-001
    outer loop
      vertex  2.100000e+001 -6.000000e+001  2.836589e+001
      vertex  2.500000e+001 -5.722581e+001  2.900600e+001
      vertex  2.149338e+001 -6.344279e+001  2.757149e+001
    endloop
  endfacet
  facet normal  0.000000e+000  2.248333e-001 -9.743973e-001
    outer loop
      vertex  2.100000e+001 -6.000000e+001  2.836589e+001
      vertex  2.149338e+001 -6.344279e+001  2.757149e+001
      vertex  1.566064e+001 -6.344279e+001  2.757149e+001
    endloop
  endfacet
  facet normal  0.000000e+000  2.248333e-001 -9.743972e-001
    outer loop
      vertex  2.100000e+001 -6.000000e+001  2.836589e+001
      vertex  1.566064e+001 -6.344279e+001  2.757149e+001
      vertex  1.416064e+001 -6.344279e+001  2.757149e+001
    endloop
  endfacet
  facet normal  0.000000e+000  2.248333e-001 -9.743972e-001
    outer loop
      vertex  2.100000e+001 -6.000000e+001  2.836589e+001
      vertex  1.416064e+001 -6.344279e+001  2.757149e+001
      vertex -1.416064e+001 -6.344279e+001  2.757149e+001
    endloop
  endfacet
  facet normal  0.000000e+000  2.248333e-001 -9.743972e-001
    outer loop
      vertex  2.100000e+001 -6.000000e+001  2.836589e+001
      vertex -1.416064e+001 -6.344279e+001  2.757149e+001
      vertex -1.566064e+001 -6.344279e+001  2.757149e+001
    endloop
  endfacet
  facet normal  0.000000e+000  2.248333e-001 -9.743973e-001
    outer loop
      vertex  2.100000e+001 -6.000000e+001  2.836589e+001
      vertex -1.566064e+001 -6.344279e+001  2.757149e+001
      vertex -2.149338e+001 -6.344279e+001  2.757149e+001
    endloop
  endfacet
  facet normal  0.000000e+000  2.248333e-001 -9.743973e-001
    outer loop
      vertex  2.100000e+001 -6.000000e+001  2.836589e+001
      vertex -2.149338e+001 -6.344279e+001  2.757149e+001
      vertex -2.100000e+001 -6.000000e+001  2.836589e+001
    endloop
  endfacet
  facet normal  0.000000e+000  2.248315e-001 -9.743977e-001
    outer loop
      vertex -2.300000e+001 -5.722581e+001  2.900600e+001
      vertex -2.300000e+001 -5.800000e+001  2.882737e+001
      vertex -2.500000e+001 -5.722581e+001  2.900600e+001
    endloop
  endfacet
  facet normal  1.587215e-006  2.248354e-001 -9.743968e-001
    outer loop
      vertex -2.500000e+001 -5.722581e+001  2.900600e+001
      vertex -2.300000e+001 -5.800000e+001  2.882737e+001
      vertex -2.100000e+001 -6.000000e+001  2.836589e+001
    endloop
  endfacet
  facet normal  6.137801e-008  2.248333e-001 -9.743972e-001
    outer loop
      vertex -2.500000e+001 -5.722581e+001  2.900600e+001
      vertex -2.100000e+001 -6.000000e+001  2.836589e+001
      vertex -2.149338e+001 -6.344279e+001  2.757149e+001
    endloop
  endfacet
  facet normal  0.000000e+000  1.000000e+000  -0.000000e+000
    outer loop
      vertex  1.200000e+001 -4.668827e+001  7.007169e+001
      vertex  1.200000e+001 -4.668827e+001  6.807169e+001
      vertex -1.200000e+001 -4.668827e+001  7.007169e+001
    endloop
  endfacet
  facet normal  0.000000e+000  1.000000e+000  0.000000e+000
    outer loop
      vertex -1.200000e+001 -4.668827e+001  7.007169e+001
      vertex  1.200000e+001 -4.668827e+001  6.807169e+001
      vertex -1.200000e+001 -4.668827e+001  6.807169e+001
    endloop
  endfacet
  facet normal  1.950854e-001  0.000000e+000 -9.807863e-001
    outer loop
      vertex -1.224647e-016 -6.218827e+001  3.857168e+001
      vertex -3.826834e-001 -6.436374e+001  3.849556e+001
      vertex -3.826834e-001 -6.218827e+001  3.849556e+001
    endloop
  endfacet
  facet normal  5.555725e-001  0.000000e+000 -8.314682e-001
    outer loop
      vertex -3.826834e-001 -6.218827e+001  3.849556e+001
      vertex -3.826834e-001 -6.436374e+001  3.849556e+001
      vertex -7.071068e-001 -6.436374e+001  3.827879e+001
    endloop
  endfacet
  facet normal  5.555725e-001  0.000000e+000 -8.314682e-001
    outer loop
      vertex -3.826834e-001 -6.218827e+001  3.849556e+001
      vertex -7.071068e-001 -6.436374e+001  3.827879e+001
      vertex -7.071068e-001 -6.218827e+001  3.827879e+001
    endloop
  endfacet
  facet normal  8.314707e-001  0.000000e+000 -5.555686e-001
    outer loop
      vertex -7.071068e-001 -6.218827e+001  3.827879e+001
      vertex -7.071068e-001 -6.436374e+001  3.827879e+001
      vertex -9.238795e-001 -6.436374e+001  3.795436e+001
    endloop
  endfacet
  facet normal  8.314707e-001  0.000000e+000 -5.555686e-001
    outer loop
      vertex -7.071068e-001 -6.218827e+001  3.827879e+001
      vertex -9.238795e-001 -6.436374e+001  3.795436e+001
      vertex -9.238795e-001 -6.218827e+001  3.795436e+001
    endloop
  endfacet
  facet normal  9.807853e-001  0.000000e+000 -1.950907e-001
    outer loop
      vertex -9.238795e-001 -6.218827e+001  3.795436e+001
      vertex -9.238795e-001 -6.436374e+001  3.795436e+001
      vertex -1.000000e+000 -6.436374e+001  3.757168e+001
    endloop
  endfacet
  facet normal  9.807853e-001  0.000000e+000 -1.950907e-001
    outer loop
      vertex -9.238795e-001 -6.218827e+001  3.795436e+001
      vertex -1.000000e+000 -6.436374e+001  3.757168e+001
      vertex -1.000000e+000 -6.218827e+001  3.757168e+001
    endloop
  endfacet
  facet normal  1.950854e-001  1.647308e-017 -9.807863e-001
    outer loop
      vertex -3.826834e-001 -6.436374e+001  3.849556e+001
      vertex -1.224647e-016 -6.218827e+001  3.857168e+001
      vertex  6.123234e-017 -6.436374e+001  3.857168e+001
    endloop
  endfacet
  facet normal -1.950854e-001 -1.647308e-017 -9.807863e-001
    outer loop
      vertex  6.123234e-017 -6.436374e+001  3.857168e+001
      vertex -1.224647e-016 -6.218827e+001  3.857168e+001
      vertex  3.826834e-001 -6.218827e+001  3.849556e+001
    endloop
  endfacet
  facet normal -1.950854e-001  -0.000000e+000 -9.807863e-001
    outer loop
      vertex  6.123234e-017 -6.436374e+001  3.857168e+001
      vertex  3.826834e-001 -6.218827e+001  3.849556e+001
      vertex  3.826834e-001 -6.436374e+001  3.849556e+001
    endloop
  endfacet
  facet normal -5.555725e-001  0.000000e+000 -8.314682e-001
    outer loop
      vertex  3.826834e-001 -6.436374e+001  3.849556e+001
      vertex  3.826834e-001 -6.218827e+001  3.849556e+001
      vertex  7.071068e-001 -6.218827e+001  3.827879e+001
    endloop
  endfacet
  facet normal -5.555725e-001  -0.000000e+000 -8.314682e-001
    outer loop
      vertex  3.826834e-001 -6.436374e+001  3.849556e+001
      vertex  7.071068e-001 -6.218827e+001  3.827879e+001
      vertex  7.071068e-001 -6.436374e+001  3.827879e+001
    endloop
  endfacet
  facet normal -8.314707e-001  0.000000e+000 -5.555686e-001
    outer loop
      vertex  7.071068e-001 -6.436374e+001  3.827879e+001
      vertex  7.071068e-001 -6.218827e+001  3.827879e+001
      vertex  9.238795e-001 -6.218827e+001  3.795436e+001
    endloop
  endfacet
  facet normal -8.314707e-001  -0.000000e+000 -5.555686e-001
    outer loop
      vertex  7.071068e-001 -6.436374e+001  3.827879e+001
      vertex  9.238795e-001 -6.218827e+001  3.795436e+001
      vertex  9.238795e-001 -6.436374e+001  3.795436e+001
    endloop
  endfacet
  facet normal -9.807853e-001  0.000000e+000 -1.950907e-001
    outer loop
      vertex  9.238795e-001 -6.436374e+001  3.795436e+001
      vertex  9.238795e-001 -6.218827e+001  3.795436e+001
      vertex  1.000000e+000 -6.218827e+001  3.757168e+001
    endloop
  endfacet
  facet normal -9.807853e-001  -0.000000e+000 -1.950907e-001
    outer loop
      vertex  9.238795e-001 -6.436374e+001  3.795436e+001
      vertex  1.000000e+000 -6.218827e+001  3.757168e+001
      vertex  1.000000e+000 -6.436374e+001  3.757168e+001
    endloop
  endfacet
  facet normal  0.000000e+000  1.000000e+000  0.000000e+000
    outer loop
      vertex  4.500000e+000 -6.218827e+001  4.257168e+001
      vertex -1.224647e-016 -6.218827e+001  3.857168e+001
      vertex  4.576120e+000 -6.218827e+001  4.295436e+001
    endloop
  endfacet
  facet normal  0.000000e+000  1.000000e+000  0.000000e+000
    outer loop
      vertex  4.500000e+000 -6.218827e+001  4.257168e+001
      vertex  4.576120e+000 -6.218827e+001  4.218900e+001
      vertex -1.224647e-016 -6.218827e+001  3.857168e+001
    endloop
  endfacet
  facet normal  -0.000000e+000  1.000000e+000  0.000000e+000
    outer loop
      vertex  5.117317e+000 -6.218827e+001  3.164780e+001
      vertex -4.792893e+000 -6.218827e+001  3.186458e+001
      vertex  4.792893e+000 -6.218827e+001  3.186458e+001
    endloop
  endfacet
  facet normal  0.000000e+000  1.000000e+000  0.000000e+000
    outer loop
      vertex  6.423880e+000 -6.218827e+001  4.218900e+001
      vertex  5.500000e+000 -6.218827e+001  3.357168e+001
      vertex  6.207107e+000 -6.218827e+001  4.186457e+001
    endloop
  endfacet
  facet normal  0.000000e+000  1.000000e+000  0.000000e+000
    outer loop
      vertex  6.207107e+000 -6.218827e+001  4.186457e+001
      vertex  5.500000e+000 -6.218827e+001  3.357168e+001
      vertex  5.882683e+000 -6.218827e+001  4.164780e+001
    endloop
  endfacet
  facet normal  -0.000000e+000  1.000000e+000  0.000000e+000
    outer loop
      vertex  5.500000e+000 -6.218827e+001  3.357168e+001
      vertex  3.826834e-001 -6.218827e+001  3.664780e+001
      vertex  7.071068e-001 -6.218827e+001  3.686457e+001
    endloop
  endfacet
  facet normal  0.000000e+000  1.000000e+000  0.000000e+000
    outer loop
      vertex -1.224647e-016 -6.218827e+001  3.857168e+001
      vertex  4.576120e+000 -6.218827e+001  4.218900e+001
      vertex  4.792893e+000 -6.218827e+001  4.186457e+001
    endloop
  endfacet
  facet normal  0.000000e+000  1.000000e+000  0.000000e+000
    outer loop
      vertex -1.224647e-016 -6.218827e+001  3.857168e+001
      vertex  4.792893e+000 -6.218827e+001  4.186457e+001
      vertex  5.117317e+000 -6.218827e+001  4.164780e+001
    endloop
  endfacet
  facet normal  0.000000e+000  9.999999e-001  0.000000e+000
    outer loop
      vertex -1.224647e-016 -6.218827e+001  3.857168e+001
      vertex  5.117317e+000 -6.218827e+001  4.164780e+001
      vertex  5.500000e+000 -6.218827e+001  4.157168e+001
    endloop
  endfacet
  facet normal  -0.000000e+000  9.999999e-001  0.000000e+000
    outer loop
      vertex -1.224647e-016 -6.218827e+001  3.857168e+001
      vertex -5.500000e+000 -6.218827e+001  4.157168e+001
      vertex -5.117317e+000 -6.218827e+001  4.164780e+001
    endloop
  endfacet
  facet normal  -0.000000e+000  1.000000e+000  0.000000e+000
    outer loop
      vertex -1.224647e-016 -6.218827e+001  3.857168e+001
      vertex -5.117317e+000 -6.218827e+001  4.164780e+001
      vertex -4.792893e+000 -6.218827e+001  4.186457e+001
    endloop
  endfacet
  facet normal  -0.000000e+000  1.000000e+000  0.000000e+000
    outer loop
      vertex -1.224647e-016 -6.218827e+001  3.857168e+001
      vertex -4.792893e+000 -6.218827e+001  4.186457e+001
      vertex -4.576120e+000 -6.218827e+001  4.218900e+001
    endloop
  endfacet
  facet normal  -0.000000e+000  1.000000e+000  0.000000e+000
    outer loop
      vertex -1.224647e-016 -6.218827e+001  3.857168e+001
      vertex -4.576120e+000 -6.218827e+001  4.218900e+001
      vertex -4.500000e+000 -6.218827e+001  4.257168e+001
    endloop
  endfacet
  facet normal  -0.000000e+000  1.000000e+000  0.000000e+000
    outer loop
      vertex -1.224647e-016 -6.218827e+001  3.857168e+001
      vertex -4.500000e+000 -6.218827e+001  4.257168e+001
      vertex  4.792893e+000 -6.218827e+001  4.327879e+001
    endloop
  endfacet
  facet normal  0.000000e+000  1.000000e+000  0.000000e+000
    outer loop
      vertex -1.224647e-016 -6.218827e+001  3.857168e+001
      vertex  4.792893e+000 -6.218827e+001  4.327879e+001
      vertex  4.576120e+000 -6.218827e+001  4.295436e+001
    endloop
  endfacet
  facet normal  0.000000e+000  1.000000e+000  -0.000000e+000
    outer loop
      vertex  1.000000e+001 -6.218827e+001  4.827879e+001
      vertex  6.500000e+000 -6.218827e+001  3.257168e+001
      vertex  6.423880e+000 -6.218827e+001  3.295436e+001
    endloop
  endfacet
  facet normal  0.000000e+000  1.000000e+000  -0.000000e+000
    outer loop
      vertex  1.000000e+001 -6.218827e+001  4.827879e+001
      vertex  6.423880e+000 -6.218827e+001  3.295436e+001
      vertex  6.207107e+000 -6.218827e+001  3.327879e+001
    endloop
  endfacet
  facet normal  0.000000e+000  1.000000e+000  -0.000000e+000
    outer loop
      vertex  1.000000e+001 -6.218827e+001  4.827879e+001
      vertex  6.207107e+000 -6.218827e+001  3.327879e+001
      vertex  5.882683e+000 -6.218827e+001  3.349556e+001
    endloop
  endfacet
  facet normal  0.000000e+000  1.000000e+000  -0.000000e+000
    outer loop
      vertex  1.000000e+001 -6.218827e+001  4.827879e+001
      vertex  5.882683e+000 -6.218827e+001  3.349556e+001
      vertex  5.500000e+000 -6.218827e+001  3.357168e+001
    endloop
  endfacet
  facet normal  0.000000e+000  1.000000e+000  0.000000e+000
    outer loop
      vertex  1.000000e+001 -6.218827e+001  4.827879e+001
      vertex  5.500000e+000 -6.218827e+001  3.357168e+001
      vertex  6.423880e+000 -6.218827e+001  4.218900e+001
    endloop
  endfacet
  facet normal  0.000000e+000  1.000000e+000  0.000000e+000
    outer loop
      vertex  1.000000e+001 -6.218827e+001  4.827879e+001
      vertex  6.423880e+000 -6.218827e+001  4.218900e+001
      vertex  6.500000e+000 -6.218827e+001  4.257168e+001
    endloop
  endfacet
  facet normal  0.000000e+000  1.000000e+000  -0.000000e+000
    outer loop
      vertex  1.000000e+001 -6.218827e+001  4.827879e+001
      vertex  6.500000e+000 -6.218827e+001  4.257168e+001
      vertex  6.423880e+000 -6.218827e+001  4.295436e+001
    endloop
  endfacet
  facet normal  0.000000e+000  1.000000e+000  -0.000000e+000
    outer loop
      vertex  1.000000e+001 -6.218827e+001  4.827879e+001
      vertex  6.423880e+000 -6.218827e+001  4.295436e+001
      vertex  6.207107e+000 -6.218827e+001  4.327879e+001
    endloop
  endfacet
  facet normal  0.000000e+000  1.000000e+000  -0.000000e+000
    outer loop
      vertex  1.000000e+001 -6.218827e+001  4.827879e+001
      vertex  6.207107e+000 -6.218827e+001  4.327879e+001
      vertex  5.882683e+000 -6.218827e+001  4.349556e+001
    endloop
  endfacet
  facet normal  0.000000e+000  1.000000e+000  -0.000000e+000
    outer loop
      vertex  1.000000e+001 -6.218827e+001  4.827879e+001
      vertex  5.882683e+000 -6.218827e+001  4.349556e+001
      vertex  5.500000e+000 -6.218827e+001  4.357168e+001
    endloop
  endfacet
  facet normal  0.000000e+000  1.000000e+000  -0.000000e+000
    outer loop
      vertex  1.000000e+001 -6.218827e+001  4.827879e+001
      vertex  5.500000e+000 -6.218827e+001  4.357168e+001
      vertex  5.117317e+000 -6.218827e+001  4.349556e+001
    endloop
  endfacet
  facet normal  0.000000e+000  9.999999e-001  -0.000000e+000
    outer loop
      vertex  1.000000e+001 -6.218827e+001  4.827879e+001
      vertex  5.117317e+000 -6.218827e+001  4.349556e+001
      vertex  4.792893e+000 -6.218827e+001  4.327879e+001
    endloop
  endfacet
  facet normal  0.000000e+000  1.000000e+000  -0.000000e+000
    outer loop
      vertex  1.000000e+001 -6.218827e+001  4.827879e+001
      vertex  4.792893e+000 -6.218827e+001  4.327879e+001
      vertex -4.500000e+000 -6.218827e+001  4.257168e+001
    endloop
  endfacet
  facet normal  0.000000e+000  9.999999e-001  -0.000000e+000
    outer loop
      vertex  1.000000e+001 -6.218827e+001  4.827879e+001
      vertex -4.500000e+000 -6.218827e+001  4.257168e+001
      vertex -4.576120e+000 -6.218827e+001  4.295436e+001
    endloop
  endfacet
  facet normal  0.000000e+000  1.000000e+000  -0.000000e+000
    outer loop
      vertex  1.000000e+001 -6.218827e+001  4.827879e+001
      vertex -4.576120e+000 -6.218827e+001  4.295436e+001
      vertex -4.792893e+000 -6.218827e+001  4.327879e+001
    endloop
  endfacet
  facet normal  0.000000e+000  1.000000e+000  -0.000000e+000
    outer loop
      vertex  1.000000e+001 -6.218827e+001  4.827879e+001
      vertex -4.792893e+000 -6.218827e+001  4.327879e+001
      vertex -5.117317e+000 -6.218827e+001  4.349556e+001
    endloop
  endfacet
  facet normal  0.000000e+000  1.000000e+000  -0.000000e+000
    outer loop
      vertex  1.000000e+001 -6.218827e+001  4.827879e+001
      vertex -5.117317e+000 -6.218827e+001  4.349556e+001
      vertex -5.500000e+000 -6.218827e+001  4.357168e+001
    endloop
  endfacet
  facet normal  0.000000e+000  9.999999e-001  -0.000000e+000
    outer loop
      vertex  1.000000e+001 -6.218827e+001  4.827879e+001
      vertex -5.500000e+000 -6.218827e+001  4.357168e+001
      vertex -1.000000e+001 -6.218827e+001  4.827879e+001
    endloop
  endfacet
  facet normal  0.000000e+000  1.000000e+000  0.000000e+000
    outer loop
      vertex -1.000000e+001 -6.218827e+001  2.957168e+001
      vertex -1.000000e+001 -6.218827e+001  4.827879e+001
      vertex -6.500000e+000 -6.218827e+001  3.257168e+001
    endloop
  endfacet
  facet normal  0.000000e+000  1.000000e+000  0.000000e+000
    outer loop
      vertex -1.000000e+001 -6.218827e+001  2.957168e+001
      vertex -6.500000e+000 -6.218827e+001  3.257168e+001
      vertex -6.423880e+000 -6.218827e+001  3.218900e+001
    endloop
  endfacet
  facet normal  0.000000e+000  1.000000e+000  0.000000e+000
    outer loop
      vertex -1.000000e+001 -6.218827e+001  2.957168e+001
      vertex -6.423880e+000 -6.218827e+001  3.218900e+001
      vertex -6.207107e+000 -6.218827e+001  3.186458e+001
    endloop
  endfacet
  facet normal  0.000000e+000  1.000000e+000  0.000000e+000
    outer loop
      vertex -1.000000e+001 -6.218827e+001  2.957168e+001
      vertex -6.207107e+000 -6.218827e+001  3.186458e+001
      vertex -5.882683e+000 -6.218827e+001  3.164780e+001
    endloop
  endfacet
  facet normal  0.000000e+000  1.000000e+000  0.000000e+000
    outer loop
      vertex -1.000000e+001 -6.218827e+001  2.957168e+001
      vertex -5.882683e+000 -6.218827e+001  3.164780e+001
      vertex -5.500000e+000 -6.218827e+001  3.157168e+001
    endloop
  endfacet
  facet normal  0.000000e+000  1.000000e+000  0.000000e+000
    outer loop
      vertex -1.000000e+001 -6.218827e+001  2.957168e+001
      vertex -5.500000e+000 -6.218827e+001  3.157168e+001
      vertex  1.000000e+001 -6.218827e+001  2.957168e+001
    endloop
  endfacet
  facet normal  -0.000000e+000  9.999999e-001  0.000000e+000
    outer loop
      vertex  1.000000e+001 -6.218827e+001  2.957168e+001
      vertex -5.500000e+000 -6.218827e+001  3.157168e+001
      vertex -5.117317e+000 -6.218827e+001  3.164780e+001
    endloop
  endfacet
  facet normal  -0.000000e+000  9.999999e-001  0.000000e+000
    outer loop
      vertex  1.000000e+001 -6.218827e+001  2.957168e+001
      vertex -5.117317e+000 -6.218827e+001  3.164780e+001
      vertex -4.792893e+000 -6.218827e+001  3.186458e+001
    endloop
  endfacet
  facet normal  0.000000e+000  9.999999e-001  0.000000e+000
    outer loop
      vertex  1.000000e+001 -6.218827e+001  2.957168e+001
      vertex -4.792893e+000 -6.218827e+001  3.186458e+001
      vertex  5.117317e+000 -6.218827e+001  3.164780e+001
    endloop
  endfacet
  facet normal  0.000000e+000  9.999999e-001  0.000000e+000
    outer loop
      vertex  1.000000e+001 -6.218827e+001  2.957168e+001
      vertex  5.117317e+000 -6.218827e+001  3.164780e+001
      vertex  5.500000e+000 -6.218827e+001  3.157168e+001
    endloop
  endfacet
  facet normal  -0.000000e+000  1.000000e+000  0.000000e+000
    outer loop
      vertex  1.000000e+001 -6.218827e+001  2.957168e+001
      vertex  5.500000e+000 -6.218827e+001  3.157168e+001
      vertex  5.882683e+000 -6.218827e+001  3.164780e+001
    endloop
  endfacet
  facet normal  -0.000000e+000  1.000000e+000  0.000000e+000
    outer loop
      vertex  1.000000e+001 -6.218827e+001  2.957168e+001
      vertex  5.882683e+000 -6.218827e+001  3.164780e+001
      vertex  6.207107e+000 -6.218827e+001  3.186458e+001
    endloop
  endfacet
  facet normal  -0.000000e+000  1.000000e+000  0.000000e+000
    outer loop
      vertex  1.000000e+001 -6.218827e+001  2.957168e+001
      vertex  6.207107e+000 -6.218827e+001  3.186458e+001
      vertex  6.423880e+000 -6.218827e+001  3.218900e+001
    endloop
  endfacet
  facet normal  -0.000000e+000  1.000000e+000  0.000000e+000
    outer loop
      vertex  1.000000e+001 -6.218827e+001  2.957168e+001
      vertex  6.423880e+000 -6.218827e+001  3.218900e+001
      vertex  6.500000e+000 -6.218827e+001  3.257168e+001
    endloop
  endfacet
  facet normal  -0.000000e+000  1.000000e+000  0.000000e+000
    outer loop
      vertex  1.000000e+001 -6.218827e+001  2.957168e+001
      vertex  6.500000e+000 -6.218827e+001  3.257168e+001
      vertex  1.000000e+001 -6.218827e+001  4.827879e+001
    endloop
  endfacet
  facet normal  0.000000e+000  1.000000e+000  0.000000e+000
    outer loop
      vertex  2.449294e-016 -6.218827e+001  3.657168e+001
      vertex  3.826834e-001 -6.218827e+001  3.664780e+001
      vertex  5.500000e+000 -6.218827e+001  3.357168e+001
    endloop
  endfacet
  facet normal  0.000000e+000  1.000000e+000  0.000000e+000
    outer loop
      vertex  2.449294e-016 -6.218827e+001  3.657168e+001
      vertex  5.500000e+000 -6.218827e+001  3.357168e+001
      vertex  5.117317e+000 -6.218827e+001  3.349556e+001
    endloop
  endfacet
  facet normal  0.000000e+000  1.000000e+000  0.000000e+000
    outer loop
      vertex  2.449294e-016 -6.218827e+001  3.657168e+001
      vertex  5.117317e+000 -6.218827e+001  3.349556e+001
      vertex  4.792893e+000 -6.218827e+001  3.327879e+001
    endloop
  endfacet
  facet normal  0.000000e+000  1.000000e+000  0.000000e+000
    outer loop
      vertex  2.449294e-016 -6.218827e+001  3.657168e+001
      vertex  4.792893e+000 -6.218827e+001  3.327879e+001
      vertex  4.576120e+000 -6.218827e+001  3.295436e+001
    endloop
  endfacet
  facet normal  0.000000e+000  1.000000e+000  0.000000e+000
    outer loop
      vertex  2.449294e-016 -6.218827e+001  3.657168e+001
      vertex  4.576120e+000 -6.218827e+001  3.295436e+001
      vertex  4.500000e+000 -6.218827e+001  3.257168e+001
    endloop
  endfacet
  facet normal  0.000000e+000  1.000000e+000  0.000000e+000
    outer loop
      vertex  2.449294e-016 -6.218827e+001  3.657168e+001
      vertex  4.500000e+000 -6.218827e+001  3.257168e+001
      vertex  4.576120e+000 -6.218827e+001  3.218900e+001
    endloop
  endfacet
  facet normal  0.000000e+000  1.000000e+000  0.000000e+000
    outer loop
      vertex  2.449294e-016 -6.218827e+001  3.657168e+001
      vertex  4.576120e+000 -6.218827e+001  3.218900e+001
      vertex  4.792893e+000 -6.218827e+001  3.186458e+001
    endloop
  endfacet
  facet normal  0.000000e+000  1.000000e+000  0.000000e+000
    outer loop
      vertex  2.449294e-016 -6.218827e+001  3.657168e+001
      vertex  4.792893e+000 -6.218827e+001  3.186458e+001
      vertex -4.792893e+000 -6.218827e+001  3.186458e+001
    endloop
  endfacet
  facet normal  0.000000e+000  1.000000e+000  0.000000e+000
    outer loop
      vertex  2.449294e-016 -6.218827e+001  3.657168e+001
      vertex -4.792893e+000 -6.218827e+001  3.186458e+001
      vertex -4.576120e+000 -6.218827e+001  3.218900e+001
    endloop
  endfacet
  facet normal  0.000000e+000  1.000000e+000  0.000000e+000
    outer loop
      vertex  2.449294e-016 -6.218827e+001  3.657168e+001
      vertex -4.576120e+000 -6.218827e+001  3.218900e+001
      vertex -4.500000e+000 -6.218827e+001  3.257168e+001
    endloop
  endfacet
  facet normal  0.000000e+000  1.000000e+000  -0.000000e+000
    outer loop
      vertex  2.449294e-016 -6.218827e+001  3.657168e+001
      vertex -4.500000e+000 -6.218827e+001  3.257168e+001
      vertex -4.576120e+000 -6.218827e+001  3.295436e+001
    endloop
  endfacet
  facet normal  0.000000e+000  1.000000e+000  -0.000000e+000
    outer loop
      vertex  2.449294e-016 -6.218827e+001  3.657168e+001
      vertex -4.576120e+000 -6.218827e+001  3.295436e+001
      vertex -4.792893e+000 -6.218827e+001  3.327879e+001
    endloop
  endfacet
  facet normal  0.000000e+000  1.000000e+000  -0.000000e+000
    outer loop
      vertex  2.449294e-016 -6.218827e+001  3.657168e+001
      vertex -4.792893e+000 -6.218827e+001  3.327879e+001
      vertex -5.117317e+000 -6.218827e+001  3.349556e+001
    endloop
  endfacet
  facet normal  0.000000e+000  1.000000e+000  -0.000000e+000
    outer loop
      vertex  2.449294e-016 -6.218827e+001  3.657168e+001
      vertex -5.117317e+000 -6.218827e+001  3.349556e+001
      vertex -5.500000e+000 -6.218827e+001  3.357168e+001
    endloop
  endfacet
  facet normal  0.000000e+000  1.000000e+000  0.000000e+000
    outer loop
      vertex  5.500000e+000 -6.218827e+001  4.157168e+001
      vertex  5.882683e+000 -6.218827e+001  4.164780e+001
      vertex  5.500000e+000 -6.218827e+001  3.357168e+001
    endloop
  endfacet
  facet normal  0.000000e+000  9.999999e-001  -0.000000e+000
    outer loop
      vertex  5.500000e+000 -6.218827e+001  4.157168e+001
      vertex  5.500000e+000 -6.218827e+001  3.357168e+001
      vertex  7.071068e-001 -6.218827e+001  3.686457e+001
    endloop
  endfacet
  facet normal  0.000000e+000  1.000000e+000  0.000000e+000
    outer loop
      vertex  5.500000e+000 -6.218827e+001  4.157168e+001
      vertex  7.071068e-001 -6.218827e+001  3.686457e+001
      vertex  9.238795e-001 -6.218827e+001  3.718900e+001
    endloop
  endfacet
  facet normal  0.000000e+000  1.000000e+000  0.000000e+000
    outer loop
      vertex  5.500000e+000 -6.218827e+001  4.157168e+001
      vertex  9.238795e-001 -6.218827e+001  3.718900e+001
      vertex  1.000000e+000 -6.218827e+001  3.757168e+001
    endloop
  endfacet
  facet normal  0.000000e+000  1.000000e+000  -0.000000e+000
    outer loop
      vertex  5.500000e+000 -6.218827e+001  4.157168e+001
      vertex  1.000000e+000 -6.218827e+001  3.757168e+001
      vertex  9.238795e-001 -6.218827e+001  3.795436e+001
    endloop
  endfacet
  facet normal  0.000000e+000  1.000000e+000  -0.000000e+000
    outer loop
      vertex  5.500000e+000 -6.218827e+001  4.157168e+001
      vertex  9.238795e-001 -6.218827e+001  3.795436e+001
      vertex  7.071068e-001 -6.218827e+001  3.827879e+001
    endloop
  endfacet
  facet normal  0.000000e+000  1.000000e+000  -0.000000e+000
    outer loop
      vertex  5.500000e+000 -6.218827e+001  4.157168e+001
      vertex  7.071068e-001 -6.218827e+001  3.827879e+001
      vertex  3.826834e-001 -6.218827e+001  3.849556e+001
    endloop
  endfacet
  facet normal  0.000000e+000  1.000000e+000  -0.000000e+000
    outer loop
      vertex  5.500000e+000 -6.218827e+001  4.157168e+001
      vertex  3.826834e-001 -6.218827e+001  3.849556e+001
      vertex -1.224647e-016 -6.218827e+001  3.857168e+001
    endloop
  endfacet
  facet normal  0.000000e+000  1.000000e+000  0.000000e+000
    outer loop
      vertex -5.500000e+000 -6.218827e+001  4.157168e+001
      vertex -1.224647e-016 -6.218827e+001  3.857168e+001
      vertex -3.826834e-001 -6.218827e+001  3.849556e+001
    endloop
  endfacet
  facet normal  0.000000e+000  1.000000e+000  0.000000e+000
    outer loop
      vertex -5.500000e+000 -6.218827e+001  4.157168e+001
      vertex -3.826834e-001 -6.218827e+001  3.849556e+001
      vertex -7.071068e-001 -6.218827e+001  3.827879e+001
    endloop
  endfacet
  facet normal  0.000000e+000  1.000000e+000  0.000000e+000
    outer loop
      vertex -5.500000e+000 -6.218827e+001  4.157168e+001
      vertex -7.071068e-001 -6.218827e+001  3.827879e+001
      vertex -9.238795e-001 -6.218827e+001  3.795436e+001
    endloop
  endfacet
  facet normal  0.000000e+000  1.000000e+000  0.000000e+000
    outer loop
      vertex -5.500000e+000 -6.218827e+001  4.157168e+001
      vertex -9.238795e-001 -6.218827e+001  3.795436e+001
      vertex -1.000000e+000 -6.218827e+001  3.757168e+001
    endloop
  endfacet
  facet normal  0.000000e+000  1.000000e+000  0.000000e+000
    outer loop
      vertex -5.500000e+000 -6.218827e+001  4.157168e+001
      vertex -1.000000e+000 -6.218827e+001  3.757168e+001
      vertex -9.238795e-001 -6.218827e+001  3.718900e+001
    endloop
  endfacet
  facet normal  0.000000e+000  1.000000e+000  0.000000e+000
    outer loop
      vertex -5.500000e+000 -6.218827e+001  4.157168e+001
      vertex -9.238795e-001 -6.218827e+001  3.718900e+001
      vertex -7.071068e-001 -6.218827e+001  3.686457e+001
    endloop
  endfacet
  facet normal  0.000000e+000  1.000000e+000  0.000000e+000
    outer loop
      vertex -5.500000e+000 -6.218827e+001  3.357168e+001
      vertex -6.423880e+000 -6.218827e+001  4.218900e+001
      vertex -6.207107e+000 -6.218827e+001  4.186457e+001
    endloop
  endfacet
  facet normal  0.000000e+000  1.000000e+000  0.000000e+000
    outer loop
      vertex -5.500000e+000 -6.218827e+001  3.357168e+001
      vertex -6.207107e+000 -6.218827e+001  4.186457e+001
      vertex -5.882683e+000 -6.218827e+001  4.164780e+001
    endloop
  endfacet
  facet normal  0.000000e+000  1.000000e+000  0.000000e+000
    outer loop
      vertex -5.500000e+000 -6.218827e+001  3.357168e+001
      vertex -5.882683e+000 -6.218827e+001  4.164780e+001
      vertex -5.500000e+000 -6.218827e+001  4.157168e+001
    endloop
  endfacet
  facet normal  0.000000e+000  9.999999e-001  0.000000e+000
    outer loop
      vertex -5.500000e+000 -6.218827e+001  3.357168e+001
      vertex -5.500000e+000 -6.218827e+001  4.157168e+001
      vertex -7.071068e-001 -6.218827e+001  3.686457e+001
    endloop
  endfacet
  facet normal  0.000000e+000  1.000000e+000  0.000000e+000
    outer loop
      vertex -5.500000e+000 -6.218827e+001  3.357168e+001
      vertex -7.071068e-001 -6.218827e+001  3.686457e+001
      vertex -3.826834e-001 -6.218827e+001  3.664780e+001
    endloop
  endfacet
  facet normal  0.000000e+000  1.000000e+000  0.000000e+000
    outer loop
      vertex -5.500000e+000 -6.218827e+001  3.357168e+001
      vertex -3.826834e-001 -6.218827e+001  3.664780e+001
      vertex  2.449294e-016 -6.218827e+001  3.657168e+001
    endloop
  endfacet
  facet normal  0.000000e+000  1.000000e+000  0.000000e+000
    outer loop
      vertex -1.000000e+001 -6.218827e+001  4.827879e+001
      vertex -5.500000e+000 -6.218827e+001  4.357168e+001
      vertex -5.882683e+000 -6.218827e+001  4.349556e+001
    endloop
  endfacet
  facet normal  0.000000e+000  1.000000e+000  0.000000e+000
    outer loop
      vertex -1.000000e+001 -6.218827e+001  4.827879e+001
      vertex -5.882683e+000 -6.218827e+001  4.349556e+001
      vertex -6.207107e+000 -6.218827e+001  4.327879e+001
    endloop
  endfacet
  facet normal  0.000000e+000  1.000000e+000  0.000000e+000
    outer loop
      vertex -1.000000e+001 -6.218827e+001  4.827879e+001
      vertex -6.207107e+000 -6.218827e+001  4.327879e+001
      vertex -6.423880e+000 -6.218827e+001  4.295436e+001
    endloop
  endfacet
  facet normal  0.000000e+000  1.000000e+000  0.000000e+000
    outer loop
      vertex -1.000000e+001 -6.218827e+001  4.827879e+001
      vertex -6.423880e+000 -6.218827e+001  4.295436e+001
      vertex -6.500000e+000 -6.218827e+001  4.257168e+001
    endloop
  endfacet
  facet normal  0.000000e+000  1.000000e+000  0.000000e+000
    outer loop
      vertex -1.000000e+001 -6.218827e+001  4.827879e+001
      vertex -6.500000e+000 -6.218827e+001  4.257168e+001
      vertex -6.423880e+000 -6.218827e+001  4.218900e+001
    endloop
  endfacet
  facet normal  0.000000e+000  1.000000e+000  0.000000e+000
    outer loop
      vertex -1.000000e+001 -6.218827e+001  4.827879e+001
      vertex -6.423880e+000 -6.218827e+001  4.218900e+001
      vertex -5.500000e+000 -6.218827e+001  3.357168e+001
    endloop
  endfacet
  facet normal  0.000000e+000  1.000000e+000  0.000000e+000
    outer loop
      vertex -1.000000e+001 -6.218827e+001  4.827879e+001
      vertex -5.500000e+000 -6.218827e+001  3.357168e+001
      vertex -5.882683e+000 -6.218827e+001  3.349556e+001
    endloop
  endfacet
  facet normal  0.000000e+000  1.000000e+000  0.000000e+000
    outer loop
      vertex -1.000000e+001 -6.218827e+001  4.827879e+001
      vertex -5.882683e+000 -6.218827e+001  3.349556e+001
      vertex -6.207107e+000 -6.218827e+001  3.327879e+001
    endloop
  endfacet
  facet normal  0.000000e+000  1.000000e+000  0.000000e+000
    outer loop
      vertex -1.000000e+001 -6.218827e+001  4.827879e+001
      vertex -6.207107e+000 -6.218827e+001  3.327879e+001
      vertex -6.423880e+000 -6.218827e+001  3.295436e+001
    endloop
  endfacet
  facet normal  0.000000e+000  1.000000e+000  0.000000e+000
    outer loop
      vertex -1.000000e+001 -6.218827e+001  4.827879e+001
      vertex -6.423880e+000 -6.218827e+001  3.295436e+001
      vertex -6.500000e+000 -6.218827e+001  3.257168e+001
    endloop
  endfacet
  facet normal  0.000000e+000  7.071068e-001 -7.071068e-001
    outer loop
      vertex  1.000000e+001 -6.000000e+001  5.046706e+001
      vertex  1.000000e+001 -6.218827e+001  4.827879e+001
      vertex -1.000000e+001 -6.000000e+001  5.046706e+001
    endloop
  endfacet
  facet normal  0.000000e+000  7.071068e-001 -7.071068e-001
    outer loop
      vertex -1.000000e+001 -6.000000e+001  5.046706e+001
      vertex  1.000000e+001 -6.218827e+001  4.827879e+001
      vertex -1.000000e+001 -6.218827e+001  4.827879e+001
    endloop
  endfacet
  facet normal  0.000000e+000  0.000000e+000  1.000000e+000
    outer loop
      vertex  1.000000e+001 -6.218827e+001  2.957168e+001
      vertex  1.000000e+001 -6.000000e+001  2.957168e+001
      vertex -1.000000e+001 -6.218827e+001  2.957168e+001
    endloop
  endfacet
  facet normal  0.000000e+000  0.000000e+000  1.000000e+000
    outer loop
      vertex -1.000000e+001 -6.218827e+001  2.957168e+001
      vertex  1.000000e+001 -6.000000e+001  2.957168e+001
      vertex -1.000000e+001 -6.000000e+001  2.957168e+001
    endloop
  endfacet
  facet normal  0.000000e+000  0.000000e+000  9.999999e-001
    outer loop
      vertex -1.265907e+001 -2.947095e+000  7.007169e+001
      vertex -5.000000e+000  4.311724e+000  7.007169e+001
      vertex -1.262500e+001 -2.688276e+000  7.007169e+001
    endloop
  endfacet
  facet normal  -0.000000e+000  0.000000e+000  1.000000e+000
    outer loop
      vertex -5.000000e+000  4.311724e+000  7.007169e+001
      vertex -1.270112e+001 -2.305593e+000  7.007169e+001
      vertex -1.262500e+001 -2.688276e+000  7.007169e+001
    endloop
  endfacet
  facet normal  0.000000e+000  0.000000e+000  1.000000e+000
    outer loop
      vertex -5.000000e+000  4.311724e+000  7.007169e+001
      vertex -5.000000e+000  1.431172e+001  7.007169e+001
      vertex -2.500000e+001  3.147525e+001  7.007169e+001
    endloop
  endfacet
  facet normal  0.000000e+000  0.000000e+000  1.000000e+000
    outer loop
      vertex -5.000000e+000  4.311724e+000  7.007169e+001
      vertex -2.500000e+001  3.147525e+001  7.007169e+001
      vertex -2.500000e+001 -5.688276e+000  7.007169e+001
    endloop
  endfacet
  facet normal  0.000000e+000  0.000000e+000  1.000000e+000
    outer loop
      vertex -5.000000e+000  4.311724e+000  7.007169e+001
      vertex -2.500000e+001 -5.688276e+000  7.007169e+001
      vertex -1.400768e+001 -1.764397e+000  7.007169e+001
    endloop
  endfacet
  facet normal  0.000000e+000  0.000000e+000  1.000000e+000
    outer loop
      vertex -5.000000e+000  4.311724e+000  7.007169e+001
      vertex -1.400768e+001 -1.764397e+000  7.007169e+001
      vertex -1.362500e+001 -1.688276e+000  7.007169e+001
    endloop
  endfacet
  facet normal  -0.000000e+000  0.000000e+000  1.000000e+000
    outer loop
      vertex -5.000000e+000  4.311724e+000  7.007169e+001
      vertex -1.362500e+001 -1.688276e+000  7.007169e+001
      vertex -1.324232e+001 -1.764397e+000  7.007169e+001
    endloop
  endfacet
  facet normal  -0.000000e+000  0.000000e+000  1.000000e+000
    outer loop
      vertex -5.000000e+000  4.311724e+000  7.007169e+001
      vertex -1.324232e+001 -1.764397e+000  7.007169e+001
      vertex -1.291789e+001 -1.981169e+000  7.007169e+001
    endloop
  endfacet
  facet normal  -0.000000e+000  0.000000e+000  1.000000e+000
    outer loop
      vertex -5.000000e+000  4.311724e+000  7.007169e+001
      vertex -1.291789e+001 -1.981169e+000  7.007169e+001
      vertex -1.270112e+001 -2.305593e+000  7.007169e+001
    endloop
  endfacet
  facet normal  0.000000e+000  0.000000e+000  1.000000e+000
    outer loop
      vertex -1.275898e+001 -3.188276e+000  7.007169e+001
      vertex  1.275898e+001 -3.188276e+000  7.007169e+001
      vertex  1.265907e+001 -2.947095e+000  7.007169e+001
    endloop
  endfacet
  facet normal  0.000000e+000  0.000000e+000  1.000000e+000
    outer loop
      vertex -1.275898e+001 -3.188276e+000  7.007169e+001
      vertex  1.265907e+001 -2.947095e+000  7.007169e+001
      vertex  1.262500e+001 -2.688276e+000  7.007169e+001
    endloop
  endfacet
  facet normal  0.000000e+000  0.000000e+000  1.000000e+000
    outer loop
      vertex -1.275898e+001 -3.188276e+000  7.007169e+001
      vertex  1.262500e+001 -2.688276e+000  7.007169e+001
      vertex  5.000000e+000  4.311724e+000  7.007169e+001
    endloop
  endfacet
  facet normal  0.000000e+000  0.000000e+000  1.000000e+000
    outer loop
      vertex -1.275898e+001 -3.188276e+000  7.007169e+001
      vertex  5.000000e+000  4.311724e+000  7.007169e+001
      vertex -5.000000e+000  4.311724e+000  7.007169e+001
    endloop
  endfacet
  facet normal  0.000000e+000  0.000000e+000  1.000000e+000
    outer loop
      vertex -1.275898e+001 -3.188276e+000  7.007169e+001
      vertex -5.000000e+000  4.311724e+000  7.007169e+001
      vertex -1.265907e+001 -2.947095e+000  7.007169e+001
    endloop
  endfacet
  facet normal  0.000000e+000  -0.000000e+000  1.000000e+000
    outer loop
      vertex  5.000000e+000  4.311724e+000  7.007169e+001
      vertex  1.262500e+001 -2.688276e+000  7.007169e+001
      vertex  1.270112e+001 -2.305593e+000  7.007169e+001
    endloop
  endfacet
  facet normal  0.000000e+000  -0.000000e+000  9.999999e-001
    outer loop
      vertex  5.000000e+000  4.311724e+000  7.007169e+001
      vertex  1.270112e+001 -2.305593e+000  7.007169e+001
      vertex  1.291789e+001 -1.981169e+000  7.007169e+001
    endloop
  endfacet
  facet normal  0.000000e+000  -0.000000e+000  1.000000e+000
    outer loop
      vertex  5.000000e+000  4.311724e+000  7.007169e+001
      vertex  1.291789e+001 -1.981169e+000  7.007169e+001
      vertex  1.324232e+001 -1.764397e+000  7.007169e+001
    endloop
  endfacet
  facet normal  0.000000e+000  -0.000000e+000  1.000000e+000
    outer loop
      vertex  5.000000e+000  4.311724e+000  7.007169e+001
      vertex  1.324232e+001 -1.764397e+000  7.007169e+001
      vertex  1.362500e+001 -1.688276e+000  7.007169e+001
    endloop
  endfacet
  facet normal  -0.000000e+000  -0.000000e+000  9.999999e-001
    outer loop
      vertex  5.000000e+000  4.311724e+000  7.007169e+001
      vertex  1.362500e+001 -1.688276e+000  7.007169e+001
      vertex  1.400768e+001 -1.764397e+000  7.007169e+001
    endloop
  endfacet
  facet normal  -0.000000e+000  -0.000000e+000  1.000000e+000
    outer loop
      vertex  5.000000e+000  4.311724e+000  7.007169e+001
      vertex  1.400768e+001 -1.764397e+000  7.007169e+001
      vertex  2.500000e+001 -5.688276e+000  7.007169e+001
    endloop
  endfacet
  facet normal  0.000000e+000  -0.000000e+000  1.000000e+000
    outer loop
      vertex  5.000000e+000  4.311724e+000  7.007169e+001
      vertex  2.500000e+001 -5.688276e+000  7.007169e+001
      vertex  2.500000e+001  3.147525e+001  7.007169e+001
    endloop
  endfacet
  facet normal  0.000000e+000  0.000000e+000  1.000000e+000
    outer loop
      vertex  5.000000e+000  4.311724e+000  7.007169e+001
      vertex  2.500000e+001  3.147525e+001  7.007169e+001
      vertex  5.000000e+000  1.431172e+001  7.007169e+001
    endloop
  endfacet
  facet normal  0.000000e+000  -0.000000e+000  1.000000e+000
    outer loop
      vertex -5.000000e+000  1.431172e+001  7.007169e+001
      vertex  5.000000e+000  1.431172e+001  7.007169e+001
      vertex  5.000000e+000  2.631172e+001  7.007169e+001
    endloop
  endfacet
  facet normal  0.000000e+000  0.000000e+000  1.000000e+000
    outer loop
      vertex -5.000000e+000  1.431172e+001  7.007169e+001
      vertex  5.000000e+000  2.631172e+001  7.007169e+001
      vertex -5.000000e+000  2.631172e+001  7.007169e+001
    endloop
  endfacet
  facet normal  0.000000e+000  0.000000e+000  1.000000e+000
    outer loop
      vertex -5.000000e+000  1.431172e+001  7.007169e+001
      vertex -5.000000e+000  2.631172e+001  7.007169e+001
      vertex -1.292634e+001  2.882995e+001  7.007169e+001
    endloop
  endfacet
  facet normal  0.000000e+000  0.000000e+000  1.000000e+000
    outer loop
      vertex -5.000000e+000  1.431172e+001  7.007169e+001
      vertex -1.292634e+001  2.882995e+001  7.007169e+001
      vertex -1.351151e+001  2.897418e+001  7.007169e+001
    endloop
  endfacet
  facet normal  0.000000e+000  0.000000e+000  1.000000e+000
    outer loop
      vertex -5.000000e+000  1.431172e+001  7.007169e+001
      vertex -1.351151e+001  2.897418e+001  7.007169e+001
      vertex -1.404516e+001  2.925426e+001  7.007169e+001
    endloop
  endfacet
  facet normal  0.000000e+000  0.000000e+000  1.000000e+000
    outer loop
      vertex -5.000000e+000  1.431172e+001  7.007169e+001
      vertex -1.404516e+001  2.925426e+001  7.007169e+001
      vertex -1.449628e+001  2.965392e+001  7.007169e+001
    endloop
  endfacet
  facet normal  0.000000e+000  0.000000e+000  1.000000e+000
    outer loop
      vertex -5.000000e+000  1.431172e+001  7.007169e+001
      vertex -1.449628e+001  2.965392e+001  7.007169e+001
      vertex -1.483864e+001  3.014992e+001  7.007169e+001
    endloop
  endfacet
  facet normal  0.000000e+000  0.000000e+000  1.000000e+000
    outer loop
      vertex -2.500000e+001  3.147525e+001  7.007169e+001
      vertex -5.000000e+000  1.431172e+001  7.007169e+001
      vertex -1.483864e+001  3.014992e+001  7.007169e+001
    endloop
  endfacet
  facet normal  0.000000e+000  0.000000e+000  1.000000e+000
    outer loop
      vertex -2.500000e+001  3.147525e+001  7.007169e+001
      vertex -1.483864e+001  3.014992e+001  7.007169e+001
      vertex -1.505235e+001  3.071343e+001  7.007169e+001
    endloop
  endfacet
  facet normal  0.000000e+000  0.000000e+000  1.000000e+000
    outer loop
      vertex -2.500000e+001  3.147525e+001  7.007169e+001
      vertex -1.505235e+001  3.071343e+001  7.007169e+001
      vertex -1.512500e+001  3.131172e+001  7.007169e+001
    endloop
  endfacet
  facet normal  0.000000e+000  -0.000000e+000  1.000000e+000
    outer loop
      vertex -2.500000e+001  3.147525e+001  7.007169e+001
      vertex -1.512500e+001  3.131172e+001  7.007169e+001
      vertex -1.511965e+001  3.147525e+001  7.007169e+001
    endloop
  endfacet
  facet normal  0.000000e+000  -0.000000e+000  1.000000e+000
    outer loop
      vertex -2.500000e+001 -5.688276e+000  7.007169e+001
      vertex -2.000000e+001 -5.688276e+000  7.007169e+001
      vertex -1.400000e+001 -3.615301e+000  7.007169e+001
    endloop
  endfacet
  facet normal  0.000000e+000  0.000000e+000  1.000000e+000
    outer loop
      vertex -2.500000e+001 -5.688276e+000  7.007169e+001
      vertex -1.400000e+001 -3.615301e+000  7.007169e+001
      vertex -1.432818e+001 -3.399286e+000  7.007169e+001
    endloop
  endfacet
  facet normal  0.000000e+000  0.000000e+000  1.000000e+000
    outer loop
      vertex -2.500000e+001 -5.688276e+000  7.007169e+001
      vertex -1.432818e+001 -3.399286e+000  7.007169e+001
      vertex -1.454782e+001 -3.073515e+000  7.007169e+001
    endloop
  endfacet
  facet normal  0.000000e+000  0.000000e+000  1.000000e+000
    outer loop
      vertex -2.500000e+001 -5.688276e+000  7.007169e+001
      vertex -1.454782e+001 -3.073515e+000  7.007169e+001
      vertex -1.462500e+001 -2.688276e+000  7.007169e+001
    endloop
  endfacet
  facet normal  0.000000e+000  -0.000000e+000  1.000000e+000
    outer loop
      vertex -2.500000e+001 -5.688276e+000  7.007169e+001
      vertex -1.462500e+001 -2.688276e+000  7.007169e+001
      vertex -1.454888e+001 -2.305593e+000  7.007169e+001
    endloop
  endfacet
  facet normal  0.000000e+000  -0.000000e+000  9.999999e-001
    outer loop
      vertex -2.500000e+001 -5.688276e+000  7.007169e+001
      vertex -1.454888e+001 -2.305593e+000  7.007169e+001
      vertex -1.433211e+001 -1.981169e+000  7.007169e+001
    endloop
  endfacet
  facet normal  0.000000e+000  -0.000000e+000  1.000000e+000
    outer loop
      vertex -2.500000e+001 -5.688276e+000  7.007169e+001
      vertex -1.433211e+001 -1.981169e+000  7.007169e+001
      vertex -1.400768e+001 -1.764397e+000  7.007169e+001
    endloop
  endfacet
  facet normal  0.000000e+000  0.000000e+000  1.000000e+000
    outer loop
      vertex -5.000000e+000  2.631172e+001  7.007169e+001
      vertex -5.000000e+000  3.147525e+001  7.007169e+001
      vertex -1.013035e+001  3.147525e+001  7.007169e+001
    endloop
  endfacet
  facet normal  0.000000e+000  0.000000e+000  1.000000e+000
    outer loop
      vertex -5.000000e+000  2.631172e+001  7.007169e+001
      vertex -1.013035e+001  3.147525e+001  7.007169e+001
      vertex -1.012500e+001  3.131172e+001  7.007169e+001
    endloop
  endfacet
  facet normal  0.000000e+000  0.000000e+000  1.000000e+000
    outer loop
      vertex -5.000000e+000  2.631172e+001  7.007169e+001
      vertex -1.012500e+001  3.131172e+001  7.007169e+001
      vertex -1.019765e+001  3.071343e+001  7.007169e+001
    endloop
  endfacet
  facet normal  0.000000e+000  0.000000e+000  1.000000e+000
    outer loop
      vertex -5.000000e+000  2.631172e+001  7.007169e+001
      vertex -1.019765e+001  3.071343e+001  7.007169e+001
      vertex -1.041136e+001  3.014992e+001  7.007169e+001
    endloop
  endfacet
  facet normal  0.000000e+000  0.000000e+000  1.000000e+000
    outer loop
      vertex -5.000000e+000  2.631172e+001  7.007169e+001
      vertex -1.041136e+001  3.014992e+001  7.007169e+001
      vertex -1.075372e+001  2.965392e+001  7.007169e+001
    endloop
  endfacet
  facet normal  0.000000e+000  0.000000e+000  1.000000e+000
    outer loop
      vertex -5.000000e+000  2.631172e+001  7.007169e+001
      vertex -1.075372e+001  2.965392e+001  7.007169e+001
      vertex -1.120484e+001  2.925426e+001  7.007169e+001
    endloop
  endfacet
  facet normal  0.000000e+000  0.000000e+000  1.000000e+000
    outer loop
      vertex -5.000000e+000  2.631172e+001  7.007169e+001
      vertex -1.120484e+001  2.925426e+001  7.007169e+001
      vertex -1.173849e+001  2.897418e+001  7.007169e+001
    endloop
  endfacet
  facet normal  0.000000e+000  0.000000e+000  1.000000e+000
    outer loop
      vertex -5.000000e+000  2.631172e+001  7.007169e+001
      vertex -1.173849e+001  2.897418e+001  7.007169e+001
      vertex -1.232366e+001  2.882995e+001  7.007169e+001
    endloop
  endfacet
  facet normal  0.000000e+000  0.000000e+000  1.000000e+000
    outer loop
      vertex -5.000000e+000  2.631172e+001  7.007169e+001
      vertex -1.232366e+001  2.882995e+001  7.007169e+001
      vertex -1.292634e+001  2.882995e+001  7.007169e+001
    endloop
  endfacet
  facet normal  0.000000e+000  0.000000e+000  1.000000e+000
    outer loop
      vertex  5.000000e+000  2.631172e+001  7.007169e+001
      vertex  1.232366e+001  2.882995e+001  7.007169e+001
      vertex  1.173849e+001  2.897418e+001  7.007169e+001
    endloop
  endfacet
  facet normal  0.000000e+000  0.000000e+000  1.000000e+000
    outer loop
      vertex  5.000000e+000  2.631172e+001  7.007169e+001
      vertex  1.173849e+001  2.897418e+001  7.007169e+001
      vertex  1.120484e+001  2.925426e+001  7.007169e+001
    endloop
  endfacet
  facet normal  0.000000e+000  0.000000e+000  1.000000e+000
    outer loop
      vertex  5.000000e+000  2.631172e+001  7.007169e+001
      vertex  1.120484e+001  2.925426e+001  7.007169e+001
      vertex  1.075372e+001  2.965392e+001  7.007169e+001
    endloop
  endfacet
  facet normal  0.000000e+000  0.000000e+000  1.000000e+000
    outer loop
      vertex  5.000000e+000  2.631172e+001  7.007169e+001
      vertex  1.075372e+001  2.965392e+001  7.007169e+001
      vertex  1.041136e+001  3.014992e+001  7.007169e+001
    endloop
  endfacet
  facet normal  0.000000e+000  0.000000e+000  1.000000e+000
    outer loop
      vertex  5.000000e+000  2.631172e+001  7.007169e+001
      vertex  1.041136e+001  3.014992e+001  7.007169e+001
      vertex  1.019765e+001  3.071343e+001  7.007169e+001
    endloop
  endfacet
  facet normal  0.000000e+000  0.000000e+000  1.000000e+000
    outer loop
      vertex  5.000000e+000  2.631172e+001  7.007169e+001
      vertex  1.019765e+001  3.071343e+001  7.007169e+001
      vertex  1.012500e+001  3.131172e+001  7.007169e+001
    endloop
  endfacet
  facet normal  0.000000e+000  -0.000000e+000  1.000000e+000
    outer loop
      vertex  5.000000e+000  2.631172e+001  7.007169e+001
      vertex  1.012500e+001  3.131172e+001  7.007169e+001
      vertex  1.013035e+001  3.147525e+001  7.007169e+001
    endloop
  endfacet
  facet normal  0.000000e+000  0.000000e+000  1.000000e+000
    outer loop
      vertex  5.000000e+000  2.631172e+001  7.007169e+001
      vertex  1.013035e+001  3.147525e+001  7.007169e+001
      vertex  5.000000e+000  3.147525e+001  7.007169e+001
    endloop
  endfacet
  facet normal  0.000000e+000  0.000000e+000  1.000000e+000
    outer loop
      vertex  5.000000e+000  1.431172e+001  7.007169e+001
      vertex  1.483864e+001  3.014992e+001  7.007169e+001
      vertex  1.449628e+001  2.965392e+001  7.007169e+001
    endloop
  endfacet
  facet normal  0.000000e+000  0.000000e+000  1.000000e+000
    outer loop
      vertex  5.000000e+000  1.431172e+001  7.007169e+001
      vertex  1.449628e+001  2.965392e+001  7.007169e+001
      vertex  1.404516e+001  2.925426e+001  7.007169e+001
    endloop
  endfacet
  facet normal  0.000000e+000  0.000000e+000  1.000000e+000
    outer loop
      vertex  5.000000e+000  1.431172e+001  7.007169e+001
      vertex  1.404516e+001  2.925426e+001  7.007169e+001
      vertex  1.351151e+001  2.897418e+001  7.007169e+001
    endloop
  endfacet
  facet normal  0.000000e+000  0.000000e+000  1.000000e+000
    outer loop
      vertex  5.000000e+000  1.431172e+001  7.007169e+001
      vertex  1.351151e+001  2.897418e+001  7.007169e+001
      vertex  1.292634e+001  2.882995e+001  7.007169e+001
    endloop
  endfacet
  facet normal  0.000000e+000  0.000000e+000  1.000000e+000
    outer loop
      vertex  5.000000e+000  1.431172e+001  7.007169e+001
      vertex  1.292634e+001  2.882995e+001  7.007169e+001
      vertex  1.232366e+001  2.882995e+001  7.007169e+001
    endloop
  endfacet
  facet normal  0.000000e+000  0.000000e+000  1.000000e+000
    outer loop
      vertex  5.000000e+000  1.431172e+001  7.007169e+001
      vertex  1.232366e+001  2.882995e+001  7.007169e+001
      vertex  5.000000e+000  2.631172e+001  7.007169e+001
    endloop
  endfacet
  facet normal  -0.000000e+000  0.000000e+000  1.000000e+000
    outer loop
      vertex  2.500000e+001  3.147525e+001  7.007169e+001
      vertex  1.511965e+001  3.147525e+001  7.007169e+001
      vertex  1.512500e+001  3.131172e+001  7.007169e+001
    endloop
  endfacet
  facet normal  -0.000000e+000  0.000000e+000  1.000000e+000
    outer loop
      vertex  2.500000e+001  3.147525e+001  7.007169e+001
      vertex  1.512500e+001  3.131172e+001  7.007169e+001
      vertex  1.505235e+001  3.071343e+001  7.007169e+001
    endloop
  endfacet
  facet normal  -0.000000e+000  0.000000e+000  1.000000e+000
    outer loop
      vertex  2.500000e+001  3.147525e+001  7.007169e+001
      vertex  1.505235e+001  3.071343e+001  7.007169e+001
      vertex  1.483864e+001  3.014992e+001  7.007169e+001
    endloop
  endfacet
  facet normal  -0.000000e+000  0.000000e+000  1.000000e+000
    outer loop
      vertex  2.500000e+001  3.147525e+001  7.007169e+001
      vertex  1.483864e+001  3.014992e+001  7.007169e+001
      vertex  5.000000e+000  1.431172e+001  7.007169e+001
    endloop
  endfacet
  facet normal  0.000000e+000  0.000000e+000  1.000000e+000
    outer loop
      vertex  2.500000e+001 -5.688276e+000  7.007169e+001
      vertex  1.400768e+001 -1.764397e+000  7.007169e+001
      vertex  1.433211e+001 -1.981169e+000  7.007169e+001
    endloop
  endfacet
  facet normal  0.000000e+000  0.000000e+000  1.000000e+000
    outer loop
      vertex  2.500000e+001 -5.688276e+000  7.007169e+001
      vertex  1.433211e+001 -1.981169e+000  7.007169e+001
      vertex  1.454888e+001 -2.305593e+000  7.007169e+001
    endloop
  endfacet
  facet normal  0.000000e+000  0.000000e+000  1.000000e+000
    outer loop
      vertex  2.500000e+001 -5.688276e+000  7.007169e+001
      vertex  1.454888e+001 -2.305593e+000  7.007169e+001
      vertex  1.462500e+001 -2.688276e+000  7.007169e+001
    endloop
  endfacet
  facet normal  0.000000e+000  0.000000e+000  1.000000e+000
    outer loop
      vertex  2.500000e+001 -5.688276e+000  7.007169e+001
      vertex  1.462500e+001 -2.688276e+000  7.007169e+001
      vertex  1.454782e+001 -3.073515e+000  7.007169e+001
    endloop
  endfacet
  facet normal  0.000000e+000  0.000000e+000  1.000000e+000
    outer loop
      vertex  2.500000e+001 -5.688276e+000  7.007169e+001
      vertex  1.454782e+001 -3.073515e+000  7.007169e+001
      vertex  1.432818e+001 -3.399286e+000  7.007169e+001
    endloop
  endfacet
  facet normal  0.000000e+000  0.000000e+000  1.000000e+000
    outer loop
      vertex  2.500000e+001 -5.688276e+000  7.007169e+001
      vertex  1.432818e+001 -3.399286e+000  7.007169e+001
      vertex  1.400000e+001 -3.615301e+000  7.007169e+001
    endloop
  endfacet
  facet normal  0.000000e+000  0.000000e+000  1.000000e+000
    outer loop
      vertex  2.500000e+001 -5.688276e+000  7.007169e+001
      vertex  1.400000e+001 -3.615301e+000  7.007169e+001
      vertex  2.000000e+001 -5.688276e+000  7.007169e+001
    endloop
  endfacet
  facet normal  0.000000e+000  0.000000e+000  1.000000e+000
    outer loop
      vertex -1.400000e+001 -1.668828e+001  7.007169e+001
      vertex -1.400000e+001 -3.615301e+000  7.007169e+001
      vertex -2.000000e+001 -1.668828e+001  7.007169e+001
    endloop
  endfacet
  facet normal  0.000000e+000  0.000000e+000  1.000000e+000
    outer loop
      vertex -2.000000e+001 -1.668828e+001  7.007169e+001
      vertex -1.400000e+001 -3.615301e+000  7.007169e+001
      vertex -2.000000e+001 -5.688276e+000  7.007169e+001
    endloop
  endfacet
  facet normal  0.000000e+000  0.000000e+000  1.000000e+000
    outer loop
      vertex  2.000000e+001 -5.688276e+000  7.007169e+001
      vertex  1.400000e+001 -3.615301e+000  7.007169e+001
      vertex  2.000000e+001 -1.668828e+001  7.007169e+001
    endloop
  endfacet
  facet normal  0.000000e+000  0.000000e+000  1.000000e+000
    outer loop
      vertex  2.000000e+001 -1.668828e+001  7.007169e+001
      vertex  1.400000e+001 -3.615301e+000  7.007169e+001
      vertex  1.400000e+001 -1.668828e+001  7.007169e+001
    endloop
  endfacet
  facet normal  0.000000e+000 -1.000000e+000  0.000000e+000
    outer loop
      vertex -1.275898e+001 -3.188276e+000  7.007169e+001
      vertex -1.275898e+001 -3.188276e+000  6.807169e+001
      vertex  1.275898e+001 -3.188276e+000  7.007169e+001
    endloop
  endfacet
  facet normal  0.000000e+000 -1.000000e+000  -0.000000e+000
    outer loop
      vertex  1.275898e+001 -3.188276e+000  7.007169e+001
      vertex -1.275898e+001 -3.188276e+000  6.807169e+001
      vertex  1.275898e+001 -3.188276e+000  6.807169e+001
    endloop
  endfacet
  facet normal  0.000000e+000  1.000000e+000  0.000000e+000
    outer loop
      vertex  5.000000e+000  4.311724e+000  6.807169e+001
      vertex -5.000000e+000  4.311724e+000  6.807169e+001
      vertex  5.000000e+000  4.311724e+000  7.007169e+001
    endloop
  endfacet
  facet normal  0.000000e+000  1.000000e+000  0.000000e+000
    outer loop
      vertex  5.000000e+000  4.311724e+000  7.007169e+001
      vertex -5.000000e+000  4.311724e+000  6.807169e+001
      vertex -5.000000e+000  4.311724e+000  7.007169e+001
    endloop
  endfacet
  facet normal  0.000000e+000 -1.000000e+000  0.000000e+000
    outer loop
      vertex -5.000000e+000  1.431172e+001  6.807169e+001
      vertex  5.000000e+000  1.431172e+001  6.807169e+001
      vertex -5.000000e+000  1.431172e+001  7.007169e+001
    endloop
  endfacet
  facet normal  0.000000e+000 -1.000000e+000  0.000000e+000
    outer loop
      vertex -5.000000e+000  1.431172e+001  7.007169e+001
      vertex  5.000000e+000  1.431172e+001  6.807169e+001
      vertex  5.000000e+000  1.431172e+001  7.007169e+001
    endloop
  endfacet
  facet normal  0.000000e+000  1.000000e+000  0.000000e+000
    outer loop
      vertex  5.000000e+000  2.631172e+001  6.807169e+001
      vertex -5.000000e+000  2.631172e+001  6.807169e+001
      vertex  5.000000e+000  2.631172e+001  7.007169e+001
    endloop
  endfacet
  facet normal  0.000000e+000  1.000000e+000  0.000000e+000
    outer loop
      vertex  5.000000e+000  2.631172e+001  7.007169e+001
      vertex -5.000000e+000  2.631172e+001  6.807169e+001
      vertex -5.000000e+000  2.631172e+001  7.007169e+001
    endloop
  endfacet
  facet normal  -0.000000e+000  0.000000e+000 -1.000000e+000
    outer loop
      vertex  1.232585e+001  2.882969e+001  6.807169e+001
      vertex  1.292415e+001  2.882969e+001  6.807169e+001
      vertex  5.000000e+000  2.631172e+001  6.807169e+001
    endloop
  endfacet
  facet normal  -0.000000e+000  -0.000000e+000 -1.000000e+000
    outer loop
      vertex -1.292415e+001  2.882969e+001  6.807169e+001
      vertex -1.232585e+001  2.882969e+001  6.807169e+001
      vertex -5.000000e+000  2.631172e+001  6.807169e+001
    endloop
  endfacet
  facet normal  0.000000e+000  0.000000e+000 -1.000000e+000
    outer loop
      vertex -2.300000e+001 -5.688276e+000  6.807169e+001
      vertex -2.300000e+001  3.013232e+001  6.807169e+001
      vertex -1.454782e+001 -3.073515e+000  6.807169e+001
    endloop
  endfacet
  facet normal  0.000000e+000  -0.000000e+000 -9.999999e-001
    outer loop
      vertex -2.300000e+001 -5.688276e+000  6.807169e+001
      vertex -1.454782e+001 -3.073515e+000  6.807169e+001
      vertex -1.432818e+001 -3.399286e+000  6.807169e+001
    endloop
  endfacet
  facet normal  0.000000e+000  -0.000000e+000 -1.000000e+000
    outer loop
      vertex -2.300000e+001 -5.688276e+000  6.807169e+001
      vertex -1.432818e+001 -3.399286e+000  6.807169e+001
      vertex -1.400000e+001 -3.615301e+000  6.807169e+001
    endloop
  endfacet
  facet normal  0.000000e+000  0.000000e+000 -1.000000e+000
    outer loop
      vertex  2.300000e+001  3.013232e+001  6.807169e+001
      vertex  1.454782e+001 -3.073515e+000  6.807169e+001
      vertex  1.462500e+001 -2.688276e+000  6.807169e+001
    endloop
  endfacet
  facet normal  0.000000e+000  0.000000e+000 -1.000000e+000
    outer loop
      vertex  2.300000e+001  3.013232e+001  6.807169e+001
      vertex  1.462500e+001 -2.688276e+000  6.807169e+001
      vertex  1.454888e+001 -2.305593e+000  6.807169e+001
    endloop
  endfacet
  facet normal  0.000000e+000  0.000000e+000 -1.000000e+000
    outer loop
      vertex  2.300000e+001  3.013232e+001  6.807169e+001
      vertex  1.454888e+001 -2.305593e+000  6.807169e+001
      vertex  1.433211e+001 -1.981169e+000  6.807169e+001
    endloop
  endfacet
  facet normal  0.000000e+000  0.000000e+000 -1.000000e+000
    outer loop
      vertex  2.300000e+001  3.013232e+001  6.807169e+001
      vertex  1.433211e+001 -1.981169e+000  6.807169e+001
      vertex  1.400768e+001 -1.764397e+000  6.807169e+001
    endloop
  endfacet
  facet normal  0.000000e+000  0.000000e+000 -1.000000e+000
    outer loop
      vertex  2.300000e+001  3.013232e+001  6.807169e+001
      vertex  1.400768e+001 -1.764397e+000  6.807169e+001
      vertex  1.362500e+001 -1.688276e+000  6.807169e+001
    endloop
  endfacet
  facet normal  0.000000e+000  0.000000e+000 -9.999999e-001
    outer loop
      vertex  2.300000e+001  3.013232e+001  6.807169e+001
      vertex  1.362500e+001 -1.688276e+000  6.807169e+001
      vertex  5.000000e+000  4.311724e+000  6.807169e+001
    endloop
  endfacet
  facet normal  0.000000e+000  0.000000e+000 -1.000000e+000
    outer loop
      vertex  2.300000e+001  3.013232e+001  6.807169e+001
      vertex  5.000000e+000  4.311724e+000  6.807169e+001
      vertex  5.000000e+000  1.431172e+001  6.807169e+001
    endloop
  endfacet
  facet normal  0.000000e+000  0.000000e+000 -1.000000e+000
    outer loop
      vertex  2.300000e+001  3.013232e+001  6.807169e+001
      vertex  5.000000e+000  1.431172e+001  6.807169e+001
      vertex  5.000000e+000  2.631172e+001  6.807169e+001
    endloop
  endfacet
  facet normal  0.000000e+000  0.000000e+000 -9.999999e-001
    outer loop
      vertex  2.300000e+001  3.013232e+001  6.807169e+001
      vertex  5.000000e+000  2.631172e+001  6.807169e+001
      vertex  1.292415e+001  2.882969e+001  6.807169e+001
    endloop
  endfacet
  facet normal  0.000000e+000  0.000000e+000 -1.000000e+000
    outer loop
      vertex  2.300000e+001  3.013232e+001  6.807169e+001
      vertex  1.292415e+001  2.882969e+001  6.807169e+001
      vertex  1.350530e+001  2.897184e+001  6.807169e+001
    endloop
  endfacet
  facet normal  0.000000e+000  0.000000e+000 -1.000000e+000
    outer loop
      vertex  2.300000e+001  3.013232e+001  6.807169e+001
      vertex  1.350530e+001  2.897184e+001  6.807169e+001
      vertex  1.403605e+001  2.924800e+001  6.807169e+001
    endloop
  endfacet
  facet normal  0.000000e+000  0.000000e+000 -1.000000e+000
    outer loop
      vertex  2.300000e+001  3.013232e+001  6.807169e+001
      vertex  1.403605e+001  2.924800e+001  6.807169e+001
      vertex  1.448597e+001  2.964236e+001  6.807169e+001
    endloop
  endfacet
  facet normal  0.000000e+000  0.000000e+000 -1.000000e+000
    outer loop
      vertex  2.300000e+001  3.013232e+001  6.807169e+001
      vertex  1.448597e+001  2.964236e+001  6.807169e+001
      vertex  1.482932e+001  3.013232e+001  6.807169e+001
    endloop
  endfacet
  facet normal  0.000000e+000  0.000000e+000 -1.000000e+000
    outer loop
      vertex -5.000000e+000  4.311724e+000  6.807169e+001
      vertex -1.262500e+001 -2.688276e+000  6.807169e+001
      vertex -1.270112e+001 -2.305593e+000  6.807169e+001
    endloop
  endfacet
  facet normal  0.000000e+000  0.000000e+000 -9.999999e-001
    outer loop
      vertex -5.000000e+000  4.311724e+000  6.807169e+001
      vertex -1.270112e+001 -2.305593e+000  6.807169e+001
      vertex -1.291789e+001 -1.981169e+000  6.807169e+001
    endloop
  endfacet
  facet normal  0.000000e+000  0.000000e+000 -1.000000e+000
    outer loop
      vertex -5.000000e+000  4.311724e+000  6.807169e+001
      vertex -1.291789e+001 -1.981169e+000  6.807169e+001
      vertex -1.324232e+001 -1.764397e+000  6.807169e+001
    endloop
  endfacet
  facet normal  0.000000e+000  0.000000e+000 -1.000000e+000
    outer loop
      vertex -5.000000e+000  4.311724e+000  6.807169e+001
      vertex -1.324232e+001 -1.764397e+000  6.807169e+001
      vertex -1.362500e+001 -1.688276e+000  6.807169e+001
    endloop
  endfacet
  facet normal  0.000000e+000  0.000000e+000 -1.000000e+000
    outer loop
      vertex  1.275898e+001 -3.188276e+000  6.807169e+001
      vertex -1.275898e+001 -3.188276e+000  6.807169e+001
      vertex -1.265907e+001 -2.947095e+000  6.807169e+001
    endloop
  endfacet
  facet normal  0.000000e+000  0.000000e+000 -1.000000e+000
    outer loop
      vertex  1.275898e+001 -3.188276e+000  6.807169e+001
      vertex -1.265907e+001 -2.947095e+000  6.807169e+001
      vertex -1.262500e+001 -2.688276e+000  6.807169e+001
    endloop
  endfacet
  facet normal  0.000000e+000  0.000000e+000 -1.000000e+000
    outer loop
      vertex  1.275898e+001 -3.188276e+000  6.807169e+001
      vertex -1.262500e+001 -2.688276e+000  6.807169e+001
      vertex -5.000000e+000  4.311724e+000  6.807169e+001
    endloop
  endfacet
  facet normal  0.000000e+000  0.000000e+000 -1.000000e+000
    outer loop
      vertex  1.275898e+001 -3.188276e+000  6.807169e+001
      vertex -5.000000e+000  4.311724e+000  6.807169e+001
      vertex  5.000000e+000  4.311724e+000  6.807169e+001
    endloop
  endfacet
  facet normal  0.000000e+000  0.000000e+000 -1.000000e+000
    outer loop
      vertex  1.275898e+001 -3.188276e+000  6.807169e+001
      vertex  5.000000e+000  4.311724e+000  6.807169e+001
      vertex  1.265907e+001 -2.947095e+000  6.807169e+001
    endloop
  endfacet
  facet normal  -0.000000e+000  0.000000e+000 -1.000000e+000
    outer loop
      vertex  5.000000e+000  4.311724e+000  6.807169e+001
      vertex  1.362500e+001 -1.688276e+000  6.807169e+001
      vertex  1.324232e+001 -1.764397e+000  6.807169e+001
    endloop
  endfacet
  facet normal  -0.000000e+000  0.000000e+000 -1.000000e+000
    outer loop
      vertex  5.000000e+000  4.311724e+000  6.807169e+001
      vertex  1.324232e+001 -1.764397e+000  6.807169e+001
      vertex  1.291789e+001 -1.981169e+000  6.807169e+001
    endloop
  endfacet
  facet normal  -0.000000e+000  0.000000e+000 -1.000000e+000
    outer loop
      vertex  5.000000e+000  4.311724e+000  6.807169e+001
      vertex  1.291789e+001 -1.981169e+000  6.807169e+001
      vertex  1.270112e+001 -2.305593e+000  6.807169e+001
    endloop
  endfacet
  facet normal  -0.000000e+000  0.000000e+000 -1.000000e+000
    outer loop
      vertex  5.000000e+000  4.311724e+000  6.807169e+001
      vertex  1.270112e+001 -2.305593e+000  6.807169e+001
      vertex  1.262500e+001 -2.688276e+000  6.807169e+001
    endloop
  endfacet
  facet normal  -0.000000e+000  -0.000000e+000 -1.000000e+000
    outer loop
      vertex  5.000000e+000  4.311724e+000  6.807169e+001
      vertex  1.262500e+001 -2.688276e+000  6.807169e+001
      vertex  1.265907e+001 -2.947095e+000  6.807169e+001
    endloop
  endfacet
  facet normal  0.000000e+000  0.000000e+000 -1.000000e+000
    outer loop
      vertex  2.300000e+001 -5.688276e+000  6.807169e+001
      vertex  2.000000e+001 -5.688276e+000  6.807169e+001
      vertex  1.400000e+001 -3.615301e+000  6.807169e+001
    endloop
  endfacet
  facet normal  0.000000e+000  0.000000e+000 -1.000000e+000
    outer loop
      vertex  2.300000e+001 -5.688276e+000  6.807169e+001
      vertex  1.400000e+001 -3.615301e+000  6.807169e+001
      vertex  1.432818e+001 -3.399286e+000  6.807169e+001
    endloop
  endfacet
  facet normal  0.000000e+000  0.000000e+000 -1.000000e+000
    outer loop
      vertex  2.300000e+001 -5.688276e+000  6.807169e+001
      vertex  1.432818e+001 -3.399286e+000  6.807169e+001
      vertex  1.454782e+001 -3.073515e+000  6.807169e+001
    endloop
  endfacet
  facet normal  0.000000e+000  0.000000e+000 -1.000000e+000
    outer loop
      vertex  2.300000e+001 -5.688276e+000  6.807169e+001
      vertex  1.454782e+001 -3.073515e+000  6.807169e+001
      vertex  2.300000e+001  3.013232e+001  6.807169e+001
    endloop
  endfacet
  facet normal  -0.000000e+000  -0.000000e+000 -1.000000e+000
    outer loop
      vertex  5.000000e+000  3.013232e+001  6.807169e+001
      vertex  1.042068e+001  3.013232e+001  6.807169e+001
      vertex  1.076403e+001  2.964236e+001  6.807169e+001
    endloop
  endfacet
  facet normal  -0.000000e+000  -0.000000e+000 -1.000000e+000
    outer loop
      vertex  5.000000e+000  3.013232e+001  6.807169e+001
      vertex  1.076403e+001  2.964236e+001  6.807169e+001
      vertex  1.121395e+001  2.924800e+001  6.807169e+001
    endloop
  endfacet
  facet normal  -0.000000e+000  -0.000000e+000 -1.000000e+000
    outer loop
      vertex  5.000000e+000  3.013232e+001  6.807169e+001
      vertex  1.121395e+001  2.924800e+001  6.807169e+001
      vertex  1.174470e+001  2.897184e+001  6.807169e+001
    endloop
  endfacet
  facet normal  -0.000000e+000  -0.000000e+000 -1.000000e+000
    outer loop
      vertex  5.000000e+000  3.013232e+001  6.807169e+001
      vertex  1.174470e+001  2.897184e+001  6.807169e+001
      vertex  1.232585e+001  2.882969e+001  6.807169e+001
    endloop
  endfacet
  facet normal  -0.000000e+000  0.000000e+000 -1.000000e+000
    outer loop
      vertex  5.000000e+000  3.013232e+001  6.807169e+001
      vertex  1.232585e+001  2.882969e+001  6.807169e+001
      vertex  5.000000e+000  2.631172e+001  6.807169e+001
    endloop
  endfacet
  facet normal  0.000000e+000  0.000000e+000 -1.000000e+000
    outer loop
      vertex -5.000000e+000  3.013232e+001  6.807169e+001
      vertex -5.000000e+000  2.631172e+001  6.807169e+001
      vertex -1.232585e+001  2.882969e+001  6.807169e+001
    endloop
  endfacet
  facet normal  0.000000e+000  0.000000e+000 -1.000000e+000
    outer loop
      vertex -5.000000e+000  3.013232e+001  6.807169e+001
      vertex -1.232585e+001  2.882969e+001  6.807169e+001
      vertex -1.174470e+001  2.897184e+001  6.807169e+001
    endloop
  endfacet
  facet normal  0.000000e+000  0.000000e+000 -1.000000e+000
    outer loop
      vertex -5.000000e+000  3.013232e+001  6.807169e+001
      vertex -1.174470e+001  2.897184e+001  6.807169e+001
      vertex -1.121395e+001  2.924800e+001  6.807169e+001
    endloop
  endfacet
  facet normal  0.000000e+000  0.000000e+000 -1.000000e+000
    outer loop
      vertex -5.000000e+000  3.013232e+001  6.807169e+001
      vertex -1.121395e+001  2.924800e+001  6.807169e+001
      vertex -1.076403e+001  2.964236e+001  6.807169e+001
    endloop
  endfacet
  facet normal  0.000000e+000  0.000000e+000 -1.000000e+000
    outer loop
      vertex -5.000000e+000  3.013232e+001  6.807169e+001
      vertex -1.076403e+001  2.964236e+001  6.807169e+001
      vertex -1.042068e+001  3.013232e+001  6.807169e+001
    endloop
  endfacet
  facet normal  0.000000e+000  0.000000e+000 -1.000000e+000
    outer loop
      vertex -1.400000e+001 -3.615301e+000  6.807169e+001
      vertex -1.400000e+001 -1.768828e+001  6.807169e+001
      vertex -2.000000e+001 -1.768828e+001  6.807169e+001
    endloop
  endfacet
  facet normal  0.000000e+000  0.000000e+000 -1.000000e+000
    outer loop
      vertex -1.400000e+001 -3.615301e+000  6.807169e+001
      vertex -2.000000e+001 -1.768828e+001  6.807169e+001
      vertex -2.000000e+001 -5.688276e+000  6.807169e+001
    endloop
  endfacet
  facet normal  0.000000e+000  0.000000e+000 -1.000000e+000
    outer loop
      vertex -1.400000e+001 -3.615301e+000  6.807169e+001
      vertex -2.000000e+001 -5.688276e+000  6.807169e+001
      vertex -2.300000e+001 -5.688276e+000  6.807169e+001
    endloop
  endfacet
  facet normal  -0.000000e+000  -0.000000e+000 -1.000000e+000
    outer loop
      vertex -2.300000e+001  3.013232e+001  6.807169e+001
      vertex -1.482932e+001  3.013232e+001  6.807169e+001
      vertex -1.448597e+001  2.964236e+001  6.807169e+001
    endloop
  endfacet
  facet normal  -0.000000e+000  -0.000000e+000 -1.000000e+000
    outer loop
      vertex -2.300000e+001  3.013232e+001  6.807169e+001
      vertex -1.448597e+001  2.964236e+001  6.807169e+001
      vertex -1.403605e+001  2.924800e+001  6.807169e+001
    endloop
  endfacet
  facet normal  -0.000000e+000  -0.000000e+000 -1.000000e+000
    outer loop
      vertex -2.300000e+001  3.013232e+001  6.807169e+001
      vertex -1.403605e+001  2.924800e+001  6.807169e+001
      vertex -1.350530e+001  2.897184e+001  6.807169e+001
    endloop
  endfacet
  facet normal  -0.000000e+000  -0.000000e+000 -1.000000e+000
    outer loop
      vertex -2.300000e+001  3.013232e+001  6.807169e+001
      vertex -1.350530e+001  2.897184e+001  6.807169e+001
      vertex -1.292415e+001  2.882969e+001  6.807169e+001
    endloop
  endfacet
  facet normal  -0.000000e+000  -0.000000e+000 -1.000000e+000
    outer loop
      vertex -2.300000e+001  3.013232e+001  6.807169e+001
      vertex -1.292415e+001  2.882969e+001  6.807169e+001
      vertex -5.000000e+000  2.631172e+001  6.807169e+001
    endloop
  endfacet
  facet normal  -0.000000e+000  -0.000000e+000 -1.000000e+000
    outer loop
      vertex -2.300000e+001  3.013232e+001  6.807169e+001
      vertex -5.000000e+000  2.631172e+001  6.807169e+001
      vertex -5.000000e+000  1.431172e+001  6.807169e+001
    endloop
  endfacet
  facet normal  -0.000000e+000  -0.000000e+000 -1.000000e+000
    outer loop
      vertex -2.300000e+001  3.013232e+001  6.807169e+001
      vertex -5.000000e+000  1.431172e+001  6.807169e+001
      vertex -5.000000e+000  4.311724e+000  6.807169e+001
    endloop
  endfacet
  facet normal  -0.000000e+000  0.000000e+000 -1.000000e+000
    outer loop
      vertex -2.300000e+001  3.013232e+001  6.807169e+001
      vertex -5.000000e+000  4.311724e+000  6.807169e+001
      vertex -1.362500e+001 -1.688276e+000  6.807169e+001
    endloop
  endfacet
  facet normal  -0.000000e+000  0.000000e+000 -1.000000e+000
    outer loop
      vertex -2.300000e+001  3.013232e+001  6.807169e+001
      vertex -1.362500e+001 -1.688276e+000  6.807169e+001
      vertex -1.400768e+001 -1.764397e+000  6.807169e+001
    endloop
  endfacet
  facet normal  -0.000000e+000  0.000000e+000 -1.000000e+000
    outer loop
      vertex -2.300000e+001  3.013232e+001  6.807169e+001
      vertex -1.400768e+001 -1.764397e+000  6.807169e+001
      vertex -1.433211e+001 -1.981169e+000  6.807169e+001
    endloop
  endfacet
  facet normal  -0.000000e+000  0.000000e+000 -1.000000e+000
    outer loop
      vertex -2.300000e+001  3.013232e+001  6.807169e+001
      vertex -1.433211e+001 -1.981169e+000  6.807169e+001
      vertex -1.454888e+001 -2.305593e+000  6.807169e+001
    endloop
  endfacet
  facet normal  -0.000000e+000  0.000000e+000 -1.000000e+000
    outer loop
      vertex -2.300000e+001  3.013232e+001  6.807169e+001
      vertex -1.454888e+001 -2.305593e+000  6.807169e+001
      vertex -1.462500e+001 -2.688276e+000  6.807169e+001
    endloop
  endfacet
  facet normal  -0.000000e+000  -0.000000e+000 -1.000000e+000
    outer loop
      vertex -2.300000e+001  3.013232e+001  6.807169e+001
      vertex -1.462500e+001 -2.688276e+000  6.807169e+001
      vertex -1.454782e+001 -3.073515e+000  6.807169e+001
    endloop
  endfacet
  facet normal  0.000000e+000  0.000000e+000 -1.000000e+000
    outer loop
      vertex  5.000000e+000  1.431172e+001  6.807169e+001
      vertex -5.000000e+000  1.431172e+001  6.807169e+001
      vertex  5.000000e+000  2.631172e+001  6.807169e+001
    endloop
  endfacet
  facet normal  -0.000000e+000  0.000000e+000 -1.000000e+000
    outer loop
      vertex  5.000000e+000  2.631172e+001  6.807169e+001
      vertex -5.000000e+000  1.431172e+001  6.807169e+001
      vertex -5.000000e+000  2.631172e+001  6.807169e+001
    endloop
  endfacet
  facet normal  0.000000e+000  0.000000e+000 -1.000000e+000
    outer loop
      vertex  2.000000e+001 -5.688276e+000  6.807169e+001
      vertex  2.000000e+001 -1.768828e+001  6.807169e+001
      vertex  1.400000e+001 -3.615301e+000  6.807169e+001
    endloop
  endfacet
  facet normal  0.000000e+000  0.000000e+000 -1.000000e+000
    outer loop
      vertex  1.400000e+001 -3.615301e+000  6.807169e+001
      vertex  2.000000e+001 -1.768828e+001  6.807169e+001
      vertex  1.400000e+001 -1.768828e+001  6.807169e+001
    endloop
  endfacet
  facet normal  0.000000e+000  0.000000e+000 -1.000000e+000
    outer loop
      vertex -1.400000e+001 -4.423878e+001  6.807169e+001
      vertex -1.455040e+001 -4.418879e+001  6.807169e+001
      vertex -1.400000e+001 -4.068827e+001  6.807169e+001
    endloop
  endfacet
  facet normal  0.000000e+000  0.000000e+000 -1.000000e+000
    outer loop
      vertex  2.000000e+001 -4.068827e+001  6.807169e+001
      vertex  1.671364e+001 -4.785008e+001  6.807169e+001
      vertex  1.692735e+001 -4.728656e+001  6.807169e+001
    endloop
  endfacet
  facet normal  0.000000e+000  0.000000e+000 -1.000000e+000
    outer loop
      vertex  2.000000e+001 -4.068827e+001  6.807169e+001
      vertex  1.692735e+001 -4.728656e+001  6.807169e+001
      vertex  1.700000e+001 -4.668827e+001  6.807169e+001
    endloop
  endfacet
  facet normal  0.000000e+000  0.000000e+000 -1.000000e+000
    outer loop
      vertex  2.000000e+001 -4.068827e+001  6.807169e+001
      vertex  1.700000e+001 -4.668827e+001  6.807169e+001
      vertex  1.693891e+001 -4.613900e+001  6.807169e+001
    endloop
  endfacet
  facet normal  0.000000e+000  0.000000e+000 -9.999999e-001
    outer loop
      vertex  2.000000e+001 -4.068827e+001  6.807169e+001
      vertex  1.693891e+001 -4.613900e+001  6.807169e+001
      vertex  1.675863e+001 -4.561656e+001  6.807169e+001
    endloop
  endfacet
  facet normal  0.000000e+000  0.000000e+000 -1.000000e+000
    outer loop
      vertex  2.000000e+001 -4.068827e+001  6.807169e+001
      vertex  1.675863e+001 -4.561656e+001  6.807169e+001
      vertex  1.646797e+001 -4.514650e+001  6.807169e+001
    endloop
  endfacet
  facet normal  0.000000e+000  0.000000e+000 -1.000000e+000
    outer loop
      vertex  2.000000e+001 -4.068827e+001  6.807169e+001
      vertex  1.646797e+001 -4.514650e+001  6.807169e+001
      vertex  1.608114e+001 -4.475179e+001  6.807169e+001
    endloop
  endfacet
  facet normal  0.000000e+000  0.000000e+000 -1.000000e+000
    outer loop
      vertex  2.000000e+001 -4.068827e+001  6.807169e+001
      vertex  1.608114e+001 -4.475179e+001  6.807169e+001
      vertex  1.561703e+001 -4.445171e+001  6.807169e+001
    endloop
  endfacet
  facet normal  0.000000e+000  0.000000e+000 -1.000000e+000
    outer loop
      vertex  2.000000e+001 -4.068827e+001  6.807169e+001
      vertex  1.561703e+001 -4.445171e+001  6.807169e+001
      vertex  1.509834e+001 -4.426093e+001  6.807169e+001
    endloop
  endfacet
  facet normal  0.000000e+000  0.000000e+000 -1.000000e+000
    outer loop
      vertex  2.000000e+001 -4.068827e+001  6.807169e+001
      vertex  1.509834e+001 -4.426093e+001  6.807169e+001
      vertex  1.455040e+001 -4.418879e+001  6.807169e+001
    endloop
  endfacet
  facet normal  -0.000000e+000  0.000000e+000 -1.000000e+000
    outer loop
      vertex  2.000000e+001 -4.068827e+001  6.807169e+001
      vertex  1.455040e+001 -4.418879e+001  6.807169e+001
      vertex  1.400000e+001 -4.423878e+001  6.807169e+001
    endloop
  endfacet
  facet normal  0.000000e+000  0.000000e+000 -1.000000e+000
    outer loop
      vertex  2.000000e+001 -4.068827e+001  6.807169e+001
      vertex  1.400000e+001 -4.423878e+001  6.807169e+001
      vertex  1.400000e+001 -4.068827e+001  6.807169e+001
    endloop
  endfacet
  facet normal  0.000000e+000  0.000000e+000 -1.000000e+000
    outer loop
      vertex  2.000000e+001 -5.722581e+001  6.807169e+001
      vertex -2.000000e+001 -5.722581e+001  6.807169e+001
      vertex -1.419866e+001 -4.917005e+001  6.807169e+001
    endloop
  endfacet
  facet normal  0.000000e+000  0.000000e+000 -1.000000e+000
    outer loop
      vertex  2.000000e+001 -5.722581e+001  6.807169e+001
      vertex -1.419866e+001 -4.917005e+001  6.807169e+001
      vertex  1.419866e+001 -4.917005e+001  6.807169e+001
    endloop
  endfacet
  facet normal  0.000000e+000  0.000000e+000 -9.999999e-001
    outer loop
      vertex  2.000000e+001 -5.722581e+001  6.807169e+001
      vertex  1.419866e+001 -4.917005e+001  6.807169e+001
      vertex  1.480134e+001 -4.917005e+001  6.807169e+001
    endloop
  endfacet
  facet normal  0.000000e+000  0.000000e+000 -1.000000e+000
    outer loop
      vertex  2.000000e+001 -5.722581e+001  6.807169e+001
      vertex  1.480134e+001 -4.917005e+001  6.807169e+001
      vertex  1.538651e+001 -4.902582e+001  6.807169e+001
    endloop
  endfacet
  facet normal  0.000000e+000  0.000000e+000 -1.000000e+000
    outer loop
      vertex  2.000000e+001 -5.722581e+001  6.807169e+001
      vertex  1.538651e+001 -4.902582e+001  6.807169e+001
      vertex  1.592016e+001 -4.874574e+001  6.807169e+001
    endloop
  endfacet
  facet normal  0.000000e+000  0.000000e+000 -9.999999e-001
    outer loop
      vertex  2.000000e+001 -5.722581e+001  6.807169e+001
      vertex  1.592016e+001 -4.874574e+001  6.807169e+001
      vertex  1.637128e+001 -4.834608e+001  6.807169e+001
    endloop
  endfacet
  facet normal  0.000000e+000  0.000000e+000 -1.000000e+000
    outer loop
      vertex  2.000000e+001 -5.722581e+001  6.807169e+001
      vertex  1.637128e+001 -4.834608e+001  6.807169e+001
      vertex  1.671364e+001 -4.785008e+001  6.807169e+001
    endloop
  endfacet
  facet normal  0.000000e+000  0.000000e+000 -1.000000e+000
    outer loop
      vertex  2.000000e+001 -5.722581e+001  6.807169e+001
      vertex  1.671364e+001 -4.785008e+001  6.807169e+001
      vertex  2.000000e+001 -4.068827e+001  6.807169e+001
    endloop
  endfacet
  facet normal  0.000000e+000  0.000000e+000 -1.000000e+000
    outer loop
      vertex -2.300000e+001 -5.800000e+001  6.807169e+001
      vertex -2.300000e+001 -5.722581e+001  6.807169e+001
      vertex -2.000000e+001 -5.722581e+001  6.807169e+001
    endloop
  endfacet
  facet normal  0.000000e+000  -0.000000e+000 -1.000000e+000
    outer loop
      vertex -2.300000e+001 -5.800000e+001  6.807169e+001
      vertex -2.000000e+001 -5.722581e+001  6.807169e+001
      vertex  2.000000e+001 -5.722581e+001  6.807169e+001
    endloop
  endfacet
  facet normal  0.000000e+000  -0.000000e+000 -1.000000e+000
    outer loop
      vertex -2.300000e+001 -5.800000e+001  6.807169e+001
      vertex  2.000000e+001 -5.722581e+001  6.807169e+001
      vertex  2.300000e+001 -5.722581e+001  6.807169e+001
    endloop
  endfacet
  facet normal  0.000000e+000  -0.000000e+000 -1.000000e+000
    outer loop
      vertex -2.300000e+001 -5.800000e+001  6.807169e+001
      vertex  2.300000e+001 -5.722581e+001  6.807169e+001
      vertex  2.300000e+001 -5.800000e+001  6.807169e+001
    endloop
  endfacet
  facet normal  -0.000000e+000  0.000000e+000 -1.000000e+000
    outer loop
      vertex -2.000000e+001 -4.068827e+001  6.807169e+001
      vertex -1.400000e+001 -4.068827e+001  6.807169e+001
      vertex -1.455040e+001 -4.418879e+001  6.807169e+001
    endloop
  endfacet
  facet normal  -0.000000e+000  0.000000e+000 -1.000000e+000
    outer loop
      vertex -2.000000e+001 -4.068827e+001  6.807169e+001
      vertex -1.455040e+001 -4.418879e+001  6.807169e+001
      vertex -1.509834e+001 -4.426093e+001  6.807169e+001
    endloop
  endfacet
  facet normal  -0.000000e+000  0.000000e+000 -1.000000e+000
    outer loop
      vertex -2.000000e+001 -4.068827e+001  6.807169e+001
      vertex -1.509834e+001 -4.426093e+001  6.807169e+001
      vertex -1.561703e+001 -4.445171e+001  6.807169e+001
    endloop
  endfacet
  facet normal  -0.000000e+000  0.000000e+000 -1.000000e+000
    outer loop
      vertex -2.000000e+001 -4.068827e+001  6.807169e+001
      vertex -1.561703e+001 -4.445171e+001  6.807169e+001
      vertex -1.608114e+001 -4.475179e+001  6.807169e+001
    endloop
  endfacet
  facet normal  -0.000000e+000  0.000000e+000 -1.000000e+000
    outer loop
      vertex -2.000000e+001 -4.068827e+001  6.807169e+001
      vertex -1.608114e+001 -4.475179e+001  6.807169e+001
      vertex -1.646797e+001 -4.514650e+001  6.807169e+001
    endloop
  endfacet
  facet normal  -0.000000e+000  0.000000e+000 -1.000000e+000
    outer loop
      vertex -2.000000e+001 -4.068827e+001  6.807169e+001
      vertex -1.646797e+001 -4.514650e+001  6.807169e+001
      vertex -1.675863e+001 -4.561656e+001  6.807169e+001
    endloop
  endfacet
  facet normal  -0.000000e+000  0.000000e+000 -9.999999e-001
    outer loop
      vertex -2.000000e+001 -4.068827e+001  6.807169e+001
      vertex -1.675863e+001 -4.561656e+001  6.807169e+001
      vertex -1.693891e+001 -4.613900e+001  6.807169e+001
    endloop
  endfacet
  facet normal  -0.000000e+000  0.000000e+000 -1.000000e+000
    outer loop
      vertex -2.000000e+001 -4.068827e+001  6.807169e+001
      vertex -1.693891e+001 -4.613900e+001  6.807169e+001
      vertex -1.700000e+001 -4.668827e+001  6.807169e+001
    endloop
  endfacet
  facet normal  -0.000000e+000  -0.000000e+000 -1.000000e+000
    outer loop
      vertex -2.000000e+001 -4.068827e+001  6.807169e+001
      vertex -1.700000e+001 -4.668827e+001  6.807169e+001
      vertex -1.692735e+001 -4.728656e+001  6.807169e+001
    endloop
  endfacet
  facet normal  -0.000000e+000  -0.000000e+000 -1.000000e+000
    outer loop
      vertex -2.000000e+001 -4.068827e+001  6.807169e+001
      vertex -1.692735e+001 -4.728656e+001  6.807169e+001
      vertex -1.671364e+001 -4.785008e+001  6.807169e+001
    endloop
  endfacet
  facet normal  0.000000e+000  0.000000e+000 -1.000000e+000
    outer loop
      vertex -2.000000e+001 -5.722581e+001  6.807169e+001
      vertex -2.000000e+001 -4.068827e+001  6.807169e+001
      vertex -1.671364e+001 -4.785008e+001  6.807169e+001
    endloop
  endfacet
  facet normal  0.000000e+000  -0.000000e+000 -9.999999e-001
    outer loop
      vertex -2.000000e+001 -5.722581e+001  6.807169e+001
      vertex -1.671364e+001 -4.785008e+001  6.807169e+001
      vertex -1.637128e+001 -4.834608e+001  6.807169e+001
    endloop
  endfacet
  facet normal  0.000000e+000  -0.000000e+000 -9.999999e-001
    outer loop
      vertex -2.000000e+001 -5.722581e+001  6.807169e+001
      vertex -1.637128e+001 -4.834608e+001  6.807169e+001
      vertex -1.592016e+001 -4.874574e+001  6.807169e+001
    endloop
  endfacet
  facet normal  0.000000e+000  -0.000000e+000 -1.000000e+000
    outer loop
      vertex -2.000000e+001 -5.722581e+001  6.807169e+001
      vertex -1.592016e+001 -4.874574e+001  6.807169e+001
      vertex -1.538651e+001 -4.902582e+001  6.807169e+001
    endloop
  endfacet
  facet normal  0.000000e+000  -0.000000e+000 -1.000000e+000
    outer loop
      vertex -2.000000e+001 -5.722581e+001  6.807169e+001
      vertex -1.538651e+001 -4.902582e+001  6.807169e+001
      vertex -1.480134e+001 -4.917005e+001  6.807169e+001
    endloop
  endfacet
  facet normal  0.000000e+000  -0.000000e+000 -9.999999e-001
    outer loop
      vertex -2.000000e+001 -5.722581e+001  6.807169e+001
      vertex -1.480134e+001 -4.917005e+001  6.807169e+001
      vertex -1.419866e+001 -4.917005e+001  6.807169e+001
    endloop
  endfacet
  facet normal  0.000000e+000  0.000000e+000 -1.000000e+000
    outer loop
      vertex -1.262872e+001 -4.834608e+001  6.807169e+001
      vertex  1.307984e+001 -4.874574e+001  6.807169e+001
      vertex -1.307984e+001 -4.874574e+001  6.807169e+001
    endloop
  endfacet
  facet normal  0.000000e+000  0.000000e+000 -1.000000e+000
    outer loop
      vertex -1.307984e+001 -4.874574e+001  6.807169e+001
      vertex  1.307984e+001 -4.874574e+001  6.807169e+001
      vertex  1.361349e+001 -4.902582e+001  6.807169e+001
    endloop
  endfacet
  facet normal  0.000000e+000  0.000000e+000 -1.000000e+000
    outer loop
      vertex -1.307984e+001 -4.874574e+001  6.807169e+001
      vertex  1.361349e+001 -4.902582e+001  6.807169e+001
      vertex -1.361349e+001 -4.902582e+001  6.807169e+001
    endloop
  endfacet
  facet normal  0.000000e+000  0.000000e+000 -9.999999e-001
    outer loop
      vertex -1.361349e+001 -4.902582e+001  6.807169e+001
      vertex  1.361349e+001 -4.902582e+001  6.807169e+001
      vertex  1.419866e+001 -4.917005e+001  6.807169e+001
    endloop
  endfacet
  facet normal  0.000000e+000  0.000000e+000 -1.000000e+000
    outer loop
      vertex -1.361349e+001 -4.902582e+001  6.807169e+001
      vertex  1.419866e+001 -4.917005e+001  6.807169e+001
      vertex -1.419866e+001 -4.917005e+001  6.807169e+001
    endloop
  endfacet
  facet normal  0.000000e+000  0.000000e+000 -1.000000e+000
    outer loop
      vertex  1.307984e+001 -4.874574e+001  6.807169e+001
      vertex -1.262872e+001 -4.834608e+001  6.807169e+001
      vertex  1.262872e+001 -4.834608e+001  6.807169e+001
    endloop
  endfacet
  facet normal  0.000000e+000  0.000000e+000 -1.000000e+000
    outer loop
      vertex  1.262872e+001 -4.834608e+001  6.807169e+001
      vertex -1.262872e+001 -4.834608e+001  6.807169e+001
      vertex -1.228636e+001 -4.785008e+001  6.807169e+001
    endloop
  endfacet
  facet normal  0.000000e+000  0.000000e+000 -1.000000e+000
    outer loop
      vertex  1.262872e+001 -4.834608e+001  6.807169e+001
      vertex -1.228636e+001 -4.785008e+001  6.807169e+001
      vertex  1.228636e+001 -4.785008e+001  6.807169e+001
    endloop
  endfacet
  facet normal  0.000000e+000  0.000000e+000 -1.000000e+000
    outer loop
      vertex  1.228636e+001 -4.785008e+001  6.807169e+001
      vertex -1.228636e+001 -4.785008e+001  6.807169e+001
      vertex -1.207265e+001 -4.728656e+001  6.807169e+001
    endloop
  endfacet
  facet normal  0.000000e+000  0.000000e+000 -1.000000e+000
    outer loop
      vertex  1.228636e+001 -4.785008e+001  6.807169e+001
      vertex -1.207265e+001 -4.728656e+001  6.807169e+001
      vertex  1.207265e+001 -4.728656e+001  6.807169e+001
    endloop
  endfacet
  facet normal  0.000000e+000  0.000000e+000 -9.999999e-001
    outer loop
      vertex  1.207265e+001 -4.728656e+001  6.807169e+001
      vertex -1.207265e+001 -4.728656e+001  6.807169e+001
      vertex -1.200000e+001 -4.668827e+001  6.807169e+001
    endloop
  endfacet
  facet normal  0.000000e+000  0.000000e+000 -9.999999e-001
    outer loop
      vertex  1.207265e+001 -4.728656e+001  6.807169e+001
      vertex -1.200000e+001 -4.668827e+001  6.807169e+001
      vertex  1.200000e+001 -4.668827e+001  6.807169e+001
    endloop
  endfacet
  facet normal -9.113111e-006 -4.182287e-001  9.083418e-001
    outer loop
      vertex -1.300000e+001 -7.850094e+001  6.027596e+001
      vertex -1.300000e+001 -8.031762e+001  5.943950e+001
      vertex -1.292478e+001 -8.092400e+001  5.916031e+001
    endloop
  endfacet
  facet normal -8.762544e-006 -4.182288e-001  9.083418e-001
    outer loop
      vertex -1.300000e+001 -7.850094e+001  6.027596e+001
      vertex -1.292478e+001 -8.092400e+001  5.916031e+001
      vertex -1.270291e+001 -8.149997e+001  5.889511e+001
    endloop
  endfacet
  facet normal  5.777354e-006 -4.182276e-001  9.083424e-001
    outer loop
      vertex -1.300000e+001 -7.850094e+001  6.027596e+001
      vertex -1.270291e+001 -8.149997e+001  5.889511e+001
      vertex -1.234549e+001 -8.201665e+001  5.865722e+001
    endloop
  endfacet
  facet normal -1.989863e-006 -4.182288e-001  9.083418e-001
    outer loop
      vertex -1.300000e+001 -7.850094e+001  6.027596e+001
      vertex -1.234549e+001 -8.201665e+001  5.865722e+001
      vertex -1.187047e+001 -8.244814e+001  5.845855e+001
    endloop
  endfacet
  facet normal  3.862017e-006 -4.182273e-001  9.083424e-001
    outer loop
      vertex -1.300000e+001 -7.850094e+001  6.027596e+001
      vertex -1.187047e+001 -8.244814e+001  5.845855e+001
      vertex -1.130165e+001 -8.277278e+001  5.830907e+001
    endloop
  endfacet
  facet normal -1.668647e-006 -4.182292e-001  9.083416e-001
    outer loop
      vertex -1.300000e+001 -7.850094e+001  6.027596e+001
      vertex -1.130165e+001 -8.277278e+001  5.830907e+001
      vertex -2.000000e+001 -5.722581e+001  7.007169e+001
    endloop
  endfacet
  facet normal  0.000000e+000 -4.182287e-001  9.083418e-001
    outer loop
      vertex -1.300000e+001 -7.850094e+001  6.027596e+001
      vertex -2.000000e+001 -5.722581e+001  7.007169e+001
      vertex -2.500000e+001 -5.722581e+001  7.007169e+001
    endloop
  endfacet
  facet normal -6.278274e-006 -4.182066e-001  9.083520e-001
    outer loop
      vertex  1.000000e+001 -8.304265e+001  5.818481e+001
      vertex  1.066756e+001 -8.297433e+001  5.821627e+001
      vertex  1.130165e+001 -8.277278e+001  5.830907e+001
    endloop
  endfacet
  facet normal  5.407675e-007 -4.182338e-001  9.083395e-001
    outer loop
      vertex  1.000000e+001 -8.304265e+001  5.818481e+001
      vertex  1.130165e+001 -8.277278e+001  5.830907e+001
      vertex  1.187047e+001 -8.244814e+001  5.845855e+001
    endloop
  endfacet
  facet normal -3.198899e-006 -4.182240e-001  9.083439e-001
    outer loop
      vertex  1.000000e+001 -8.304265e+001  5.818481e+001
      vertex  1.187047e+001 -8.244814e+001  5.845855e+001
      vertex  1.234549e+001 -8.201665e+001  5.865722e+001
    endloop
  endfacet
  facet normal  6.085745e-007 -4.182312e-001  9.083406e-001
    outer loop
      vertex  1.000000e+001 -8.304265e+001  5.818481e+001
      vertex  1.234549e+001 -8.201665e+001  5.865722e+001
      vertex  1.270291e+001 -8.149997e+001  5.889511e+001
    endloop
  endfacet
  facet normal -3.856049e-006 -4.182247e-001  9.083437e-001
    outer loop
      vertex  1.000000e+001 -8.304265e+001  5.818481e+001
      vertex  1.270291e+001 -8.149997e+001  5.889511e+001
      vertex  1.292478e+001 -8.092400e+001  5.916031e+001
    endloop
  endfacet
  facet normal -1.274576e-006 -4.182277e-001  9.083422e-001
    outer loop
      vertex  1.000000e+001 -8.304265e+001  5.818481e+001
      vertex  1.292478e+001 -8.092400e+001  5.916031e+001
      vertex  1.300000e+001 -8.031762e+001  5.943950e+001
    endloop
  endfacet
  facet normal -7.947298e-008 -4.182287e-001  9.083418e-001
    outer loop
      vertex  1.000000e+001 -8.304265e+001  5.818481e+001
      vertex  1.300000e+001 -8.031762e+001  5.943950e+001
      vertex  1.300000e+001 -7.850094e+001  6.027596e+001
    endloop
  endfacet
  facet normal -1.114779e-006 -4.182283e-001  9.083419e-001
    outer loop
      vertex  1.000000e+001 -8.304265e+001  5.818481e+001
      vertex  1.300000e+001 -7.850094e+001  6.027596e+001
      vertex  2.500000e+001 -5.722581e+001  7.007169e+001
    endloop
  endfacet
  facet normal  0.000000e+000 -4.182287e-001  9.083418e-001
    outer loop
      vertex  1.000000e+001 -8.304265e+001  5.818481e+001
      vertex  2.500000e+001 -5.722581e+001  7.007169e+001
      vertex  2.000000e+001 -5.722581e+001  7.007169e+001
    endloop
  endfacet
  facet normal  0.000000e+000 -4.182287e-001  9.083418e-001
    outer loop
      vertex  1.000000e+001 -8.304265e+001  5.818481e+001
      vertex  2.000000e+001 -5.722581e+001  7.007169e+001
      vertex -2.000000e+001 -5.722581e+001  7.007169e+001
    endloop
  endfacet
  facet normal  0.000000e+000 -4.182287e-001  9.083418e-001
    outer loop
      vertex  1.000000e+001 -8.304265e+001  5.818481e+001
      vertex -2.000000e+001 -5.722581e+001  7.007169e+001
      vertex -1.000000e+001 -8.304265e+001  5.818481e+001
    endloop
  endfacet
  facet normal  6.287547e-006 -4.182066e-001  9.083518e-001
    outer loop
      vertex -1.066756e+001 -8.297433e+001  5.821627e+001
      vertex -1.000000e+001 -8.304265e+001  5.818481e+001
      vertex -1.130165e+001 -8.277278e+001  5.830907e+001
    endloop
  endfacet
  facet normal  7.707998e-007 -4.182285e-001  9.083419e-001
    outer loop
      vertex -1.130165e+001 -8.277278e+001  5.830907e+001
      vertex -1.000000e+001 -8.304265e+001  5.818481e+001
      vertex -2.000000e+001 -5.722581e+001  7.007169e+001
    endloop
  endfacet
  facet normal  5.555657e-001  -0.000000e+000  8.314727e-001
    outer loop
      vertex -7.071068e-001 -6.218827e+001  3.686457e+001
      vertex -3.826834e-001 -6.436374e+001  3.664780e+001
      vertex -3.826834e-001 -6.218827e+001  3.664780e+001
    endloop
  endfacet
  facet normal  1.950948e-001  0.000000e+000  9.807844e-001
    outer loop
      vertex -3.826834e-001 -6.218827e+001  3.664780e+001
      vertex -3.826834e-001 -6.436374e+001  3.664780e+001
      vertex  6.123234e-017 -6.436374e+001  3.657168e+001
    endloop
  endfacet
  facet normal  1.950948e-001 -1.647388e-017  9.807844e-001
    outer loop
      vertex -3.826834e-001 -6.218827e+001  3.664780e+001
      vertex  6.123234e-017 -6.436374e+001  3.657168e+001
      vertex  2.449294e-016 -6.218827e+001  3.657168e+001
    endloop
  endfacet
  facet normal  5.555657e-001  0.000000e+000  8.314727e-001
    outer loop
      vertex -3.826834e-001 -6.436374e+001  3.664780e+001
      vertex -7.071068e-001 -6.218827e+001  3.686457e+001
      vertex -7.071068e-001 -6.436374e+001  3.686457e+001
    endloop
  endfacet
  facet normal  8.314707e-001  -0.000000e+000  5.555686e-001
    outer loop
      vertex -7.071068e-001 -6.436374e+001  3.686457e+001
      vertex -7.071068e-001 -6.218827e+001  3.686457e+001
      vertex -9.238795e-001 -6.218827e+001  3.718900e+001
    endloop
  endfacet
  facet normal  8.314707e-001  0.000000e+000  5.555686e-001
    outer loop
      vertex -7.071068e-001 -6.436374e+001  3.686457e+001
      vertex -9.238795e-001 -6.218827e+001  3.718900e+001
      vertex -9.238795e-001 -6.436374e+001  3.718900e+001
    endloop
  endfacet
  facet normal  9.807853e-001  -0.000000e+000  1.950907e-001
    outer loop
      vertex -9.238795e-001 -6.436374e+001  3.718900e+001
      vertex -9.238795e-001 -6.218827e+001  3.718900e+001
      vertex -1.000000e+000 -6.218827e+001  3.757168e+001
    endloop
  endfacet
  facet normal  9.807853e-001  0.000000e+000  1.950907e-001
    outer loop
      vertex -9.238795e-001 -6.436374e+001  3.718900e+001
      vertex -1.000000e+000 -6.218827e+001  3.757168e+001
      vertex -1.000000e+000 -6.436374e+001  3.757168e+001
    endloop
  endfacet
  facet normal -8.314707e-001  0.000000e+000  5.555686e-001
    outer loop
      vertex  7.071068e-001 -6.218827e+001  3.686457e+001
      vertex  9.238795e-001 -6.436374e+001  3.718900e+001
      vertex  9.238795e-001 -6.218827e+001  3.718900e+001
    endloop
  endfacet
  facet normal -9.807853e-001  0.000000e+000  1.950907e-001
    outer loop
      vertex  9.238795e-001 -6.218827e+001  3.718900e+001
      vertex  9.238795e-001 -6.436374e+001  3.718900e+001
      vertex  1.000000e+000 -6.436374e+001  3.757168e+001
    endloop
  endfacet
  facet normal -9.807853e-001  0.000000e+000  1.950907e-001
    outer loop
      vertex  9.238795e-001 -6.218827e+001  3.718900e+001
      vertex  1.000000e+000 -6.436374e+001  3.757168e+001
      vertex  1.000000e+000 -6.218827e+001  3.757168e+001
    endloop
  endfacet
  facet normal -8.314707e-001  0.000000e+000  5.555686e-001
    outer loop
      vertex  9.238795e-001 -6.436374e+001  3.718900e+001
      vertex  7.071068e-001 -6.218827e+001  3.686457e+001
      vertex  7.071068e-001 -6.436374e+001  3.686457e+001
    endloop
  endfacet
  facet normal -5.555657e-001  0.000000e+000  8.314727e-001
    outer loop
      vertex  7.071068e-001 -6.436374e+001  3.686457e+001
      vertex  7.071068e-001 -6.218827e+001  3.686457e+001
      vertex  3.826834e-001 -6.218827e+001  3.664780e+001
    endloop
  endfacet
  facet normal -5.555657e-001  0.000000e+000  8.314727e-001
    outer loop
      vertex  7.071068e-001 -6.436374e+001  3.686457e+001
      vertex  3.826834e-001 -6.218827e+001  3.664780e+001
      vertex  3.826834e-001 -6.436374e+001  3.664780e+001
    endloop
  endfacet
  facet normal -1.950948e-001  0.000000e+000  9.807844e-001
    outer loop
      vertex  3.826834e-001 -6.436374e+001  3.664780e+001
      vertex  3.826834e-001 -6.218827e+001  3.664780e+001
      vertex  2.449294e-016 -6.218827e+001  3.657168e+001
    endloop
  endfacet
  facet normal -1.950948e-001  1.647388e-017  9.807844e-001
    outer loop
      vertex  3.826834e-001 -6.436374e+001  3.664780e+001
      vertex  2.449294e-016 -6.218827e+001  3.657168e+001
      vertex  6.123234e-017 -6.436374e+001  3.657168e+001
    endloop
  endfacet
  facet normal  -0.000000e+000 -8.000001e-001 -6.000000e-001
    outer loop
      vertex  1.400000e+001 -1.768828e+001  6.807169e+001
      vertex  2.000000e+001 -1.768828e+001  6.807169e+001
      vertex  1.400000e+001 -2.068828e+001  7.207169e+001
    endloop
  endfacet
  facet normal  0.000000e+000 -8.000001e-001 -6.000000e-001
    outer loop
      vertex  1.400000e+001 -2.068828e+001  7.207169e+001
      vertex  2.000000e+001 -1.768828e+001  6.807169e+001
      vertex  2.000000e+001 -2.068828e+001  7.207169e+001
    endloop
  endfacet
  facet normal  0.000000e+000  0.000000e+000 -1.000000e+000
    outer loop
      vertex  2.000000e+001 -2.068828e+001  7.207169e+001
      vertex  2.000000e+001 -3.768827e+001  7.207169e+001
      vertex  1.400000e+001 -2.068828e+001  7.207169e+001
    endloop
  endfacet
  facet normal  0.000000e+000  0.000000e+000 -1.000000e+000
    outer loop
      vertex  1.400000e+001 -2.068828e+001  7.207169e+001
      vertex  2.000000e+001 -3.768827e+001  7.207169e+001
      vertex  1.400000e+001 -3.768827e+001  7.207169e+001
    endloop
  endfacet
  facet normal  0.000000e+000  8.000001e-001 -6.000000e-001
    outer loop
      vertex  1.400000e+001 -3.768827e+001  7.207169e+001
      vertex  2.000000e+001 -3.768827e+001  7.207169e+001
      vertex  1.400000e+001 -4.068827e+001  6.807169e+001
    endloop
  endfacet
  facet normal  0.000000e+000  8.000001e-001 -6.000000e-001
    outer loop
      vertex  1.400000e+001 -4.068827e+001  6.807169e+001
      vertex  2.000000e+001 -3.768827e+001  7.207169e+001
      vertex  2.000000e+001 -4.068827e+001  6.807169e+001
    endloop
  endfacet
  facet normal  1.000000e+000  0.000000e+000  0.000000e+000
    outer loop
      vertex  2.000000e+001 -1.668828e+001  7.007169e+001
      vertex  2.000000e+001 -1.968828e+001  7.407169e+001
      vertex  2.000000e+001 -2.068828e+001  7.207169e+001
    endloop
  endfacet
  facet normal  1.000000e+000  0.000000e+000  0.000000e+000
    outer loop
      vertex  2.000000e+001 -1.668828e+001  7.007169e+001
      vertex  2.000000e+001 -2.068828e+001  7.207169e+001
      vertex  2.000000e+001 -1.768828e+001  6.807169e+001
    endloop
  endfacet
  facet normal  1.000000e+000  0.000000e+000  0.000000e+000
    outer loop
      vertex  2.000000e+001 -1.668828e+001  7.007169e+001
      vertex  2.000000e+001 -1.768828e+001  6.807169e+001
      vertex  2.000000e+001 -5.688276e+000  6.807169e+001
    endloop
  endfacet
  facet normal  1.000000e+000  0.000000e+000  -0.000000e+000
    outer loop
      vertex  2.000000e+001 -1.668828e+001  7.007169e+001
      vertex  2.000000e+001 -5.688276e+000  6.807169e+001
      vertex  2.000000e+001 -5.688276e+000  7.007169e+001
    endloop
  endfacet
  facet normal  1.000000e+000  -0.000000e+000  0.000000e+000
    outer loop
      vertex  2.000000e+001 -4.168827e+001  7.007169e+001
      vertex  2.000000e+001 -5.722581e+001  7.007169e+001
      vertex  2.000000e+001 -5.722581e+001  6.807169e+001
    endloop
  endfacet
  facet normal  1.000000e+000  0.000000e+000  0.000000e+000
    outer loop
      vertex  2.000000e+001 -4.168827e+001  7.007169e+001
      vertex  2.000000e+001 -5.722581e+001  6.807169e+001
      vertex  2.000000e+001 -4.068827e+001  6.807169e+001
    endloop
  endfacet
  facet normal  1.000000e+000  0.000000e+000  -0.000000e+000
    outer loop
      vertex  2.000000e+001 -4.168827e+001  7.007169e+001
      vertex  2.000000e+001 -4.068827e+001  6.807169e+001
      vertex  2.000000e+001 -3.768827e+001  7.207169e+001
    endloop
  endfacet
  facet normal  1.000000e+000  0.000000e+000  0.000000e+000
    outer loop
      vertex  2.000000e+001 -4.168827e+001  7.007169e+001
      vertex  2.000000e+001 -3.768827e+001  7.207169e+001
      vertex  2.000000e+001 -3.868827e+001  7.407169e+001
    endloop
  endfacet
  facet normal  1.000000e+000  0.000000e+000  0.000000e+000
    outer loop
      vertex  2.000000e+001 -2.068828e+001  7.207169e+001
      vertex  2.000000e+001 -1.968828e+001  7.407169e+001
      vertex  2.000000e+001 -3.768827e+001  7.207169e+001
    endloop
  endfacet
  facet normal  1.000000e+000  0.000000e+000  -0.000000e+000
    outer loop
      vertex  2.000000e+001 -3.768827e+001  7.207169e+001
      vertex  2.000000e+001 -1.968828e+001  7.407169e+001
      vertex  2.000000e+001 -3.868827e+001  7.407169e+001
    endloop
  endfacet
  facet normal -1.000000e+000  -0.000000e+000  -0.000000e+000
    outer loop
      vertex  1.400000e+001 -1.668828e+001  7.007169e+001
      vertex  1.400000e+001 -3.615301e+000  7.007169e+001
      vertex  1.400000e+001 -3.615301e+000  6.807169e+001
    endloop
  endfacet
  facet normal -9.999999e-001  0.000000e+000  0.000000e+000
    outer loop
      vertex  1.400000e+001 -1.668828e+001  7.007169e+001
      vertex  1.400000e+001 -3.615301e+000  6.807169e+001
      vertex  1.400000e+001 -1.768828e+001  6.807169e+001
    endloop
  endfacet
  facet normal -1.000000e+000  0.000000e+000  0.000000e+000
    outer loop
      vertex  1.400000e+001 -1.668828e+001  7.007169e+001
      vertex  1.400000e+001 -1.768828e+001  6.807169e+001
      vertex  1.400000e+001 -2.068828e+001  7.207169e+001
    endloop
  endfacet
  facet normal -1.000000e+000  0.000000e+000  0.000000e+000
    outer loop
      vertex  1.400000e+001 -1.668828e+001  7.007169e+001
      vertex  1.400000e+001 -2.068828e+001  7.207169e+001
      vertex  1.400000e+001 -1.968828e+001  7.407169e+001
    endloop
  endfacet
  facet normal -1.000000e+000  0.000000e+000  -0.000000e+000
    outer loop
      vertex  1.400000e+001 -4.168827e+001  7.007169e+001
      vertex  1.400000e+001 -3.868827e+001  7.407169e+001
      vertex  1.400000e+001 -3.768827e+001  7.207169e+001
    endloop
  endfacet
  facet normal -1.000000e+000  0.000000e+000  0.000000e+000
    outer loop
      vertex  1.400000e+001 -3.768827e+001  7.207169e+001
      vertex  1.400000e+001 -3.868827e+001  7.407169e+001
      vertex  1.400000e+001 -1.968828e+001  7.407169e+001
    endloop
  endfacet
  facet normal -1.000000e+000  0.000000e+000  0.000000e+000
    outer loop
      vertex  1.400000e+001 -3.768827e+001  7.207169e+001
      vertex  1.400000e+001 -1.968828e+001  7.407169e+001
      vertex  1.400000e+001 -2.068828e+001  7.207169e+001
    endloop
  endfacet
  facet normal -9.999999e-001  -0.000000e+000  0.000000e+000
    outer loop
      vertex  1.400000e+001 -4.423878e+001  7.007169e+001
      vertex  1.400000e+001 -4.168827e+001  7.007169e+001
      vertex  1.400000e+001 -4.423878e+001  6.807169e+001
    endloop
  endfacet
  facet normal -1.000000e+000  0.000000e+000  0.000000e+000
    outer loop
      vertex  1.400000e+001 -4.423878e+001  6.807169e+001
      vertex  1.400000e+001 -4.168827e+001  7.007169e+001
      vertex  1.400000e+001 -3.768827e+001  7.207169e+001
    endloop
  endfacet
  facet normal -1.000000e+000  0.000000e+000  0.000000e+000
    outer loop
      vertex  1.400000e+001 -4.423878e+001  6.807169e+001
      vertex  1.400000e+001 -3.768827e+001  7.207169e+001
      vertex  1.400000e+001 -4.068827e+001  6.807169e+001
    endloop
  endfacet
  facet normal  0.000000e+000  2.248341e-001 -9.743971e-001
    outer loop
      vertex  2.500000e+001  1.510813e+001  4.569641e+001
      vertex  2.500000e+001  1.240063e+001  4.507168e+001
      vertex  2.300000e+001  1.510813e+001  4.569641e+001
    endloop
  endfacet
  facet normal  0.000000e+000  2.248341e-001 -9.743971e-001
    outer loop
      vertex  2.300000e+001  1.510813e+001  4.569641e+001
      vertex  2.500000e+001  1.240063e+001  4.507168e+001
      vertex  2.300000e+001  1.240063e+001  4.507168e+001
    endloop
  endfacet
  facet normal  0.000000e+000  0.000000e+000 -9.999999e-001
    outer loop
      vertex  2.500000e+001  1.240063e+001  4.507168e+001
      vertex  2.500000e+001 -5.688276e+000  4.507168e+001
      vertex  2.300000e+001  1.240063e+001  4.507168e+001
    endloop
  endfacet
  facet normal  0.000000e+000  0.000000e+000 -9.999999e-001
    outer loop
      vertex  2.300000e+001  1.240063e+001  4.507168e+001
      vertex  2.500000e+001 -5.688276e+000  4.507168e+001
      vertex  2.300000e+001 -5.688276e+000  4.507168e+001
    endloop
  endfacet
  facet normal  9.994645e-001 -3.272251e-002  0.000000e+000
    outer loop
      vertex  1.012500e+001  3.131172e+001  7.007169e+001
      vertex  1.012500e+001  3.131172e+001  6.982814e+001
      vertex  1.013035e+001  3.147525e+001  7.007169e+001
    endloop
  endfacet
  facet normal -9.994645e-001 -3.272251e-002  0.000000e+000
    outer loop
      vertex  1.512500e+001  3.131172e+001  7.007169e+001
      vertex  1.511965e+001  3.147525e+001  7.007169e+001
      vertex  1.512500e+001  3.131172e+001  6.982814e+001
    endloop
  endfacet
  facet normal  1.000000e+000  -0.000000e+000  0.000000e+000
    outer loop
      vertex  2.500000e+001  3.147525e+001  7.007169e+001
      vertex  2.500000e+001 -5.688276e+000  7.007169e+001
      vertex  2.500000e+001  1.510813e+001  4.569641e+001
    endloop
  endfacet
  facet normal  1.000000e+000  0.000000e+000  0.000000e+000
    outer loop
      vertex  2.500000e+001  1.510813e+001  4.569641e+001
      vertex  2.500000e+001 -5.688276e+000  7.007169e+001
      vertex  2.500000e+001 -5.688276e+000  4.507168e+001
    endloop
  endfacet
  facet normal  1.000000e+000  0.000000e+000  0.000000e+000
    outer loop
      vertex  2.500000e+001  1.510813e+001  4.569641e+001
      vertex  2.500000e+001 -5.688276e+000  4.507168e+001
      vertex  2.500000e+001  1.240063e+001  4.507168e+001
    endloop
  endfacet
  facet normal -1.000000e+000  0.000000e+000  0.000000e+000
    outer loop
      vertex  1.000000e+001 -6.218827e+001  2.957168e+001
      vertex  1.000000e+001 -6.218827e+001  4.827879e+001
      vertex  1.000000e+001 -6.000000e+001  2.957168e+001
    endloop
  endfacet
  facet normal -1.000000e+000  0.000000e+000  0.000000e+000
    outer loop
      vertex  1.000000e+001 -6.000000e+001  2.957168e+001
      vertex  1.000000e+001 -6.218827e+001  4.827879e+001
      vertex  1.000000e+001 -6.000000e+001  5.046706e+001
    endloop
  endfacet
  facet normal -9.999999e-001  0.000000e+000  0.000000e+000
    outer loop
      vertex  2.300000e+001  1.510813e+001  4.569641e+001
      vertex  2.300000e+001  1.240063e+001  4.507168e+001
      vertex  2.300000e+001  3.013232e+001  6.807169e+001
    endloop
  endfacet
  facet normal -9.999999e-001  0.000000e+000  0.000000e+000
    outer loop
      vertex  2.300000e+001  3.013232e+001  6.807169e+001
      vertex  2.300000e+001  1.240063e+001  4.507168e+001
      vertex  2.300000e+001 -5.688276e+000  4.507168e+001
    endloop
  endfacet
  facet normal -1.000000e+000  0.000000e+000  0.000000e+000
    outer loop
      vertex  2.300000e+001  3.013232e+001  6.807169e+001
      vertex  2.300000e+001 -5.688276e+000  4.507168e+001
      vertex  2.300000e+001 -5.688276e+000  6.807169e+001
    endloop
  endfacet
  facet normal  3.111394e-006  8.302132e-001 -5.574460e-001
    outer loop
      vertex  1.511965e+001  3.147525e+001  7.007169e+001
      vertex  2.300000e+001  3.013232e+001  6.807169e+001
      vertex  1.512500e+001  3.131172e+001  6.982814e+001
    endloop
  endfacet
  facet normal  5.022672e-007  8.302077e-001 -5.574540e-001
    outer loop
      vertex  2.300000e+001  3.013232e+001  6.807169e+001
      vertex  1.508895e+001  3.088870e+001  6.919814e+001
      vertex  1.512500e+001  3.131172e+001  6.982814e+001
    endloop
  endfacet
  facet normal  0.000000e+000  8.302040e-001 -5.574598e-001
    outer loop
      vertex  1.482932e+001  3.013232e+001  6.807169e+001
      vertex  1.497892e+001  3.046965e+001  6.857406e+001
      vertex  2.300000e+001  3.013232e+001  6.807169e+001
    endloop
  endfacet
  facet normal  5.328718e-007  8.302078e-001 -5.574540e-001
    outer loop
      vertex  1.497892e+001  3.046965e+001  6.857406e+001
      vertex  1.508895e+001  3.088870e+001  6.919814e+001
      vertex  2.300000e+001  3.013232e+001  6.807169e+001
    endloop
  endfacet
  facet normal  0.000000e+000  8.302075e-001 -5.574544e-001
    outer loop
      vertex  2.300000e+001  3.013232e+001  6.807169e+001
      vertex  1.511965e+001  3.147525e+001  7.007169e+001
      vertex  2.500000e+001  3.147525e+001  7.007169e+001
    endloop
  endfacet
  facet normal  3.248159e-007  8.302074e-001 -5.574547e-001
    outer loop
      vertex  2.300000e+001  3.013232e+001  6.807169e+001
      vertex  2.500000e+001  3.147525e+001  7.007169e+001
      vertex  2.500000e+001  1.510813e+001  4.569641e+001
    endloop
  endfacet
  facet normal  0.000000e+000  8.302073e-001 -5.574547e-001
    outer loop
      vertex  2.300000e+001  3.013232e+001  6.807169e+001
      vertex  2.500000e+001  1.510813e+001  4.569641e+001
      vertex  2.300000e+001  1.510813e+001  4.569641e+001
    endloop
  endfacet
  facet normal  9.867125e-001  1.623455e-001  6.525824e-003
    outer loop
      vertex  1.021962e+001  3.063043e+001  6.881350e+001
      vertex  1.013100e+001  3.113866e+001  6.957040e+001
      vertex  1.019765e+001  3.071343e+001  7.007169e+001
    endloop
  endfacet
  facet normal  9.937292e-001  1.021509e-001 -4.546927e-002
    outer loop
      vertex  1.019765e+001  3.071343e+001  7.007169e+001
      vertex  1.013100e+001  3.113866e+001  6.957040e+001
      vertex  1.012500e+001  3.131172e+001  6.982814e+001
    endloop
  endfacet
  facet normal  9.927089e-001  1.205362e-001  -0.000000e+000
    outer loop
      vertex  1.019765e+001  3.071343e+001  7.007169e+001
      vertex  1.012500e+001  3.131172e+001  6.982814e+001
      vertex  1.012500e+001  3.131172e+001  7.007169e+001
    endloop
  endfacet
  facet normal -9.700627e-001  2.427210e-001  8.059715e-003
    outer loop
      vertex  1.508895e+001  3.088870e+001  6.919814e+001
      vertex  1.497892e+001  3.046965e+001  6.857406e+001
      vertex  1.505235e+001  3.071343e+001  7.007169e+001
    endloop
  endfacet
  facet normal -8.980123e-001  4.391135e-001 -2.744172e-002
    outer loop
      vertex  1.505235e+001  3.071343e+001  7.007169e+001
      vertex  1.497892e+001  3.046965e+001  6.857406e+001
      vertex  1.482932e+001  3.013232e+001  6.807169e+001
    endloop
  endfacet
  facet normal -9.350154e-001  3.546049e-001  1.239172e-003
    outer loop
      vertex  1.505235e+001  3.071343e+001  7.007169e+001
      vertex  1.482932e+001  3.013232e+001  6.807169e+001
      vertex  1.483864e+001  3.014992e+001  7.007169e+001
    endloop
  endfacet
  facet normal -8.189408e-001  5.738767e-001 -1.230518e-003
    outer loop
      vertex  1.483864e+001  3.014992e+001  7.007169e+001
      vertex  1.482932e+001  3.013232e+001  6.807169e+001
      vertex  1.448597e+001  2.964236e+001  6.807169e+001
    endloop
  endfacet
  facet normal -8.229832e-001  5.680649e-001  9.571962e-004
    outer loop
      vertex  1.483864e+001  3.014992e+001  7.007169e+001
      vertex  1.448597e+001  2.964236e+001  6.807169e+001
      vertex  1.449628e+001  2.965392e+001  7.007169e+001
    endloop
  endfacet
  facet normal -6.591395e-001  7.520200e-001 -9.500887e-004
    outer loop
      vertex  1.449628e+001  2.965392e+001  7.007169e+001
      vertex  1.448597e+001  2.964236e+001  6.807169e+001
      vertex  1.403605e+001  2.924800e+001  6.807169e+001
    endloop
  endfacet
  facet normal -6.631222e-001  7.485107e-001  6.786492e-004
    outer loop
      vertex  1.449628e+001  2.965392e+001  7.007169e+001
      vertex  1.403605e+001  2.924800e+001  6.807169e+001
      vertex  1.404516e+001  2.925426e+001  7.007169e+001
    endloop
  endfacet
  facet normal -4.615867e-001  8.870949e-001 -6.740904e-004
    outer loop
      vertex  1.404516e+001  2.925426e+001  7.007169e+001
      vertex  1.403605e+001  2.924800e+001  6.807169e+001
      vertex  1.350530e+001  2.897184e+001  6.807169e+001
    endloop
  endfacet
  facet normal -4.647225e-001  8.854564e-001  4.037170e-004
    outer loop
      vertex  1.404516e+001  2.925426e+001  7.007169e+001
      vertex  1.350530e+001  2.897184e+001  6.807169e+001
      vertex  1.351151e+001  2.897418e+001  7.007169e+001
    endloop
  endfacet
  facet normal -2.375978e-001  9.713635e-001 -4.019881e-004
    outer loop
      vertex  1.351151e+001  2.897418e+001  7.007169e+001
      vertex  1.350530e+001  2.897184e+001  6.807169e+001
      vertex  1.292415e+001  2.882969e+001  6.807169e+001
    endloop
  endfacet
  facet normal -2.393163e-001  9.709417e-001  1.331719e-004
    outer loop
      vertex  1.351151e+001  2.897418e+001  7.007169e+001
      vertex  1.292415e+001  2.882969e+001  6.807169e+001
      vertex  1.292634e+001  2.882995e+001  7.007169e+001
    endloop
  endfacet
  facet normal  0.000000e+000  1.000000e+000 -1.335144e-004
    outer loop
      vertex  1.292634e+001  2.882995e+001  7.007169e+001
      vertex  1.292415e+001  2.882969e+001  6.807169e+001
      vertex  1.232585e+001  2.882969e+001  6.807169e+001
    endloop
  endfacet
  facet normal  0.000000e+000  1.000000e+000 -1.335144e-004
    outer loop
      vertex  1.292634e+001  2.882995e+001  7.007169e+001
      vertex  1.232585e+001  2.882969e+001  6.807169e+001
      vertex  1.232366e+001  2.882995e+001  7.007169e+001
    endloop
  endfacet
  facet normal  2.375979e-001  9.713637e-001  1.312285e-004
    outer loop
      vertex  1.232366e+001  2.882995e+001  7.007169e+001
      vertex  1.232585e+001  2.882969e+001  6.807169e+001
      vertex  1.174470e+001  2.897184e+001  6.807169e+001
    endloop
  endfacet
  facet normal  2.393163e-001  9.709417e-001 -3.961595e-004
    outer loop
      vertex  1.232366e+001  2.882995e+001  7.007169e+001
      vertex  1.174470e+001  2.897184e+001  6.807169e+001
      vertex  1.173849e+001  2.897418e+001  7.007169e+001
    endloop
  endfacet
  facet normal  4.615867e-001  8.870949e-001  3.920625e-004
    outer loop
      vertex  1.173849e+001  2.897418e+001  7.007169e+001
      vertex  1.174470e+001  2.897184e+001  6.807169e+001
      vertex  1.121395e+001  2.924800e+001  6.807169e+001
    endloop
  endfacet
  facet normal  4.647224e-001  8.854562e-001 -6.546642e-004
    outer loop
      vertex  1.173849e+001  2.897418e+001  7.007169e+001
      vertex  1.121395e+001  2.924800e+001  6.807169e+001
      vertex  1.120484e+001  2.925426e+001  7.007169e+001
    endloop
  endfacet
  facet normal  6.591397e-001  7.520202e-001  6.495030e-004
    outer loop
      vertex  1.120484e+001  2.925426e+001  7.007169e+001
      vertex  1.121395e+001  2.924800e+001  6.807169e+001
      vertex  1.076403e+001  2.964236e+001  6.807169e+001
    endloop
  endfacet
  facet normal  6.631222e-001  7.485107e-001 -9.092874e-004
    outer loop
      vertex  1.120484e+001  2.925426e+001  7.007169e+001
      vertex  1.076403e+001  2.964236e+001  6.807169e+001
      vertex  1.075372e+001  2.965392e+001  7.007169e+001
    endloop
  endfacet
  facet normal  8.189411e-001  5.738769e-001  9.027815e-004
    outer loop
      vertex  1.075372e+001  2.965392e+001  7.007169e+001
      vertex  1.076403e+001  2.964236e+001  6.807169e+001
      vertex  1.042068e+001  3.013232e+001  6.807169e+001
    endloop
  endfacet
  facet normal  8.229830e-001  5.680648e-001 -1.160557e-003
    outer loop
      vertex  1.075372e+001  2.965392e+001  7.007169e+001
      vertex  1.042068e+001  3.013232e+001  6.807169e+001
      vertex  1.041136e+001  3.014992e+001  7.007169e+001
    endloop
  endfacet
  facet normal  9.278442e-001  3.729667e-001  1.044242e-003
    outer loop
      vertex  1.041136e+001  3.014992e+001  7.007169e+001
      vertex  1.042068e+001  3.013232e+001  6.807169e+001
      vertex  1.021962e+001  3.063043e+001  6.881350e+001
    endloop
  endfacet
  facet normal  9.349928e-001  3.545963e-001 -7.060931e-003
    outer loop
      vertex  1.041136e+001  3.014992e+001  7.007169e+001
      vertex  1.021962e+001  3.063043e+001  6.881350e+001
      vertex  1.019765e+001  3.071343e+001  7.007169e+001
    endloop
  endfacet
  facet normal -9.934250e-001  1.129031e-001 -1.896496e-002
    outer loop
      vertex  1.508895e+001  3.088870e+001  6.919814e+001
      vertex  1.505235e+001  3.071343e+001  7.007169e+001
      vertex  1.512500e+001  3.131172e+001  6.982814e+001
    endloop
  endfacet
  facet normal -9.927089e-001  1.205362e-001  0.000000e+000
    outer loop
      vertex  1.512500e+001  3.131172e+001  6.982814e+001
      vertex  1.505235e+001  3.071343e+001  7.007169e+001
      vertex  1.512500e+001  3.131172e+001  7.007169e+001
    endloop
  endfacet
  facet normal  0.000000e+000  8.302132e-001 -5.574459e-001
    outer loop
      vertex  1.012500e+001  3.131172e+001  6.982814e+001
      vertex  5.000000e+000  3.147525e+001  7.007169e+001
      vertex  1.013035e+001  3.147525e+001  7.007169e+001
    endloop
  endfacet
  facet normal -5.841553e-007  8.302075e-001 -5.574544e-001
    outer loop
      vertex  5.000000e+000  3.013232e+001  6.807169e+001
      vertex  5.000000e+000  3.147525e+001  7.007169e+001
      vertex  1.012500e+001  3.131172e+001  6.982814e+001
    endloop
  endfacet
  facet normal -1.783981e-006  8.302091e-001 -5.574520e-001
    outer loop
      vertex  5.000000e+000  3.013232e+001  6.807169e+001
      vertex  1.012500e+001  3.131172e+001  6.982814e+001
      vertex  1.013100e+001  3.113866e+001  6.957040e+001
    endloop
  endfacet
  facet normal -1.848032e-007  8.302066e-001 -5.574558e-001
    outer loop
      vertex  5.000000e+000  3.013232e+001  6.807169e+001
      vertex  1.013100e+001  3.113866e+001  6.957040e+001
      vertex  1.021962e+001  3.063043e+001  6.881350e+001
    endloop
  endfacet
  facet normal  0.000000e+000  8.302060e-001 -5.574568e-001
    outer loop
      vertex  5.000000e+000  3.013232e+001  6.807169e+001
      vertex  1.021962e+001  3.063043e+001  6.881350e+001
      vertex  1.042068e+001  3.013232e+001  6.807169e+001
    endloop
  endfacet
  facet normal -1.950902e-001 -9.807853e-001  0.000000e+000
    outer loop
      vertex  1.362500e+001 -1.688276e+000  7.007169e+001
      vertex  1.400768e+001 -1.764397e+000  6.807169e+001
      vertex  1.400768e+001 -1.764397e+000  7.007169e+001
    endloop
  endfacet
  facet normal -5.555707e-001 -8.314694e-001  -0.000000e+000
    outer loop
      vertex  1.400768e+001 -1.764397e+000  7.007169e+001
      vertex  1.400768e+001 -1.764397e+000  6.807169e+001
      vertex  1.433211e+001 -1.981169e+000  6.807169e+001
    endloop
  endfacet
  facet normal -5.555707e-001 -8.314694e-001  0.000000e+000
    outer loop
      vertex  1.400768e+001 -1.764397e+000  7.007169e+001
      vertex  1.433211e+001 -1.981169e+000  6.807169e+001
      vertex  1.433211e+001 -1.981169e+000  7.007169e+001
    endloop
  endfacet
  facet normal -8.314692e-001 -5.555708e-001  -0.000000e+000
    outer loop
      vertex  1.433211e+001 -1.981169e+000  7.007169e+001
      vertex  1.433211e+001 -1.981169e+000  6.807169e+001
      vertex  1.454888e+001 -2.305593e+000  6.807169e+001
    endloop
  endfacet
  facet normal -8.314692e-001 -5.555708e-001  0.000000e+000
    outer loop
      vertex  1.433211e+001 -1.981169e+000  7.007169e+001
      vertex  1.454888e+001 -2.305593e+000  6.807169e+001
      vertex  1.454888e+001 -2.305593e+000  7.007169e+001
    endloop
  endfacet
  facet normal -9.807854e-001 -1.950901e-001  -0.000000e+000
    outer loop
      vertex  1.454888e+001 -2.305593e+000  7.007169e+001
      vertex  1.454888e+001 -2.305593e+000  6.807169e+001
      vertex  1.462500e+001 -2.688276e+000  6.807169e+001
    endloop
  endfacet
  facet normal -9.807854e-001 -1.950901e-001  0.000000e+000
    outer loop
      vertex  1.454888e+001 -2.305593e+000  7.007169e+001
      vertex  1.462500e+001 -2.688276e+000  6.807169e+001
      vertex  1.462500e+001 -2.688276e+000  7.007169e+001
    endloop
  endfacet
  facet normal -1.950902e-001 -9.807853e-001  -0.000000e+000
    outer loop
      vertex  1.400768e+001 -1.764397e+000  6.807169e+001
      vertex  1.362500e+001 -1.688276e+000  7.007169e+001
      vertex  1.362500e+001 -1.688276e+000  6.807169e+001
    endloop
  endfacet
  facet normal  1.950902e-001 -9.807853e-001  0.000000e+000
    outer loop
      vertex  1.362500e+001 -1.688276e+000  6.807169e+001
      vertex  1.362500e+001 -1.688276e+000  7.007169e+001
      vertex  1.324232e+001 -1.764397e+000  7.007169e+001
    endloop
  endfacet
  facet normal  1.950902e-001 -9.807853e-001  0.000000e+000
    outer loop
      vertex  1.362500e+001 -1.688276e+000  6.807169e+001
      vertex  1.324232e+001 -1.764397e+000  7.007169e+001
      vertex  1.324232e+001 -1.764397e+000  6.807169e+001
    endloop
  endfacet
  facet normal  5.555707e-001 -8.314694e-001  0.000000e+000
    outer loop
      vertex  1.324232e+001 -1.764397e+000  6.807169e+001
      vertex  1.324232e+001 -1.764397e+000  7.007169e+001
      vertex  1.291789e+001 -1.981169e+000  7.007169e+001
    endloop
  endfacet
  facet normal  5.555707e-001 -8.314694e-001  0.000000e+000
    outer loop
      vertex  1.324232e+001 -1.764397e+000  6.807169e+001
      vertex  1.291789e+001 -1.981169e+000  7.007169e+001
      vertex  1.291789e+001 -1.981169e+000  6.807169e+001
    endloop
  endfacet
  facet normal  8.314692e-001 -5.555708e-001  0.000000e+000
    outer loop
      vertex  1.291789e+001 -1.981169e+000  6.807169e+001
      vertex  1.291789e+001 -1.981169e+000  7.007169e+001
      vertex  1.270112e+001 -2.305593e+000  7.007169e+001
    endloop
  endfacet
  facet normal  8.314692e-001 -5.555708e-001  0.000000e+000
    outer loop
      vertex  1.291789e+001 -1.981169e+000  6.807169e+001
      vertex  1.270112e+001 -2.305593e+000  7.007169e+001
      vertex  1.270112e+001 -2.305593e+000  6.807169e+001
    endloop
  endfacet
  facet normal  9.807854e-001 -1.950901e-001  0.000000e+000
    outer loop
      vertex  1.270112e+001 -2.305593e+000  6.807169e+001
      vertex  1.270112e+001 -2.305593e+000  7.007169e+001
      vertex  1.262500e+001 -2.688276e+000  7.007169e+001
    endloop
  endfacet
  facet normal  9.807854e-001 -1.950901e-001  0.000000e+000
    outer loop
      vertex  1.270112e+001 -2.305593e+000  6.807169e+001
      vertex  1.262500e+001 -2.688276e+000  7.007169e+001
      vertex  1.262500e+001 -2.688276e+000  6.807169e+001
    endloop
  endfacet
  facet normal -5.498043e-001  8.352935e-001  0.000000e+000
    outer loop
      vertex  1.432818e+001 -3.399286e+000  7.007169e+001
      vertex  1.400000e+001 -3.615301e+000  6.807169e+001
      vertex  1.400000e+001 -3.615301e+000  7.007169e+001
    endloop
  endfacet
  facet normal -5.498043e-001  8.352935e-001  0.000000e+000
    outer loop
      vertex  1.400000e+001 -3.615301e+000  6.807169e+001
      vertex  1.432818e+001 -3.399286e+000  7.007169e+001
      vertex  1.432818e+001 -3.399286e+000  6.807169e+001
    endloop
  endfacet
  facet normal -8.291560e-001  5.590173e-001  0.000000e+000
    outer loop
      vertex  1.432818e+001 -3.399286e+000  6.807169e+001
      vertex  1.432818e+001 -3.399286e+000  7.007169e+001
      vertex  1.454782e+001 -3.073515e+000  7.007169e+001
    endloop
  endfacet
  facet normal -8.291560e-001  5.590173e-001  0.000000e+000
    outer loop
      vertex  1.432818e+001 -3.399286e+000  6.807169e+001
      vertex  1.454782e+001 -3.073515e+000  7.007169e+001
      vertex  1.454782e+001 -3.073515e+000  6.807169e+001
    endloop
  endfacet
  facet normal -9.805145e-001  1.964466e-001  0.000000e+000
    outer loop
      vertex  1.454782e+001 -3.073515e+000  6.807169e+001
      vertex  1.454782e+001 -3.073515e+000  7.007169e+001
      vertex  1.462500e+001 -2.688276e+000  7.007169e+001
    endloop
  endfacet
  facet normal -9.805145e-001  1.964466e-001  0.000000e+000
    outer loop
      vertex  1.454782e+001 -3.073515e+000  6.807169e+001
      vertex  1.462500e+001 -2.688276e+000  7.007169e+001
      vertex  1.462500e+001 -2.688276e+000  6.807169e+001
    endloop
  endfacet
  facet normal  0.000000e+000 -1.000000e+000  0.000000e+000
    outer loop
      vertex  2.300000e+001 -5.688276e+000  4.507168e+001
      vertex  2.500000e+001 -5.688276e+000  4.507168e+001
      vertex  2.300000e+001 -5.688276e+000  6.807169e+001
    endloop
  endfacet
  facet normal  0.000000e+000 -1.000000e+000  0.000000e+000
    outer loop
      vertex  2.300000e+001 -5.688276e+000  6.807169e+001
      vertex  2.500000e+001 -5.688276e+000  4.507168e+001
      vertex  2.500000e+001 -5.688276e+000  7.007169e+001
    endloop
  endfacet
  facet normal  0.000000e+000 -1.000000e+000  0.000000e+000
    outer loop
      vertex  2.300000e+001 -5.688276e+000  6.807169e+001
      vertex  2.500000e+001 -5.688276e+000  7.007169e+001
      vertex  2.000000e+001 -5.688276e+000  6.807169e+001
    endloop
  endfacet
  facet normal  0.000000e+000 -1.000000e+000  0.000000e+000
    outer loop
      vertex  2.000000e+001 -5.688276e+000  6.807169e+001
      vertex  2.500000e+001 -5.688276e+000  7.007169e+001
      vertex  2.000000e+001 -5.688276e+000  7.007169e+001
    endloop
  endfacet
  facet normal  1.000000e+000  -0.000000e+000  -0.000000e+000
    outer loop
      vertex  1.566064e+001 -6.923919e+001  2.820538e+001
      vertex  1.566064e+001 -6.889167e+001  2.763046e+001
      vertex  1.566064e+001 -6.842493e+001  2.714729e+001
    endloop
  endfacet
  facet normal  1.000000e+000  -0.000000e+000  -0.000000e+000
    outer loop
      vertex  1.566064e+001 -6.923919e+001  2.820538e+001
      vertex  1.566064e+001 -6.842493e+001  2.714729e+001
      vertex  1.566064e+001 -6.786239e+001  2.678008e+001
    endloop
  endfacet
  facet normal  1.000000e+000  -0.000000e+000  -0.000000e+000
    outer loop
      vertex  1.566064e+001 -6.923919e+001  2.820538e+001
      vertex  1.566064e+001 -6.786239e+001  2.678008e+001
      vertex  1.566064e+001 -6.723224e+001  2.654727e+001
    endloop
  endfacet
  facet normal  9.999999e-001  -0.000000e+000  -0.000000e+000
    outer loop
      vertex  1.566064e+001 -6.923919e+001  2.820538e+001
      vertex  1.566064e+001 -6.723224e+001  2.654727e+001
      vertex  1.566064e+001 -6.656607e+001  2.646051e+001
    endloop
  endfacet
  facet normal  1.000000e+000  0.000000e+000  -0.000000e+000
    outer loop
      vertex  1.566064e+001 -6.923919e+001  2.820538e+001
      vertex  1.566064e+001 -6.656607e+001  2.646051e+001
      vertex  1.566064e+001 -6.589731e+001  2.652416e+001
    endloop
  endfacet
  facet normal  1.000000e+000  0.000000e+000  -0.000000e+000
    outer loop
      vertex  1.566064e+001 -6.923919e+001  2.820538e+001
      vertex  1.566064e+001 -6.589731e+001  2.652416e+001
      vertex  1.566064e+001 -6.525948e+001  2.673504e+001
    endloop
  endfacet
  facet normal  1.000000e+000  0.000000e+000  -0.000000e+000
    outer loop
      vertex  1.566064e+001 -6.923919e+001  2.820538e+001
      vertex  1.566064e+001 -6.525948e+001  2.673504e+001
      vertex  1.566064e+001 -6.344279e+001  2.757149e+001
    endloop
  endfacet
  facet normal  1.000000e+000  0.000000e+000  0.000000e+000
    outer loop
      vertex  1.566064e+001 -6.923919e+001  2.820538e+001
      vertex  1.566064e+001 -6.344279e+001  2.757149e+001
      vertex  1.566064e+001 -7.378381e+001  5.003094e+001
    endloop
  endfacet
  facet normal  1.000000e+000  0.000000e+000  0.000000e+000
    outer loop
      vertex  1.566064e+001 -6.923919e+001  2.820538e+001
      vertex  1.566064e+001 -7.378381e+001  5.003094e+001
      vertex  1.566064e+001 -7.707084e+001  4.521477e+001
    endloop
  endfacet
  facet normal  9.999999e-001  -0.000000e+000  0.000000e+000
    outer loop
      vertex  1.566064e+001 -7.378381e+001  5.003094e+001
      vertex  1.566064e+001 -7.560049e+001  4.919448e+001
      vertex  1.566064e+001 -7.617542e+001  4.884696e+001
    endloop
  endfacet
  facet normal  1.000000e+000  -0.000000e+000  0.000000e+000
    outer loop
      vertex  1.566064e+001 -7.378381e+001  5.003094e+001
      vertex  1.566064e+001 -7.617542e+001  4.884696e+001
      vertex  1.566064e+001 -7.665858e+001  4.838023e+001
    endloop
  endfacet
  facet normal  1.000000e+000  -0.000000e+000  0.000000e+000
    outer loop
      vertex  1.566064e+001 -7.378381e+001  5.003094e+001
      vertex  1.566064e+001 -7.665858e+001  4.838023e+001
      vertex  1.566064e+001 -7.702579e+001  4.781768e+001
    endloop
  endfacet
  facet normal  1.000000e+000  -0.000000e+000  0.000000e+000
    outer loop
      vertex  1.566064e+001 -7.378381e+001  5.003094e+001
      vertex  1.566064e+001 -7.702579e+001  4.781768e+001
      vertex  1.566064e+001 -7.725861e+001  4.718753e+001
    endloop
  endfacet
  facet normal  1.000000e+000  -0.000000e+000  0.000000e+000
    outer loop
      vertex  1.566064e+001 -7.378381e+001  5.003094e+001
      vertex  1.566064e+001 -7.725861e+001  4.718753e+001
      vertex  1.566064e+001 -7.734536e+001  4.652136e+001
    endloop
  endfacet
  facet normal  1.000000e+000  -0.000000e+000  0.000000e+000
    outer loop
      vertex  1.566064e+001 -7.378381e+001  5.003094e+001
      vertex  1.566064e+001 -7.734536e+001  4.652136e+001
      vertex  1.566064e+001 -7.728171e+001  4.585260e+001
    endloop
  endfacet
  facet normal  1.000000e+000  -0.000000e+000  0.000000e+000
    outer loop
      vertex  1.566064e+001 -7.378381e+001  5.003094e+001
      vertex  1.566064e+001 -7.728171e+001  4.585260e+001
      vertex  1.566064e+001 -7.707084e+001  4.521477e+001
    endloop
  endfacet
  facet normal  0.000000e+000 -8.558013e-001 -5.173047e-001
    outer loop
      vertex  1.566064e+001 -6.923919e+001  2.820538e+001
      vertex  1.416064e+001 -6.923919e+001  2.820538e+001
      vertex  1.566064e+001 -6.889167e+001  2.763046e+001
    endloop
  endfacet
  facet normal  -0.000000e+000 -8.558013e-001 -5.173047e-001
    outer loop
      vertex  1.566064e+001 -6.889167e+001  2.763046e+001
      vertex  1.416064e+001 -6.923919e+001  2.820538e+001
      vertex  1.416064e+001 -6.889167e+001  2.763046e+001
    endloop
  endfacet
  facet normal  0.000000e+000 -7.192351e-001 -6.947668e-001
    outer loop
      vertex  1.566064e+001 -6.889167e+001  2.763046e+001
      vertex  1.416064e+001 -6.889167e+001  2.763046e+001
      vertex  1.566064e+001 -6.842493e+001  2.714729e+001
    endloop
  endfacet
  facet normal  -0.000000e+000 -7.192351e-001 -6.947668e-001
    outer loop
      vertex  1.566064e+001 -6.842493e+001  2.714729e+001
      vertex  1.416064e+001 -6.889167e+001  2.763046e+001
      vertex  1.416064e+001 -6.842493e+001  2.714729e+001
    endloop
  endfacet
  facet normal  0.000000e+000 -5.466072e-001 -8.373891e-001
    outer loop
      vertex  1.566064e+001 -6.842493e+001  2.714729e+001
      vertex  1.416064e+001 -6.842493e+001  2.714729e+001
      vertex  1.566064e+001 -6.786239e+001  2.678008e+001
    endloop
  endfacet
  facet normal  -0.000000e+000 -5.466072e-001 -8.373891e-001
    outer loop
      vertex  1.566064e+001 -6.786239e+001  2.678008e+001
      vertex  1.416064e+001 -6.842493e+001  2.714729e+001
      vertex  1.416064e+001 -6.786239e+001  2.678008e+001
    endloop
  endfacet
  facet normal  0.000000e+000 -3.465628e-001 -9.380267e-001
    outer loop
      vertex  1.566064e+001 -6.786239e+001  2.678008e+001
      vertex  1.416064e+001 -6.786239e+001  2.678008e+001
      vertex  1.566064e+001 -6.723224e+001  2.654727e+001
    endloop
  endfacet
  facet normal  -0.000000e+000 -3.465628e-001 -9.380267e-001
    outer loop
      vertex  1.566064e+001 -6.723224e+001  2.654727e+001
      vertex  1.416064e+001 -6.786239e+001  2.678008e+001
      vertex  1.416064e+001 -6.723224e+001  2.654727e+001
    endloop
  endfacet
  facet normal  0.000000e+000 -1.291433e-001 -9.916260e-001
    outer loop
      vertex  1.566064e+001 -6.723224e+001  2.654727e+001
      vertex  1.416064e+001 -6.723224e+001  2.654727e+001
      vertex  1.566064e+001 -6.656607e+001  2.646051e+001
    endloop
  endfacet
  facet normal  -0.000000e+000 -1.291433e-001 -9.916260e-001
    outer loop
      vertex  1.566064e+001 -6.656607e+001  2.646051e+001
      vertex  1.416064e+001 -6.723224e+001  2.654727e+001
      vertex  1.416064e+001 -6.656607e+001  2.646051e+001
    endloop
  endfacet
  facet normal  0.000000e+000  9.475349e-002 -9.955007e-001
    outer loop
      vertex  1.566064e+001 -6.656607e+001  2.646051e+001
      vertex  1.416064e+001 -6.656607e+001  2.646051e+001
      vertex  1.566064e+001 -6.589731e+001  2.652416e+001
    endloop
  endfacet
  facet normal  0.000000e+000  9.475349e-002 -9.955007e-001
    outer loop
      vertex  1.566064e+001 -6.589731e+001  2.652416e+001
      vertex  1.416064e+001 -6.656607e+001  2.646051e+001
      vertex  1.416064e+001 -6.589731e+001  2.652416e+001
    endloop
  endfacet
  facet normal  0.000000e+000  3.138981e-001 -9.494566e-001
    outer loop
      vertex  1.566064e+001 -6.589731e+001  2.652416e+001
      vertex  1.416064e+001 -6.589731e+001  2.652416e+001
      vertex  1.566064e+001 -6.525948e+001  2.673504e+001
    endloop
  endfacet
  facet normal  0.000000e+000  3.138981e-001 -9.494566e-001
    outer loop
      vertex  1.566064e+001 -6.525948e+001  2.673504e+001
      vertex  1.416064e+001 -6.589731e+001  2.652416e+001
      vertex  1.416064e+001 -6.525948e+001  2.673504e+001
    endloop
  endfacet
  facet normal  -0.000000e+000 -9.083418e-001 -4.182287e-001
    outer loop
      vertex  1.416064e+001 -6.923919e+001  2.820538e+001
      vertex  1.566064e+001 -6.923919e+001  2.820538e+001
      vertex  1.416064e+001 -7.707084e+001  4.521477e+001
    endloop
  endfacet
  facet normal  0.000000e+000 -9.083418e-001 -4.182287e-001
    outer loop
      vertex  1.416064e+001 -7.707084e+001  4.521477e+001
      vertex  1.566064e+001 -6.923919e+001  2.820538e+001
      vertex  1.566064e+001 -7.707084e+001  4.521477e+001
    endloop
  endfacet
  facet normal  -0.000000e+000 -9.494584e-001 -3.138930e-001
    outer loop
      vertex  1.416064e+001 -7.707084e+001  4.521477e+001
      vertex  1.566064e+001 -7.707084e+001  4.521477e+001
      vertex  1.416064e+001 -7.728171e+001  4.585260e+001
    endloop
  endfacet
  facet normal  0.000000e+000 -9.494584e-001 -3.138930e-001
    outer loop
      vertex  1.416064e+001 -7.728171e+001  4.585260e+001
      vertex  1.566064e+001 -7.707084e+001  4.521477e+001
      vertex  1.566064e+001 -7.728171e+001  4.585260e+001
    endloop
  endfacet
  facet normal  -0.000000e+000 -9.955010e-001 -9.475067e-002
    outer loop
      vertex  1.416064e+001 -7.728171e+001  4.585260e+001
      vertex  1.566064e+001 -7.728171e+001  4.585260e+001
      vertex  1.416064e+001 -7.734536e+001  4.652136e+001
    endloop
  endfacet
  facet normal  0.000000e+000 -9.955010e-001 -9.475067e-002
    outer loop
      vertex  1.416064e+001 -7.734536e+001  4.652136e+001
      vertex  1.566064e+001 -7.728171e+001  4.585260e+001
      vertex  1.566064e+001 -7.734536e+001  4.652136e+001
    endloop
  endfacet
  facet normal  0.000000e+000 -9.916266e-001  1.291384e-001
    outer loop
      vertex  1.416064e+001 -7.734536e+001  4.652136e+001
      vertex  1.566064e+001 -7.734536e+001  4.652136e+001
      vertex  1.416064e+001 -7.725861e+001  4.718753e+001
    endloop
  endfacet
  facet normal  0.000000e+000 -9.916266e-001  1.291384e-001
    outer loop
      vertex  1.416064e+001 -7.725861e+001  4.718753e+001
      vertex  1.566064e+001 -7.734536e+001  4.652136e+001
      vertex  1.566064e+001 -7.725861e+001  4.718753e+001
    endloop
  endfacet
  facet normal  0.000000e+000 -9.380256e-001  3.465660e-001
    outer loop
      vertex  1.416064e+001 -7.725861e+001  4.718753e+001
      vertex  1.566064e+001 -7.725861e+001  4.718753e+001
      vertex  1.416064e+001 -7.702579e+001  4.781768e+001
    endloop
  endfacet
  facet normal  0.000000e+000 -9.380256e-001  3.465660e-001
    outer loop
      vertex  1.416064e+001 -7.702579e+001  4.781768e+001
      vertex  1.566064e+001 -7.725861e+001  4.718753e+001
      vertex  1.566064e+001 -7.702579e+001  4.781768e+001
    endloop
  endfacet
  facet normal  0.000000e+000 -8.373909e-001  5.466047e-001
    outer loop
      vertex  1.416064e+001 -7.702579e+001  4.781768e+001
      vertex  1.566064e+001 -7.702579e+001  4.781768e+001
      vertex  1.416064e+001 -7.665858e+001  4.838023e+001
    endloop
  endfacet
  facet normal  0.000000e+000 -8.373909e-001  5.466047e-001
    outer loop
      vertex  1.416064e+001 -7.665858e+001  4.838023e+001
      vertex  1.566064e+001 -7.702579e+001  4.781768e+001
      vertex  1.566064e+001 -7.665858e+001  4.838023e+001
    endloop
  endfacet
  facet normal  0.000000e+000 -6.947666e-001  7.192352e-001
    outer loop
      vertex  1.416064e+001 -7.665858e+001  4.838023e+001
      vertex  1.566064e+001 -7.665858e+001  4.838023e+001
      vertex  1.416064e+001 -7.617542e+001  4.884696e+001
    endloop
  endfacet
  facet normal  0.000000e+000 -6.947666e-001  7.192352e-001
    outer loop
      vertex  1.416064e+001 -7.617542e+001  4.884696e+001
      vertex  1.566064e+001 -7.665858e+001  4.838023e+001
      vertex  1.566064e+001 -7.617542e+001  4.884696e+001
    endloop
  endfacet
  facet normal  0.000000e+000 -5.172980e-001  8.558054e-001
    outer loop
      vertex  1.416064e+001 -7.617542e+001  4.884696e+001
      vertex  1.566064e+001 -7.617542e+001  4.884696e+001
      vertex  1.416064e+001 -7.560049e+001  4.919448e+001
    endloop
  endfacet
  facet normal  0.000000e+000 -5.172980e-001  8.558054e-001
    outer loop
      vertex  1.416064e+001 -7.560049e+001  4.919448e+001
      vertex  1.566064e+001 -7.617542e+001  4.884696e+001
      vertex  1.566064e+001 -7.560049e+001  4.919448e+001
    endloop
  endfacet
  facet normal  0.000000e+000  4.182287e-001 -9.083418e-001
    outer loop
      vertex  1.566064e+001 -6.344279e+001  2.757149e+001
      vertex  1.566064e+001 -6.525948e+001  2.673504e+001
      vertex  1.416064e+001 -6.344279e+001  2.757149e+001
    endloop
  endfacet
  facet normal  0.000000e+000  4.182287e-001 -9.083418e-001
    outer loop
      vertex  1.416064e+001 -6.344279e+001  2.757149e+001
      vertex  1.566064e+001 -6.525948e+001  2.673504e+001
      vertex  1.416064e+001 -6.525948e+001  2.673504e+001
    endloop
  endfacet
  facet normal  1.950902e-001  0.000000e+000  9.807854e-001
    outer loop
      vertex  5.500000e+000 -6.436374e+001  3.157168e+001
      vertex  5.117317e+000 -6.218827e+001  3.164780e+001
      vertex  5.117317e+000 -6.436374e+001  3.164780e+001
    endloop
  endfacet
  facet normal  5.555725e-001  -0.000000e+000  8.314680e-001
    outer loop
      vertex  5.117317e+000 -6.436374e+001  3.164780e+001
      vertex  5.117317e+000 -6.218827e+001  3.164780e+001
      vertex  4.792893e+000 -6.218827e+001  3.186458e+001
    endloop
  endfacet
  facet normal  5.555725e-001  0.000000e+000  8.314680e-001
    outer loop
      vertex  5.117317e+000 -6.436374e+001  3.164780e+001
      vertex  4.792893e+000 -6.218827e+001  3.186458e+001
      vertex  4.792893e+000 -6.436374e+001  3.186458e+001
    endloop
  endfacet
  facet normal  8.314689e-001  -0.000000e+000  5.555713e-001
    outer loop
      vertex  4.792893e+000 -6.436374e+001  3.186458e+001
      vertex  4.792893e+000 -6.218827e+001  3.186458e+001
      vertex  4.576120e+000 -6.218827e+001  3.218900e+001
    endloop
  endfacet
  facet normal  8.314689e-001  0.000000e+000  5.555713e-001
    outer loop
      vertex  4.792893e+000 -6.436374e+001  3.186458e+001
      vertex  4.576120e+000 -6.218827e+001  3.218900e+001
      vertex  4.576120e+000 -6.436374e+001  3.218900e+001
    endloop
  endfacet
  facet normal  9.807853e-001  -0.000000e+000  1.950904e-001
    outer loop
      vertex  4.576120e+000 -6.436374e+001  3.218900e+001
      vertex  4.576120e+000 -6.218827e+001  3.218900e+001
      vertex  4.500000e+000 -6.218827e+001  3.257168e+001
    endloop
  endfacet
  facet normal  9.807853e-001  0.000000e+000  1.950904e-001
    outer loop
      vertex  4.576120e+000 -6.436374e+001  3.218900e+001
      vertex  4.500000e+000 -6.218827e+001  3.257168e+001
      vertex  4.500000e+000 -6.436374e+001  3.257168e+001
    endloop
  endfacet
  facet normal  1.950902e-001  -0.000000e+000  9.807854e-001
    outer loop
      vertex  5.117317e+000 -6.218827e+001  3.164780e+001
      vertex  5.500000e+000 -6.436374e+001  3.157168e+001
      vertex  5.500000e+000 -6.218827e+001  3.157168e+001
    endloop
  endfacet
  facet normal -1.950902e-001  0.000000e+000  9.807854e-001
    outer loop
      vertex  5.500000e+000 -6.218827e+001  3.157168e+001
      vertex  5.500000e+000 -6.436374e+001  3.157168e+001
      vertex  5.882683e+000 -6.436374e+001  3.164780e+001
    endloop
  endfacet
  facet normal -1.950902e-001  0.000000e+000  9.807854e-001
    outer loop
      vertex  5.500000e+000 -6.218827e+001  3.157168e+001
      vertex  5.882683e+000 -6.436374e+001  3.164780e+001
      vertex  5.882683e+000 -6.218827e+001  3.164780e+001
    endloop
  endfacet
  facet normal -5.555725e-001  0.000000e+000  8.314680e-001
    outer loop
      vertex  5.882683e+000 -6.218827e+001  3.164780e+001
      vertex  5.882683e+000 -6.436374e+001  3.164780e+001
      vertex  6.207107e+000 -6.436374e+001  3.186458e+001
    endloop
  endfacet
  facet normal -5.555725e-001  0.000000e+000  8.314680e-001
    outer loop
      vertex  5.882683e+000 -6.218827e+001  3.164780e+001
      vertex  6.207107e+000 -6.436374e+001  3.186458e+001
      vertex  6.207107e+000 -6.218827e+001  3.186458e+001
    endloop
  endfacet
  facet normal -8.314689e-001  0.000000e+000  5.555713e-001
    outer loop
      vertex  6.207107e+000 -6.218827e+001  3.186458e+001
      vertex  6.207107e+000 -6.436374e+001  3.186458e+001
      vertex  6.423880e+000 -6.436374e+001  3.218900e+001
    endloop
  endfacet
  facet normal -8.314689e-001  0.000000e+000  5.555713e-001
    outer loop
      vertex  6.207107e+000 -6.218827e+001  3.186458e+001
      vertex  6.423880e+000 -6.436374e+001  3.218900e+001
      vertex  6.423880e+000 -6.218827e+001  3.218900e+001
    endloop
  endfacet
  facet normal -9.807853e-001  0.000000e+000  1.950904e-001
    outer loop
      vertex  6.423880e+000 -6.218827e+001  3.218900e+001
      vertex  6.423880e+000 -6.436374e+001  3.218900e+001
      vertex  6.500000e+000 -6.436374e+001  3.257168e+001
    endloop
  endfacet
  facet normal -9.807853e-001  0.000000e+000  1.950904e-001
    outer loop
      vertex  6.423880e+000 -6.218827e+001  3.218900e+001
      vertex  6.500000e+000 -6.436374e+001  3.257168e+001
      vertex  6.500000e+000 -6.218827e+001  3.257168e+001
    endloop
  endfacet
  facet normal -1.950855e-001  -0.000000e+000 -9.807863e-001
    outer loop
      vertex  5.500000e+000 -6.436374e+001  3.357168e+001
      vertex  5.882683e+000 -6.218827e+001  3.349556e+001
      vertex  5.882683e+000 -6.436374e+001  3.349556e+001
    endloop
  endfacet
  facet normal -5.555725e-001  0.000000e+000 -8.314680e-001
    outer loop
      vertex  5.882683e+000 -6.436374e+001  3.349556e+001
      vertex  5.882683e+000 -6.218827e+001  3.349556e+001
      vertex  6.207107e+000 -6.218827e+001  3.327879e+001
    endloop
  endfacet
  facet normal -5.555725e-001  -0.000000e+000 -8.314680e-001
    outer loop
      vertex  5.882683e+000 -6.436374e+001  3.349556e+001
      vertex  6.207107e+000 -6.218827e+001  3.327879e+001
      vertex  6.207107e+000 -6.436374e+001  3.327879e+001
    endloop
  endfacet
  facet normal -8.314704e-001  0.000000e+000 -5.555691e-001
    outer loop
      vertex  6.207107e+000 -6.436374e+001  3.327879e+001
      vertex  6.207107e+000 -6.218827e+001  3.327879e+001
      vertex  6.423880e+000 -6.218827e+001  3.295436e+001
    endloop
  endfacet
  facet normal -8.314704e-001  -0.000000e+000 -5.555691e-001
    outer loop
      vertex  6.207107e+000 -6.436374e+001  3.327879e+001
      vertex  6.423880e+000 -6.218827e+001  3.295436e+001
      vertex  6.423880e+000 -6.436374e+001  3.295436e+001
    endloop
  endfacet
  facet normal -9.807853e-001  0.000000e+000 -1.950904e-001
    outer loop
      vertex  6.423880e+000 -6.436374e+001  3.295436e+001
      vertex  6.423880e+000 -6.218827e+001  3.295436e+001
      vertex  6.500000e+000 -6.218827e+001  3.257168e+001
    endloop
  endfacet
  facet normal -9.807853e-001  -0.000000e+000 -1.950904e-001
    outer loop
      vertex  6.423880e+000 -6.436374e+001  3.295436e+001
      vertex  6.500000e+000 -6.218827e+001  3.257168e+001
      vertex  6.500000e+000 -6.436374e+001  3.257168e+001
    endloop
  endfacet
  facet normal -1.950855e-001  0.000000e+000 -9.807863e-001
    outer loop
      vertex  5.882683e+000 -6.218827e+001  3.349556e+001
      vertex  5.500000e+000 -6.436374e+001  3.357168e+001
      vertex  5.500000e+000 -6.218827e+001  3.357168e+001
    endloop
  endfacet
  facet normal  1.950855e-001  0.000000e+000 -9.807863e-001
    outer loop
      vertex  5.500000e+000 -6.218827e+001  3.357168e+001
      vertex  5.500000e+000 -6.436374e+001  3.357168e+001
      vertex  5.117317e+000 -6.436374e+001  3.349556e+001
    endloop
  endfacet
  facet normal  1.950855e-001  0.000000e+000 -9.807863e-001
    outer loop
      vertex  5.500000e+000 -6.218827e+001  3.357168e+001
      vertex  5.117317e+000 -6.436374e+001  3.349556e+001
      vertex  5.117317e+000 -6.218827e+001  3.349556e+001
    endloop
  endfacet
  facet normal  5.555725e-001  0.000000e+000 -8.314680e-001
    outer loop
      vertex  5.117317e+000 -6.218827e+001  3.349556e+001
      vertex  5.117317e+000 -6.436374e+001  3.349556e+001
      vertex  4.792893e+000 -6.436374e+001  3.327879e+001
    endloop
  endfacet
  facet normal  5.555725e-001  0.000000e+000 -8.314680e-001
    outer loop
      vertex  5.117317e+000 -6.218827e+001  3.349556e+001
      vertex  4.792893e+000 -6.436374e+001  3.327879e+001
      vertex  4.792893e+000 -6.218827e+001  3.327879e+001
    endloop
  endfacet
  facet normal  8.314704e-001  0.000000e+000 -5.555691e-001
    outer loop
      vertex  4.792893e+000 -6.218827e+001  3.327879e+001
      vertex  4.792893e+000 -6.436374e+001  3.327879e+001
      vertex  4.576120e+000 -6.436374e+001  3.295436e+001
    endloop
  endfacet
  facet normal  8.314704e-001  0.000000e+000 -5.555691e-001
    outer loop
      vertex  4.792893e+000 -6.218827e+001  3.327879e+001
      vertex  4.576120e+000 -6.436374e+001  3.295436e+001
      vertex  4.576120e+000 -6.218827e+001  3.295436e+001
    endloop
  endfacet
  facet normal  9.807853e-001  0.000000e+000 -1.950904e-001
    outer loop
      vertex  4.576120e+000 -6.218827e+001  3.295436e+001
      vertex  4.576120e+000 -6.436374e+001  3.295436e+001
      vertex  4.500000e+000 -6.436374e+001  3.257168e+001
    endloop
  endfacet
  facet normal  9.807853e-001  0.000000e+000 -1.950904e-001
    outer loop
      vertex  4.576120e+000 -6.218827e+001  3.295436e+001
      vertex  4.500000e+000 -6.436374e+001  3.257168e+001
      vertex  4.500000e+000 -6.218827e+001  3.257168e+001
    endloop
  endfacet
  facet normal  1.950949e-001  0.000000e+000  9.807844e-001
    outer loop
      vertex  5.500000e+000 -6.436374e+001  4.157168e+001
      vertex  5.117317e+000 -6.218827e+001  4.164780e+001
      vertex  5.117317e+000 -6.436374e+001  4.164780e+001
    endloop
  endfacet
  facet normal  5.555657e-001  -0.000000e+000  8.314726e-001
    outer loop
      vertex  5.117317e+000 -6.436374e+001  4.164780e+001
      vertex  5.117317e+000 -6.218827e+001  4.164780e+001
      vertex  4.792893e+000 -6.218827e+001  4.186457e+001
    endloop
  endfacet
  facet normal  5.555657e-001  0.000000e+000  8.314726e-001
    outer loop
      vertex  5.117317e+000 -6.436374e+001  4.164780e+001
      vertex  4.792893e+000 -6.218827e+001  4.186457e+001
      vertex  4.792893e+000 -6.436374e+001  4.186457e+001
    endloop
  endfacet
  facet normal  8.314704e-001  -0.000000e+000  5.555691e-001
    outer loop
      vertex  4.792893e+000 -6.436374e+001  4.186457e+001
      vertex  4.792893e+000 -6.218827e+001  4.186457e+001
      vertex  4.576120e+000 -6.218827e+001  4.218900e+001
    endloop
  endfacet
  facet normal  8.314704e-001  0.000000e+000  5.555691e-001
    outer loop
      vertex  4.792893e+000 -6.436374e+001  4.186457e+001
      vertex  4.576120e+000 -6.218827e+001  4.218900e+001
      vertex  4.576120e+000 -6.436374e+001  4.218900e+001
    endloop
  endfacet
  facet normal  9.807853e-001  -0.000000e+000  1.950904e-001
    outer loop
      vertex  4.576120e+000 -6.436374e+001  4.218900e+001
      vertex  4.576120e+000 -6.218827e+001  4.218900e+001
      vertex  4.500000e+000 -6.218827e+001  4.257168e+001
    endloop
  endfacet
  facet normal  9.807853e-001  0.000000e+000  1.950904e-001
    outer loop
      vertex  4.576120e+000 -6.436374e+001  4.218900e+001
      vertex  4.500000e+000 -6.218827e+001  4.257168e+001
      vertex  4.500000e+000 -6.436374e+001  4.257168e+001
    endloop
  endfacet
  facet normal  1.950949e-001  -0.000000e+000  9.807844e-001
    outer loop
      vertex  5.117317e+000 -6.218827e+001  4.164780e+001
      vertex  5.500000e+000 -6.436374e+001  4.157168e+001
      vertex  5.500000e+000 -6.218827e+001  4.157168e+001
    endloop
  endfacet
  facet normal -1.950949e-001  0.000000e+000  9.807844e-001
    outer loop
      vertex  5.500000e+000 -6.218827e+001  4.157168e+001
      vertex  5.500000e+000 -6.436374e+001  4.157168e+001
      vertex  5.882683e+000 -6.436374e+001  4.164780e+001
    endloop
  endfacet
  facet normal -1.950949e-001  0.000000e+000  9.807844e-001
    outer loop
      vertex  5.500000e+000 -6.218827e+001  4.157168e+001
      vertex  5.882683e+000 -6.436374e+001  4.164780e+001
      vertex  5.882683e+000 -6.218827e+001  4.164780e+001
    endloop
  endfacet
  facet normal -5.555657e-001  0.000000e+000  8.314726e-001
    outer loop
      vertex  5.882683e+000 -6.218827e+001  4.164780e+001
      vertex  5.882683e+000 -6.436374e+001  4.164780e+001
      vertex  6.207107e+000 -6.436374e+001  4.186457e+001
    endloop
  endfacet
  facet normal -5.555657e-001  0.000000e+000  8.314726e-001
    outer loop
      vertex  5.882683e+000 -6.218827e+001  4.164780e+001
      vertex  6.207107e+000 -6.436374e+001  4.186457e+001
      vertex  6.207107e+000 -6.218827e+001  4.186457e+001
    endloop
  endfacet
  facet normal -8.314704e-001  0.000000e+000  5.555691e-001
    outer loop
      vertex  6.207107e+000 -6.218827e+001  4.186457e+001
      vertex  6.207107e+000 -6.436374e+001  4.186457e+001
      vertex  6.423880e+000 -6.436374e+001  4.218900e+001
    endloop
  endfacet
  facet normal -8.314704e-001  0.000000e+000  5.555691e-001
    outer loop
      vertex  6.207107e+000 -6.218827e+001  4.186457e+001
      vertex  6.423880e+000 -6.436374e+001  4.218900e+001
      vertex  6.423880e+000 -6.218827e+001  4.218900e+001
    endloop
  endfacet
  facet normal -9.807853e-001  0.000000e+000  1.950904e-001
    outer loop
      vertex  6.423880e+000 -6.218827e+001  4.218900e+001
      vertex  6.423880e+000 -6.436374e+001  4.218900e+001
      vertex  6.500000e+000 -6.436374e+001  4.257168e+001
    endloop
  endfacet
  facet normal -9.807853e-001  0.000000e+000  1.950904e-001
    outer loop
      vertex  6.423880e+000 -6.218827e+001  4.218900e+001
      vertex  6.500000e+000 -6.436374e+001  4.257168e+001
      vertex  6.500000e+000 -6.218827e+001  4.257168e+001
    endloop
  endfacet
  facet normal -1.950855e-001  -0.000000e+000 -9.807863e-001
    outer loop
      vertex  5.500000e+000 -6.436374e+001  4.357168e+001
      vertex  5.882683e+000 -6.218827e+001  4.349556e+001
      vertex  5.882683e+000 -6.436374e+001  4.349556e+001
    endloop
  endfacet
  facet normal -5.555725e-001  0.000000e+000 -8.314680e-001
    outer loop
      vertex  5.882683e+000 -6.436374e+001  4.349556e+001
      vertex  5.882683e+000 -6.218827e+001  4.349556e+001
      vertex  6.207107e+000 -6.218827e+001  4.327879e+001
    endloop
  endfacet
  facet normal -5.555725e-001  -0.000000e+000 -8.314680e-001
    outer loop
      vertex  5.882683e+000 -6.436374e+001  4.349556e+001
      vertex  6.207107e+000 -6.218827e+001  4.327879e+001
      vertex  6.207107e+000 -6.436374e+001  4.327879e+001
    endloop
  endfacet
  facet normal -8.314704e-001  0.000000e+000 -5.555691e-001
    outer loop
      vertex  6.207107e+000 -6.436374e+001  4.327879e+001
      vertex  6.207107e+000 -6.218827e+001  4.327879e+001
      vertex  6.423880e+000 -6.218827e+001  4.295436e+001
    endloop
  endfacet
  facet normal -8.314704e-001  -0.000000e+000 -5.555691e-001
    outer loop
      vertex  6.207107e+000 -6.436374e+001  4.327879e+001
      vertex  6.423880e+000 -6.218827e+001  4.295436e+001
      vertex  6.423880e+000 -6.436374e+001  4.295436e+001
    endloop
  endfacet
  facet normal -9.807853e-001  0.000000e+000 -1.950904e-001
    outer loop
      vertex  6.423880e+000 -6.436374e+001  4.295436e+001
      vertex  6.423880e+000 -6.218827e+001  4.295436e+001
      vertex  6.500000e+000 -6.218827e+001  4.257168e+001
    endloop
  endfacet
  facet normal -9.807853e-001  -0.000000e+000 -1.950904e-001
    outer loop
      vertex  6.423880e+000 -6.436374e+001  4.295436e+001
      vertex  6.500000e+000 -6.218827e+001  4.257168e+001
      vertex  6.500000e+000 -6.436374e+001  4.257168e+001
    endloop
  endfacet
  facet normal -1.950855e-001  0.000000e+000 -9.807863e-001
    outer loop
      vertex  5.882683e+000 -6.218827e+001  4.349556e+001
      vertex  5.500000e+000 -6.436374e+001  4.357168e+001
      vertex  5.500000e+000 -6.218827e+001  4.357168e+001
    endloop
  endfacet
  facet normal  1.950855e-001  0.000000e+000 -9.807863e-001
    outer loop
      vertex  5.500000e+000 -6.218827e+001  4.357168e+001
      vertex  5.500000e+000 -6.436374e+001  4.357168e+001
      vertex  5.117317e+000 -6.436374e+001  4.349556e+001
    endloop
  endfacet
  facet normal  1.950855e-001  0.000000e+000 -9.807863e-001
    outer loop
      vertex  5.500000e+000 -6.218827e+001  4.357168e+001
      vertex  5.117317e+000 -6.436374e+001  4.349556e+001
      vertex  5.117317e+000 -6.218827e+001  4.349556e+001
    endloop
  endfacet
  facet normal  5.555725e-001  0.000000e+000 -8.314680e-001
    outer loop
      vertex  5.117317e+000 -6.218827e+001  4.349556e+001
      vertex  5.117317e+000 -6.436374e+001  4.349556e+001
      vertex  4.792893e+000 -6.436374e+001  4.327879e+001
    endloop
  endfacet
  facet normal  5.555725e-001  0.000000e+000 -8.314680e-001
    outer loop
      vertex  5.117317e+000 -6.218827e+001  4.349556e+001
      vertex  4.792893e+000 -6.436374e+001  4.327879e+001
      vertex  4.792893e+000 -6.218827e+001  4.327879e+001
    endloop
  endfacet
  facet normal  8.314704e-001  0.000000e+000 -5.555691e-001
    outer loop
      vertex  4.792893e+000 -6.218827e+001  4.327879e+001
      vertex  4.792893e+000 -6.436374e+001  4.327879e+001
      vertex  4.576120e+000 -6.436374e+001  4.295436e+001
    endloop
  endfacet
  facet normal  8.314704e-001  0.000000e+000 -5.555691e-001
    outer loop
      vertex  4.792893e+000 -6.218827e+001  4.327879e+001
      vertex  4.576120e+000 -6.436374e+001  4.295436e+001
      vertex  4.576120e+000 -6.218827e+001  4.295436e+001
    endloop
  endfacet
  facet normal  9.807853e-001  0.000000e+000 -1.950904e-001
    outer loop
      vertex  4.576120e+000 -6.218827e+001  4.295436e+001
      vertex  4.576120e+000 -6.436374e+001  4.295436e+001
      vertex  4.500000e+000 -6.436374e+001  4.257168e+001
    endloop
  endfacet
  facet normal  9.807853e-001  0.000000e+000 -1.950904e-001
    outer loop
      vertex  4.576120e+000 -6.218827e+001  4.295436e+001
      vertex  4.500000e+000 -6.436374e+001  4.257168e+001
      vertex  4.500000e+000 -6.218827e+001  4.257168e+001
    endloop
  endfacet
  facet normal -7.141992e-001 -6.999424e-001  0.000000e+000
    outer loop
      vertex  1.608114e+001 -4.475179e+001  7.007169e+001
      vertex  1.646797e+001 -4.514650e+001  6.807169e+001
      vertex  1.646797e+001 -4.514650e+001  7.007169e+001
    endloop
  endfacet
  facet normal -8.505319e-001 -5.259234e-001  -0.000000e+000
    outer loop
      vertex  1.646797e+001 -4.514650e+001  7.007169e+001
      vertex  1.646797e+001 -4.514650e+001  6.807169e+001
      vertex  1.675863e+001 -4.561656e+001  6.807169e+001
    endloop
  endfacet
  facet normal -8.505319e-001 -5.259234e-001  0.000000e+000
    outer loop
      vertex  1.646797e+001 -4.514650e+001  7.007169e+001
      vertex  1.675863e+001 -4.561656e+001  6.807169e+001
      vertex  1.675863e+001 -4.561656e+001  7.007169e+001
    endloop
  endfacet
  facet normal -9.453018e-001 -3.261972e-001  -0.000000e+000
    outer loop
      vertex  1.675863e+001 -4.561656e+001  7.007169e+001
      vertex  1.675863e+001 -4.561656e+001  6.807169e+001
      vertex  1.693891e+001 -4.613900e+001  6.807169e+001
    endloop
  endfacet
  facet normal -9.453018e-001 -3.261972e-001  0.000000e+000
    outer loop
      vertex  1.675863e+001 -4.561656e+001  7.007169e+001
      vertex  1.693891e+001 -4.613900e+001  6.807169e+001
      vertex  1.693891e+001 -4.613900e+001  7.007169e+001
    endloop
  endfacet
  facet normal -9.938723e-001 -1.105346e-001  -0.000000e+000
    outer loop
      vertex  1.693891e+001 -4.613900e+001  7.007169e+001
      vertex  1.693891e+001 -4.613900e+001  6.807169e+001
      vertex  1.700000e+001 -4.668827e+001  6.807169e+001
    endloop
  endfacet
  facet normal -9.938723e-001 -1.105346e-001  0.000000e+000
    outer loop
      vertex  1.693891e+001 -4.613900e+001  7.007169e+001
      vertex  1.700000e+001 -4.668827e+001  6.807169e+001
      vertex  1.700000e+001 -4.668827e+001  7.007169e+001
    endloop
  endfacet
  facet normal -7.141992e-001 -6.999424e-001  -0.000000e+000
    outer loop
      vertex  1.646797e+001 -4.514650e+001  6.807169e+001
      vertex  1.608114e+001 -4.475179e+001  7.007169e+001
      vertex  1.608114e+001 -4.475179e+001  6.807169e+001
    endloop
  endfacet
  facet normal -5.429603e-001 -8.397583e-001  0.000000e+000
    outer loop
      vertex  1.608114e+001 -4.475179e+001  6.807169e+001
      vertex  1.608114e+001 -4.475179e+001  7.007169e+001
      vertex  1.561703e+001 -4.445171e+001  7.007169e+001
    endloop
  endfacet
  facet normal -5.429603e-001 -8.397583e-001  -0.000000e+000
    outer loop
      vertex  1.608114e+001 -4.475179e+001  6.807169e+001
      vertex  1.561703e+001 -4.445171e+001  7.007169e+001
      vertex  1.561703e+001 -4.445171e+001  6.807169e+001
    endloop
  endfacet
  facet normal -3.451929e-001 -9.385318e-001  0.000000e+000
    outer loop
      vertex  1.561703e+001 -4.445171e+001  6.807169e+001
      vertex  1.561703e+001 -4.445171e+001  7.007169e+001
      vertex  1.509834e+001 -4.426093e+001  7.007169e+001
    endloop
  endfacet
  facet normal -3.451929e-001 -9.385318e-001  -0.000000e+000
    outer loop
      vertex  1.561703e+001 -4.445171e+001  6.807169e+001
      vertex  1.509834e+001 -4.426093e+001  7.007169e+001
      vertex  1.509834e+001 -4.426093e+001  6.807169e+001
    endloop
  endfacet
  facet normal -1.305441e-001 -9.914424e-001  0.000000e+000
    outer loop
      vertex  1.509834e+001 -4.426093e+001  6.807169e+001
      vertex  1.509834e+001 -4.426093e+001  7.007169e+001
      vertex  1.455040e+001 -4.418879e+001  7.007169e+001
    endloop
  endfacet
  facet normal -1.305441e-001 -9.914424e-001  -0.000000e+000
    outer loop
      vertex  1.509834e+001 -4.426093e+001  6.807169e+001
      vertex  1.455040e+001 -4.418879e+001  7.007169e+001
      vertex  1.455040e+001 -4.418879e+001  6.807169e+001
    endloop
  endfacet
  facet normal  9.046915e-002 -9.958993e-001  0.000000e+000
    outer loop
      vertex  1.455040e+001 -4.418879e+001  6.807169e+001
      vertex  1.455040e+001 -4.418879e+001  7.007169e+001
      vertex  1.400000e+001 -4.423878e+001  7.007169e+001
    endloop
  endfacet
  facet normal  9.046915e-002 -9.958993e-001  0.000000e+000
    outer loop
      vertex  1.455040e+001 -4.418879e+001  6.807169e+001
      vertex  1.400000e+001 -4.423878e+001  7.007169e+001
      vertex  1.400000e+001 -4.423878e+001  6.807169e+001
    endloop
  endfacet
  facet normal  0.000000e+000 -9.083419e-001 -4.182285e-001
    outer loop
      vertex  2.149338e+001 -6.344279e+001  2.757149e+001
      vertex  1.566064e+001 -7.378381e+001  5.003094e+001
      vertex  1.566064e+001 -6.344279e+001  2.757149e+001
    endloop
  endfacet
  facet normal  0.000000e+000 -4.182303e-001  9.083411e-001
    outer loop
      vertex  1.416064e+001 -7.378381e+001  5.003094e+001
      vertex  1.416064e+001 -7.560049e+001  4.919448e+001
      vertex  1.566064e+001 -7.378381e+001  5.003094e+001
    endloop
  endfacet
  facet normal  0.000000e+000 -4.182303e-001  9.083411e-001
    outer loop
      vertex  1.566064e+001 -7.378381e+001  5.003094e+001
      vertex  1.416064e+001 -7.560049e+001  4.919448e+001
      vertex  1.566064e+001 -7.560049e+001  4.919448e+001
    endloop
  endfacet
  facet normal -9.999999e-001  0.000000e+000  0.000000e+000
    outer loop
      vertex  1.416064e+001 -7.707084e+001  4.521477e+001
      vertex  1.416064e+001 -7.728171e+001  4.585260e+001
      vertex  1.416064e+001 -7.734536e+001  4.652136e+001
    endloop
  endfacet
  facet normal -1.000000e+000  0.000000e+000  0.000000e+000
    outer loop
      vertex  1.416064e+001 -7.707084e+001  4.521477e+001
      vertex  1.416064e+001 -7.734536e+001  4.652136e+001
      vertex  1.416064e+001 -7.725861e+001  4.718753e+001
    endloop
  endfacet
  facet normal -1.000000e+000  0.000000e+000  0.000000e+000
    outer loop
      vertex  1.416064e+001 -7.707084e+001  4.521477e+001
      vertex  1.416064e+001 -7.725861e+001  4.718753e+001
      vertex  1.416064e+001 -7.702579e+001  4.781768e+001
    endloop
  endfacet
  facet normal -1.000000e+000  0.000000e+000  -0.000000e+000
    outer loop
      vertex  1.416064e+001 -7.707084e+001  4.521477e+001
      vertex  1.416064e+001 -7.702579e+001  4.781768e+001
      vertex  1.416064e+001 -7.665858e+001  4.838023e+001
    endloop
  endfacet
  facet normal -1.000000e+000  0.000000e+000  -0.000000e+000
    outer loop
      vertex  1.416064e+001 -7.707084e+001  4.521477e+001
      vertex  1.416064e+001 -7.665858e+001  4.838023e+001
      vertex  1.416064e+001 -7.617542e+001  4.884696e+001
    endloop
  endfacet
  facet normal -1.000000e+000  0.000000e+000  -0.000000e+000
    outer loop
      vertex  1.416064e+001 -7.707084e+001  4.521477e+001
      vertex  1.416064e+001 -7.617542e+001  4.884696e+001
      vertex  1.416064e+001 -7.560049e+001  4.919448e+001
    endloop
  endfacet
  facet normal -1.000000e+000  0.000000e+000  -0.000000e+000
    outer loop
      vertex  1.416064e+001 -7.707084e+001  4.521477e+001
      vertex  1.416064e+001 -7.560049e+001  4.919448e+001
      vertex  1.416064e+001 -7.378381e+001  5.003094e+001
    endloop
  endfacet
  facet normal -1.000000e+000  0.000000e+000  -0.000000e+000
    outer loop
      vertex  1.416064e+001 -7.707084e+001  4.521477e+001
      vertex  1.416064e+001 -7.378381e+001  5.003094e+001
      vertex  1.416064e+001 -6.344279e+001  2.757149e+001
    endloop
  endfacet
  facet normal -1.000000e+000  0.000000e+000  0.000000e+000
    outer loop
      vertex  1.416064e+001 -7.707084e+001  4.521477e+001
      vertex  1.416064e+001 -6.344279e+001  2.757149e+001
      vertex  1.416064e+001 -6.923919e+001  2.820538e+001
    endloop
  endfacet
  facet normal -1.000000e+000  -0.000000e+000  0.000000e+000
    outer loop
      vertex  1.416064e+001 -6.344279e+001  2.757149e+001
      vertex  1.416064e+001 -6.525948e+001  2.673504e+001
      vertex  1.416064e+001 -6.589731e+001  2.652416e+001
    endloop
  endfacet
  facet normal -1.000000e+000  -0.000000e+000  0.000000e+000
    outer loop
      vertex  1.416064e+001 -6.344279e+001  2.757149e+001
      vertex  1.416064e+001 -6.589731e+001  2.652416e+001
      vertex  1.416064e+001 -6.656607e+001  2.646051e+001
    endloop
  endfacet
  facet normal -1.000000e+000  0.000000e+000  0.000000e+000
    outer loop
      vertex  1.416064e+001 -6.344279e+001  2.757149e+001
      vertex  1.416064e+001 -6.656607e+001  2.646051e+001
      vertex  1.416064e+001 -6.723224e+001  2.654727e+001
    endloop
  endfacet
  facet normal -1.000000e+000  0.000000e+000  0.000000e+000
    outer loop
      vertex  1.416064e+001 -6.344279e+001  2.757149e+001
      vertex  1.416064e+001 -6.723224e+001  2.654727e+001
      vertex  1.416064e+001 -6.786239e+001  2.678008e+001
    endloop
  endfacet
  facet normal -1.000000e+000  0.000000e+000  0.000000e+000
    outer loop
      vertex  1.416064e+001 -6.344279e+001  2.757149e+001
      vertex  1.416064e+001 -6.786239e+001  2.678008e+001
      vertex  1.416064e+001 -6.842493e+001  2.714729e+001
    endloop
  endfacet
  facet normal -1.000000e+000  0.000000e+000  0.000000e+000
    outer loop
      vertex  1.416064e+001 -6.344279e+001  2.757149e+001
      vertex  1.416064e+001 -6.842493e+001  2.714729e+001
      vertex  1.416064e+001 -6.889167e+001  2.763046e+001
    endloop
  endfacet
  facet normal -1.000000e+000  0.000000e+000  0.000000e+000
    outer loop
      vertex  1.416064e+001 -6.344279e+001  2.757149e+001
      vertex  1.416064e+001 -6.889167e+001  2.763046e+001
      vertex  1.416064e+001 -6.923919e+001  2.820538e+001
    endloop
  endfacet
  facet normal -1.000000e+000  0.000000e+000  0.000000e+000
    outer loop
      vertex  1.000000e+001 -6.436374e+001  4.827879e+001
      vertex  1.000000e+001 -6.436374e+001  2.957168e+001
      vertex  1.000000e+001 -7.297707e+001  4.827879e+001
    endloop
  endfacet
  facet normal  0.000000e+000  1.000000e+000  0.000000e+000
    outer loop
      vertex  2.500000e+001 -5.722581e+001  2.900600e+001
      vertex  2.300000e+001 -5.722581e+001  2.900600e+001
      vertex  2.500000e+001 -5.722581e+001  7.007169e+001
    endloop
  endfacet
  facet normal  0.000000e+000  1.000000e+000  0.000000e+000
    outer loop
      vertex  2.500000e+001 -5.722581e+001  7.007169e+001
      vertex  2.300000e+001 -5.722581e+001  2.900600e+001
      vertex  2.300000e+001 -5.722581e+001  6.807169e+001
    endloop
  endfacet
  facet normal  0.000000e+000  1.000000e+000  -0.000000e+000
    outer loop
      vertex  2.500000e+001 -5.722581e+001  7.007169e+001
      vertex  2.300000e+001 -5.722581e+001  6.807169e+001
      vertex  2.000000e+001 -5.722581e+001  7.007169e+001
    endloop
  endfacet
  facet normal  0.000000e+000  1.000000e+000  0.000000e+000
    outer loop
      vertex  2.000000e+001 -5.722581e+001  7.007169e+001
      vertex  2.300000e+001 -5.722581e+001  6.807169e+001
      vertex  2.000000e+001 -5.722581e+001  6.807169e+001
    endloop
  endfacet
  facet normal  8.710021e-001 -4.912792e-001  0.000000e+000
    outer loop
      vertex  1.300000e+001 -7.850094e+001  6.027596e+001
      vertex  1.566064e+001 -7.378381e+001  5.003094e+001
      vertex  2.500000e+001 -5.722581e+001  7.007169e+001
    endloop
  endfacet
  facet normal  8.710021e-001 -4.912792e-001  2.294916e-008
    outer loop
      vertex  2.500000e+001 -5.722581e+001  7.007169e+001
      vertex  1.566064e+001 -7.378381e+001  5.003094e+001
      vertex  2.149338e+001 -6.344279e+001  2.757149e+001
    endloop
  endfacet
  facet normal  8.710023e-001 -4.912791e-001  0.000000e+000
    outer loop
      vertex  2.500000e+001 -5.722581e+001  7.007169e+001
      vertex  2.149338e+001 -6.344279e+001  2.757149e+001
      vertex  2.500000e+001 -5.722581e+001  2.900600e+001
    endloop
  endfacet
  facet normal  9.937122e-001 -1.017019e-001 -4.682658e-002
    outer loop
      vertex  1.300000e+001 -7.969028e+001  5.807699e+001
      vertex  1.300000e+001 -8.031762e+001  5.943950e+001
      vertex  1.292478e+001 -8.029665e+001  5.779779e+001
    endloop
  endfacet
  facet normal  9.937122e-001 -1.017019e-001 -4.682658e-002
    outer loop
      vertex  1.292478e+001 -8.029665e+001  5.779779e+001
      vertex  1.300000e+001 -8.031762e+001  5.943950e+001
      vertex  1.292478e+001 -8.092400e+001  5.916031e+001
    endloop
  endfacet
  facet normal  9.438829e-001 -3.000076e-001 -1.381324e-001
    outer loop
      vertex  1.292478e+001 -8.029665e+001  5.779779e+001
      vertex  1.292478e+001 -8.092400e+001  5.916031e+001
      vertex  1.270291e+001 -8.087262e+001  5.753260e+001
    endloop
  endfacet
  facet normal  9.438840e-001 -3.000040e-001 -1.381324e-001
    outer loop
      vertex  1.270291e+001 -8.087262e+001  5.753260e+001
      vertex  1.292478e+001 -8.092400e+001  5.916031e+001
      vertex  1.270291e+001 -8.149997e+001  5.889511e+001
    endloop
  endfacet
  facet normal  8.467256e-001 -4.832641e-001 -2.225119e-001
    outer loop
      vertex  1.270291e+001 -8.087262e+001  5.753260e+001
      vertex  1.270291e+001 -8.149997e+001  5.889511e+001
      vertex  1.234549e+001 -8.138931e+001  5.729470e+001
    endloop
  endfacet
  facet normal  8.467228e-001 -4.832693e-001 -2.225116e-001
    outer loop
      vertex  1.234549e+001 -8.138931e+001  5.729470e+001
      vertex  1.270291e+001 -8.149997e+001  5.889511e+001
      vertex  1.234549e+001 -8.201665e+001  5.865722e+001
    endloop
  endfacet
  facet normal  7.071087e-001 -6.422931e-001 -2.957308e-001
    outer loop
      vertex  1.234549e+001 -8.138931e+001  5.729470e+001
      vertex  1.234549e+001 -8.201665e+001  5.865722e+001
      vertex  1.187047e+001 -8.182079e+001  5.709604e+001
    endloop
  endfacet
  facet normal  7.071087e-001 -6.422931e-001 -2.957308e-001
    outer loop
      vertex  1.187047e+001 -8.182079e+001  5.709604e+001
      vertex  1.234549e+001 -8.201665e+001  5.865722e+001
      vertex  1.187047e+001 -8.244814e+001  5.845855e+001
    endloop
  endfacet
  facet normal  5.320255e-001 -7.691191e-001 -3.541254e-001
    outer loop
      vertex  1.187047e+001 -8.182079e+001  5.709604e+001
      vertex  1.187047e+001 -8.244814e+001  5.845855e+001
      vertex  1.130165e+001 -8.214544e+001  5.694656e+001
    endloop
  endfacet
  facet normal  5.320255e-001 -7.691191e-001 -3.541254e-001
    outer loop
      vertex  1.130165e+001 -8.214544e+001  5.694656e+001
      vertex  1.187047e+001 -8.244814e+001  5.845855e+001
      vertex  1.130165e+001 -8.277278e+001  5.830907e+001
    endloop
  endfacet
  facet normal  3.302861e-001 -8.573668e-001 -3.947572e-001
    outer loop
      vertex  1.130165e+001 -8.214544e+001  5.694656e+001
      vertex  1.130165e+001 -8.277278e+001  5.830907e+001
      vertex  1.066756e+001 -8.234698e+001  5.685376e+001
    endloop
  endfacet
  facet normal  3.302861e-001 -8.573668e-001 -3.947572e-001
    outer loop
      vertex  1.066756e+001 -8.234698e+001  5.685376e+001
      vertex  1.130165e+001 -8.277278e+001  5.830907e+001
      vertex  1.066756e+001 -8.297433e+001  5.821627e+001
    endloop
  endfacet
  facet normal  1.119624e-001 -9.026309e-001 -4.155981e-001
    outer loop
      vertex  1.066756e+001 -8.234698e+001  5.685376e+001
      vertex  1.066756e+001 -8.297433e+001  5.821627e+001
      vertex  1.000000e+001 -8.241531e+001  5.682230e+001
    endloop
  endfacet
  facet normal  1.119647e-001 -9.026303e-001 -4.155990e-001
    outer loop
      vertex  1.000000e+001 -8.241531e+001  5.682230e+001
      vertex  1.066756e+001 -8.297433e+001  5.821627e+001
      vertex  1.000000e+001 -8.304265e+001  5.818481e+001
    endloop
  endfacet
  facet normal  1.000000e+000  -0.000000e+000  0.000000e+000
    outer loop
      vertex  1.300000e+001 -7.850094e+001  6.027596e+001
      vertex  1.300000e+001 -8.031762e+001  5.943950e+001
      vertex  1.300000e+001 -7.787360e+001  5.891344e+001
    endloop
  endfacet
  facet normal  1.000000e+000  0.000000e+000  0.000000e+000
    outer loop
      vertex  1.300000e+001 -7.787360e+001  5.891344e+001
      vertex  1.300000e+001 -8.031762e+001  5.943950e+001
      vertex  1.300000e+001 -7.969028e+001  5.807699e+001
    endloop
  endfacet
  facet normal  0.000000e+000  8.000001e-001  6.000000e-001
    outer loop
      vertex  1.400000e+001 -1.668828e+001  7.007169e+001
      vertex  1.400000e+001 -1.968828e+001  7.407169e+001
      vertex  2.000000e+001 -1.668828e+001  7.007169e+001
    endloop
  endfacet
  facet normal  0.000000e+000  8.000001e-001  6.000000e-001
    outer loop
      vertex  2.000000e+001 -1.668828e+001  7.007169e+001
      vertex  1.400000e+001 -1.968828e+001  7.407169e+001
      vertex  2.000000e+001 -1.968828e+001  7.407169e+001
    endloop
  endfacet
  facet normal  -0.000000e+000  0.000000e+000  1.000000e+000
    outer loop
      vertex  2.000000e+001 -1.968828e+001  7.407169e+001
      vertex  1.400000e+001 -1.968828e+001  7.407169e+001
      vertex  2.000000e+001 -3.868827e+001  7.407169e+001
    endloop
  endfacet
  facet normal  0.000000e+000  0.000000e+000  1.000000e+000
    outer loop
      vertex  2.000000e+001 -3.868827e+001  7.407169e+001
      vertex  1.400000e+001 -1.968828e+001  7.407169e+001
      vertex  1.400000e+001 -3.868827e+001  7.407169e+001
    endloop
  endfacet
  facet normal  0.000000e+000 -8.000001e-001  6.000000e-001
    outer loop
      vertex  1.400000e+001 -3.868827e+001  7.407169e+001
      vertex  1.400000e+001 -4.168827e+001  7.007169e+001
      vertex  2.000000e+001 -3.868827e+001  7.407169e+001
    endloop
  endfacet
  facet normal  0.000000e+000 -8.000001e-001  6.000000e-001
    outer loop
      vertex  2.000000e+001 -3.868827e+001  7.407169e+001
      vertex  1.400000e+001 -4.168827e+001  7.007169e+001
      vertex  2.000000e+001 -4.168827e+001  7.007169e+001
    endloop
  endfacet
  facet normal -1.000000e+000  -0.000000e+000  -0.000000e+000
    outer loop
      vertex -2.000000e+001 -1.668828e+001  7.007169e+001
      vertex -2.000000e+001 -5.688276e+000  7.007169e+001
      vertex -2.000000e+001 -5.688276e+000  6.807169e+001
    endloop
  endfacet
  facet normal -1.000000e+000  0.000000e+000  0.000000e+000
    outer loop
      vertex -2.000000e+001 -1.668828e+001  7.007169e+001
      vertex -2.000000e+001 -5.688276e+000  6.807169e+001
      vertex -2.000000e+001 -1.768828e+001  6.807169e+001
    endloop
  endfacet
  facet normal -1.000000e+000  0.000000e+000  0.000000e+000
    outer loop
      vertex -2.000000e+001 -1.668828e+001  7.007169e+001
      vertex -2.000000e+001 -1.768828e+001  6.807169e+001
      vertex -2.000000e+001 -2.068828e+001  7.207169e+001
    endloop
  endfacet
  facet normal -1.000000e+000  0.000000e+000  0.000000e+000
    outer loop
      vertex -2.000000e+001 -1.668828e+001  7.007169e+001
      vertex -2.000000e+001 -2.068828e+001  7.207169e+001
      vertex -2.000000e+001 -1.968828e+001  7.407169e+001
    endloop
  endfacet
  facet normal -1.000000e+000  0.000000e+000  -0.000000e+000
    outer loop
      vertex -2.000000e+001 -4.168827e+001  7.007169e+001
      vertex -2.000000e+001 -3.868827e+001  7.407169e+001
      vertex -2.000000e+001 -3.768827e+001  7.207169e+001
    endloop
  endfacet
  facet normal -1.000000e+000  0.000000e+000  0.000000e+000
    outer loop
      vertex -2.000000e+001 -4.168827e+001  7.007169e+001
      vertex -2.000000e+001 -3.768827e+001  7.207169e+001
      vertex -2.000000e+001 -4.068827e+001  6.807169e+001
    endloop
  endfacet
  facet normal -1.000000e+000  0.000000e+000  0.000000e+000
    outer loop
      vertex -2.000000e+001 -4.168827e+001  7.007169e+001
      vertex -2.000000e+001 -4.068827e+001  6.807169e+001
      vertex -2.000000e+001 -5.722581e+001  6.807169e+001
    endloop
  endfacet
  facet normal -1.000000e+000  0.000000e+000  0.000000e+000
    outer loop
      vertex -2.000000e+001 -4.168827e+001  7.007169e+001
      vertex -2.000000e+001 -5.722581e+001  6.807169e+001
      vertex -2.000000e+001 -5.722581e+001  7.007169e+001
    endloop
  endfacet
  facet normal -1.000000e+000  0.000000e+000  0.000000e+000
    outer loop
      vertex -2.000000e+001 -2.068828e+001  7.207169e+001
      vertex -2.000000e+001 -3.768827e+001  7.207169e+001
      vertex -2.000000e+001 -1.968828e+001  7.407169e+001
    endloop
  endfacet
  facet normal -1.000000e+000  -0.000000e+000  0.000000e+000
    outer loop
      vertex -2.000000e+001 -1.968828e+001  7.407169e+001
      vertex -2.000000e+001 -3.768827e+001  7.207169e+001
      vertex -2.000000e+001 -3.868827e+001  7.407169e+001
    endloop
  endfacet
  facet normal  1.000000e+000  0.000000e+000  0.000000e+000
    outer loop
      vertex -1.400000e+001 -1.668828e+001  7.007169e+001
      vertex -1.400000e+001 -1.968828e+001  7.407169e+001
      vertex -1.400000e+001 -2.068828e+001  7.207169e+001
    endloop
  endfacet
  facet normal  1.000000e+000  0.000000e+000  0.000000e+000
    outer loop
      vertex -1.400000e+001 -1.668828e+001  7.007169e+001
      vertex -1.400000e+001 -2.068828e+001  7.207169e+001
      vertex -1.400000e+001 -1.768828e+001  6.807169e+001
    endloop
  endfacet
  facet normal  9.999999e-001  0.000000e+000  0.000000e+000
    outer loop
      vertex -1.400000e+001 -1.668828e+001  7.007169e+001
      vertex -1.400000e+001 -1.768828e+001  6.807169e+001
      vertex -1.400000e+001 -3.615301e+000  6.807169e+001
    endloop
  endfacet
  facet normal  1.000000e+000  0.000000e+000  -0.000000e+000
    outer loop
      vertex -1.400000e+001 -1.668828e+001  7.007169e+001
      vertex -1.400000e+001 -3.615301e+000  6.807169e+001
      vertex -1.400000e+001 -3.615301e+000  7.007169e+001
    endloop
  endfacet
  facet normal  1.000000e+000  0.000000e+000  0.000000e+000
    outer loop
      vertex -1.400000e+001 -2.068828e+001  7.207169e+001
      vertex -1.400000e+001 -1.968828e+001  7.407169e+001
      vertex -1.400000e+001 -3.768827e+001  7.207169e+001
    endloop
  endfacet
  facet normal  1.000000e+000  0.000000e+000  -0.000000e+000
    outer loop
      vertex -1.400000e+001 -3.768827e+001  7.207169e+001
      vertex -1.400000e+001 -1.968828e+001  7.407169e+001
      vertex -1.400000e+001 -3.868827e+001  7.407169e+001
    endloop
  endfacet
  facet normal  1.000000e+000  0.000000e+000  0.000000e+000
    outer loop
      vertex -1.400000e+001 -3.768827e+001  7.207169e+001
      vertex -1.400000e+001 -3.868827e+001  7.407169e+001
      vertex -1.400000e+001 -4.168827e+001  7.007169e+001
    endloop
  endfacet
  facet normal  1.000000e+000  0.000000e+000  0.000000e+000
    outer loop
      vertex -1.400000e+001 -4.068827e+001  6.807169e+001
      vertex -1.400000e+001 -3.768827e+001  7.207169e+001
      vertex -1.400000e+001 -4.423878e+001  6.807169e+001
    endloop
  endfacet
  facet normal  1.000000e+000  0.000000e+000  0.000000e+000
    outer loop
      vertex -1.400000e+001 -4.423878e+001  6.807169e+001
      vertex -1.400000e+001 -3.768827e+001  7.207169e+001
      vertex -1.400000e+001 -4.168827e+001  7.007169e+001
    endloop
  endfacet
  facet normal  9.999999e-001  0.000000e+000  0.000000e+000
    outer loop
      vertex -1.400000e+001 -4.423878e+001  6.807169e+001
      vertex -1.400000e+001 -4.168827e+001  7.007169e+001
      vertex -1.400000e+001 -4.423878e+001  7.007169e+001
    endloop
  endfacet
  facet normal  -0.000000e+000 -8.000001e-001 -6.000000e-001
    outer loop
      vertex -2.000000e+001 -1.768828e+001  6.807169e+001
      vertex -1.400000e+001 -1.768828e+001  6.807169e+001
      vertex -2.000000e+001 -2.068828e+001  7.207169e+001
    endloop
  endfacet
  facet normal  0.000000e+000 -8.000001e-001 -6.000000e-001
    outer loop
      vertex -2.000000e+001 -2.068828e+001  7.207169e+001
      vertex -1.400000e+001 -1.768828e+001  6.807169e+001
      vertex -1.400000e+001 -2.068828e+001  7.207169e+001
    endloop
  endfacet
  facet normal  0.000000e+000  0.000000e+000 -1.000000e+000
    outer loop
      vertex -1.400000e+001 -2.068828e+001  7.207169e+001
      vertex -1.400000e+001 -3.768827e+001  7.207169e+001
      vertex -2.000000e+001 -2.068828e+001  7.207169e+001
    endloop
  endfacet
  facet normal  0.000000e+000  0.000000e+000 -1.000000e+000
    outer loop
      vertex -2.000000e+001 -2.068828e+001  7.207169e+001
      vertex -1.400000e+001 -3.768827e+001  7.207169e+001
      vertex -2.000000e+001 -3.768827e+001  7.207169e+001
    endloop
  endfacet
  facet normal  0.000000e+000  8.000001e-001 -6.000000e-001
    outer loop
      vertex -2.000000e+001 -3.768827e+001  7.207169e+001
      vertex -1.400000e+001 -3.768827e+001  7.207169e+001
      vertex -2.000000e+001 -4.068827e+001  6.807169e+001
    endloop
  endfacet
  facet normal  0.000000e+000  8.000001e-001 -6.000000e-001
    outer loop
      vertex -2.000000e+001 -4.068827e+001  6.807169e+001
      vertex -1.400000e+001 -3.768827e+001  7.207169e+001
      vertex -1.400000e+001 -4.068827e+001  6.807169e+001
    endloop
  endfacet
  facet normal  0.000000e+000  8.000001e-001  6.000000e-001
    outer loop
      vertex -2.000000e+001 -1.668828e+001  7.007169e+001
      vertex -2.000000e+001 -1.968828e+001  7.407169e+001
      vertex -1.400000e+001 -1.668828e+001  7.007169e+001
    endloop
  endfacet
  facet normal  0.000000e+000  8.000001e-001  6.000000e-001
    outer loop
      vertex -1.400000e+001 -1.668828e+001  7.007169e+001
      vertex -2.000000e+001 -1.968828e+001  7.407169e+001
      vertex -1.400000e+001 -1.968828e+001  7.407169e+001
    endloop
  endfacet
  facet normal  0.000000e+000 -8.000001e-001  6.000000e-001
    outer loop
      vertex -2.000000e+001 -3.868827e+001  7.407169e+001
      vertex -2.000000e+001 -4.168827e+001  7.007169e+001
      vertex -1.400000e+001 -3.868827e+001  7.407169e+001
    endloop
  endfacet
  facet normal  0.000000e+000 -8.000001e-001  6.000000e-001
    outer loop
      vertex -1.400000e+001 -3.868827e+001  7.407169e+001
      vertex -2.000000e+001 -4.168827e+001  7.007169e+001
      vertex -1.400000e+001 -4.168827e+001  7.007169e+001
    endloop
  endfacet
  facet normal  -0.000000e+000  0.000000e+000  1.000000e+000
    outer loop
      vertex -1.400000e+001 -1.968828e+001  7.407169e+001
      vertex -2.000000e+001 -1.968828e+001  7.407169e+001
      vertex -1.400000e+001 -3.868827e+001  7.407169e+001
    endloop
  endfacet
  facet normal  0.000000e+000  0.000000e+000  1.000000e+000
    outer loop
      vertex -1.400000e+001 -3.868827e+001  7.407169e+001
      vertex -2.000000e+001 -1.968828e+001  7.407169e+001
      vertex -2.000000e+001 -3.868827e+001  7.407169e+001
    endloop
  endfacet
  facet normal  0.000000e+000  1.000000e+000  -0.000000e+000
    outer loop
      vertex -2.000000e+001 -5.722581e+001  7.007169e+001
      vertex -2.000000e+001 -5.722581e+001  6.807169e+001
      vertex -2.500000e+001 -5.722581e+001  7.007169e+001
    endloop
  endfacet
  facet normal  0.000000e+000  1.000000e+000  0.000000e+000
    outer loop
      vertex -2.500000e+001 -5.722581e+001  7.007169e+001
      vertex -2.000000e+001 -5.722581e+001  6.807169e+001
      vertex -2.300000e+001 -5.722581e+001  6.807169e+001
    endloop
  endfacet
  facet normal  0.000000e+000  1.000000e+000  0.000000e+000
    outer loop
      vertex -2.500000e+001 -5.722581e+001  7.007169e+001
      vertex -2.300000e+001 -5.722581e+001  6.807169e+001
      vertex -2.500000e+001 -5.722581e+001  2.900600e+001
    endloop
  endfacet
  facet normal  0.000000e+000  1.000000e+000  0.000000e+000
    outer loop
      vertex -2.500000e+001 -5.722581e+001  2.900600e+001
      vertex -2.300000e+001 -5.722581e+001  6.807169e+001
      vertex -2.300000e+001 -5.722581e+001  2.900600e+001
    endloop
  endfacet
  facet normal  1.000000e+000  0.000000e+000  0.000000e+000
    outer loop
      vertex -2.300000e+001 -5.688276e+000  6.807169e+001
      vertex -2.300000e+001 -5.688276e+000  4.507168e+001
      vertex -2.300000e+001  3.013232e+001  6.807169e+001
    endloop
  endfacet
  facet normal  9.999999e-001  0.000000e+000  0.000000e+000
    outer loop
      vertex -2.300000e+001  3.013232e+001  6.807169e+001
      vertex -2.300000e+001 -5.688276e+000  4.507168e+001
      vertex -2.300000e+001  1.240063e+001  4.507168e+001
    endloop
  endfacet
  facet normal  9.999999e-001  0.000000e+000  0.000000e+000
    outer loop
      vertex -2.300000e+001  3.013232e+001  6.807169e+001
      vertex -2.300000e+001  1.240063e+001  4.507168e+001
      vertex -2.300000e+001  1.510813e+001  4.569641e+001
    endloop
  endfacet
  facet normal -1.000000e+000  0.000000e+000  0.000000e+000
    outer loop
      vertex -2.500000e+001  1.240063e+001  4.507168e+001
      vertex -2.500000e+001 -5.688276e+000  4.507168e+001
      vertex -2.500000e+001  1.510813e+001  4.569641e+001
    endloop
  endfacet
  facet normal -1.000000e+000  -0.000000e+000  0.000000e+000
    outer loop
      vertex -2.500000e+001  1.510813e+001  4.569641e+001
      vertex -2.500000e+001 -5.688276e+000  4.507168e+001
      vertex -2.500000e+001 -5.688276e+000  7.007169e+001
    endloop
  endfacet
  facet normal -1.000000e+000  0.000000e+000  0.000000e+000
    outer loop
      vertex -2.500000e+001  1.510813e+001  4.569641e+001
      vertex -2.500000e+001 -5.688276e+000  7.007169e+001
      vertex -2.500000e+001  3.147525e+001  7.007169e+001
    endloop
  endfacet
  facet normal  0.000000e+000  0.000000e+000 -9.999999e-001
    outer loop
      vertex -2.300000e+001  1.240063e+001  4.507168e+001
      vertex -2.300000e+001 -5.688276e+000  4.507168e+001
      vertex -2.500000e+001  1.240063e+001  4.507168e+001
    endloop
  endfacet
  facet normal  0.000000e+000  0.000000e+000 -9.999999e-001
    outer loop
      vertex -2.500000e+001  1.240063e+001  4.507168e+001
      vertex -2.300000e+001 -5.688276e+000  4.507168e+001
      vertex -2.500000e+001 -5.688276e+000  4.507168e+001
    endloop
  endfacet
  facet normal  0.000000e+000 -1.000000e+000  0.000000e+000
    outer loop
      vertex -2.500000e+001 -5.688276e+000  4.507168e+001
      vertex -2.300000e+001 -5.688276e+000  4.507168e+001
      vertex -2.500000e+001 -5.688276e+000  7.007169e+001
    endloop
  endfacet
  facet normal  0.000000e+000 -1.000000e+000  0.000000e+000
    outer loop
      vertex -2.500000e+001 -5.688276e+000  7.007169e+001
      vertex -2.300000e+001 -5.688276e+000  4.507168e+001
      vertex -2.300000e+001 -5.688276e+000  6.807169e+001
    endloop
  endfacet
  facet normal  0.000000e+000 -1.000000e+000  0.000000e+000
    outer loop
      vertex -2.500000e+001 -5.688276e+000  7.007169e+001
      vertex -2.300000e+001 -5.688276e+000  6.807169e+001
      vertex -2.000000e+001 -5.688276e+000  7.007169e+001
    endloop
  endfacet
  facet normal  0.000000e+000 -1.000000e+000  -0.000000e+000
    outer loop
      vertex -2.000000e+001 -5.688276e+000  7.007169e+001
      vertex -2.300000e+001 -5.688276e+000  6.807169e+001
      vertex -2.000000e+001 -5.688276e+000  6.807169e+001
    endloop
  endfacet
  facet normal -8.710023e-001 -4.912791e-001  0.000000e+000
    outer loop
      vertex -2.500000e+001 -5.722581e+001  2.900600e+001
      vertex -2.149338e+001 -6.344279e+001  2.757149e+001
      vertex -2.500000e+001 -5.722581e+001  7.007169e+001
    endloop
  endfacet
  facet normal -8.710021e-001 -4.912792e-001  2.294916e-008
    outer loop
      vertex -2.500000e+001 -5.722581e+001  7.007169e+001
      vertex -2.149338e+001 -6.344279e+001  2.757149e+001
      vertex -1.566064e+001 -7.378381e+001  5.003094e+001
    endloop
  endfacet
  facet normal -8.710021e-001 -4.912792e-001  0.000000e+000
    outer loop
      vertex -2.500000e+001 -5.722581e+001  7.007169e+001
      vertex -1.566064e+001 -7.378381e+001  5.003094e+001
      vertex -1.300000e+001 -7.850094e+001  6.027596e+001
    endloop
  endfacet
  facet normal  0.000000e+000  2.248341e-001 -9.743971e-001
    outer loop
      vertex -2.300000e+001  1.510813e+001  4.569641e+001
      vertex -2.300000e+001  1.240063e+001  4.507168e+001
      vertex -2.500000e+001  1.510813e+001  4.569641e+001
    endloop
  endfacet
  facet normal  0.000000e+000  2.248341e-001 -9.743971e-001
    outer loop
      vertex -2.500000e+001  1.510813e+001  4.569641e+001
      vertex -2.300000e+001  1.240063e+001  4.507168e+001
      vertex -2.500000e+001  1.240063e+001  4.507168e+001
    endloop
  endfacet
  facet normal -5.022673e-007  8.302077e-001 -5.574540e-001
    outer loop
      vertex -2.300000e+001  3.013232e+001  6.807169e+001
      vertex -1.512500e+001  3.131172e+001  6.982814e+001
      vertex -1.508895e+001  3.088870e+001  6.919814e+001
    endloop
  endfacet
  facet normal -5.328718e-007  8.302078e-001 -5.574540e-001
    outer loop
      vertex -2.300000e+001  3.013232e+001  6.807169e+001
      vertex -1.508895e+001  3.088870e+001  6.919814e+001
      vertex -1.497892e+001  3.046965e+001  6.857406e+001
    endloop
  endfacet
  facet normal  0.000000e+000  8.302040e-001 -5.574598e-001
    outer loop
      vertex -2.300000e+001  3.013232e+001  6.807169e+001
      vertex -1.497892e+001  3.046965e+001  6.857406e+001
      vertex -1.482932e+001  3.013232e+001  6.807169e+001
    endloop
  endfacet
  facet normal  0.000000e+000  8.302132e-001 -5.574459e-001
    outer loop
      vertex -2.500000e+001  3.147525e+001  7.007169e+001
      vertex -1.511965e+001  3.147525e+001  7.007169e+001
      vertex -1.512500e+001  3.131172e+001  6.982814e+001
    endloop
  endfacet
  facet normal -3.108352e-007  8.302074e-001 -5.574546e-001
    outer loop
      vertex -2.500000e+001  3.147525e+001  7.007169e+001
      vertex -1.512500e+001  3.131172e+001  6.982814e+001
      vertex -2.300000e+001  3.013232e+001  6.807169e+001
    endloop
  endfacet
  facet normal -3.538493e-007  8.302073e-001 -5.574547e-001
    outer loop
      vertex -2.500000e+001  3.147525e+001  7.007169e+001
      vertex -2.300000e+001  3.013232e+001  6.807169e+001
      vertex -2.300000e+001  1.510813e+001  4.569641e+001
    endloop
  endfacet
  facet normal  0.000000e+000  8.302074e-001 -5.574547e-001
    outer loop
      vertex -2.500000e+001  3.147525e+001  7.007169e+001
      vertex -2.300000e+001  1.510813e+001  4.569641e+001
      vertex -2.500000e+001  1.510813e+001  4.569641e+001
    endloop
  endfacet
  facet normal  0.000000e+000  8.302060e-001 -5.574568e-001
    outer loop
      vertex -5.000000e+000  3.013232e+001  6.807169e+001
      vertex -1.042068e+001  3.013232e+001  6.807169e+001
      vertex -1.021962e+001  3.063043e+001  6.881350e+001
    endloop
  endfacet
  facet normal  1.909634e-007  8.302066e-001 -5.574558e-001
    outer loop
      vertex -5.000000e+000  3.013232e+001  6.807169e+001
      vertex -1.021962e+001  3.063043e+001  6.881350e+001
      vertex -1.013100e+001  3.113866e+001  6.957040e+001
    endloop
  endfacet
  facet normal  1.802564e-006  8.302091e-001 -5.574520e-001
    outer loop
      vertex -5.000000e+000  3.013232e+001  6.807169e+001
      vertex -1.013100e+001  3.113866e+001  6.957040e+001
      vertex -1.012500e+001  3.131172e+001  6.982814e+001
    endloop
  endfacet
  facet normal  4.833543e-006  8.302133e-001 -5.574459e-001
    outer loop
      vertex -5.000000e+000  3.013232e+001  6.807169e+001
      vertex -1.012500e+001  3.131172e+001  6.982814e+001
      vertex -1.013035e+001  3.147525e+001  7.007169e+001
    endloop
  endfacet
  facet normal  0.000000e+000  8.302075e-001 -5.574545e-001
    outer loop
      vertex -5.000000e+000  3.013232e+001  6.807169e+001
      vertex -1.013035e+001  3.147525e+001  7.007169e+001
      vertex -5.000000e+000  3.147525e+001  7.007169e+001
    endloop
  endfacet
  facet normal -9.994645e-001 -3.272251e-002  -0.000000e+000
    outer loop
      vertex -1.012500e+001  3.131172e+001  6.982814e+001
      vertex -1.012500e+001  3.131172e+001  7.007169e+001
      vertex -1.013035e+001  3.147525e+001  7.007169e+001
    endloop
  endfacet
  facet normal  9.994645e-001 -3.272251e-002  0.000000e+000
    outer loop
      vertex -1.511965e+001  3.147525e+001  7.007169e+001
      vertex -1.512500e+001  3.131172e+001  7.007169e+001
      vertex -1.512500e+001  3.131172e+001  6.982814e+001
    endloop
  endfacet
  facet normal -9.867125e-001  1.623455e-001  6.525828e-003
    outer loop
      vertex -1.021962e+001  3.063043e+001  6.881350e+001
      vertex -1.019765e+001  3.071343e+001  7.007169e+001
      vertex -1.013100e+001  3.113866e+001  6.957040e+001
    endloop
  endfacet
  facet normal -9.922702e-001  1.204829e-001 -2.972451e-002
    outer loop
      vertex -1.013100e+001  3.113866e+001  6.957040e+001
      vertex -1.019765e+001  3.071343e+001  7.007169e+001
      vertex -1.012500e+001  3.131172e+001  7.007169e+001
    endloop
  endfacet
  facet normal -9.994003e-001  3.463034e-002  0.000000e+000
    outer loop
      vertex -1.013100e+001  3.113866e+001  6.957040e+001
      vertex -1.012500e+001  3.131172e+001  7.007169e+001
      vertex -1.012500e+001  3.131172e+001  6.982814e+001
    endloop
  endfacet
  facet normal  9.700627e-001  2.427210e-001  8.059714e-003
    outer loop
      vertex -1.508895e+001  3.088870e+001  6.919814e+001
      vertex -1.505235e+001  3.071343e+001  7.007169e+001
      vertex -1.497892e+001  3.046965e+001  6.857406e+001
    endloop
  endfacet
  facet normal  9.349502e-001  3.545802e-001 -1.187027e-002
    outer loop
      vertex -1.497892e+001  3.046965e+001  6.857406e+001
      vertex -1.505235e+001  3.071343e+001  7.007169e+001
      vertex -1.483864e+001  3.014992e+001  7.007169e+001
    endloop
  endfacet
  facet normal  9.145286e-001  4.045207e-001  7.046359e-004
    outer loop
      vertex -1.497892e+001  3.046965e+001  6.857406e+001
      vertex -1.483864e+001  3.014992e+001  7.007169e+001
      vertex -1.482932e+001  3.013232e+001  6.807169e+001
    endloop
  endfacet
  facet normal  8.229830e-001  5.680648e-001 -1.160557e-003
    outer loop
      vertex -1.482932e+001  3.013232e+001  6.807169e+001
      vertex -1.483864e+001  3.014992e+001  7.007169e+001
      vertex -1.449628e+001  2.965392e+001  7.007169e+001
    endloop
  endfacet
  facet normal  8.189411e-001  5.738769e-001  9.027815e-004
    outer loop
      vertex -1.482932e+001  3.013232e+001  6.807169e+001
      vertex -1.449628e+001  2.965392e+001  7.007169e+001
      vertex -1.448597e+001  2.964236e+001  6.807169e+001
    endloop
  endfacet
  facet normal  6.631222e-001  7.485107e-001 -9.092874e-004
    outer loop
      vertex -1.448597e+001  2.964236e+001  6.807169e+001
      vertex -1.449628e+001  2.965392e+001  7.007169e+001
      vertex -1.404516e+001  2.925426e+001  7.007169e+001
    endloop
  endfacet
  facet normal  6.591397e-001  7.520202e-001  6.495030e-004
    outer loop
      vertex -1.448597e+001  2.964236e+001  6.807169e+001
      vertex -1.404516e+001  2.925426e+001  7.007169e+001
      vertex -1.403605e+001  2.924800e+001  6.807169e+001
    endloop
  endfacet
  facet normal  4.647224e-001  8.854562e-001 -6.546642e-004
    outer loop
      vertex -1.403605e+001  2.924800e+001  6.807169e+001
      vertex -1.404516e+001  2.925426e+001  7.007169e+001
      vertex -1.351151e+001  2.897418e+001  7.007169e+001
    endloop
  endfacet
  facet normal  4.615867e-001  8.870949e-001  3.920625e-004
    outer loop
      vertex -1.403605e+001  2.924800e+001  6.807169e+001
      vertex -1.351151e+001  2.897418e+001  7.007169e+001
      vertex -1.350530e+001  2.897184e+001  6.807169e+001
    endloop
  endfacet
  facet normal  2.393163e-001  9.709417e-001 -3.961595e-004
    outer loop
      vertex -1.350530e+001  2.897184e+001  6.807169e+001
      vertex -1.351151e+001  2.897418e+001  7.007169e+001
      vertex -1.292634e+001  2.882995e+001  7.007169e+001
    endloop
  endfacet
  facet normal  2.375979e-001  9.713637e-001  1.312285e-004
    outer loop
      vertex -1.350530e+001  2.897184e+001  6.807169e+001
      vertex -1.292634e+001  2.882995e+001  7.007169e+001
      vertex -1.292415e+001  2.882969e+001  6.807169e+001
    endloop
  endfacet
  facet normal  0.000000e+000  1.000000e+000 -1.335144e-004
    outer loop
      vertex -1.292415e+001  2.882969e+001  6.807169e+001
      vertex -1.292634e+001  2.882995e+001  7.007169e+001
      vertex -1.232366e+001  2.882995e+001  7.007169e+001
    endloop
  endfacet
  facet normal  0.000000e+000  1.000000e+000 -1.335144e-004
    outer loop
      vertex -1.292415e+001  2.882969e+001  6.807169e+001
      vertex -1.232366e+001  2.882995e+001  7.007169e+001
      vertex -1.232585e+001  2.882969e+001  6.807169e+001
    endloop
  endfacet
  facet normal -2.393163e-001  9.709417e-001  1.331719e-004
    outer loop
      vertex -1.232585e+001  2.882969e+001  6.807169e+001
      vertex -1.232366e+001  2.882995e+001  7.007169e+001
      vertex -1.173849e+001  2.897418e+001  7.007169e+001
    endloop
  endfacet
  facet normal -2.375978e-001  9.713635e-001 -4.019881e-004
    outer loop
      vertex -1.232585e+001  2.882969e+001  6.807169e+001
      vertex -1.173849e+001  2.897418e+001  7.007169e+001
      vertex -1.174470e+001  2.897184e+001  6.807169e+001
    endloop
  endfacet
  facet normal -4.647225e-001  8.854564e-001  4.037170e-004
    outer loop
      vertex -1.174470e+001  2.897184e+001  6.807169e+001
      vertex -1.173849e+001  2.897418e+001  7.007169e+001
      vertex -1.120484e+001  2.925426e+001  7.007169e+001
    endloop
  endfacet
  facet normal -4.615867e-001  8.870949e-001 -6.740904e-004
    outer loop
      vertex -1.174470e+001  2.897184e+001  6.807169e+001
      vertex -1.120484e+001  2.925426e+001  7.007169e+001
      vertex -1.121395e+001  2.924800e+001  6.807169e+001
    endloop
  endfacet
  facet normal -6.631222e-001  7.485107e-001  6.786492e-004
    outer loop
      vertex -1.121395e+001  2.924800e+001  6.807169e+001
      vertex -1.120484e+001  2.925426e+001  7.007169e+001
      vertex -1.075372e+001  2.965392e+001  7.007169e+001
    endloop
  endfacet
  facet normal -6.591395e-001  7.520200e-001 -9.500887e-004
    outer loop
      vertex -1.121395e+001  2.924800e+001  6.807169e+001
      vertex -1.075372e+001  2.965392e+001  7.007169e+001
      vertex -1.076403e+001  2.964236e+001  6.807169e+001
    endloop
  endfacet
  facet normal -8.229832e-001  5.680649e-001  9.571962e-004
    outer loop
      vertex -1.076403e+001  2.964236e+001  6.807169e+001
      vertex -1.075372e+001  2.965392e+001  7.007169e+001
      vertex -1.041136e+001  3.014992e+001  7.007169e+001
    endloop
  endfacet
  facet normal -8.189408e-001  5.738767e-001 -1.230518e-003
    outer loop
      vertex -1.076403e+001  2.964236e+001  6.807169e+001
      vertex -1.041136e+001  3.014992e+001  7.007169e+001
      vertex -1.042068e+001  3.013232e+001  6.807169e+001
    endloop
  endfacet
  facet normal -9.350154e-001  3.546049e-001  1.239172e-003
    outer loop
      vertex -1.042068e+001  3.013232e+001  6.807169e+001
      vertex -1.041136e+001  3.014992e+001  7.007169e+001
      vertex -1.019765e+001  3.071343e+001  7.007169e+001
    endloop
  endfacet
  facet normal -9.223436e-001  3.862570e-001 -9.370625e-003
    outer loop
      vertex -1.042068e+001  3.013232e+001  6.807169e+001
      vertex -1.019765e+001  3.071343e+001  7.007169e+001
      vertex -1.021962e+001  3.063043e+001  6.881350e+001
    endloop
  endfacet
  facet normal  9.927089e-001  1.205362e-001  0.000000e+000
    outer loop
      vertex -1.512500e+001  3.131172e+001  7.007169e+001
      vertex -1.505235e+001  3.071343e+001  7.007169e+001
      vertex -1.512500e+001  3.131172e+001  6.982814e+001
    endloop
  endfacet
  facet normal  9.934250e-001  1.129031e-001 -1.896496e-002
    outer loop
      vertex -1.512500e+001  3.131172e+001  6.982814e+001
      vertex -1.505235e+001  3.071343e+001  7.007169e+001
      vertex -1.508895e+001  3.088870e+001  6.919814e+001
    endloop
  endfacet
  facet normal  7.141992e-001 -6.999424e-001  0.000000e+000
    outer loop
      vertex -1.608114e+001 -4.475179e+001  6.807169e+001
      vertex -1.646797e+001 -4.514650e+001  7.007169e+001
      vertex -1.646797e+001 -4.514650e+001  6.807169e+001
    endloop
  endfacet
  facet normal  8.505319e-001 -5.259234e-001  0.000000e+000
    outer loop
      vertex -1.646797e+001 -4.514650e+001  6.807169e+001
      vertex -1.646797e+001 -4.514650e+001  7.007169e+001
      vertex -1.675863e+001 -4.561656e+001  7.007169e+001
    endloop
  endfacet
  facet normal  8.505319e-001 -5.259234e-001  0.000000e+000
    outer loop
      vertex -1.646797e+001 -4.514650e+001  6.807169e+001
      vertex -1.675863e+001 -4.561656e+001  7.007169e+001
      vertex -1.675863e+001 -4.561656e+001  6.807169e+001
    endloop
  endfacet
  facet normal  9.453018e-001 -3.261972e-001  0.000000e+000
    outer loop
      vertex -1.675863e+001 -4.561656e+001  6.807169e+001
      vertex -1.675863e+001 -4.561656e+001  7.007169e+001
      vertex -1.693891e+001 -4.613900e+001  7.007169e+001
    endloop
  endfacet
  facet normal  9.453018e-001 -3.261972e-001  0.000000e+000
    outer loop
      vertex -1.675863e+001 -4.561656e+001  6.807169e+001
      vertex -1.693891e+001 -4.613900e+001  7.007169e+001
      vertex -1.693891e+001 -4.613900e+001  6.807169e+001
    endloop
  endfacet
  facet normal  9.938723e-001 -1.105346e-001  0.000000e+000
    outer loop
      vertex -1.693891e+001 -4.613900e+001  6.807169e+001
      vertex -1.693891e+001 -4.613900e+001  7.007169e+001
      vertex -1.700000e+001 -4.668827e+001  7.007169e+001
    endloop
  endfacet
  facet normal  9.938723e-001 -1.105346e-001  0.000000e+000
    outer loop
      vertex -1.693891e+001 -4.613900e+001  6.807169e+001
      vertex -1.700000e+001 -4.668827e+001  7.007169e+001
      vertex -1.700000e+001 -4.668827e+001  6.807169e+001
    endloop
  endfacet
  facet normal  7.141992e-001 -6.999424e-001  0.000000e+000
    outer loop
      vertex -1.646797e+001 -4.514650e+001  7.007169e+001
      vertex -1.608114e+001 -4.475179e+001  6.807169e+001
      vertex -1.608114e+001 -4.475179e+001  7.007169e+001
    endloop
  endfacet
  facet normal  5.429603e-001 -8.397583e-001  0.000000e+000
    outer loop
      vertex -1.608114e+001 -4.475179e+001  7.007169e+001
      vertex -1.608114e+001 -4.475179e+001  6.807169e+001
      vertex -1.561703e+001 -4.445171e+001  6.807169e+001
    endloop
  endfacet
  facet normal  5.429603e-001 -8.397583e-001  0.000000e+000
    outer loop
      vertex -1.608114e+001 -4.475179e+001  7.007169e+001
      vertex -1.561703e+001 -4.445171e+001  6.807169e+001
      vertex -1.561703e+001 -4.445171e+001  7.007169e+001
    endloop
  endfacet
  facet normal  3.451929e-001 -9.385318e-001  0.000000e+000
    outer loop
      vertex -1.561703e+001 -4.445171e+001  7.007169e+001
      vertex -1.561703e+001 -4.445171e+001  6.807169e+001
      vertex -1.509834e+001 -4.426093e+001  6.807169e+001
    endloop
  endfacet
  facet normal  3.451929e-001 -9.385318e-001  0.000000e+000
    outer loop
      vertex -1.561703e+001 -4.445171e+001  7.007169e+001
      vertex -1.509834e+001 -4.426093e+001  6.807169e+001
      vertex -1.509834e+001 -4.426093e+001  7.007169e+001
    endloop
  endfacet
  facet normal  1.305441e-001 -9.914424e-001  0.000000e+000
    outer loop
      vertex -1.509834e+001 -4.426093e+001  7.007169e+001
      vertex -1.509834e+001 -4.426093e+001  6.807169e+001
      vertex -1.455040e+001 -4.418879e+001  6.807169e+001
    endloop
  endfacet
  facet normal  1.305441e-001 -9.914424e-001  0.000000e+000
    outer loop
      vertex -1.509834e+001 -4.426093e+001  7.007169e+001
      vertex -1.455040e+001 -4.418879e+001  6.807169e+001
      vertex -1.455040e+001 -4.418879e+001  7.007169e+001
    endloop
  endfacet
  facet normal -9.046915e-002 -9.958993e-001  -0.000000e+000
    outer loop
      vertex -1.455040e+001 -4.418879e+001  7.007169e+001
      vertex -1.455040e+001 -4.418879e+001  6.807169e+001
      vertex -1.400000e+001 -4.423878e+001  6.807169e+001
    endloop
  endfacet
  facet normal -9.046915e-002 -9.958993e-001  0.000000e+000
    outer loop
      vertex -1.455040e+001 -4.418879e+001  7.007169e+001
      vertex -1.400000e+001 -4.423878e+001  6.807169e+001
      vertex -1.400000e+001 -4.423878e+001  7.007169e+001
    endloop
  endfacet
  facet normal  1.950902e-001 -9.807853e-001  0.000000e+000
    outer loop
      vertex -1.362500e+001 -1.688276e+000  6.807169e+001
      vertex -1.400768e+001 -1.764397e+000  7.007169e+001
      vertex -1.400768e+001 -1.764397e+000  6.807169e+001
    endloop
  endfacet
  facet normal  5.555707e-001 -8.314694e-001  0.000000e+000
    outer loop
      vertex -1.400768e+001 -1.764397e+000  6.807169e+001
      vertex -1.400768e+001 -1.764397e+000  7.007169e+001
      vertex -1.433211e+001 -1.981169e+000  7.007169e+001
    endloop
  endfacet
  facet normal  5.555707e-001 -8.314694e-001  0.000000e+000
    outer loop
      vertex -1.400768e+001 -1.764397e+000  6.807169e+001
      vertex -1.433211e+001 -1.981169e+000  7.007169e+001
      vertex -1.433211e+001 -1.981169e+000  6.807169e+001
    endloop
  endfacet
  facet normal  8.314692e-001 -5.555708e-001  0.000000e+000
    outer loop
      vertex -1.433211e+001 -1.981169e+000  6.807169e+001
      vertex -1.433211e+001 -1.981169e+000  7.007169e+001
      vertex -1.454888e+001 -2.305593e+000  7.007169e+001
    endloop
  endfacet
  facet normal  8.314692e-001 -5.555708e-001  0.000000e+000
    outer loop
      vertex -1.433211e+001 -1.981169e+000  6.807169e+001
      vertex -1.454888e+001 -2.305593e+000  7.007169e+001
      vertex -1.454888e+001 -2.305593e+000  6.807169e+001
    endloop
  endfacet
  facet normal  9.807854e-001 -1.950901e-001  0.000000e+000
    outer loop
      vertex -1.454888e+001 -2.305593e+000  6.807169e+001
      vertex -1.454888e+001 -2.305593e+000  7.007169e+001
      vertex -1.462500e+001 -2.688276e+000  7.007169e+001
    endloop
  endfacet
  facet normal  9.807854e-001 -1.950901e-001  0.000000e+000
    outer loop
      vertex -1.454888e+001 -2.305593e+000  6.807169e+001
      vertex -1.462500e+001 -2.688276e+000  7.007169e+001
      vertex -1.462500e+001 -2.688276e+000  6.807169e+001
    endloop
  endfacet
  facet normal  1.950902e-001 -9.807853e-001  0.000000e+000
    outer loop
      vertex -1.400768e+001 -1.764397e+000  7.007169e+001
      vertex -1.362500e+001 -1.688276e+000  6.807169e+001
      vertex -1.362500e+001 -1.688276e+000  7.007169e+001
    endloop
  endfacet
  facet normal -1.950902e-001 -9.807853e-001  -0.000000e+000
    outer loop
      vertex -1.362500e+001 -1.688276e+000  7.007169e+001
      vertex -1.362500e+001 -1.688276e+000  6.807169e+001
      vertex -1.324232e+001 -1.764397e+000  6.807169e+001
    endloop
  endfacet
  facet normal -1.950902e-001 -9.807853e-001  0.000000e+000
    outer loop
      vertex -1.362500e+001 -1.688276e+000  7.007169e+001
      vertex -1.324232e+001 -1.764397e+000  6.807169e+001
      vertex -1.324232e+001 -1.764397e+000  7.007169e+001
    endloop
  endfacet
  facet normal -5.555707e-001 -8.314694e-001  -0.000000e+000
    outer loop
      vertex -1.324232e+001 -1.764397e+000  7.007169e+001
      vertex -1.324232e+001 -1.764397e+000  6.807169e+001
      vertex -1.291789e+001 -1.981169e+000  6.807169e+001
    endloop
  endfacet
  facet normal -5.555707e-001 -8.314694e-001  0.000000e+000
    outer loop
      vertex -1.324232e+001 -1.764397e+000  7.007169e+001
      vertex -1.291789e+001 -1.981169e+000  6.807169e+001
      vertex -1.291789e+001 -1.981169e+000  7.007169e+001
    endloop
  endfacet
  facet normal -8.314692e-001 -5.555708e-001  -0.000000e+000
    outer loop
      vertex -1.291789e+001 -1.981169e+000  7.007169e+001
      vertex -1.291789e+001 -1.981169e+000  6.807169e+001
      vertex -1.270112e+001 -2.305593e+000  6.807169e+001
    endloop
  endfacet
  facet normal -8.314692e-001 -5.555708e-001  0.000000e+000
    outer loop
      vertex -1.291789e+001 -1.981169e+000  7.007169e+001
      vertex -1.270112e+001 -2.305593e+000  6.807169e+001
      vertex -1.270112e+001 -2.305593e+000  7.007169e+001
    endloop
  endfacet
  facet normal -9.807854e-001 -1.950901e-001  -0.000000e+000
    outer loop
      vertex -1.270112e+001 -2.305593e+000  7.007169e+001
      vertex -1.270112e+001 -2.305593e+000  6.807169e+001
      vertex -1.262500e+001 -2.688276e+000  6.807169e+001
    endloop
  endfacet
  facet normal -9.807854e-001 -1.950901e-001  0.000000e+000
    outer loop
      vertex -1.270112e+001 -2.305593e+000  7.007169e+001
      vertex -1.262500e+001 -2.688276e+000  6.807169e+001
      vertex -1.262500e+001 -2.688276e+000  7.007169e+001
    endloop
  endfacet
  facet normal  5.498043e-001  8.352935e-001  0.000000e+000
    outer loop
      vertex -1.432818e+001 -3.399286e+000  6.807169e+001
      vertex -1.400000e+001 -3.615301e+000  7.007169e+001
      vertex -1.400000e+001 -3.615301e+000  6.807169e+001
    endloop
  endfacet
  facet normal  5.498043e-001  8.352935e-001  -0.000000e+000
    outer loop
      vertex -1.400000e+001 -3.615301e+000  7.007169e+001
      vertex -1.432818e+001 -3.399286e+000  6.807169e+001
      vertex -1.432818e+001 -3.399286e+000  7.007169e+001
    endloop
  endfacet
  facet normal  8.291560e-001  5.590173e-001  0.000000e+000
    outer loop
      vertex -1.432818e+001 -3.399286e+000  7.007169e+001
      vertex -1.432818e+001 -3.399286e+000  6.807169e+001
      vertex -1.454782e+001 -3.073515e+000  6.807169e+001
    endloop
  endfacet
  facet normal  8.291560e-001  5.590173e-001  -0.000000e+000
    outer loop
      vertex -1.432818e+001 -3.399286e+000  7.007169e+001
      vertex -1.454782e+001 -3.073515e+000  6.807169e+001
      vertex -1.454782e+001 -3.073515e+000  7.007169e+001
    endloop
  endfacet
  facet normal  9.805145e-001  1.964466e-001  0.000000e+000
    outer loop
      vertex -1.454782e+001 -3.073515e+000  7.007169e+001
      vertex -1.454782e+001 -3.073515e+000  6.807169e+001
      vertex -1.462500e+001 -2.688276e+000  6.807169e+001
    endloop
  endfacet
  facet normal  9.805145e-001  1.964466e-001  -0.000000e+000
    outer loop
      vertex -1.454782e+001 -3.073515e+000  7.007169e+001
      vertex -1.462500e+001 -2.688276e+000  6.807169e+001
      vertex -1.462500e+001 -2.688276e+000  7.007169e+001
    endloop
  endfacet
  facet normal  1.000000e+000  -0.000000e+000  -0.000000e+000
    outer loop
      vertex -1.416064e+001 -7.707084e+001  4.521477e+001
      vertex -1.416064e+001 -6.923919e+001  2.820538e+001
      vertex -1.416064e+001 -6.344279e+001  2.757149e+001
    endloop
  endfacet
  facet normal  1.000000e+000  0.000000e+000  0.000000e+000
    outer loop
      vertex -1.416064e+001 -7.707084e+001  4.521477e+001
      vertex -1.416064e+001 -6.344279e+001  2.757149e+001
      vertex -1.416064e+001 -7.378381e+001  5.003094e+001
    endloop
  endfacet
  facet normal  1.000000e+000  0.000000e+000  0.000000e+000
    outer loop
      vertex -1.416064e+001 -7.707084e+001  4.521477e+001
      vertex -1.416064e+001 -7.378381e+001  5.003094e+001
      vertex -1.416064e+001 -7.560049e+001  4.919448e+001
    endloop
  endfacet
  facet normal  1.000000e+000  0.000000e+000  0.000000e+000
    outer loop
      vertex -1.416064e+001 -7.707084e+001  4.521477e+001
      vertex -1.416064e+001 -7.560049e+001  4.919448e+001
      vertex -1.416064e+001 -7.617542e+001  4.884696e+001
    endloop
  endfacet
  facet normal  1.000000e+000  0.000000e+000  0.000000e+000
    outer loop
      vertex -1.416064e+001 -7.707084e+001  4.521477e+001
      vertex -1.416064e+001 -7.617542e+001  4.884696e+001
      vertex -1.416064e+001 -7.665858e+001  4.838023e+001
    endloop
  endfacet
  facet normal  1.000000e+000  0.000000e+000  0.000000e+000
    outer loop
      vertex -1.416064e+001 -7.707084e+001  4.521477e+001
      vertex -1.416064e+001 -7.665858e+001  4.838023e+001
      vertex -1.416064e+001 -7.702579e+001  4.781768e+001
    endloop
  endfacet
  facet normal  1.000000e+000  0.000000e+000  0.000000e+000
    outer loop
      vertex -1.416064e+001 -7.707084e+001  4.521477e+001
      vertex -1.416064e+001 -7.702579e+001  4.781768e+001
      vertex -1.416064e+001 -7.725861e+001  4.718753e+001
    endloop
  endfacet
  facet normal  1.000000e+000  0.000000e+000  0.000000e+000
    outer loop
      vertex -1.416064e+001 -7.707084e+001  4.521477e+001
      vertex -1.416064e+001 -7.725861e+001  4.718753e+001
      vertex -1.416064e+001 -7.734536e+001  4.652136e+001
    endloop
  endfacet
  facet normal  1.000000e+000  0.000000e+000  0.000000e+000
    outer loop
      vertex -1.416064e+001 -7.707084e+001  4.521477e+001
      vertex -1.416064e+001 -7.734536e+001  4.652136e+001
      vertex -1.416064e+001 -7.728171e+001  4.585260e+001
    endloop
  endfacet
  facet normal  1.000000e+000  0.000000e+000  0.000000e+000
    outer loop
      vertex -1.416064e+001 -6.344279e+001  2.757149e+001
      vertex -1.416064e+001 -6.923919e+001  2.820538e+001
      vertex -1.416064e+001 -6.889167e+001  2.763046e+001
    endloop
  endfacet
  facet normal  9.999999e-001  0.000000e+000  0.000000e+000
    outer loop
      vertex -1.416064e+001 -6.344279e+001  2.757149e+001
      vertex -1.416064e+001 -6.889167e+001  2.763046e+001
      vertex -1.416064e+001 -6.842493e+001  2.714729e+001
    endloop
  endfacet
  facet normal  1.000000e+000  -0.000000e+000  0.000000e+000
    outer loop
      vertex -1.416064e+001 -6.344279e+001  2.757149e+001
      vertex -1.416064e+001 -6.842493e+001  2.714729e+001
      vertex -1.416064e+001 -6.786239e+001  2.678008e+001
    endloop
  endfacet
  facet normal  1.000000e+000  -0.000000e+000  0.000000e+000
    outer loop
      vertex -1.416064e+001 -6.344279e+001  2.757149e+001
      vertex -1.416064e+001 -6.786239e+001  2.678008e+001
      vertex -1.416064e+001 -6.723224e+001  2.654727e+001
    endloop
  endfacet
  facet normal  1.000000e+000  -0.000000e+000  0.000000e+000
    outer loop
      vertex -1.416064e+001 -6.344279e+001  2.757149e+001
      vertex -1.416064e+001 -6.723224e+001  2.654727e+001
      vertex -1.416064e+001 -6.656607e+001  2.646051e+001
    endloop
  endfacet
  facet normal  1.000000e+000  0.000000e+000  0.000000e+000
    outer loop
      vertex -1.416064e+001 -6.344279e+001  2.757149e+001
      vertex -1.416064e+001 -6.656607e+001  2.646051e+001
      vertex -1.416064e+001 -6.589731e+001  2.652416e+001
    endloop
  endfacet
  facet normal  9.999999e-001  0.000000e+000  0.000000e+000
    outer loop
      vertex -1.416064e+001 -6.344279e+001  2.757149e+001
      vertex -1.416064e+001 -6.589731e+001  2.652416e+001
      vertex -1.416064e+001 -6.525948e+001  2.673504e+001
    endloop
  endfacet
  facet normal  -0.000000e+000 -9.083418e-001 -4.182287e-001
    outer loop
      vertex -1.566064e+001 -6.923919e+001  2.820538e+001
      vertex -1.416064e+001 -6.923919e+001  2.820538e+001
      vertex -1.566064e+001 -7.707084e+001  4.521477e+001
    endloop
  endfacet
  facet normal  0.000000e+000 -9.083418e-001 -4.182287e-001
    outer loop
      vertex -1.566064e+001 -7.707084e+001  4.521477e+001
      vertex -1.416064e+001 -6.923919e+001  2.820538e+001
      vertex -1.416064e+001 -7.707084e+001  4.521477e+001
    endloop
  endfacet
  facet normal -1.000000e+000  0.000000e+000  0.000000e+000
    outer loop
      vertex -1.566064e+001 -6.923919e+001  2.820538e+001
      vertex -1.566064e+001 -7.707084e+001  4.521477e+001
      vertex -1.566064e+001 -7.378381e+001  5.003094e+001
    endloop
  endfacet
  facet normal -1.000000e+000  0.000000e+000  0.000000e+000
    outer loop
      vertex -1.566064e+001 -6.923919e+001  2.820538e+001
      vertex -1.566064e+001 -7.378381e+001  5.003094e+001
      vertex -1.566064e+001 -6.344279e+001  2.757149e+001
    endloop
  endfacet
  facet normal -1.000000e+000  -0.000000e+000  0.000000e+000
    outer loop
      vertex -1.566064e+001 -6.923919e+001  2.820538e+001
      vertex -1.566064e+001 -6.344279e+001  2.757149e+001
      vertex -1.566064e+001 -6.525948e+001  2.673504e+001
    endloop
  endfacet
  facet normal -1.000000e+000  -0.000000e+000  0.000000e+000
    outer loop
      vertex -1.566064e+001 -6.923919e+001  2.820538e+001
      vertex -1.566064e+001 -6.525948e+001  2.673504e+001
      vertex -1.566064e+001 -6.589731e+001  2.652416e+001
    endloop
  endfacet
  facet normal -9.999999e-001  -0.000000e+000  0.000000e+000
    outer loop
      vertex -1.566064e+001 -6.923919e+001  2.820538e+001
      vertex -1.566064e+001 -6.589731e+001  2.652416e+001
      vertex -1.566064e+001 -6.656607e+001  2.646051e+001
    endloop
  endfacet
  facet normal -9.999999e-001  0.000000e+000  0.000000e+000
    outer loop
      vertex -1.566064e+001 -6.923919e+001  2.820538e+001
      vertex -1.566064e+001 -6.656607e+001  2.646051e+001
      vertex -1.566064e+001 -6.723224e+001  2.654727e+001
    endloop
  endfacet
  facet normal -1.000000e+000  0.000000e+000  0.000000e+000
    outer loop
      vertex -1.566064e+001 -6.923919e+001  2.820538e+001
      vertex -1.566064e+001 -6.723224e+001  2.654727e+001
      vertex -1.566064e+001 -6.786239e+001  2.678008e+001
    endloop
  endfacet
  facet normal -1.000000e+000  0.000000e+000  0.000000e+000
    outer loop
      vertex -1.566064e+001 -6.923919e+001  2.820538e+001
      vertex -1.566064e+001 -6.786239e+001  2.678008e+001
      vertex -1.566064e+001 -6.842493e+001  2.714729e+001
    endloop
  endfacet
  facet normal -1.000000e+000  0.000000e+000  0.000000e+000
    outer loop
      vertex -1.566064e+001 -6.923919e+001  2.820538e+001
      vertex -1.566064e+001 -6.842493e+001  2.714729e+001
      vertex -1.566064e+001 -6.889167e+001  2.763046e+001
    endloop
  endfacet
  facet normal -1.000000e+000  0.000000e+000  0.000000e+000
    outer loop
      vertex -1.566064e+001 -7.378381e+001  5.003094e+001
      vertex -1.566064e+001 -7.707084e+001  4.521477e+001
      vertex -1.566064e+001 -7.728171e+001  4.585260e+001
    endloop
  endfacet
  facet normal -1.000000e+000  0.000000e+000  0.000000e+000
    outer loop
      vertex -1.566064e+001 -7.378381e+001  5.003094e+001
      vertex -1.566064e+001 -7.728171e+001  4.585260e+001
      vertex -1.566064e+001 -7.734536e+001  4.652136e+001
    endloop
  endfacet
  facet normal -1.000000e+000  0.000000e+000  0.000000e+000
    outer loop
      vertex -1.566064e+001 -7.378381e+001  5.003094e+001
      vertex -1.566064e+001 -7.734536e+001  4.652136e+001
      vertex -1.566064e+001 -7.725861e+001  4.718753e+001
    endloop
  endfacet
  facet normal -1.000000e+000  0.000000e+000  0.000000e+000
    outer loop
      vertex -1.566064e+001 -7.378381e+001  5.003094e+001
      vertex -1.566064e+001 -7.725861e+001  4.718753e+001
      vertex -1.566064e+001 -7.702579e+001  4.781768e+001
    endloop
  endfacet
  facet normal -1.000000e+000  0.000000e+000  0.000000e+000
    outer loop
      vertex -1.566064e+001 -7.378381e+001  5.003094e+001
      vertex -1.566064e+001 -7.702579e+001  4.781768e+001
      vertex -1.566064e+001 -7.665858e+001  4.838023e+001
    endloop
  endfacet
  facet normal -1.000000e+000  0.000000e+000  0.000000e+000
    outer loop
      vertex -1.566064e+001 -7.378381e+001  5.003094e+001
      vertex -1.566064e+001 -7.665858e+001  4.838023e+001
      vertex -1.566064e+001 -7.617542e+001  4.884696e+001
    endloop
  endfacet
  facet normal -1.000000e+000  0.000000e+000  0.000000e+000
    outer loop
      vertex -1.566064e+001 -7.378381e+001  5.003094e+001
      vertex -1.566064e+001 -7.617542e+001  4.884696e+001
      vertex -1.566064e+001 -7.560049e+001  4.919448e+001
    endloop
  endfacet
  facet normal  0.000000e+000  4.182287e-001 -9.083418e-001
    outer loop
      vertex -1.416064e+001 -6.344279e+001  2.757149e+001
      vertex -1.416064e+001 -6.525948e+001  2.673504e+001
      vertex -1.566064e+001 -6.344279e+001  2.757149e+001
    endloop
  endfacet
  facet normal  0.000000e+000  4.182287e-001 -9.083418e-001
    outer loop
      vertex -1.566064e+001 -6.344279e+001  2.757149e+001
      vertex -1.416064e+001 -6.525948e+001  2.673504e+001
      vertex -1.566064e+001 -6.525948e+001  2.673504e+001
    endloop
  endfacet
  facet normal  0.000000e+000 -8.558013e-001 -5.173047e-001
    outer loop
      vertex -1.416064e+001 -6.923919e+001  2.820538e+001
      vertex -1.566064e+001 -6.923919e+001  2.820538e+001
      vertex -1.416064e+001 -6.889167e+001  2.763046e+001
    endloop
  endfacet
  facet normal  -0.000000e+000 -8.558013e-001 -5.173047e-001
    outer loop
      vertex -1.416064e+001 -6.889167e+001  2.763046e+001
      vertex -1.566064e+001 -6.923919e+001  2.820538e+001
      vertex -1.566064e+001 -6.889167e+001  2.763046e+001
    endloop
  endfacet
  facet normal  0.000000e+000 -7.192351e-001 -6.947668e-001
    outer loop
      vertex -1.416064e+001 -6.889167e+001  2.763046e+001
      vertex -1.566064e+001 -6.889167e+001  2.763046e+001
      vertex -1.416064e+001 -6.842493e+001  2.714729e+001
    endloop
  endfacet
  facet normal  -0.000000e+000 -7.192351e-001 -6.947668e-001
    outer loop
      vertex -1.416064e+001 -6.842493e+001  2.714729e+001
      vertex -1.566064e+001 -6.889167e+001  2.763046e+001
      vertex -1.566064e+001 -6.842493e+001  2.714729e+001
    endloop
  endfacet
  facet normal  0.000000e+000 -5.466072e-001 -8.373891e-001
    outer loop
      vertex -1.416064e+001 -6.842493e+001  2.714729e+001
      vertex -1.566064e+001 -6.842493e+001  2.714729e+001
      vertex -1.416064e+001 -6.786239e+001  2.678008e+001
    endloop
  endfacet
  facet normal  -0.000000e+000 -5.466072e-001 -8.373891e-001
    outer loop
      vertex -1.416064e+001 -6.786239e+001  2.678008e+001
      vertex -1.566064e+001 -6.842493e+001  2.714729e+001
      vertex -1.566064e+001 -6.786239e+001  2.678008e+001
    endloop
  endfacet
  facet normal  0.000000e+000 -3.465628e-001 -9.380267e-001
    outer loop
      vertex -1.416064e+001 -6.786239e+001  2.678008e+001
      vertex -1.566064e+001 -6.786239e+001  2.678008e+001
      vertex -1.416064e+001 -6.723224e+001  2.654727e+001
    endloop
  endfacet
  facet normal  -0.000000e+000 -3.465628e-001 -9.380267e-001
    outer loop
      vertex -1.416064e+001 -6.723224e+001  2.654727e+001
      vertex -1.566064e+001 -6.786239e+001  2.678008e+001
      vertex -1.566064e+001 -6.723224e+001  2.654727e+001
    endloop
  endfacet
  facet normal  0.000000e+000 -1.291433e-001 -9.916260e-001
    outer loop
      vertex -1.416064e+001 -6.723224e+001  2.654727e+001
      vertex -1.566064e+001 -6.723224e+001  2.654727e+001
      vertex -1.416064e+001 -6.656607e+001  2.646051e+001
    endloop
  endfacet
  facet normal  -0.000000e+000 -1.291433e-001 -9.916260e-001
    outer loop
      vertex -1.416064e+001 -6.656607e+001  2.646051e+001
      vertex -1.566064e+001 -6.723224e+001  2.654727e+001
      vertex -1.566064e+001 -6.656607e+001  2.646051e+001
    endloop
  endfacet
  facet normal  0.000000e+000  9.475349e-002 -9.955007e-001
    outer loop
      vertex -1.416064e+001 -6.656607e+001  2.646051e+001
      vertex -1.566064e+001 -6.656607e+001  2.646051e+001
      vertex -1.416064e+001 -6.589731e+001  2.652416e+001
    endloop
  endfacet
  facet normal  0.000000e+000  9.475349e-002 -9.955007e-001
    outer loop
      vertex -1.416064e+001 -6.589731e+001  2.652416e+001
      vertex -1.566064e+001 -6.656607e+001  2.646051e+001
      vertex -1.566064e+001 -6.589731e+001  2.652416e+001
    endloop
  endfacet
  facet normal  0.000000e+000  3.138981e-001 -9.494566e-001
    outer loop
      vertex -1.416064e+001 -6.589731e+001  2.652416e+001
      vertex -1.566064e+001 -6.589731e+001  2.652416e+001
      vertex -1.416064e+001 -6.525948e+001  2.673504e+001
    endloop
  endfacet
  facet normal  0.000000e+000  3.138981e-001 -9.494566e-001
    outer loop
      vertex -1.416064e+001 -6.525948e+001  2.673504e+001
      vertex -1.566064e+001 -6.589731e+001  2.652416e+001
      vertex -1.566064e+001 -6.525948e+001  2.673504e+001
    endloop
  endfacet
  facet normal -1.000000e+000  0.000000e+000  0.000000e+000
    outer loop
      vertex -1.300000e+001 -7.850094e+001  6.027596e+001
      vertex -1.300000e+001 -7.787360e+001  5.891344e+001
      vertex -1.300000e+001 -8.031762e+001  5.943950e+001
    endloop
  endfacet
  facet normal -1.000000e+000  0.000000e+000  0.000000e+000
    outer loop
      vertex -1.300000e+001 -8.031762e+001  5.943950e+001
      vertex -1.300000e+001 -7.787360e+001  5.891344e+001
      vertex -1.300000e+001 -7.969028e+001  5.807699e+001
    endloop
  endfacet
  facet normal -9.937122e-001 -1.017019e-001 -4.682658e-002
    outer loop
      vertex -1.300000e+001 -8.031762e+001  5.943950e+001
      vertex -1.300000e+001 -7.969028e+001  5.807699e+001
      vertex -1.292478e+001 -8.092400e+001  5.916031e+001
    endloop
  endfacet
  facet normal -9.937122e-001 -1.017019e-001 -4.682658e-002
    outer loop
      vertex -1.292478e+001 -8.092400e+001  5.916031e+001
      vertex -1.300000e+001 -7.969028e+001  5.807699e+001
      vertex -1.292478e+001 -8.029665e+001  5.779779e+001
    endloop
  endfacet
  facet normal -9.438840e-001 -3.000046e-001 -1.381311e-001
    outer loop
      vertex -1.292478e+001 -8.092400e+001  5.916031e+001
      vertex -1.292478e+001 -8.029665e+001  5.779779e+001
      vertex -1.270291e+001 -8.149997e+001  5.889511e+001
    endloop
  endfacet
  facet normal -9.438829e-001 -3.000069e-001 -1.381338e-001
    outer loop
      vertex -1.270291e+001 -8.149997e+001  5.889511e+001
      vertex -1.292478e+001 -8.029665e+001  5.779779e+001
      vertex -1.270291e+001 -8.087262e+001  5.753260e+001
    endloop
  endfacet
  facet normal -8.467227e-001 -4.832683e-001 -2.225138e-001
    outer loop
      vertex -1.270291e+001 -8.149997e+001  5.889511e+001
      vertex -1.270291e+001 -8.087262e+001  5.753260e+001
      vertex -1.234549e+001 -8.201665e+001  5.865722e+001
    endloop
  endfacet
  facet normal -8.467257e-001 -4.832651e-001 -2.225097e-001
    outer loop
      vertex -1.234549e+001 -8.201665e+001  5.865722e+001
      vertex -1.270291e+001 -8.087262e+001  5.753260e+001
      vertex -1.234549e+001 -8.138931e+001  5.729470e+001
    endloop
  endfacet
  facet normal -7.071087e-001 -6.422931e-001 -2.957308e-001
    outer loop
      vertex -1.234549e+001 -8.201665e+001  5.865722e+001
      vertex -1.234549e+001 -8.138931e+001  5.729470e+001
      vertex -1.187047e+001 -8.244814e+001  5.845855e+001
    endloop
  endfacet
  facet normal -7.071087e-001 -6.422931e-001 -2.957308e-001
    outer loop
      vertex -1.187047e+001 -8.244814e+001  5.845855e+001
      vertex -1.234549e+001 -8.138931e+001  5.729470e+001
      vertex -1.187047e+001 -8.182079e+001  5.709604e+001
    endloop
  endfacet
  facet normal -5.320255e-001 -7.691191e-001 -3.541253e-001
    outer loop
      vertex -1.187047e+001 -8.244814e+001  5.845855e+001
      vertex -1.187047e+001 -8.182079e+001  5.709604e+001
      vertex -1.130165e+001 -8.277278e+001  5.830907e+001
    endloop
  endfacet
  facet normal -5.320255e-001 -7.691191e-001 -3.541253e-001
    outer loop
      vertex -1.130165e+001 -8.277278e+001  5.830907e+001
      vertex -1.187047e+001 -8.182079e+001  5.709604e+001
      vertex -1.130165e+001 -8.214544e+001  5.694656e+001
    endloop
  endfacet
  facet normal -3.302861e-001 -8.573668e-001 -3.947572e-001
    outer loop
      vertex -1.130165e+001 -8.277278e+001  5.830907e+001
      vertex -1.130165e+001 -8.214544e+001  5.694656e+001
      vertex -1.066756e+001 -8.297433e+001  5.821627e+001
    endloop
  endfacet
  facet normal -3.302861e-001 -8.573668e-001 -3.947572e-001
    outer loop
      vertex -1.066756e+001 -8.297433e+001  5.821627e+001
      vertex -1.130165e+001 -8.214544e+001  5.694656e+001
      vertex -1.066756e+001 -8.234698e+001  5.685376e+001
    endloop
  endfacet
  facet normal -1.119648e-001 -9.026306e-001 -4.155980e-001
    outer loop
      vertex -1.066756e+001 -8.297433e+001  5.821627e+001
      vertex -1.066756e+001 -8.234698e+001  5.685376e+001
      vertex -1.000000e+001 -8.304265e+001  5.818481e+001
    endloop
  endfacet
  facet normal -1.119624e-001 -9.026305e-001 -4.155991e-001
    outer loop
      vertex -1.000000e+001 -8.304265e+001  5.818481e+001
      vertex -1.066756e+001 -8.234698e+001  5.685376e+001
      vertex -1.000000e+001 -8.241531e+001  5.682230e+001
    endloop
  endfacet
  facet normal  0.000000e+000 -4.182303e-001  9.083411e-001
    outer loop
      vertex -1.566064e+001 -7.378381e+001  5.003094e+001
      vertex -1.566064e+001 -7.560049e+001  4.919448e+001
      vertex -1.416064e+001 -7.378381e+001  5.003094e+001
    endloop
  endfacet
  facet normal  0.000000e+000 -4.182303e-001  9.083411e-001
    outer loop
      vertex -1.416064e+001 -7.378381e+001  5.003094e+001
      vertex -1.566064e+001 -7.560049e+001  4.919448e+001
      vertex -1.416064e+001 -7.560049e+001  4.919448e+001
    endloop
  endfacet
  facet normal  -0.000000e+000 -9.494584e-001 -3.138930e-001
    outer loop
      vertex -1.566064e+001 -7.707084e+001  4.521477e+001
      vertex -1.416064e+001 -7.707084e+001  4.521477e+001
      vertex -1.566064e+001 -7.728171e+001  4.585260e+001
    endloop
  endfacet
  facet normal  0.000000e+000 -9.494584e-001 -3.138930e-001
    outer loop
      vertex -1.566064e+001 -7.728171e+001  4.585260e+001
      vertex -1.416064e+001 -7.707084e+001  4.521477e+001
      vertex -1.416064e+001 -7.728171e+001  4.585260e+001
    endloop
  endfacet
  facet normal  -0.000000e+000 -9.955010e-001 -9.475067e-002
    outer loop
      vertex -1.566064e+001 -7.728171e+001  4.585260e+001
      vertex -1.416064e+001 -7.728171e+001  4.585260e+001
      vertex -1.566064e+001 -7.734536e+001  4.652136e+001
    endloop
  endfacet
  facet normal  0.000000e+000 -9.955010e-001 -9.475067e-002
    outer loop
      vertex -1.566064e+001 -7.734536e+001  4.652136e+001
      vertex -1.416064e+001 -7.728171e+001  4.585260e+001
      vertex -1.416064e+001 -7.734536e+001  4.652136e+001
    endloop
  endfacet
  facet normal  0.000000e+000 -9.916266e-001  1.291384e-001
    outer loop
      vertex -1.566064e+001 -7.734536e+001  4.652136e+001
      vertex -1.416064e+001 -7.734536e+001  4.652136e+001
      vertex -1.566064e+001 -7.725861e+001  4.718753e+001
    endloop
  endfacet
  facet normal  0.000000e+000 -9.916266e-001  1.291384e-001
    outer loop
      vertex -1.566064e+001 -7.725861e+001  4.718753e+001
      vertex -1.416064e+001 -7.734536e+001  4.652136e+001
      vertex -1.416064e+001 -7.725861e+001  4.718753e+001
    endloop
  endfacet
  facet normal  0.000000e+000 -9.380256e-001  3.465660e-001
    outer loop
      vertex -1.566064e+001 -7.725861e+001  4.718753e+001
      vertex -1.416064e+001 -7.725861e+001  4.718753e+001
      vertex -1.566064e+001 -7.702579e+001  4.781768e+001
    endloop
  endfacet
  facet normal  0.000000e+000 -9.380256e-001  3.465660e-001
    outer loop
      vertex -1.566064e+001 -7.702579e+001  4.781768e+001
      vertex -1.416064e+001 -7.725861e+001  4.718753e+001
      vertex -1.416064e+001 -7.702579e+001  4.781768e+001
    endloop
  endfacet
  facet normal  0.000000e+000 -8.373909e-001  5.466047e-001
    outer loop
      vertex -1.566064e+001 -7.702579e+001  4.781768e+001
      vertex -1.416064e+001 -7.702579e+001  4.781768e+001
      vertex -1.566064e+001 -7.665858e+001  4.838023e+001
    endloop
  endfacet
  facet normal  0.000000e+000 -8.373909e-001  5.466047e-001
    outer loop
      vertex -1.566064e+001 -7.665858e+001  4.838023e+001
      vertex -1.416064e+001 -7.702579e+001  4.781768e+001
      vertex -1.416064e+001 -7.665858e+001  4.838023e+001
    endloop
  endfacet
  facet normal  0.000000e+000 -6.947666e-001  7.192352e-001
    outer loop
      vertex -1.566064e+001 -7.665858e+001  4.838023e+001
      vertex -1.416064e+001 -7.665858e+001  4.838023e+001
      vertex -1.566064e+001 -7.617542e+001  4.884696e+001
    endloop
  endfacet
  facet normal  0.000000e+000 -6.947666e-001  7.192352e-001
    outer loop
      vertex -1.566064e+001 -7.617542e+001  4.884696e+001
      vertex -1.416064e+001 -7.665858e+001  4.838023e+001
      vertex -1.416064e+001 -7.617542e+001  4.884696e+001
    endloop
  endfacet
  facet normal  0.000000e+000 -5.172980e-001  8.558054e-001
    outer loop
      vertex -1.566064e+001 -7.617542e+001  4.884696e+001
      vertex -1.416064e+001 -7.617542e+001  4.884696e+001
      vertex -1.566064e+001 -7.560049e+001  4.919448e+001
    endloop
  endfacet
  facet normal  0.000000e+000 -5.172980e-001  8.558054e-001
    outer loop
      vertex -1.566064e+001 -7.560049e+001  4.919448e+001
      vertex -1.416064e+001 -7.617542e+001  4.884696e+001
      vertex -1.416064e+001 -7.560049e+001  4.919448e+001
    endloop
  endfacet
  facet normal  0.000000e+000 -9.083419e-001 -4.182285e-001
    outer loop
      vertex -1.566064e+001 -7.378381e+001  5.003094e+001
      vertex -2.149338e+001 -6.344279e+001  2.757149e+001
      vertex -1.566064e+001 -6.344279e+001  2.757149e+001
    endloop
  endfacet
  facet normal  1.950855e-001  0.000000e+000 -9.807863e-001
    outer loop
      vertex -5.500000e+000 -6.218827e+001  3.357168e+001
      vertex -5.882683e+000 -6.436374e+001  3.349556e+001
      vertex -5.882683e+000 -6.218827e+001  3.349556e+001
    endloop
  endfacet
  facet normal  5.555725e-001  0.000000e+000 -8.314680e-001
    outer loop
      vertex -5.882683e+000 -6.218827e+001  3.349556e+001
      vertex -5.882683e+000 -6.436374e+001  3.349556e+001
      vertex -6.207107e+000 -6.436374e+001  3.327879e+001
    endloop
  endfacet
  facet normal  5.555725e-001  0.000000e+000 -8.314680e-001
    outer loop
      vertex -5.882683e+000 -6.218827e+001  3.349556e+001
      vertex -6.207107e+000 -6.436374e+001  3.327879e+001
      vertex -6.207107e+000 -6.218827e+001  3.327879e+001
    endloop
  endfacet
  facet normal  8.314704e-001  0.000000e+000 -5.555691e-001
    outer loop
      vertex -6.207107e+000 -6.218827e+001  3.327879e+001
      vertex -6.207107e+000 -6.436374e+001  3.327879e+001
      vertex -6.423880e+000 -6.436374e+001  3.295436e+001
    endloop
  endfacet
  facet normal  8.314704e-001  0.000000e+000 -5.555691e-001
    outer loop
      vertex -6.207107e+000 -6.218827e+001  3.327879e+001
      vertex -6.423880e+000 -6.436374e+001  3.295436e+001
      vertex -6.423880e+000 -6.218827e+001  3.295436e+001
    endloop
  endfacet
  facet normal  9.807853e-001  0.000000e+000 -1.950904e-001
    outer loop
      vertex -6.423880e+000 -6.218827e+001  3.295436e+001
      vertex -6.423880e+000 -6.436374e+001  3.295436e+001
      vertex -6.500000e+000 -6.436374e+001  3.257168e+001
    endloop
  endfacet
  facet normal  9.807853e-001  0.000000e+000 -1.950904e-001
    outer loop
      vertex -6.423880e+000 -6.218827e+001  3.295436e+001
      vertex -6.500000e+000 -6.436374e+001  3.257168e+001
      vertex -6.500000e+000 -6.218827e+001  3.257168e+001
    endloop
  endfacet
  facet normal  1.950855e-001  0.000000e+000 -9.807863e-001
    outer loop
      vertex -5.882683e+000 -6.436374e+001  3.349556e+001
      vertex -5.500000e+000 -6.218827e+001  3.357168e+001
      vertex -5.500000e+000 -6.436374e+001  3.357168e+001
    endloop
  endfacet
  facet normal -1.950855e-001  0.000000e+000 -9.807863e-001
    outer loop
      vertex -5.500000e+000 -6.436374e+001  3.357168e+001
      vertex -5.500000e+000 -6.218827e+001  3.357168e+001
      vertex -5.117317e+000 -6.218827e+001  3.349556e+001
    endloop
  endfacet
  facet normal -1.950855e-001  -0.000000e+000 -9.807863e-001
    outer loop
      vertex -5.500000e+000 -6.436374e+001  3.357168e+001
      vertex -5.117317e+000 -6.218827e+001  3.349556e+001
      vertex -5.117317e+000 -6.436374e+001  3.349556e+001
    endloop
  endfacet
  facet normal -5.555725e-001  0.000000e+000 -8.314680e-001
    outer loop
      vertex -5.117317e+000 -6.436374e+001  3.349556e+001
      vertex -5.117317e+000 -6.218827e+001  3.349556e+001
      vertex -4.792893e+000 -6.218827e+001  3.327879e+001
    endloop
  endfacet
  facet normal -5.555725e-001  -0.000000e+000 -8.314680e-001
    outer loop
      vertex -5.117317e+000 -6.436374e+001  3.349556e+001
      vertex -4.792893e+000 -6.218827e+001  3.327879e+001
      vertex -4.792893e+000 -6.436374e+001  3.327879e+001
    endloop
  endfacet
  facet normal -8.314704e-001  0.000000e+000 -5.555691e-001
    outer loop
      vertex -4.792893e+000 -6.436374e+001  3.327879e+001
      vertex -4.792893e+000 -6.218827e+001  3.327879e+001
      vertex -4.576120e+000 -6.218827e+001  3.295436e+001
    endloop
  endfacet
  facet normal -8.314704e-001  -0.000000e+000 -5.555691e-001
    outer loop
      vertex -4.792893e+000 -6.436374e+001  3.327879e+001
      vertex -4.576120e+000 -6.218827e+001  3.295436e+001
      vertex -4.576120e+000 -6.436374e+001  3.295436e+001
    endloop
  endfacet
  facet normal -9.807853e-001  0.000000e+000 -1.950904e-001
    outer loop
      vertex -4.576120e+000 -6.436374e+001  3.295436e+001
      vertex -4.576120e+000 -6.218827e+001  3.295436e+001
      vertex -4.500000e+000 -6.218827e+001  3.257168e+001
    endloop
  endfacet
  facet normal -9.807853e-001  -0.000000e+000 -1.950904e-001
    outer loop
      vertex -4.576120e+000 -6.436374e+001  3.295436e+001
      vertex -4.500000e+000 -6.218827e+001  3.257168e+001
      vertex -4.500000e+000 -6.436374e+001  3.257168e+001
    endloop
  endfacet
  facet normal -1.950902e-001  0.000000e+000  9.807854e-001
    outer loop
      vertex -5.500000e+000 -6.218827e+001  3.157168e+001
      vertex -5.117317e+000 -6.436374e+001  3.164780e+001
      vertex -5.117317e+000 -6.218827e+001  3.164780e+001
    endloop
  endfacet
  facet normal -5.555725e-001  0.000000e+000  8.314680e-001
    outer loop
      vertex -5.117317e+000 -6.218827e+001  3.164780e+001
      vertex -5.117317e+000 -6.436374e+001  3.164780e+001
      vertex -4.792893e+000 -6.436374e+001  3.186458e+001
    endloop
  endfacet
  facet normal -5.555725e-001  0.000000e+000  8.314680e-001
    outer loop
      vertex -5.117317e+000 -6.218827e+001  3.164780e+001
      vertex -4.792893e+000 -6.436374e+001  3.186458e+001
      vertex -4.792893e+000 -6.218827e+001  3.186458e+001
    endloop
  endfacet
  facet normal -8.314689e-001  0.000000e+000  5.555713e-001
    outer loop
      vertex -4.792893e+000 -6.218827e+001  3.186458e+001
      vertex -4.792893e+000 -6.436374e+001  3.186458e+001
      vertex -4.576120e+000 -6.436374e+001  3.218900e+001
    endloop
  endfacet
  facet normal -8.314689e-001  0.000000e+000  5.555713e-001
    outer loop
      vertex -4.792893e+000 -6.218827e+001  3.186458e+001
      vertex -4.576120e+000 -6.436374e+001  3.218900e+001
      vertex -4.576120e+000 -6.218827e+001  3.218900e+001
    endloop
  endfacet
  facet normal -9.807853e-001  0.000000e+000  1.950904e-001
    outer loop
      vertex -4.576120e+000 -6.218827e+001  3.218900e+001
      vertex -4.576120e+000 -6.436374e+001  3.218900e+001
      vertex -4.500000e+000 -6.436374e+001  3.257168e+001
    endloop
  endfacet
  facet normal -9.807853e-001  0.000000e+000  1.950904e-001
    outer loop
      vertex -4.576120e+000 -6.218827e+001  3.218900e+001
      vertex -4.500000e+000 -6.436374e+001  3.257168e+001
      vertex -4.500000e+000 -6.218827e+001  3.257168e+001
    endloop
  endfacet
  facet normal -1.950902e-001  0.000000e+000  9.807854e-001
    outer loop
      vertex -5.117317e+000 -6.436374e+001  3.164780e+001
      vertex -5.500000e+000 -6.218827e+001  3.157168e+001
      vertex -5.500000e+000 -6.436374e+001  3.157168e+001
    endloop
  endfacet
  facet normal  1.950902e-001  -0.000000e+000  9.807854e-001
    outer loop
      vertex -5.500000e+000 -6.436374e+001  3.157168e+001
      vertex -5.500000e+000 -6.218827e+001  3.157168e+001
      vertex -5.882683e+000 -6.218827e+001  3.164780e+001
    endloop
  endfacet
  facet normal  1.950902e-001  0.000000e+000  9.807854e-001
    outer loop
      vertex -5.500000e+000 -6.436374e+001  3.157168e+001
      vertex -5.882683e+000 -6.218827e+001  3.164780e+001
      vertex -5.882683e+000 -6.436374e+001  3.164780e+001
    endloop
  endfacet
  facet normal  5.555725e-001  -0.000000e+000  8.314680e-001
    outer loop
      vertex -5.882683e+000 -6.436374e+001  3.164780e+001
      vertex -5.882683e+000 -6.218827e+001  3.164780e+001
      vertex -6.207107e+000 -6.218827e+001  3.186458e+001
    endloop
  endfacet
  facet normal  5.555725e-001  0.000000e+000  8.314680e-001
    outer loop
      vertex -5.882683e+000 -6.436374e+001  3.164780e+001
      vertex -6.207107e+000 -6.218827e+001  3.186458e+001
      vertex -6.207107e+000 -6.436374e+001  3.186458e+001
    endloop
  endfacet
  facet normal  8.314689e-001  -0.000000e+000  5.555713e-001
    outer loop
      vertex -6.207107e+000 -6.436374e+001  3.186458e+001
      vertex -6.207107e+000 -6.218827e+001  3.186458e+001
      vertex -6.423880e+000 -6.218827e+001  3.218900e+001
    endloop
  endfacet
  facet normal  8.314689e-001  0.000000e+000  5.555713e-001
    outer loop
      vertex -6.207107e+000 -6.436374e+001  3.186458e+001
      vertex -6.423880e+000 -6.218827e+001  3.218900e+001
      vertex -6.423880e+000 -6.436374e+001  3.218900e+001
    endloop
  endfacet
  facet normal  9.807853e-001  -0.000000e+000  1.950904e-001
    outer loop
      vertex -6.423880e+000 -6.436374e+001  3.218900e+001
      vertex -6.423880e+000 -6.218827e+001  3.218900e+001
      vertex -6.500000e+000 -6.218827e+001  3.257168e+001
    endloop
  endfacet
  facet normal  9.807853e-001  0.000000e+000  1.950904e-001
    outer loop
      vertex -6.423880e+000 -6.436374e+001  3.218900e+001
      vertex -6.500000e+000 -6.218827e+001  3.257168e+001
      vertex -6.500000e+000 -6.436374e+001  3.257168e+001
    endloop
  endfacet
  facet normal  1.950855e-001  0.000000e+000 -9.807863e-001
    outer loop
      vertex -5.500000e+000 -6.218827e+001  4.357168e+001
      vertex -5.882683e+000 -6.436374e+001  4.349556e+001
      vertex -5.882683e+000 -6.218827e+001  4.349556e+001
    endloop
  endfacet
  facet normal  5.555725e-001  0.000000e+000 -8.314680e-001
    outer loop
      vertex -5.882683e+000 -6.218827e+001  4.349556e+001
      vertex -5.882683e+000 -6.436374e+001  4.349556e+001
      vertex -6.207107e+000 -6.436374e+001  4.327879e+001
    endloop
  endfacet
  facet normal  5.555725e-001  0.000000e+000 -8.314680e-001
    outer loop
      vertex -5.882683e+000 -6.218827e+001  4.349556e+001
      vertex -6.207107e+000 -6.436374e+001  4.327879e+001
      vertex -6.207107e+000 -6.218827e+001  4.327879e+001
    endloop
  endfacet
  facet normal  8.314704e-001  0.000000e+000 -5.555691e-001
    outer loop
      vertex -6.207107e+000 -6.218827e+001  4.327879e+001
      vertex -6.207107e+000 -6.436374e+001  4.327879e+001
      vertex -6.423880e+000 -6.436374e+001  4.295436e+001
    endloop
  endfacet
  facet normal  8.314704e-001  0.000000e+000 -5.555691e-001
    outer loop
      vertex -6.207107e+000 -6.218827e+001  4.327879e+001
      vertex -6.423880e+000 -6.436374e+001  4.295436e+001
      vertex -6.423880e+000 -6.218827e+001  4.295436e+001
    endloop
  endfacet
  facet normal  9.807853e-001  0.000000e+000 -1.950904e-001
    outer loop
      vertex -6.423880e+000 -6.218827e+001  4.295436e+001
      vertex -6.423880e+000 -6.436374e+001  4.295436e+001
      vertex -6.500000e+000 -6.436374e+001  4.257168e+001
    endloop
  endfacet
  facet normal  9.807853e-001  0.000000e+000 -1.950904e-001
    outer loop
      vertex -6.423880e+000 -6.218827e+001  4.295436e+001
      vertex -6.500000e+000 -6.436374e+001  4.257168e+001
      vertex -6.500000e+000 -6.218827e+001  4.257168e+001
    endloop
  endfacet
  facet normal  1.950855e-001  0.000000e+000 -9.807863e-001
    outer loop
      vertex -5.882683e+000 -6.436374e+001  4.349556e+001
      vertex -5.500000e+000 -6.218827e+001  4.357168e+001
      vertex -5.500000e+000 -6.436374e+001  4.357168e+001
    endloop
  endfacet
  facet normal -1.950855e-001  0.000000e+000 -9.807863e-001
    outer loop
      vertex -5.500000e+000 -6.436374e+001  4.357168e+001
      vertex -5.500000e+000 -6.218827e+001  4.357168e+001
      vertex -5.117317e+000 -6.218827e+001  4.349556e+001
    endloop
  endfacet
  facet normal -1.950855e-001  -0.000000e+000 -9.807863e-001
    outer loop
      vertex -5.500000e+000 -6.436374e+001  4.357168e+001
      vertex -5.117317e+000 -6.218827e+001  4.349556e+001
      vertex -5.117317e+000 -6.436374e+001  4.349556e+001
    endloop
  endfacet
  facet normal -5.555725e-001  0.000000e+000 -8.314680e-001
    outer loop
      vertex -5.117317e+000 -6.436374e+001  4.349556e+001
      vertex -5.117317e+000 -6.218827e+001  4.349556e+001
      vertex -4.792893e+000 -6.218827e+001  4.327879e+001
    endloop
  endfacet
  facet normal -5.555725e-001  -0.000000e+000 -8.314680e-001
    outer loop
      vertex -5.117317e+000 -6.436374e+001  4.349556e+001
      vertex -4.792893e+000 -6.218827e+001  4.327879e+001
      vertex -4.792893e+000 -6.436374e+001  4.327879e+001
    endloop
  endfacet
  facet normal -8.314704e-001  0.000000e+000 -5.555691e-001
    outer loop
      vertex -4.792893e+000 -6.436374e+001  4.327879e+001
      vertex -4.792893e+000 -6.218827e+001  4.327879e+001
      vertex -4.576120e+000 -6.218827e+001  4.295436e+001
    endloop
  endfacet
  facet normal -8.314704e-001  -0.000000e+000 -5.555691e-001
    outer loop
      vertex -4.792893e+000 -6.436374e+001  4.327879e+001
      vertex -4.576120e+000 -6.218827e+001  4.295436e+001
      vertex -4.576120e+000 -6.436374e+001  4.295436e+001
    endloop
  endfacet
  facet normal -9.807853e-001  0.000000e+000 -1.950904e-001
    outer loop
      vertex -4.576120e+000 -6.436374e+001  4.295436e+001
      vertex -4.576120e+000 -6.218827e+001  4.295436e+001
      vertex -4.500000e+000 -6.218827e+001  4.257168e+001
    endloop
  endfacet
  facet normal -9.807853e-001  -0.000000e+000 -1.950904e-001
    outer loop
      vertex -4.576120e+000 -6.436374e+001  4.295436e+001
      vertex -4.500000e+000 -6.218827e+001  4.257168e+001
      vertex -4.500000e+000 -6.436374e+001  4.257168e+001
    endloop
  endfacet
  facet normal -1.950949e-001  0.000000e+000  9.807844e-001
    outer loop
      vertex -5.500000e+000 -6.218827e+001  4.157168e+001
      vertex -5.117317e+000 -6.436374e+001  4.164780e+001
      vertex -5.117317e+000 -6.218827e+001  4.164780e+001
    endloop
  endfacet
  facet normal -5.555657e-001  0.000000e+000  8.314726e-001
    outer loop
      vertex -5.117317e+000 -6.218827e+001  4.164780e+001
      vertex -5.117317e+000 -6.436374e+001  4.164780e+001
      vertex -4.792893e+000 -6.436374e+001  4.186457e+001
    endloop
  endfacet
  facet normal -5.555657e-001  0.000000e+000  8.314726e-001
    outer loop
      vertex -5.117317e+000 -6.218827e+001  4.164780e+001
      vertex -4.792893e+000 -6.436374e+001  4.186457e+001
      vertex -4.792893e+000 -6.218827e+001  4.186457e+001
    endloop
  endfacet
  facet normal -8.314704e-001  0.000000e+000  5.555691e-001
    outer loop
      vertex -4.792893e+000 -6.218827e+001  4.186457e+001
      vertex -4.792893e+000 -6.436374e+001  4.186457e+001
      vertex -4.576120e+000 -6.436374e+001  4.218900e+001
    endloop
  endfacet
  facet normal -8.314704e-001  0.000000e+000  5.555691e-001
    outer loop
      vertex -4.792893e+000 -6.218827e+001  4.186457e+001
      vertex -4.576120e+000 -6.436374e+001  4.218900e+001
      vertex -4.576120e+000 -6.218827e+001  4.218900e+001
    endloop
  endfacet
  facet normal -9.807853e-001  0.000000e+000  1.950904e-001
    outer loop
      vertex -4.576120e+000 -6.218827e+001  4.218900e+001
      vertex -4.576120e+000 -6.436374e+001  4.218900e+001
      vertex -4.500000e+000 -6.436374e+001  4.257168e+001
    endloop
  endfacet
  facet normal -9.807853e-001  0.000000e+000  1.950904e-001
    outer loop
      vertex -4.576120e+000 -6.218827e+001  4.218900e+001
      vertex -4.500000e+000 -6.436374e+001  4.257168e+001
      vertex -4.500000e+000 -6.218827e+001  4.257168e+001
    endloop
  endfacet
  facet normal -1.950949e-001  0.000000e+000  9.807844e-001
    outer loop
      vertex -5.117317e+000 -6.436374e+001  4.164780e+001
      vertex -5.500000e+000 -6.218827e+001  4.157168e+001
      vertex -5.500000e+000 -6.436374e+001  4.157168e+001
    endloop
  endfacet
  facet normal  1.950949e-001  -0.000000e+000  9.807844e-001
    outer loop
      vertex -5.500000e+000 -6.436374e+001  4.157168e+001
      vertex -5.500000e+000 -6.218827e+001  4.157168e+001
      vertex -5.882683e+000 -6.218827e+001  4.164780e+001
    endloop
  endfacet
  facet normal  1.950949e-001  0.000000e+000  9.807844e-001
    outer loop
      vertex -5.500000e+000 -6.436374e+001  4.157168e+001
      vertex -5.882683e+000 -6.218827e+001  4.164780e+001
      vertex -5.882683e+000 -6.436374e+001  4.164780e+001
    endloop
  endfacet
  facet normal  5.555657e-001  -0.000000e+000  8.314726e-001
    outer loop
      vertex -5.882683e+000 -6.436374e+001  4.164780e+001
      vertex -5.882683e+000 -6.218827e+001  4.164780e+001
      vertex -6.207107e+000 -6.218827e+001  4.186457e+001
    endloop
  endfacet
  facet normal  5.555657e-001  0.000000e+000  8.314726e-001
    outer loop
      vertex -5.882683e+000 -6.436374e+001  4.164780e+001
      vertex -6.207107e+000 -6.218827e+001  4.186457e+001
      vertex -6.207107e+000 -6.436374e+001  4.186457e+001
    endloop
  endfacet
  facet normal  8.314704e-001  -0.000000e+000  5.555691e-001
    outer loop
      vertex -6.207107e+000 -6.436374e+001  4.186457e+001
      vertex -6.207107e+000 -6.218827e+001  4.186457e+001
      vertex -6.423880e+000 -6.218827e+001  4.218900e+001
    endloop
  endfacet
  facet normal  8.314704e-001  0.000000e+000  5.555691e-001
    outer loop
      vertex -6.207107e+000 -6.436374e+001  4.186457e+001
      vertex -6.423880e+000 -6.218827e+001  4.218900e+001
      vertex -6.423880e+000 -6.436374e+001  4.218900e+001
    endloop
  endfacet
  facet normal  9.807853e-001  -0.000000e+000  1.950904e-001
    outer loop
      vertex -6.423880e+000 -6.436374e+001  4.218900e+001
      vertex -6.423880e+000 -6.218827e+001  4.218900e+001
      vertex -6.500000e+000 -6.218827e+001  4.257168e+001
    endloop
  endfacet
  facet normal  9.807853e-001  0.000000e+000  1.950904e-001
    outer loop
      vertex -6.423880e+000 -6.436374e+001  4.218900e+001
      vertex -6.500000e+000 -6.218827e+001  4.257168e+001
      vertex -6.500000e+000 -6.436374e+001  4.257168e+001
    endloop
  endfacet
  facet normal  1.000000e+000  0.000000e+000  0.000000e+000
    outer loop
      vertex -1.000000e+001 -6.218827e+001  2.957168e+001
      vertex -1.000000e+001 -6.000000e+001  2.957168e+001
      vertex -1.000000e+001 -6.218827e+001  4.827879e+001
    endloop
  endfacet
  facet normal  1.000000e+000  -0.000000e+000  0.000000e+000
    outer loop
      vertex -1.000000e+001 -6.218827e+001  4.827879e+001
      vertex -1.000000e+001 -6.000000e+001  2.957168e+001
      vertex -1.000000e+001 -6.000000e+001  5.046706e+001
    endloop
  endfacet
  facet normal  1.000000e+000  0.000000e+000  -0.000000e+000
    outer loop
      vertex -1.000000e+001 -7.297707e+001  4.827879e+001
      vertex -1.000000e+001 -6.436374e+001  2.957168e+001
      vertex -1.000000e+001 -6.436374e+001  4.827879e+001
    endloop
  endfacet
endsolid CATIA STL
